asset,date,close,sma_50w,sma_200w,below_sma_50w,below_sma_200w,event_first_below_50w,event_first_below_200w,event_reclaim_50w,event_reclaim_200w
eth,2017-11-06,307.9079895019531,,,False,False,False,False,False,False
eth,2017-11-13,354.385986328125,,,False,False,False,False,False,False
eth,2017-11-20,471.3299865722656,,,False,False,False,False,False,False
eth,2017-11-27,465.8529968261719,,,False,False,False,False,False,False
eth,2017-12-04,441.7210083007813,,,False,False,False,False,False,False
eth,2017-12-11,719.9749755859375,,,False,False,False,False,False,False
eth,2017-12-18,694.1480102539062,,,False,False,False,False,False,False
eth,2017-12-25,756.7329711914062,,,False,False,False,False,False,False
eth,2018-01-01,1153.1700439453125,,,False,False,False,False,False,False
eth,2018-01-08,1366.77001953125,,,False,False,False,False,False,False
eth,2018-01-15,1049.5799560546875,,,False,False,False,False,False,False
eth,2018-01-22,1246.010009765625,,,False,False,False,False,False,False
eth,2018-01-29,834.6820068359375,,,False,False,False,False,False,False
eth,2018-02-05,814.6599731445312,,,False,False,False,False,False,False
eth,2018-02-12,923.9210205078124,,,False,False,False,False,False,False
eth,2018-02-19,844.8099975585938,,,False,False,False,False,False,False
eth,2018-02-26,866.677978515625,,,False,False,False,False,False,False
eth,2018-03-05,723.3389892578125,,,False,False,False,False,False,False
eth,2018-03-12,538.6439819335938,,,False,False,False,False,False,False
eth,2018-03-19,524.2869873046875,,,False,False,False,False,False,False
eth,2018-03-26,379.6069946289063,,,False,False,False,False,False,False
eth,2018-04-02,400.5079956054688,,,False,False,False,False,False,False
eth,2018-04-09,531.7020263671875,,,False,False,False,False,False,False
eth,2018-04-16,621.8599853515625,,,False,False,False,False,False,False
eth,2018-04-23,688.8809814453125,,,False,False,False,False,False,False
eth,2018-04-30,792.3109741210938,,,False,False,False,False,False,False
eth,2018-05-07,733.4959716796875,,,False,False,False,False,False,False
eth,2018-05-14,715.3690185546875,,,False,False,False,False,False,False
eth,2018-05-21,572.6680297851562,,,False,False,False,False,False,False
eth,2018-05-28,618.3289794921875,,,False,False,False,False,False,False
eth,2018-06-04,526.47900390625,,,False,False,False,False,False,False
eth,2018-06-11,500.447998046875,,,False,False,False,False,False,False
eth,2018-06-18,457.6719970703125,,,False,False,False,False,False,False
eth,2018-06-25,453.9179992675781,,,False,False,False,False,False,False
eth,2018-07-02,489.1189880371094,,,False,False,False,False,False,False
eth,2018-07-09,449.8500061035156,,,False,False,False,False,False,False
eth,2018-07-16,459.6570129394531,,,False,False,False,False,False,False
eth,2018-07-23,466.6650085449219,,,False,False,False,False,False,False
eth,2018-07-30,410.5159912109375,,,False,False,False,False,False,False
eth,2018-08-06,319.57000732421875,,,False,False,False,False,False,False
eth,2018-08-13,300.8340148925781,,,False,False,False,False,False,False
eth,2018-08-20,275.1969909667969,,,False,False,False,False,False,False
eth,2018-08-27,294.3710021972656,,,False,False,False,False,False,False
eth,2018-09-03,196.9239959716797,,,False,False,False,False,False,False
eth,2018-09-10,220.5890045166016,,,False,False,False,False,False,False
eth,2018-09-17,244.3300018310547,,,False,False,False,False,False,False
eth,2018-09-24,232.84800720214844,,,False,False,False,False,False,False
eth,2018-10-01,226.11900329589844,,,False,False,False,False,False,False
eth,2018-10-08,195.71499633789065,,,False,False,False,False,False,False
eth,2018-10-15,205.1419982910156,561.59,,True,False,True,False,False,False
eth,2018-10-22,205.36599731445312,559.54,,True,False,False,False,False,False
eth,2018-10-29,207.48599243164065,556.6,,True,False,False,False,False,False
eth,2018-11-05,211.33999633789065,551.4,,True,False,False,False,False,False
eth,2018-11-12,177.06700134277344,545.62,,True,False,False,False,False,False
eth,2018-11-19,116.4499969482422,539.12,,True,False,False,False,False,False
eth,2018-11-26,116.38890075683594,527.04,,True,False,False,False,False,False
eth,2018-12-03,95.14205932617188,515.06,,True,False,False,False,False,False
eth,2018-12-10,85.26210021972656,501.63,,True,False,False,False,False,False
eth,2018-12-17,130.7652587890625,481.19,,True,False,False,False,False,False
eth,2018-12-24,139.8594512939453,456.65,,True,False,False,False,False,False
eth,2018-12-31,157.74620056152344,438.81,,True,False,False,False,False,False
eth,2019-01-07,116.8978042602539,416.23,,True,False,False,False,False,False
eth,2019-01-14,119.4748306274414,401.93,,True,False,False,False,False,False
eth,2019-01-21,113.40528869628906,387.9,,True,False,False,False,False,False
eth,2019-01-28,107.49266815185548,371.57,,True,False,False,False,False,False
eth,2019-02-04,124.80648803710938,357.17,,True,False,False,False,False,False
eth,2019-02-11,133.598876953125,342.51,,True,False,False,False,False,False
eth,2019-02-18,135.8526611328125,330.76,,True,False,False,False,False,False
eth,2019-02-25,132.24942016601562,322.63,,True,False,False,False,False,False
eth,2019-03-04,136.75868225097656,314.88,,True,False,False,False,False,False
eth,2019-03-11,140.00054931640625,310.09,,True,False,False,False,False,False
eth,2019-03-18,136.98692321777344,304.82,,True,False,False,False,False,False
eth,2019-03-25,141.51409912109375,297.02,,True,False,False,False,False,False
eth,2019-04-01,174.53164672851562,288.07,,True,False,False,False,False,False
eth,2019-04-08,167.83851623535156,277.65,,True,False,False,False,False,False
eth,2019-04-15,170.04652404785156,265.2,,True,False,False,False,False,False
eth,2019-04-22,157.29507446289062,253.68,,True,False,False,False,False,False
eth,2019-04-29,163.45069885253906,242.64,,True,False,False,False,False,False
eth,2019-05-06,187.3253173828125,234.93,,True,False,False,False,False,False
eth,2019-05-13,261.2922058105469,227.79,,False,False,False,False,True,False
eth,2019-05-20,267.06964111328125,222.6,,False,False,False,False,False,False
eth,2019-05-27,270.2255249023437,218.0,,False,False,False,False,False,False
eth,2019-06-03,233.08670043945312,213.51,,False,False,False,False,False,False
eth,2019-06-10,269.22320556640625,209.81,,False,False,False,False,False,False
eth,2019-06-17,307.8277893066406,206.19,,False,False,False,False,False,False
eth,2019-06-24,290.69598388671875,203.01,,False,False,False,False,False,False
eth,2019-07-01,305.7005615234375,199.93,,False,False,False,False,False,False
eth,2019-07-08,227.57806396484372,195.15,,False,False,False,False,False,False
eth,2019-07-15,225.6307678222656,191.45,,False,False,False,False,False,False
eth,2019-07-22,211.18655395507807,189.28,,False,False,False,False,False,False
eth,2019-07-29,222.6697235107422,187.72,,False,False,False,False,False,False
eth,2019-08-05,216.0928649902344,186.53,,False,False,False,False,False,False
eth,2019-08-12,194.4935302734375,184.54,,False,False,False,False,False,False
eth,2019-08-19,186.84239196777344,184.34,,False,False,False,False,False,False
eth,2019-08-26,171.62942504882812,183.36,,True,False,True,False,False,False
eth,2019-09-02,181.35552978515625,182.1,,True,False,False,False,False,False
eth,2019-09-09,189.78912353515625,181.24,,False,False,False,False,True,False
eth,2019-09-16,211.54537963867188,180.94,,False,False,False,False,False,False
eth,2019-09-23,170.50347900390625,180.44,,True,False,True,False,False,False
eth,2019-09-30,173.05914306640625,179.8,,True,False,False,False,False,False
eth,2019-10-07,182.0751495361328,179.33,,False,False,False,False,False,False
eth,2019-10-14,175.5343780517578,178.69,,True,False,False,False,False,False
eth,2019-10-21,184.24221801757807,178.15,,False,False,False,False,True,False
eth,2019-10-28,182.42501831054688,178.26,,False,False,False,False,False,False
eth,2019-11-04,189.47727966308597,179.72,,False,False,False,False,False,False
eth,2019-11-11,185.1192321777344,181.09,,False,False,False,False,False,False
eth,2019-11-18,142.83470153808594,182.05,,True,False,True,False,False,False
eth,2019-11-25,151.18572998046875,183.37,,True,False,False,False,False,False
eth,2019-12-02,151.2647247314453,183.78,,True,False,False,False,False,False
eth,2019-12-09,143.114990234375,183.84,,True,False,False,False,False,False
eth,2019-12-16,132.3725128173828,183.33,,True,False,False,False,False,False
eth,2019-12-23,134.7579803466797,183.69,,True,False,False,False,False,False
eth,2019-12-30,136.2767791748047,184.03,,True,False,False,False,False,False
eth,2020-01-06,145.87393188476562,184.68,,True,False,False,False,False,False
eth,2020-01-13,166.9698486328125,185.87,,True,False,False,False,False,False
eth,2020-01-20,168.0771026611328,186.73,,True,False,False,False,False,False
eth,2020-01-27,188.61753845214844,187.83,,False,False,False,False,True,False
eth,2020-02-03,228.5785675048828,189.69,,False,False,False,False,False,False
eth,2020-02-10,259.89471435546875,192.24,,False,False,False,False,False,False
eth,2020-02-17,273.754150390625,194.98,,False,False,False,False,False,False
eth,2020-02-24,218.97059631347656,196.56,,False,False,False,False,False,False
eth,2020-03-02,200.6890563964844,197.83,,False,False,False,False,False,False
eth,2020-03-09,125.21430206298828,197.51,,True,False,True,False,False,False
eth,2020-03-16,123.32115173339844,196.48,,True,False,False,False,False,False
eth,2020-03-23,125.58373260498048,195.64,,True,False,False,False,False,False
eth,2020-03-30,143.54664611816406,195.11,,True,False,False,False,False,False
eth,2020-04-06,161.14242553710938,195.18,,True,False,False,False,False,False
eth,2020-04-13,181.61495971679688,195.55,,True,False,False,False,False,False
eth,2020-04-20,197.31753540039065,195.75,,False,False,False,False,True,False
eth,2020-04-27,210.9331512451172,194.74,,False,False,False,False,False,False
eth,2020-05-04,188.5995635986328,193.17,,True,False,False,False,False,False
eth,2020-05-11,207.15869140625,191.91,,False,False,False,False,True,False
eth,2020-05-18,202.37034606933597,191.29,,False,False,False,False,False,False
eth,2020-05-25,230.9757080078125,190.53,,False,False,False,False,False,False
eth,2020-06-01,245.1672515869141,189.28,,False,False,False,False,False,False
eth,2020-06-08,234.1147003173828,188.14,,False,False,False,False,False,False
eth,2020-06-15,228.9898223876953,186.61,,False,False,False,False,False,False
eth,2020-06-22,225.34716796875,186.57,,False,False,False,False,False,False
eth,2020-06-29,227.6645965576172,186.61,,False,False,False,False,False,False
eth,2020-07-06,242.13169860839844,187.23,,False,False,False,False,False,False
eth,2020-07-13,238.48751831054688,187.54,,False,False,False,False,False,False
eth,2020-07-20,309.64361572265625,189.41,,False,False,False,False,False,False
eth,2020-07-27,370.6717224121094,192.94,,False,False,False,False,False,False
eth,2020-08-03,391.1204528808594,197.02,,False,False,False,False,False,False
eth,2020-08-10,433.78662109375,202.27,,False,False,False,False,False,False
eth,2020-08-17,391.3844909667969,206.47,,False,False,False,False,False,False
eth,2020-08-24,428.3957214355469,211.24,,False,False,False,False,False,False
eth,2020-08-31,353.3622741699219,214.07,,False,False,False,False,False,False
eth,2020-09-07,365.5700073242188,217.98,,False,False,False,False,False,False
eth,2020-09-14,371.0528259277344,221.94,,False,False,False,False,False,False
eth,2020-09-21,357.4385070800781,225.44,,False,False,False,False,False,False
eth,2020-09-28,352.5790100097656,228.98,,False,False,False,False,False,False
eth,2020-10-05,375.1420593261719,232.8,,False,False,False,False,False,False
eth,2020-10-12,378.2136840820313,236.72,,False,False,False,False,False,False
eth,2020-10-19,406.2177734375,241.05,,False,False,False,False,False,False
eth,2020-10-26,396.3581848144531,245.28,,False,False,False,False,False,False
eth,2020-11-02,453.5547790527344,251.49,,False,False,False,False,False,False
eth,2020-11-09,447.55908203125,257.42,,False,False,False,False,False,False
eth,2020-11-16,558.068115234375,265.55,,False,False,False,False,False,False
eth,2020-11-23,575.758056640625,274.21,,False,False,False,False,False,False
eth,2020-11-30,601.9089965820312,283.6,,False,False,False,False,False,False
eth,2020-12-07,589.6632080078125,292.7,,False,False,False,False,False,False
eth,2020-12-14,638.2908325195312,302.74,,False,False,False,False,False,False
eth,2020-12-21,682.642333984375,313.47,,False,False,False,False,False,False
eth,2020-12-28,975.5076904296876,329.64,,False,False,False,False,False,False
eth,2021-01-04,1262.2467041015625,351.53,,False,False,False,False,False,False
eth,2021-01-11,1230.1722412109375,372.36,,False,False,False,False,False,False
eth,2021-01-18,1391.609375,395.62,,False,False,False,False,False,False
eth,2021-01-25,1314.9862060546875,416.72,,False,False,False,False,False,False
eth,2021-02-01,1614.227783203125,443.53,,False,False,False,False,False,False
eth,2021-02-08,1805.0841064453125,475.25,,False,False,False,False,False,False
eth,2021-02-15,1935.60107421875,509.95,,False,False,False,False,False,False
eth,2021-02-22,1416.0489501953125,535.77,,False,False,False,False,False,False
eth,2021-03-01,1723.15380859375,567.76,,False,False,False,False,False,False
eth,2021-03-08,1854.5643310546875,602.34,,False,False,False,False,False,False
eth,2021-03-15,1788.217041015625,635.24,,False,False,False,False,False,False
eth,2021-03-22,1691.35595703125,665.84,,False,False,False,False,False,False
eth,2021-03-29,2093.122802734375,704.07,,False,False,False,False,False,False
eth,2021-04-05,2157.656982421875,743.28,,False,False,False,False,False,False
eth,2021-04-12,2237.136962890625,783.8,,False,False,False,False,False,False
eth,2021-04-19,2316.0595703125,826.35,,False,False,False,False,False,False
eth,2021-04-26,2952.05615234375,881.25,,False,False,False,False,False,False
eth,2021-05-03,3928.8447265625,955.78,,False,False,False,False,False,False
eth,2021-05-10,3587.506103515625,1022.91,,False,False,False,False,False,False
eth,2021-05-17,2109.579833984375,1060.2,,False,False,False,False,False,False
eth,2021-05-24,2390.305419921875,1103.32,,False,False,False,False,False,False
eth,2021-05-31,2715.0927734375,1153.04,,False,False,False,False,False,False
eth,2021-06-07,2508.3916015625,1198.7,,False,False,False,False,False,False
eth,2021-06-14,2246.364501953125,1239.08,,False,False,False,False,False,False
eth,2021-06-21,1978.8946533203125,1273.81,,False,False,False,False,False,False
eth,2021-06-28,2321.72412109375,1315.48,,False,False,False,False,False,False
eth,2021-07-05,2139.664794921875,1352.08,,False,False,False,False,False,False
eth,2021-07-12,1895.5521240234373,1382.58,,False,False,False,False,False,False
eth,2021-07-19,2191.373779296875,1418.58,,False,False,False,False,False,False
eth,2021-07-26,2561.85205078125,1461.14,,False,False,False,False,False,False
eth,2021-08-02,3013.732666015625,1513.59,,False,False,False,False,False,False
eth,2021-08-09,3310.504150390625,1571.23,,False,False,False,False,False,False
eth,2021-08-16,3242.115478515625,1629.01,,False,False,False,False,False,False
eth,2021-08-23,3227.002685546875,1686.24,,False,False,False,False,False,False
eth,2021-08-30,3952.133544921875,1757.86,680.29,False,False,False,False,False,False
eth,2021-09-06,3410.134521484375,1818.91,695.81,False,False,False,False,False,False
eth,2021-09-13,3329.447998046875,1878.45,710.68,False,False,False,False,False,False
eth,2021-09-20,3062.265380859375,1932.19,723.64,False,False,False,False,False,False
eth,2021-09-27,3418.358642578125,1992.99,738.4,False,False,False,False,False,False
eth,2021-10-04,3425.852783203125,2053.39,753.32,False,False,False,False,False,False
eth,2021-10-11,3847.1044921875,2122.4,768.95,False,False,False,False,False,False
eth,2021-10-18,4087.903076171875,2195.09,785.92,False,False,False,False,False,False
eth,2021-10-25,4288.07421875,2271.9,803.58,False,False,False,False,False,False
eth,2021-11-01,4620.5546875,2353.15,820.92,False,False,False,False,False,False
eth,2021-11-08,4626.35888671875,2434.16,837.21,False,False,False,False,False,False
eth,2021-11-15,4269.73291015625,2507.52,853.32,False,False,False,False,False,False
eth,2021-11-22,4294.45361328125,2581.61,868.56,False,False,False,False,False,False
eth,2021-11-29,4198.32275390625,2652.81,885.38,False,False,False,False,False,False
eth,2021-12-06,4134.453125,2721.85,901.97,False,False,False,False,False,False
eth,2021-12-13,3922.592529296875,2780.79,916.97,False,False,False,False,False,False
eth,2021-12-20,4067.328125,2836.89,933.08,False,False,False,False,False,False
eth,2021-12-27,3829.56494140625,2888.88,947.89,False,False,False,False,False,False
eth,2022-01-03,3157.75146484375,2924.2,960.07,False,False,False,False,False,False
eth,2022-01-10,3350.921875,2964.92,974.13,False,False,False,False,False,False
eth,2022-01-17,2535.0390625,2983.34,984.18,True,False,True,False,False,False
eth,2022-01-24,2603.466552734375,2999.31,995.3,True,False,False,False,False,False
eth,2022-01-31,3057.47607421875,3021.74,1008.59,False,False,False,False,False,False
eth,2022-02-07,2883.46337890625,3051.09,1020.35,True,False,True,False,False,False
eth,2022-02-14,2628.6484375,3069.2,1030.38,True,False,False,False,False,False
eth,2022-02-21,2621.8017578125,3084.55,1040.04,True,False,False,False,False,False
eth,2022-02-28,2555.037353515625,3099.88,1048.86,True,False,False,False,False,False
eth,2022-03-07,2518.944580078125,3116.43,1057.78,True,False,False,False,False,False
eth,2022-03-14,2860.459228515625,3131.78,1068.51,True,False,False,False,False,False
eth,2022-03-21,3291.57763671875,3154.46,1082.1,False,False,False,False,True,False
eth,2022-03-28,3522.83349609375,3180.17,1096.63,False,False,False,False,False,False
eth,2022-04-04,3211.866943359375,3198.09,1110.05,False,False,False,False,False,False
eth,2022-04-11,2993.4033203125,3198.92,1122.52,True,False,True,False,False,False
eth,2022-04-18,2922.732666015625,3178.79,1134.84,True,False,False,False,False,False
eth,2022-04-25,2827.756103515625,3163.6,1146.71,True,False,False,False,False,False
eth,2022-05-02,2517.4599609375,3171.76,1156.85,True,False,False,False,False,False
eth,2022-05-09,2145.706787109375,3166.86,1165.33,True,False,False,False,False,False
eth,2022-05-16,2043.170166015625,3153.43,1173.25,True,False,False,False,False,False
eth,2022-05-23,1812.031005859375,3139.5,1179.98,True,False,False,False,False,False
eth,2022-05-30,1805.2049560546875,3130.68,1186.95,True,False,False,False,False,False
eth,2022-06-06,1445.216552734375,3120.0,1192.58,True,False,False,False,False,False
eth,2022-06-13,1127.656494140625,3096.12,1196.71,True,True,False,True,False,False
eth,2022-06-20,1199.8316650390625,3077.32,1201.34,True,True,False,False,False,False
eth,2022-06-27,1073.7669677734375,3060.89,1205.23,True,True,False,False,False,False
eth,2022-07-04,1168.401611328125,3040.43,1210.09,True,True,False,False,False,False
eth,2022-07-11,1338.6357421875,3015.97,1215.68,True,False,False,False,False,True
eth,2022-07-18,1599.4766845703125,2987.68,1222.46,True,False,False,False,False,False
eth,2022-07-25,1681.517333984375,2955.1,1229.7,True,False,False,False,False,False
eth,2022-08-01,1699.350830078125,2924.24,1237.07,True,False,False,False,False,False
eth,2022-08-08,1936.802001953125,2898.44,1245.77,True,False,False,False,False,False
eth,2022-08-15,1619.3189697265625,2851.78,1252.84,True,False,False,False,False,False
eth,2022-08-22,1430.54736328125,2812.19,1258.97,True,False,False,False,False,False
eth,2022-08-29,1577.6416015625,2777.16,1265.82,True,False,False,False,False,False
eth,2022-09-05,1761.800048828125,2751.15,1273.57,True,False,False,False,False,False
eth,2022-09-12,1335.3291015625,2709.49,1279.36,True,False,False,False,False,False
eth,2022-09-19,1294.216796875,2666.85,1285.25,True,False,False,False,False,False
eth,2022-09-26,1276.093505859375,2615.43,1291.05,True,True,False,False,False,False
eth,2022-10-03,1322.604248046875,2560.13,1297.19,True,False,False,False,False,True
eth,2022-10-10,1306.296630859375,2500.49,1303.29,True,False,False,False,False,False
eth,2022-10-17,1363.447021484375,2435.35,1309.46,True,False,False,False,False,False
eth,2022-10-24,1590.7833251953125,2374.64,1316.71,True,False,False,False,False,False
eth,2022-10-31,1572.2347412109375,2320.69,1323.78,True,False,False,False,False,False
eth,2022-11-07,1221.8192138671875,2259.24,1329.31,True,True,False,True,False,False
eth,2022-11-14,1142.4666748046875,2198.12,1334.42,True,True,False,False,False,False
eth,2022-11-21,1195.126953125,2139.33,1339.83,True,True,False,False,False,False
eth,2022-11-28,1280.256591796875,2086.49,1345.7,True,True,False,False,False,False
eth,2022-12-05,1263.8685302734375,2030.42,1351.39,True,True,False,False,False,False
eth,2022-12-12,1184.7152099609375,1977.52,1356.65,True,True,False,False,False,False
eth,2022-12-19,1218.9620361328125,1938.74,1362.06,True,True,False,False,False,False
eth,2022-12-26,1200.96484375,1895.74,1367.41,True,True,False,False,False,False
eth,2023-01-02,1287.3594970703125,1870.79,1373.16,True,True,False,False,False,False
eth,2023-01-09,1552.4794921875,1849.77,1380.22,True,False,False,False,False,True
eth,2023-01-16,1628.382080078125,1821.19,1387.68,True,False,False,False,False,False
eth,2023-01-23,1646.1556396484375,1796.44,1395.2,True,False,False,False,False,False
eth,2023-01-30,1631.6458740234375,1776.5,1402.49,True,False,False,False,False,False
eth,2023-02-06,1515.03369140625,1754.37,1409.22,True,False,False,False,False,False
eth,2023-02-13,1681.4361572265625,1736.9,1416.78,True,False,False,False,False,False
eth,2023-02-20,1640.817138671875,1719.33,1424.2,True,False,False,False,False,False
eth,2023-02-27,1564.46875,1693.41,1431.2,True,False,False,False,False,False
eth,2023-03-06,1590.29296875,1659.39,1438.22,True,False,False,False,False,False
eth,2023-03-13,1785.5765380859375,1624.64,1445.84,False,False,False,False,True,False
eth,2023-03-20,1775.6767578125,1595.92,1453.38,False,False,False,False,False,False
eth,2023-03-27,1795.7081298828125,1571.96,1461.01,False,False,False,False,False,False
eth,2023-04-03,1859.3878173828125,1550.7,1469.14,False,False,False,False,False,False
eth,2023-04-10,2120.005859375,1536.54,1478.4,False,False,False,False,False,False
eth,2023-04-17,1862.06201171875,1523.44,1486.17,False,False,False,False,False,False
eth,2023-04-24,1876.92431640625,1518.06,1494.1,False,False,False,False,False,False
eth,2023-05-01,1873.076416015625,1514.66,1501.93,False,False,False,False,False,False
eth,2023-05-08,1800.5009765625,1514.43,1509.8,False,False,False,False,False,False
eth,2023-05-15,1804.5313720703125,1514.41,1517.69,False,False,False,False,False,False
eth,2023-05-22,1910.9141845703125,1523.73,1526.19,False,False,False,False,False,False
eth,2023-05-29,1890.5135498046875,1538.98,1534.53,False,False,False,False,False,False
eth,2023-06-05,1753.415283203125,1550.06,1542.22,False,False,False,False,False,False
eth,2023-06-12,1720.5775146484375,1562.99,1549.85,False,False,False,False,False,False
eth,2023-06-19,1900.506103515625,1577.63,1558.42,False,False,False,False,False,False
eth,2023-06-26,1937.4383544921875,1589.61,1567.25,False,False,False,False,False,False
eth,2023-07-03,1863.009765625,1594.88,1575.65,False,False,False,False,False,False
eth,2023-07-10,1923.681884765625,1599.72,1584.32,False,False,False,False,False,False
eth,2023-07-17,1889.191650390625,1603.52,1592.71,False,False,False,False,False,False
eth,2023-07-24,1861.643798828125,1602.02,1601.17,False,False,False,False,False,False
eth,2023-07-31,1827.4620361328125,1606.18,1609.44,False,False,False,False,False,False
eth,2023-08-07,1839.2801513671875,1614.36,1617.73,False,False,False,False,False,False
eth,2023-08-14,1684.85205078125,1616.5,1625.27,False,False,False,False,False,False
eth,2023-08-21,1657.5130615234375,1614.41,1632.64,False,False,False,False,False,False
eth,2023-08-28,1636.11767578125,1620.43,1639.91,False,True,False,True,False,False
eth,2023-09-04,1616.828857421875,1626.88,1647.04,True,True,True,False,False,False
eth,2023-09-11,1622.896728515625,1633.82,1654.23,True,True,False,False,False,False
eth,2023-09-18,1580.8533935546875,1638.98,1661.42,True,True,False,False,False,False
eth,2023-09-25,1733.8104248046875,1647.53,1669.34,False,False,False,False,False,False
eth,2023-10-02,1633.548583984375,1652.94,1676.75,True,True,True,True,False,False
eth,2023-10-09,1558.06982421875,1652.28,1683.82,True,True,False,False,False,False
eth,2023-10-16,1663.429931640625,1654.11,1691.48,False,True,False,False,True,False
eth,2023-10-23,1795.5460205078125,1665.58,1699.78,False,False,False,False,False,True
eth,2023-10-30,1894.15771484375,1680.61,1708.57,False,False,False,False,False,False
eth,2023-11-06,2045.18701171875,1697.61,1718.07,False,False,False,False,False,False
eth,2023-11-13,2013.2044677734373,1712.27,1727.3,False,False,False,False,False,False
eth,2023-11-20,2063.2861328125,1728.26,1736.77,False,False,False,False,False,False
eth,2023-11-27,2193.691650390625,1748.44,1746.8,False,False,False,False,False,False
eth,2023-12-04,2352.462646484375,1771.11,1757.42,False,False,False,False,False,False
eth,2023-12-11,2196.481201171875,1791.02,1767.1,False,False,False,False,False,False
eth,2023-12-18,2265.692138671875,1810.59,1777.06,False,False,False,False,False,False
eth,2023-12-25,2281.47119140625,1825.17,1787.37,False,False,False,False,False,False
eth,2024-01-01,2222.865966796875,1837.06,1797.49,False,False,False,False,False,False
eth,2024-01-08,2472.2412109375,1853.58,1809.22,False,False,False,False,False,False
eth,2024-01-15,2453.9130859375,1870.03,1820.87,False,False,False,False,False,False
eth,2024-01-22,2257.208740234375,1884.87,1831.53,False,False,False,False,False,False
eth,2024-01-29,2289.546142578125,1897.03,1842.26,False,False,False,False,False,False
eth,2024-02-05,2507.570556640625,1914.37,1853.99,False,False,False,False,False,False
eth,2024-02-12,2878.998046875,1940.66,1867.48,False,False,False,False,False,False
eth,2024-02-19,3112.697265625,1971.1,1882.06,False,False,False,False,False,False
eth,2024-02-26,3490.99365234375,2005.21,1898.46,False,False,False,False,False,False
eth,2024-03-04,3881.193115234375,2047.32,1916.92,False,False,False,False,False,False
eth,2024-03-11,3642.4130859375,2084.26,1934.1,False,False,False,False,False,False
eth,2024-03-18,3454.636474609375,2116.16,1950.36,False,False,False,False,False,False
eth,2024-03-25,3647.8564453125,2146.72,1967.44,False,False,False,False,False,False
eth,2024-04-01,3453.49462890625,2178.55,1983.48,False,False,False,False,False,False
eth,2024-04-08,3156.94189453125,2204.15,1998.1,False,False,False,False,False,False
eth,2024-04-15,3147.28857421875,2229.63,2012.69,False,False,False,False,False,False
eth,2024-04-22,3262.774658203125,2258.88,2027.88,False,False,False,False,False,False
eth,2024-04-29,3137.2490234375,2285.53,2042.42,False,False,False,False,False,False
eth,2024-05-06,2928.701904296875,2305.89,2055.86,False,False,False,False,False,False
eth,2024-05-13,3071.843017578125,2329.51,2070.02,False,False,False,False,False,False
eth,2024-05-20,3825.8974609375,2370.96,2087.61,False,False,False,False,False,False
eth,2024-05-27,3780.89599609375,2412.17,2104.66,False,False,False,False,False,False
eth,2024-06-03,3705.90380859375,2448.28,2121.23,False,False,False,False,False,False
eth,2024-06-10,3620.5634765625,2481.94,2137.16,False,False,False,False,False,False
eth,2024-06-17,3418.61181640625,2513.05,2152.3,False,False,False,False,False,False
eth,2024-06-24,3432.88916015625,2543.24,2167.32,False,False,False,False,False,False
eth,2024-07-01,2929.38720703125,2564.04,2180.2,False,False,False,False,False,False
eth,2024-07-08,3244.0791015625,2591.69,2194.6,False,False,False,False,False,False
eth,2024-07-15,3536.60546875,2625.87,2210.42,False,False,False,False,False,False
eth,2024-07-22,3271.464599609375,2654.52,2224.99,False,False,False,False,False,False
eth,2024-07-29,2686.39892578125,2674.55,2236.66,False,False,False,False,False,False
eth,2024-08-05,2553.252197265625,2692.46,2247.55,True,False,True,False,False,False
eth,2024-08-12,2613.357177734375,2712.01,2258.73,True,False,False,False,False,False
eth,2024-08-19,2749.15771484375,2734.65,2270.44,False,False,False,False,False,False
eth,2024-08-26,2427.90234375,2750.75,2280.6,True,False,True,False,False,False
eth,2024-09-02,2297.29296875,2765.08,2289.82,True,False,False,False,False,False
eth,2024-09-09,2320.897216796875,2776.82,2299.19,True,False,False,False,False,False
eth,2024-09-16,2582.862548828125,2795.81,2309.31,True,False,False,False,False,False
eth,2024-09-23,2659.346923828125,2817.84,2319.73,True,False,False,False,False,False
eth,2024-09-30,2439.957763671875,2833.37,2328.92,True,False,False,False,False,False
eth,2024-10-07,2467.677001953125,2846.81,2338.31,True,False,False,False,False,False
eth,2024-10-14,2746.364013671875,2863.85,2348.85,True,False,False,False,False,False
eth,2024-10-21,2505.940673828125,2873.07,2357.97,True,False,False,False,False,False
eth,2024-10-28,2456.42529296875,2881.93,2365.37,True,False,False,False,False,False
eth,2024-11-04,3191.331298828125,2904.49,2375.02,False,False,False,False,True,False
eth,2024-11-11,3075.66162109375,2922.13,2384.24,False,False,False,False,False,False
eth,2024-11-18,3363.659912109375,2942.36,2394.1,False,False,False,False,False,False
eth,2024-11-25,3711.1650390625,2972.65,2406.08,False,False,False,False,False,False
eth,2024-12-02,4005.70458984375,3007.45,2418.04,False,False,False,False,False,False
eth,2024-12-09,3951.941162109375,3040.86,2428.78,False,False,False,False,False,False
eth,2024-12-16,3277.53515625,3061.95,2435.49,False,False,False,False,False,False
eth,2024-12-23,3349.513427734375,3079.5,2445.15,False,False,False,False,False,False
eth,2024-12-30,3634.103759765625,3103.1,2454.71,False,False,False,False,False,False
eth,2025-01-06,3265.951171875,3123.28,2461.77,False,False,False,False,False,False
eth,2025-01-13,3208.96435546875,3141.67,2468.87,False,False,False,False,False,False
eth,2025-01-20,3236.13427734375,3156.24,2476.59,False,False,False,False,False,False
eth,2025-01-27,2868.69287109375,3156.03,2480.47,True,False,True,False,False,False
eth,2025-02-03,2628.72119140625,3146.35,2482.83,True,False,False,False,False,False
eth,2025-02-10,2663.31591796875,3129.8,2484.96,True,False,False,False,False,False
eth,2025-02-17,2821.310302734375,3108.6,2487.48,True,False,False,False,False,False
eth,2025-02-24,2519.694580078125,3086.15,2485.32,True,False,False,False,False,False
eth,2025-03-03,2015.5091552734373,3057.36,2475.75,True,True,False,True,False,False
eth,2025-03-10,1887.43505859375,3022.16,2467.25,True,True,False,False,False,False
eth,2025-03-17,2005.2991943359373,2993.19,2466.73,True,True,False,False,False,False
eth,2025-03-24,1806.2186279296875,2966.18,2463.81,True,True,False,False,False,False
eth,2025-03-31,1576.72802734375,2934.77,2458.12,True,True,False,False,False,False
eth,2025-04-07,1596.685791015625,2901.44,2453.56,True,True,False,False,False,False
eth,2025-04-14,1587.5142822265625,2870.45,2450.27,True,True,False,False,False,False
eth,2025-04-21,1792.864990234375,2847.73,2449.34,True,True,False,False,False,False
eth,2025-04-28,1808.59423828125,2822.47,2446.77,True,True,False,False,False,False
eth,2025-05-05,2510.23779296875,2796.15,2448.62,True,False,False,False,False,True
eth,2025-05-12,2498.233642578125,2770.5,2451.64,True,False,False,False,False,False
eth,2025-05-19,2551.763916015625,2747.42,2453.44,True,False,False,False,False,False
eth,2025-05-26,2536.266357421875,2725.73,2453.31,True,False,False,False,False,False
eth,2025-06-02,2510.787109375,2707.58,2450.8,True,False,False,False,False,False
eth,2025-06-09,2546.837158203125,2689.85,2446.98,True,False,False,False,False,False
eth,2025-06-16,2228.213134765625,2675.83,2441.91,True,True,False,False,False,False
eth,2025-06-23,2500.9599609375,2660.97,2438.28,True,False,False,False,False,True
eth,2025-06-30,2571.236572265625,2641.66,2431.38,True,False,False,False,False,False
eth,2025-07-07,2973.35888671875,2635.7,2429.19,False,False,False,False,True,False
eth,2025-07-14,3759.471435546875,2657.16,2431.34,False,False,False,False,False,False
eth,2025-07-21,3875.24658203125,2683.6,2435.41,False,False,False,False,False,False
eth,2025-07-28,3497.379150390625,2701.28,2435.8,False,False,False,False,False,False
eth,2025-08-04,4254.2177734375,2731.38,2439.94,False,False,False,False,False,False
eth,2025-08-11,4473.271484375,2772.29,2443.07,False,False,False,False,False,False
eth,2025-08-18,4779.6474609375,2821.94,2446.53,False,False,False,False,False,False
eth,2025-08-25,4390.01904296875,2863.32,2447.04,False,False,False,False,False,False
eth,2025-09-01,4305.34765625,2897.77,2445.47,False,False,False,False,False,False
eth,2025-09-08,4609.59765625,2936.77,2445.38,False,False,False,False,False,False
eth,2025-09-15,4451.3291015625,2977.0,2446.29,False,False,False,False,False,False
eth,2025-09-22,4141.4765625,3010.48,2445.53,False,False,False,False,False,False
eth,2025-09-29,4515.4228515625,3045.86,2447.11,False,False,False,False,False,False
eth,2025-10-06,4164.427734375,3079.03,2447.26,False,False,False,False,False,False
eth,2025-10-13,3984.649658203125,3109.59,2447.57,False,False,False,False,False,False
eth,2025-10-20,4157.9892578125,3128.93,2448.02,False,False,False,False,False,False
eth,2025-10-27,3911.063232421875,3145.63,2448.43,False,False,False,False,False,False
eth,2025-11-03,3582.621337890625,3150.01,2450.56,False,False,False,False,False,False
eth,2025-11-10,3092.847412109375,3137.65,2449.27,True,False,True,False,False,False
eth,2025-11-17,2801.676025390625,3113.57,2450.6,True,False,False,False,False,False
eth,2025-11-24,2992.112548828125,3094.37,2452.54,True,False,False,False,False,False
eth,2025-12-01,3061.3017578125,3090.05,2452.56,True,False,False,False,False,False
eth,2025-12-08,3060.5947265625,3084.27,2453.45,True,False,False,False,False,False
eth,2025-12-15,3001.61376953125,3071.62,2455.31,True,False,False,False,False,False
eth,2025-12-22,2948.568115234375,3065.27,2456.95,True,False,False,False,False,False
eth,2025-12-29,3140.71044921875,3063.9,2459.87,False,False,False,False,True,False
eth,2026-01-05,3118.88525390625,3061.56,2462.87,False,False,False,False,False,False
eth,2026-01-12,3281.15771484375,3069.81,2464.98,False,False,False,False,False,False
eth,2026-01-19,2815.90234375,3073.55,2462.6,True,False,True,False,False,False
eth,2026-01-26,2267.96484375,3065.65,2456.32,True,True,False,True,False,False
eth,2026-02-02,2088.762939453125,3050.99,2450.71,True,True,False,False,False,False
eth,2026-02-09,1966.04296875,3039.92,2445.57,True,True,False,False,False,False
eth,2026-02-16,1957.805908203125,3038.77,2440.75,True,True,False,False,False,False
eth,2026-02-23,1939.066650390625,3039.8,2436.3,True,True,False,False,False,False
eth,2026-03-02,1936.604736328125,3038.43,2433.4,True,True,False,False,False,False
eth,2026-03-09,2177.476318359375,3045.85,2433.56,True,True,False,False,False,False
eth,2026-03-16,2053.04833984375,3055.38,2433.61,True,True,False,False,False,False
eth,2026-03-23,1982.5596923828125,3063.09,2434.46,True,True,False,False,False,False
eth,2026-03-30,2108.99560546875,3073.52,2435.98,True,True,False,False,False,False
eth,2026-04-06,2192.201171875,3081.51,2439.71,True,True,False,False,False,False
eth,2026-04-13,2264.9169921875,3090.64,2445.4,True,True,False,False,False,False
eth,2026-04-20,2369.72900390625,3087.83,2451.25,True,True,False,False,False,False
eth,2026-04-27,2321.6357421875,3084.3,2457.49,True,True,False,False,False,False
eth,2026-05-04,2369.0439453125,3080.64,2463.49,True,True,False,False,False,False
eth,2026-05-11,2127.645263671875,3072.47,2467.44,True,True,False,False,False,False
eth,2026-05-18,2097.993896484375,3064.21,2469.93,True,True,False,False,False,False
eth,2026-05-25,2004.341552734375,3053.36,2471.54,True,True,False,False,False,False
eth,2026-06-01,1686.396240234375,3042.53,2471.48,True,True,False,False,False,False
eth,2026-06-08,1724.61328125,3027.0,2470.42,True,True,False,False,False,False
eth,2026-06-15,1704.58056640625,3009.67,2470.85,True,True,False,False,False,False
eth,2026-06-22,1570.3612060546875,2981.61,2471.54,True,True,False,False,False,False
eth,2026-06-29,1783.0059814453125,2942.08,2472.57,True,True,False,False,False,False
eth,2026-07-06,1805.7880859375,2900.69,2472.79,True,True,False,False,False,False
eth,2026-07-13,1871.508544921875,2868.17,2475.47,True,True,False,False,False,False
eth,2026-07-20,1953.4112548828125,2822.15,2478.77,True,True,False,False,False,False
eth,2026-07-27,1882.52197265625,2770.34,2481.8,True,True,False,False,False,False
eth,2026-08-03,1908.6827392578125,2712.92,2484.73,True,True,False,False,False,False
eth,2026-08-10,1873.9429931640625,2662.6,2487.57,True,True,False,False,False,False
eth,2026-08-17,2463.81591796875,2625.77,2493.07,True,True,False,False,False,False
eth,2026-08-24,2453.840087890625,2582.65,2497.39,True,True,False,False,False,False
xrp,2017-11-06,0.1973389983177185,,,False,False,False,False,False,False
xrp,2017-11-13,0.231015995144844,,,False,False,False,False,False,False
xrp,2017-11-20,0.2488179951906204,,,False,False,False,False,False,False
xrp,2017-11-27,0.2525579929351806,,,False,False,False,False,False,False
xrp,2017-12-04,0.2373329997062683,,,False,False,False,False,False,False
xrp,2017-12-11,0.7283660173416138,,,False,False,False,False,False,False
xrp,2017-12-18,1.0439499616622925,,,False,False,False,False,False,False
xrp,2017-12-25,2.300570011138916,,,False,False,False,False,False,False
xrp,2018-01-01,3.377810001373291,,,False,False,False,False,False,False
xrp,2018-01-08,1.8611899614334104,,,False,False,False,False,False,False
xrp,2018-01-15,1.3800400495529177,,,False,False,False,False,False,False
xrp,2018-01-22,1.3996000289916992,,,False,False,False,False,False,False
xrp,2018-01-29,0.8157029747962952,,,False,False,False,False,False,False
xrp,2018-02-05,1.0041600465774536,,,False,False,False,False,False,False
xrp,2018-02-12,1.120460033416748,,,False,False,False,False,False,False
xrp,2018-02-19,0.943486988544464,,,False,False,False,False,False,False
xrp,2018-02-26,1.0055400133132937,,,False,False,False,False,False,False
xrp,2018-03-05,0.8311219811439514,,,False,False,False,False,False,False
xrp,2018-03-12,0.6587769985198975,,,False,False,False,False,False,False
xrp,2018-03-19,0.6418750286102295,,,False,False,False,False,False,False
xrp,2018-03-26,0.4850809872150421,,,False,False,False,False,False,False
xrp,2018-04-02,0.5003979802131653,,,False,False,False,False,False,False
xrp,2018-04-09,0.6825339794158936,,,False,False,False,False,False,False
xrp,2018-04-16,0.8699949979782104,,,False,False,False,False,False,False
xrp,2018-04-23,0.8727779984474182,,,False,False,False,False,False,False
xrp,2018-04-30,0.8714240193367004,,,False,False,False,False,False,False
xrp,2018-05-07,0.745747983455658,,,False,False,False,False,False,False
xrp,2018-05-14,0.7002440094947815,,,False,False,False,False,False,False
xrp,2018-05-21,0.6078810095787048,,,False,False,False,False,False,False
xrp,2018-05-28,0.6712049841880798,,,False,False,False,False,False,False
xrp,2018-06-04,0.588126003742218,,,False,False,False,False,False,False
xrp,2018-06-11,0.5282160043716431,,,False,False,False,False,False,False
xrp,2018-06-18,0.4773800075054168,,,False,False,False,False,False,False
xrp,2018-06-25,0.4613580107688904,,,False,False,False,False,False,False
xrp,2018-07-02,0.4777489900588989,,,False,False,False,False,False,False
xrp,2018-07-09,0.4458940029144287,,,False,False,False,False,False,False
xrp,2018-07-16,0.4493109881877899,,,False,False,False,False,False,False
xrp,2018-07-23,0.4533059895038605,,,False,False,False,False,False,False
xrp,2018-07-30,0.4336380064487457,,,False,False,False,False,False,False
xrp,2018-08-06,0.297870010137558,,,False,False,False,False,False,False
xrp,2018-08-13,0.3439779877662658,,,False,False,False,False,False,False
xrp,2018-08-20,0.3237760066986084,,,False,False,False,False,False,False
xrp,2018-08-27,0.3425230085849762,,,False,False,False,False,False,False
xrp,2018-09-03,0.2786799967288971,,,False,False,False,False,False,False
xrp,2018-09-10,0.2811659872531891,,,False,False,False,False,False,False
xrp,2018-09-17,0.5706890225410461,,,False,False,False,False,False,False
xrp,2018-09-24,0.5815719962120056,,,False,False,False,False,False,False
xrp,2018-10-01,0.4820390045642853,,,False,False,False,False,False,False
xrp,2018-10-08,0.4032860100269317,,,False,False,False,False,False,False
xrp,2018-10-15,0.4566940069198608,0.72,,True,False,True,False,False,False
xrp,2018-10-22,0.4624060094356537,0.72,,True,False,False,False,False,False
xrp,2018-10-29,0.4626910090446472,0.73,,True,False,False,False,False,False
xrp,2018-11-05,0.5059130191802979,0.73,,True,False,False,False,False,False
xrp,2018-11-12,0.5104730129241943,0.74,,True,False,False,False,False,False
xrp,2018-11-19,0.374550998210907,0.74,,True,False,False,False,False,False
xrp,2018-11-26,0.3676269948482513,0.74,,True,False,False,False,False,False
xrp,2018-12-03,0.3133699893951416,0.72,,True,False,False,False,False,False
xrp,2018-12-10,0.2879289984703064,0.68,,True,False,False,False,False,False
xrp,2018-12-17,0.3712700009346008,0.62,,True,False,False,False,False,False
xrp,2018-12-24,0.369581013917923,0.59,,True,False,False,False,False,False
xrp,2018-12-31,0.3683950006961822,0.57,,True,False,False,False,False,False
xrp,2019-01-07,0.3178629875183105,0.55,,True,False,False,False,False,False
xrp,2019-01-14,0.3211770057678222,0.54,,True,False,False,False,False,False
xrp,2019-01-21,0.3094390034675598,0.52,,True,False,False,False,False,False
xrp,2019-01-28,0.3023520112037658,0.51,,True,False,False,False,False,False
xrp,2019-02-04,0.3099089860916137,0.5,,True,False,False,False,False,False
xrp,2019-02-11,0.3033699989318847,0.48,,True,False,False,False,False,False
xrp,2019-02-18,0.3014430105686188,0.47,,True,False,False,False,False,False
xrp,2019-02-25,0.3125540018081665,0.46,,True,False,False,False,False,False
xrp,2019-03-04,0.3131070137023926,0.46,,True,False,False,False,False,False
xrp,2019-03-11,0.3176119923591614,0.45,,True,False,False,False,False,False
xrp,2019-03-18,0.3089919984340668,0.45,,True,False,False,False,False,False
xrp,2019-03-25,0.3092289865016937,0.44,,True,False,False,False,False,False
xrp,2019-04-01,0.3598560094833374,0.43,,True,False,False,False,False,False
xrp,2019-04-08,0.32880899310112,0.42,,True,False,False,False,False,False
xrp,2019-04-15,0.3224489986896515,0.41,,True,False,False,False,False,False
xrp,2019-04-22,0.2974259853363037,0.4,,True,False,False,False,False,False
xrp,2019-04-29,0.3023419976234436,0.39,,True,False,False,False,False,False
xrp,2019-05-06,0.3100740015506744,0.39,,True,False,False,False,False,False
xrp,2019-05-13,0.4176999926567077,0.38,,False,False,False,False,True,False
xrp,2019-05-20,0.4084129929542541,0.38,,False,False,False,False,False,False
xrp,2019-05-27,0.4447849988937378,0.38,,False,False,False,False,False,False
xrp,2019-06-03,0.388265997171402,0.38,,False,False,False,False,False,False
xrp,2019-06-10,0.4275160133838653,0.38,,False,False,False,False,False,False
xrp,2019-06-17,0.4682910144329071,0.37,,False,False,False,False,False,False
xrp,2019-06-24,0.3964110016822815,0.37,,False,False,False,False,False,False
xrp,2019-07-01,0.3970470130443573,0.37,,False,False,False,False,False,False
xrp,2019-07-08,0.3064259886741638,0.37,,True,False,True,False,False,False
xrp,2019-07-15,0.3313089907169342,0.37,,True,False,False,False,False,False
xrp,2019-07-22,0.3122879862785339,0.37,,True,False,False,False,False,False
xrp,2019-07-29,0.3198420107364654,0.37,,True,False,False,False,False,False
xrp,2019-08-05,0.3019149899482727,0.37,,True,False,False,False,False,False
xrp,2019-08-12,0.2826460003852844,0.37,,True,False,False,False,False,False
xrp,2019-08-19,0.2700879871845245,0.37,,True,False,False,False,False,False
xrp,2019-08-26,0.2580539882183075,0.37,,True,False,False,False,False,False
xrp,2019-09-02,0.2630839943885803,0.36,,True,False,False,False,False,False
xrp,2019-09-09,0.2616280019283294,0.35,,True,False,False,False,False,False
xrp,2019-09-16,0.2789309918880462,0.35,,True,False,False,False,False,False
xrp,2019-09-23,0.2413879930973053,0.35,,True,False,False,False,False,False
xrp,2019-09-30,0.2577050030231476,0.34,,True,False,False,False,False,False
xrp,2019-10-07,0.2777650058269501,0.34,,True,False,False,False,False,False
xrp,2019-10-14,0.2941789925098419,0.33,,True,False,False,False,False,False
xrp,2019-10-21,0.2980999946594238,0.33,,True,False,False,False,False,False
xrp,2019-10-28,0.2912609875202179,0.33,,True,False,False,False,False,False
xrp,2019-11-04,0.2802039980888366,0.32,,True,False,False,False,False,False
xrp,2019-11-11,0.2652530074119568,0.32,,True,False,False,False,False,False
xrp,2019-11-18,0.2231840044260025,0.32,,True,False,False,False,False,False
xrp,2019-11-25,0.2253330051898956,0.32,,True,False,False,False,False,False
xrp,2019-12-02,0.2304349988698959,0.32,,True,False,False,False,False,False
xrp,2019-12-09,0.2186010032892227,0.31,,True,False,False,False,False,False
xrp,2019-12-16,0.1969780027866363,0.31,,True,False,False,False,False,False
xrp,2019-12-23,0.197051003575325,0.31,,True,False,False,False,False,False
xrp,2019-12-30,0.1955370008945465,0.3,,True,False,False,False,False,False
xrp,2020-01-06,0.2156330049037933,0.3,,True,False,False,False,False,False
xrp,2020-01-13,0.2355850040912628,0.3,,True,False,False,False,False,False
xrp,2020-01-20,0.2306859940290451,0.3,,True,False,False,False,False,False
xrp,2020-01-27,0.2507340013980865,0.3,,True,False,False,False,False,False
xrp,2020-02-03,0.2824569940567016,0.3,,True,False,False,False,False,False
xrp,2020-02-10,0.2950339913368225,0.3,,True,False,False,False,False,False
xrp,2020-02-17,0.282710999250412,0.3,,True,False,False,False,False,False
xrp,2020-02-24,0.2288459986448288,0.3,,True,False,False,False,False,False
xrp,2020-03-02,0.2069039940834045,0.29,,True,False,False,False,False,False
xrp,2020-03-09,0.153901994228363,0.29,,True,False,False,False,False,False
xrp,2020-03-16,0.1502140015363693,0.29,,True,False,False,False,False,False
xrp,2020-03-23,0.1638289988040924,0.28,,True,False,False,False,False,False
xrp,2020-03-30,0.179406002163887,0.28,,True,False,False,False,False,False
xrp,2020-04-06,0.1901350021362304,0.28,,True,False,False,False,False,False
xrp,2020-04-13,0.1908590048551559,0.28,,True,False,False,False,False,False
xrp,2020-04-20,0.1968050003051757,0.27,,True,False,False,False,False,False
xrp,2020-04-27,0.2194139957427978,0.27,,True,False,False,False,False,False
xrp,2020-05-04,0.1981759965419769,0.27,,True,False,False,False,False,False
xrp,2020-05-11,0.2012549936771392,0.26,,True,False,False,False,False,False
xrp,2020-05-18,0.1954309940338134,0.26,,True,False,False,False,False,False
xrp,2020-05-25,0.202905997633934,0.25,,True,False,False,False,False,False
xrp,2020-06-01,0.2034489959478378,0.25,,True,False,False,False,False,False
xrp,2020-06-08,0.1916169971227646,0.24,,True,False,False,False,False,False
xrp,2020-06-15,0.1856099963188171,0.24,,True,False,False,False,False,False
xrp,2020-06-22,0.1776919960975647,0.24,,True,False,False,False,False,False
xrp,2020-06-29,0.1770170032978058,0.23,,True,False,False,False,False,False
xrp,2020-07-06,0.2005379945039749,0.23,,True,False,False,False,False,False
xrp,2020-07-13,0.1991350054740905,0.23,,True,False,False,False,False,False
xrp,2020-07-20,0.2149820029735565,0.23,,True,False,False,False,False,False
xrp,2020-07-27,0.2870619893074035,0.23,,False,False,False,False,True,False
xrp,2020-08-03,0.2886529862880707,0.23,,False,False,False,False,False,False
xrp,2020-08-10,0.30349200963974,0.23,,False,False,False,False,False,False
xrp,2020-08-17,0.2853859961032867,0.23,,False,False,False,False,False,False
xrp,2020-08-24,0.2830339968204498,0.23,,False,False,False,False,False,False
xrp,2020-08-31,0.2407310009002685,0.23,,False,False,False,False,False,False
xrp,2020-09-07,0.2418009936809539,0.23,,False,False,False,False,False,False
xrp,2020-09-14,0.2467429935932159,0.23,,False,False,False,False,False,False
xrp,2020-09-21,0.2427549958229065,0.23,,False,False,False,False,False,False
xrp,2020-09-28,0.2476850003004074,0.23,,False,False,False,False,False,False
xrp,2020-10-05,0.2557190060615539,0.23,,False,False,False,False,False,False
xrp,2020-10-12,0.2422250062227249,0.22,,False,False,False,False,False,False
xrp,2020-10-19,0.2532129883766174,0.22,,False,False,False,False,False,False
xrp,2020-10-26,0.2397969961166381,0.22,,False,False,False,False,False,False
xrp,2020-11-02,0.2539390027523041,0.22,,False,False,False,False,False,False
xrp,2020-11-09,0.2696419954299927,0.22,,False,False,False,False,False,False
xrp,2020-11-16,0.4436999857425689,0.23,,False,False,False,False,False,False
xrp,2020-11-23,0.6062459945678711,0.24,,False,False,False,False,False,False
xrp,2020-11-30,0.6198509931564331,0.25,,False,False,False,False,False,False
xrp,2020-12-07,0.51146399974823,0.25,,False,False,False,False,False,False
xrp,2020-12-14,0.5560579895973206,0.26,,False,False,False,False,False,False
xrp,2020-12-21,0.2830390036106109,0.26,,False,False,False,False,False,False
xrp,2020-12-28,0.2258480042219162,0.26,,True,False,False,False,False,False
xrp,2021-01-04,0.318336009979248,0.26,,False,False,False,False,True,False
xrp,2021-01-11,0.2773840129375458,0.26,,False,False,False,False,False,False
xrp,2021-01-18,0.2735089957714081,0.26,,False,False,False,False,False,False
xrp,2021-01-25,0.4923140108585357,0.27,,False,False,False,False,False,False
xrp,2021-02-01,0.417957991361618,0.27,,False,False,False,False,False,False
xrp,2021-02-08,0.5941929817199707,0.28,,False,False,False,False,False,False
xrp,2021-02-15,0.5485600233078003,0.28,,False,False,False,False,False,False
xrp,2021-02-22,0.4149529933929443,0.29,,False,False,False,False,False,False
xrp,2021-03-01,0.4668669998645782,0.29,,False,False,False,False,False,False
xrp,2021-03-08,0.442111998796463,0.3,,False,False,False,False,False,False
xrp,2021-03-15,0.5198349952697754,0.31,,False,False,False,False,False,False
xrp,2021-03-22,0.5507559776306152,0.31,,False,False,False,False,False,False
xrp,2021-03-29,0.6467289924621582,0.32,,False,False,False,False,False,False
xrp,2021-04-05,1.3605300188064575,0.35,,False,False,False,False,False,False
xrp,2021-04-12,1.4059979915618896,0.37,,False,False,False,False,False,False
xrp,2021-04-19,1.032256007194519,0.39,,False,False,False,False,False,False
xrp,2021-04-26,1.5626410245895386,0.41,,False,False,False,False,False,False
xrp,2021-05-03,1.5352929830551147,0.44,,False,False,False,False,False,False
xrp,2021-05-10,1.452605962753296,0.47,,False,False,False,False,False,False
xrp,2021-05-17,0.7970150113105774,0.48,,False,False,False,False,False,False
xrp,2021-05-24,0.9066089987754822,0.49,,False,False,False,False,False,False
xrp,2021-05-31,0.945285975933075,0.51,,False,False,False,False,False,False
xrp,2021-06-07,0.8831599950790405,0.52,,False,False,False,False,False,False
xrp,2021-06-14,0.7763770222663879,0.53,,False,False,False,False,False,False
xrp,2021-06-21,0.6469230055809021,0.54,,False,False,False,False,False,False
xrp,2021-06-28,0.6949449777603149,0.55,,False,False,False,False,False,False
xrp,2021-07-05,0.6359350085258484,0.56,,False,False,False,False,False,False
xrp,2021-07-12,0.5879219770431519,0.57,,False,False,False,False,False,False
xrp,2021-07-19,0.6063569784164429,0.57,,False,False,False,False,False,False
xrp,2021-07-26,0.7259219884872437,0.58,,False,False,False,False,False,False
xrp,2021-08-02,0.7787389755249023,0.59,,False,False,False,False,False,False
xrp,2021-08-09,1.288159966468811,0.61,,False,False,False,False,False,False
xrp,2021-08-16,1.2277220487594604,0.63,,False,False,False,False,False,False
xrp,2021-08-23,1.1408319473266602,0.65,,False,False,False,False,False,False
xrp,2021-08-30,1.3054980039596558,0.67,0.49,False,False,False,False,False,False
xrp,2021-09-06,1.119636058807373,0.69,0.49,False,False,False,False,False,False
xrp,2021-09-13,1.0484280586242676,0.7,0.5,False,False,False,False,False,False
xrp,2021-09-20,0.944720983505249,0.72,0.5,False,False,False,False,False,False
xrp,2021-09-27,1.0551700592041016,0.73,0.51,False,False,False,False,False,False
xrp,2021-10-04,1.1384530067443848,0.75,0.51,False,False,False,False,False,False
xrp,2021-10-11,1.0934679508209229,0.77,0.51,False,False,False,False,False,False
xrp,2021-10-18,1.0842829942703247,0.79,0.51,False,False,False,False,False,False
xrp,2021-10-25,1.113247036933899,0.8,0.51,False,False,False,False,False,False
xrp,2021-11-01,1.2175339460372925,0.82,0.5,False,False,False,False,False,False
xrp,2021-11-08,1.1885969638824463,0.83,0.49,False,False,False,False,False,False
xrp,2021-11-15,1.0601730346679688,0.84,0.49,False,False,False,False,False,False
xrp,2021-11-22,0.9687510132789612,0.85,0.49,False,False,False,False,False,False
xrp,2021-11-29,0.8055949807167053,0.85,0.49,True,False,True,False,False,False
xrp,2021-12-06,0.841323971748352,0.86,0.49,True,False,False,False,False,False
xrp,2021-12-13,0.8350329995155334,0.88,0.49,True,False,False,False,False,False
xrp,2021-12-20,0.921180009841919,0.89,0.49,False,False,False,False,False,False
xrp,2021-12-27,0.8591179847717285,0.9,0.49,True,False,True,False,False,False
xrp,2022-01-03,0.7545049786567688,0.91,0.49,True,False,False,False,False,False
xrp,2022-01-10,0.778954029083252,0.91,0.49,True,False,False,False,False,False
xrp,2022-01-17,0.6287559866905212,0.92,0.49,True,False,False,False,False,False
xrp,2022-01-24,0.603181004524231,0.92,0.49,True,False,False,False,False,False
xrp,2022-01-31,0.6836469769477844,0.92,0.49,True,False,False,False,False,False
xrp,2022-02-07,0.8102729916572571,0.93,0.49,True,False,False,False,False,False
xrp,2022-02-14,0.7782959938049316,0.94,0.49,True,False,False,False,False,False
xrp,2022-02-21,0.721992015838623,0.94,0.49,True,False,False,False,False,False
xrp,2022-02-28,0.7259939908981323,0.95,0.49,True,False,False,False,False,False
xrp,2022-03-07,0.7613509893417358,0.95,0.49,True,False,False,False,False,False
xrp,2022-03-14,0.8061209917068481,0.95,0.49,True,False,False,False,False,False
xrp,2022-03-21,0.8573430180549622,0.94,0.49,True,False,False,False,False,False
xrp,2022-03-28,0.8429499864578247,0.93,0.49,True,False,False,False,False,False
xrp,2022-04-04,0.7566140294075012,0.93,0.49,True,False,False,False,False,False
xrp,2022-04-11,0.7531539797782898,0.91,0.49,True,False,False,False,False,False
xrp,2022-04-18,0.6987389922142029,0.89,0.49,True,False,False,False,False,False
xrp,2022-04-25,0.6078439950942993,0.88,0.49,True,False,False,False,False,False
xrp,2022-05-02,0.5665270090103149,0.87,0.49,True,False,False,False,False,False
xrp,2022-05-09,0.4473710060119629,0.86,0.49,True,True,False,True,False,False
xrp,2022-05-16,0.422336995601654,0.85,0.49,True,True,False,False,False,False
xrp,2022-05-23,0.3890160024166107,0.84,0.49,True,True,False,False,False,False
xrp,2022-05-30,0.3953799903392792,0.83,0.49,True,True,False,False,False,False
xrp,2022-06-06,0.3454900085926056,0.83,0.49,True,True,False,False,False,False
xrp,2022-06-13,0.3260529935359955,0.82,0.49,True,True,False,False,False,False
xrp,2022-06-20,0.3588640093803406,0.82,0.49,True,True,False,False,False,False
xrp,2022-06-27,0.3217029869556427,0.81,0.49,True,True,False,False,False,False
xrp,2022-07-04,0.3256630003452301,0.8,0.49,True,True,False,False,False,False
xrp,2022-07-11,0.3434120118618011,0.8,0.49,True,True,False,False,False,False
xrp,2022-07-18,0.3592599928379059,0.79,0.49,True,True,False,False,False,False
xrp,2022-07-25,0.3804579973220825,0.77,0.49,True,True,False,False,False,False
xrp,2022-08-01,0.3725059926509857,0.75,0.49,True,True,False,False,False,False
xrp,2022-08-08,0.3764509856700897,0.74,0.49,True,True,False,False,False,False
xrp,2022-08-15,0.3453019857406616,0.72,0.49,True,True,False,False,False,False
xrp,2022-08-22,0.3230949938297272,0.7,0.49,True,True,False,False,False,False
xrp,2022-08-29,0.3317990005016327,0.69,0.49,True,True,False,False,False,False
xrp,2022-09-05,0.355118989944458,0.68,0.49,True,True,False,False,False,False
xrp,2022-09-12,0.3583230078220367,0.66,0.49,True,True,False,False,False,False
xrp,2022-09-19,0.4926269948482513,0.65,0.49,True,False,False,False,False,False
xrp,2022-09-26,0.448850005865097,0.64,0.49,True,True,False,False,False,False
xrp,2022-10-03,0.5340610146522522,0.63,0.49,True,False,False,False,False,False
xrp,2022-10-10,0.4770100116729736,0.61,0.49,True,True,False,True,False,False
xrp,2022-10-17,0.4690330028533935,0.6,0.49,True,True,False,False,False,False
xrp,2022-10-24,0.4584549963474273,0.58,0.49,True,True,False,False,False,False
xrp,2022-10-31,0.4706700146198272,0.57,0.49,True,True,False,False,False,False
xrp,2022-11-07,0.3402960002422333,0.56,0.49,True,True,False,False,False,False
xrp,2022-11-14,0.3619450032711029,0.55,0.49,True,True,False,False,False,False
xrp,2022-11-21,0.396820992231369,0.54,0.49,True,True,False,False,False,False
xrp,2022-11-28,0.390735000371933,0.53,0.49,True,True,False,False,False,False
xrp,2022-12-05,0.3817490041255951,0.52,0.49,True,True,False,False,False,False
xrp,2022-12-12,0.350270003080368,0.51,0.49,True,True,False,False,False,False
xrp,2022-12-19,0.3463920056819916,0.5,0.49,True,True,False,False,False,False
xrp,2022-12-26,0.3387629985809326,0.49,0.49,True,True,False,False,False,False
xrp,2023-01-02,0.3453580141067505,0.49,0.49,True,True,False,False,False,False
xrp,2023-01-09,0.3848809897899627,0.48,0.49,True,True,False,False,False,False
xrp,2023-01-16,0.400967001914978,0.48,0.49,True,True,False,False,False,False
xrp,2023-01-23,0.4137639999389648,0.47,0.49,True,True,False,False,False,False
xrp,2023-01-30,0.3989369869232178,0.46,0.5,True,True,False,False,False,False
xrp,2023-02-06,0.3752819895744324,0.46,0.5,True,True,False,False,False,False
xrp,2023-02-13,0.3863170146942138,0.45,0.5,True,True,False,False,False,False
xrp,2023-02-20,0.378040999174118,0.44,0.5,True,True,False,False,False,False
xrp,2023-02-27,0.3671939969062805,0.43,0.5,True,True,False,False,False,False
xrp,2023-03-06,0.3733179867267608,0.42,0.5,True,True,False,False,False,False
xrp,2023-03-13,0.3884649872779846,0.41,0.5,True,True,False,False,False,False
xrp,2023-03-20,0.4488170146942138,0.41,0.5,False,True,False,False,True,False
xrp,2023-03-27,0.5189530253410339,0.4,0.5,False,False,False,False,False,True
xrp,2023-04-03,0.5058339834213257,0.4,0.5,False,False,False,False,False,False
xrp,2023-04-10,0.5213919878005981,0.4,0.5,False,False,False,False,False,False
xrp,2023-04-17,0.4650160074234009,0.4,0.5,False,True,False,True,False,False
xrp,2023-04-24,0.4723320007324219,0.4,0.5,False,True,False,False,False,False
xrp,2023-05-01,0.4503639936447143,0.4,0.5,False,True,False,False,False,False
xrp,2023-05-08,0.4258599877357483,0.4,0.5,False,True,False,False,False,False
xrp,2023-05-15,0.4575499892234802,0.4,0.5,False,True,False,False,False,False
xrp,2023-05-22,0.4828889966011047,0.4,0.5,False,True,False,False,False,False
xrp,2023-05-29,0.5359110236167908,0.41,0.5,False,False,False,False,False,True
xrp,2023-06-05,0.5212209820747375,0.41,0.5,False,False,False,False,False,False
xrp,2023-06-12,0.4875729978084564,0.41,0.5,False,True,False,True,False,False
xrp,2023-06-19,0.4902769923210144,0.42,0.51,False,True,False,False,False,False
xrp,2023-06-26,0.4844929873943329,0.42,0.51,False,True,False,False,False,False
xrp,2023-07-03,0.4685499966144562,0.42,0.51,False,True,False,False,False,False
xrp,2023-07-10,0.7468600273132324,0.43,0.51,False,False,False,False,False,True
xrp,2023-07-17,0.7386829853057861,0.44,0.51,False,False,False,False,False,False
xrp,2023-07-24,0.7051360011100769,0.44,0.51,False,False,False,False,False,False
xrp,2023-07-31,0.6230869889259338,0.45,0.52,False,False,False,False,False,False
xrp,2023-08-07,0.6261019706726074,0.45,0.52,False,False,False,False,False,False
xrp,2023-08-14,0.5395470261573792,0.46,0.52,False,False,False,False,False,False
xrp,2023-08-21,0.5238440036773682,0.46,0.52,False,False,False,False,False,False
xrp,2023-08-28,0.5050489902496338,0.46,0.52,False,True,False,True,False,False
xrp,2023-09-04,0.4978139996528625,0.46,0.52,False,True,False,False,False,False
xrp,2023-09-11,0.4930410087108612,0.47,0.52,False,True,False,False,False,False
xrp,2023-09-18,0.5023880004882812,0.46,0.52,False,True,False,False,False,False
xrp,2023-09-25,0.5242040157318115,0.47,0.53,False,True,False,False,False,False
xrp,2023-10-02,0.5179610252380371,0.47,0.53,False,True,False,False,False,False
xrp,2023-10-09,0.4878459870815277,0.47,0.53,False,True,False,False,False,False
xrp,2023-10-16,0.5224869847297668,0.47,0.53,False,True,False,False,False,False
xrp,2023-10-23,0.5563939809799194,0.47,0.53,False,False,False,False,False,True
xrp,2023-10-30,0.6611469984054565,0.48,0.53,False,False,False,False,False,False
xrp,2023-11-06,0.6615359783172607,0.48,0.54,False,False,False,False,False,False
xrp,2023-11-13,0.627498984336853,0.49,0.54,False,False,False,False,False,False
xrp,2023-11-20,0.6168190240859985,0.49,0.54,False,False,False,False,False,False
xrp,2023-11-27,0.6237229704856873,0.5,0.54,False,False,False,False,False,False
xrp,2023-12-04,0.6615779995918274,0.51,0.54,False,False,False,False,False,False
xrp,2023-12-11,0.6104180216789246,0.51,0.55,False,False,False,False,False,False
xrp,2023-12-18,0.6135179996490479,0.52,0.55,False,False,False,False,False,False
xrp,2023-12-25,0.6149410009384155,0.52,0.55,False,False,False,False,False,False
xrp,2024-01-01,0.5517410039901733,0.52,0.55,False,True,False,False,False,False
xrp,2024-01-08,0.5762330293655396,0.53,0.55,False,False,False,False,False,False
xrp,2024-01-15,0.546110987663269,0.53,0.56,False,True,False,True,False,False
xrp,2024-01-22,0.5240939855575562,0.53,0.56,True,True,True,False,False,False
xrp,2024-01-29,0.5032879710197449,0.53,0.56,True,True,False,False,False,False
xrp,2024-02-05,0.5260840058326721,0.54,0.56,True,True,False,False,False,False
xrp,2024-02-12,0.5569030046463013,0.54,0.56,False,True,False,False,False,False
xrp,2024-02-19,0.5424249768257141,0.55,0.56,True,True,False,False,False,False
xrp,2024-02-26,0.6270719766616821,0.55,0.57,False,False,False,False,True,True
xrp,2024-03-04,0.6084319949150085,0.55,0.57,False,False,False,False,False,False
xrp,2024-03-11,0.6192319989204407,0.56,0.57,False,False,False,False,False,False
xrp,2024-03-18,0.6329500079154968,0.56,0.57,False,False,False,False,False,False
xrp,2024-03-25,0.6292250156402588,0.56,0.57,False,False,False,False,False,False
xrp,2024-04-01,0.59483402967453,0.56,0.58,False,False,False,False,False,False
xrp,2024-04-08,0.5042579770088196,0.56,0.58,True,True,True,True,False,False
xrp,2024-04-15,0.5246800184249878,0.56,0.58,True,True,False,False,False,False
xrp,2024-04-22,0.5103769898414612,0.57,0.58,True,True,False,False,False,False
xrp,2024-04-29,0.5297840237617493,0.57,0.58,True,True,False,False,False,False
xrp,2024-05-06,0.4994750022888183,0.57,0.59,True,True,False,False,False,False
xrp,2024-05-13,0.5096610188484192,0.57,0.59,True,True,False,False,False,False
xrp,2024-05-20,0.5282109975814819,0.57,0.59,True,True,False,False,False,False
xrp,2024-05-27,0.5134819746017456,0.57,0.59,True,True,False,False,False,False
xrp,2024-06-03,0.4985829889774322,0.57,0.59,True,True,False,False,False,False
xrp,2024-06-10,0.4888319969177246,0.57,0.59,True,True,False,False,False,False
xrp,2024-06-17,0.4794889986515045,0.57,0.59,True,True,False,False,False,False
xrp,2024-06-24,0.4754830002784729,0.56,0.59,True,True,False,False,False,False
xrp,2024-07-01,0.4198229908943176,0.56,0.59,True,True,False,False,False,False
xrp,2024-07-08,0.52286297082901,0.55,0.6,True,True,False,False,False,False
xrp,2024-07-15,0.5974670052528381,0.55,0.6,False,False,False,False,True,True
xrp,2024-07-22,0.601947009563446,0.55,0.6,False,False,False,False,False,False
xrp,2024-07-29,0.5233960151672363,0.55,0.6,True,True,False,True,False,False
xrp,2024-08-05,0.5529320240020752,0.55,0.6,False,True,False,False,True,False
xrp,2024-08-12,0.5638750195503235,0.55,0.6,False,True,False,False,False,False
xrp,2024-08-19,0.6001840233802795,0.56,0.61,False,True,False,False,False,False
xrp,2024-08-26,0.5479900240898132,0.56,0.61,True,True,True,False,False,False
xrp,2024-09-02,0.5292909741401672,0.56,0.61,True,True,False,False,False,False
xrp,2024-09-09,0.5709750056266785,0.56,0.61,False,True,False,False,True,False
xrp,2024-09-16,0.5876209735870361,0.56,0.61,False,True,False,False,False,False
xrp,2024-09-23,0.6419469714164734,0.56,0.61,False,False,False,False,False,False
xrp,2024-09-30,0.5335919857025146,0.56,0.61,True,True,True,True,False,False
xrp,2024-10-07,0.5315399765968323,0.56,0.61,True,True,False,False,False,False
xrp,2024-10-14,0.547652006149292,0.56,0.61,True,True,False,False,False,False
xrp,2024-10-21,0.516381025314331,0.56,0.61,True,True,False,False,False,False
xrp,2024-10-28,0.5029309988021851,0.55,0.61,True,True,False,False,False,False
xrp,2024-11-04,0.589381992816925,0.55,0.61,False,True,False,False,True,False
xrp,2024-11-11,1.0543349981307983,0.56,0.62,False,False,False,False,False,True
xrp,2024-11-18,1.4324109554290771,0.58,0.62,False,False,False,False,False,False
xrp,2024-11-25,2.320223093032837,0.61,0.63,False,False,False,False,False,False
xrp,2024-12-02,2.6083478927612305,0.65,0.64,False,False,False,False,False,False
xrp,2024-12-09,2.446949958801269,0.69,0.65,False,False,False,False,False,False
xrp,2024-12-16,2.199331998825073,0.72,0.66,False,False,False,False,False,False
xrp,2024-12-23,2.093179941177368,0.75,0.67,False,False,False,False,False,False
xrp,2024-12-30,2.3997271060943604,0.79,0.68,False,False,False,False,False,False
xrp,2025-01-06,2.5063140392303467,0.83,0.69,False,False,False,False,False,False
xrp,2025-01-13,2.954716920852661,0.88,0.7,False,False,False,False,False,False
xrp,2025-01-20,3.0262279510498047,0.93,0.71,False,False,False,False,False,False
xrp,2025-01-27,2.579794883728028,0.97,0.72,False,False,False,False,False,False
xrp,2025-02-03,2.396939992904663,1.01,0.73,False,False,False,False,False,False
xrp,2025-02-10,2.7278249263763428,1.05,0.74,False,False,False,False,False,False
xrp,2025-02-17,2.5770199298858643,1.09,0.74,False,False,False,False,False,False
xrp,2025-02-24,2.9369421005249023,1.13,0.75,False,False,False,False,False,False
xrp,2025-03-03,2.1345760822296143,1.16,0.75,False,False,False,False,False,False
xrp,2025-03-10,2.2978670597076416,1.2,0.76,False,False,False,False,False,False
xrp,2025-03-17,2.435492992401123,1.23,0.77,False,False,False,False,False,False
xrp,2025-03-24,2.1361429691314697,1.27,0.77,False,False,False,False,False,False
xrp,2025-03-31,1.917894959449768,1.29,0.78,False,False,False,False,False,False
xrp,2025-04-07,2.120198965072632,1.33,0.78,False,False,False,False,False,False
xrp,2025-04-14,2.0770010948181152,1.36,0.79,False,False,False,False,False,False
xrp,2025-04-21,2.256237030029297,1.39,0.8,False,False,False,False,False,False
xrp,2025-04-28,2.157794952392578,1.43,0.8,False,False,False,False,False,False
xrp,2025-05-05,2.3665249347686768,1.46,0.81,False,False,False,False,False,False
xrp,2025-05-12,2.434170961380005,1.5,0.82,False,False,False,False,False,False
xrp,2025-05-19,2.342974901199341,1.54,0.83,False,False,False,False,False,False
xrp,2025-05-26,2.179183959960937,1.57,0.84,False,False,False,False,False,False
xrp,2025-06-02,2.2654950618743896,1.61,0.85,False,False,False,False,False,False
xrp,2025-06-09,2.167176961898804,1.64,0.85,False,False,False,False,False,False
xrp,2025-06-16,2.0140280723571777,1.67,0.85,False,False,False,False,False,False
xrp,2025-06-23,2.2070729732513428,1.71,0.86,False,False,False,False,False,False
xrp,2025-06-30,2.272541046142578,1.74,0.86,False,False,False,False,False,False
xrp,2025-07-07,2.8359410762786865,1.78,0.87,False,False,False,False,False,False
xrp,2025-07-14,3.459528923034668,1.84,0.89,False,False,False,False,False,False
xrp,2025-07-21,3.2412819862365723,1.9,0.9,False,False,False,False,False,False
xrp,2025-07-28,2.9495439529418945,1.94,0.91,False,False,False,False,False,False
xrp,2025-08-04,3.187855958938598,2.0,0.92,False,False,False,False,False,False
xrp,2025-08-11,3.089040994644165,2.05,0.93,False,False,False,False,False,False
xrp,2025-08-18,3.0258688926696777,2.1,0.94,False,False,False,False,False,False
xrp,2025-08-25,2.7766408920288086,2.14,0.94,False,False,False,False,False,False
xrp,2025-09-01,2.8785619735717773,2.19,0.95,False,False,False,False,False,False
xrp,2025-09-08,3.032525062561035,2.23,0.96,False,False,False,False,False,False
xrp,2025-09-15,2.973408937454224,2.28,0.97,False,False,False,False,False,False
xrp,2025-09-22,2.8665859699249268,2.33,0.98,False,False,False,False,False,False
xrp,2025-09-29,2.9706408977508545,2.38,0.99,False,False,False,False,False,False
xrp,2025-10-06,2.5349578857421875,2.42,1.0,False,False,False,False,False,False
xrp,2025-10-13,2.390631914138794,2.46,1.01,True,False,False,False,False,False
xrp,2025-10-20,2.645145893096924,2.5,1.02,False,False,False,False,True,False
xrp,2025-10-27,2.529094934463501,2.53,1.03,False,False,False,False,False,False
xrp,2025-11-03,2.367656946182251,2.55,1.03,True,False,True,False,False,False
xrp,2025-11-10,2.216609001159668,2.54,1.04,True,False,False,False,False,False
xrp,2025-11-17,2.046264886856079,2.53,1.05,True,False,False,False,False,False
xrp,2025-11-24,2.1609671115875244,2.53,1.06,True,False,False,False,False,False
xrp,2025-12-01,2.0434200763702397,2.52,1.06,True,False,False,False,False,False
xrp,2025-12-08,1.979287028312683,2.52,1.07,True,False,False,False,False,False
xrp,2025-12-15,1.9220119714736936,2.51,1.07,True,False,False,False,False,False
xrp,2025-12-22,1.864359974861145,2.5,1.08,True,False,False,False,False,False
xrp,2025-12-29,2.0900208950042725,2.48,1.09,True,False,False,False,False,False
xrp,2026-01-05,2.0710649490356445,2.46,1.09,True,False,False,False,False,False
xrp,2026-01-12,1.992658019065857,2.45,1.1,True,False,False,False,False,False
xrp,2026-01-19,1.8330260515213013,2.44,1.1,True,False,False,False,False,False
xrp,2026-01-26,1.5913419723510742,2.42,1.11,True,False,False,False,False,False
xrp,2026-02-02,1.4321850538253784,2.39,1.11,True,False,False,False,False,False
xrp,2026-02-09,1.474856972694397,2.37,1.11,True,False,False,False,False,False
xrp,2026-02-16,1.3930779695510864,2.35,1.12,True,False,False,False,False,False
xrp,2026-02-23,1.3517290353775024,2.33,1.12,True,False,False,False,False,False
xrp,2026-03-02,1.341400980949402,2.31,1.13,True,False,False,False,False,False
xrp,2026-03-09,1.4475510120391846,2.3,1.13,True,False,False,False,False,False
xrp,2026-03-16,1.3848830461502075,2.29,1.14,True,False,False,False,False,False
xrp,2026-03-23,1.3272759914398191,2.27,1.14,True,False,False,False,False,False
xrp,2026-03-30,1.325495958328247,2.25,1.14,True,False,False,False,False,False
xrp,2026-04-06,1.3249980211257937,2.24,1.15,True,False,False,False,False,False
xrp,2026-04-13,1.3946529626846311,2.22,1.15,True,False,False,False,False,False
xrp,2026-04-20,1.4315749406814575,2.2,1.16,True,False,False,False,False,False
xrp,2026-04-27,1.387578010559082,2.18,1.17,True,False,False,False,False,False
xrp,2026-05-04,1.4728070497512815,2.16,1.17,True,False,False,False,False,False
xrp,2026-05-11,1.4009430408477783,2.15,1.18,True,False,False,False,False,False
xrp,2026-05-18,1.3500330448150637,2.13,1.18,True,False,False,False,False,False
xrp,2026-05-25,1.3313210010528564,2.11,1.19,True,False,False,False,False,False
xrp,2026-06-01,1.1546510457992554,2.1,1.19,True,True,False,True,False,False
xrp,2026-06-08,1.1858290433883667,2.08,1.19,True,True,False,False,False,False
xrp,2026-06-15,1.1244189739227295,2.05,1.2,True,True,False,False,False,False
xrp,2026-06-22,1.0475759506225586,2.02,1.2,True,True,False,False,False,False
xrp,2026-06-29,1.1558929681777954,1.97,1.21,True,True,False,False,False,False
xrp,2026-07-06,1.085737943649292,1.93,1.21,True,True,False,False,False,False
xrp,2026-07-13,1.0959210395812988,1.89,1.21,True,True,False,False,False,False
xrp,2026-07-20,1.1116650104522705,1.85,1.22,True,True,False,False,False,False
xrp,2026-07-27,1.0846099853515625,1.81,1.22,True,True,False,False,False,False
xrp,2026-08-03,1.0289150476455688,1.77,1.22,True,True,False,False,False,False
xrp,2026-08-10,0.9919729828834534,1.73,1.22,True,True,False,False,False,False
xrp,2026-08-17,1.5221879482269287,1.71,1.23,True,False,False,False,False,True
xrp,2026-08-24,1.398800015449524,1.67,1.23,True,False,False,False,False,False
sol,2020-04-06,0.8825070261955261,,,False,False,False,False,False,False
sol,2020-04-13,0.6069689989089966,,,False,False,False,False,False,False
sol,2020-04-20,0.6355059742927551,,,False,False,False,False,False,False
sol,2020-04-27,0.6795349717140198,,,False,False,False,False,False,False
sol,2020-05-04,0.5370339751243591,,,False,False,False,False,False,False
sol,2020-05-11,0.6129890084266663,,,False,False,False,False,False,False
sol,2020-05-18,0.5490530133247375,,,False,False,False,False,False,False
sol,2020-05-25,0.5700219869613647,,,False,False,False,False,False,False
sol,2020-06-01,0.6165779829025269,,,False,False,False,False,False,False
sol,2020-06-08,0.5870770215988159,,,False,False,False,False,False,False
sol,2020-06-15,0.6731489896774292,,,False,False,False,False,False,False
sol,2020-06-22,0.7984949946403503,,,False,False,False,False,False,False
sol,2020-06-29,0.6916639804840088,,,False,False,False,False,False,False
sol,2020-07-06,1.0167160034179688,,,False,False,False,False,False,False
sol,2020-07-13,0.9203490018844604,,,False,False,False,False,False,False
sol,2020-07-20,1.5651099681854248,,,False,False,False,False,False,False
sol,2020-07-27,1.7428100109100342,,,False,False,False,False,False,False
sol,2020-08-03,2.6652278900146484,,,False,False,False,False,False,False
sol,2020-08-10,3.385653018951416,,,False,False,False,False,False,False
sol,2020-08-17,3.3224310874938965,,,False,False,False,False,False,False
sol,2020-08-24,4.4358229637146,,,False,False,False,False,False,False
sol,2020-08-31,3.086042881011963,,,False,False,False,False,False,False
sol,2020-09-07,3.2258388996124268,,,False,False,False,False,False,False
sol,2020-09-14,2.8709030151367188,,,False,False,False,False,False,False
sol,2020-09-21,3.152946949005127,,,False,False,False,False,False,False
sol,2020-09-28,2.5159950256347656,,,False,False,False,False,False,False
sol,2020-10-05,2.4265780448913574,,,False,False,False,False,False,False
sol,2020-10-12,2.2142670154571533,,,False,False,False,False,False,False
sol,2020-10-19,1.7874590158462524,,,False,False,False,False,False,False
sol,2020-10-26,1.5998400449752808,,,False,False,False,False,False,False
sol,2020-11-02,2.1565980911254883,,,False,False,False,False,False,False
sol,2020-11-09,2.04323410987854,,,False,False,False,False,False,False
sol,2020-11-16,2.1448450088500977,,,False,False,False,False,False,False
sol,2020-11-23,1.915155053138733,,,False,False,False,False,False,False
sol,2020-11-30,1.8542490005493164,,,False,False,False,False,False,False
sol,2020-12-07,1.5654560327529907,,,False,False,False,False,False,False
sol,2020-12-14,1.5635759830474854,,,False,False,False,False,False,False
sol,2020-12-21,1.3030420541763306,,,False,False,False,False,False,False
sol,2020-12-28,2.1617519855499268,,,False,False,False,False,False,False
sol,2021-01-04,3.466110944747925,,,False,False,False,False,False,False
sol,2021-01-11,3.81813907623291,,,False,False,False,False,False,False
sol,2021-01-18,3.634411096572876,,,False,False,False,False,False,False
sol,2021-01-25,4.264143943786621,,,False,False,False,False,False,False
sol,2021-02-01,6.700462818145752,,,False,False,False,False,False,False
sol,2021-02-08,8.738896369934082,,,False,False,False,False,False,False
sol,2021-02-15,11.0855131149292,,,False,False,False,False,False,False
sol,2021-02-22,13.08924674987793,,,False,False,False,False,False,False
sol,2021-03-01,13.877732276916504,,,False,False,False,False,False,False
sol,2021-03-08,14.50826644897461,,,False,False,False,False,False,False
sol,2021-03-15,14.332205772399902,3.29,,False,False,False,False,False,False
sol,2021-03-22,18.016233444213867,3.63,,False,False,False,False,False,False
sol,2021-03-29,24.061323165893555,4.1,,False,False,False,False,False,False
sol,2021-04-05,27.9318904876709,4.65,,False,False,False,False,False,False
sol,2021-04-12,32.30291748046875,5.28,,False,False,False,False,False,False
sol,2021-04-19,47.36762619018555,6.22,,False,False,False,False,False,False
sol,2021-04-26,46.89098739624024,7.14,,False,False,False,False,False,False
sol,2021-05-03,44.330196380615234,8.02,,False,False,False,False,False,False
sol,2021-05-10,47.200828552246094,8.95,,False,False,False,False,False,False
sol,2021-05-17,24.68874740600586,9.43,,False,False,False,False,False,False
sol,2021-05-24,28.602659225463867,9.99,,False,False,False,False,False,False
sol,2021-05-31,42.30837631225586,10.83,,False,False,False,False,False,False
sol,2021-06-07,38.77043533325195,11.59,,False,False,False,False,False,False
sol,2021-06-14,35.32201385498047,12.28,,False,False,False,False,False,False
sol,2021-06-21,31.929391860961918,12.9,,False,False,False,False,False,False
sol,2021-06-28,34.31060028076172,13.57,,False,False,False,False,False,False
sol,2021-07-05,32.17784118652344,14.18,,False,False,False,False,False,False
sol,2021-07-12,26.751909255981445,14.68,,False,False,False,False,False,False
sol,2021-07-19,28.168773651123047,15.19,,False,False,False,False,False,False
sol,2021-07-26,34.25436019897461,15.8,,False,False,False,False,False,False
sol,2021-08-02,37.673824310302734,16.49,,False,False,False,False,False,False
sol,2021-08-09,53.74515914916992,17.48,,False,False,False,False,False,False
sol,2021-08-16,72.80391693115234,18.87,,False,False,False,False,False,False
sol,2021-08-23,94.46967315673828,20.7,,False,False,False,False,False,False
sol,2021-08-30,142.0708770751953,23.48,,False,False,False,False,False,False
sol,2021-09-06,174.53762817382812,26.91,,False,False,False,False,False,False
sol,2021-09-13,152.51669311523438,29.91,,False,False,False,False,False,False
sol,2021-09-20,135.69937133789062,32.57,,False,False,False,False,False,False
sol,2021-09-27,172.5891571044922,35.98,,False,False,False,False,False,False
sol,2021-10-04,148.0487060546875,38.91,,False,False,False,False,False,False
sol,2021-10-11,159.74380493164062,42.07,,False,False,False,False,False,False
sol,2021-10-18,202.3619842529297,46.07,,False,False,False,False,False,False
sol,2021-10-25,202.4210205078125,50.08,,False,False,False,False,False,False
sol,2021-11-01,249.823486328125,55.04,,False,False,False,False,False,False
sol,2021-11-08,238.42552185058597,59.77,,False,False,False,False,False,False
sol,2021-11-15,231.2826232910156,64.35,,False,False,False,False,False,False
sol,2021-11-22,200.67665100097656,68.34,,False,False,False,False,False,False
sol,2021-11-29,196.1682586669922,72.23,,False,False,False,False,False,False
sol,2021-12-06,173.43167114257812,75.67,,False,False,False,False,False,False
sol,2021-12-13,180.09805297851562,79.23,,False,False,False,False,False,False
sol,2021-12-20,198.000732421875,83.12,,False,False,False,False,False,False
sol,2021-12-27,176.38284301757812,86.57,,False,False,False,False,False,False
sol,2022-01-03,140.83900451660156,89.32,,False,False,False,False,False,False
sol,2022-01-10,147.8565216064453,92.19,,False,False,False,False,False,False
sol,2022-01-17,99.5782241821289,94.05,,False,False,False,False,False,False
sol,2022-01-24,93.29767608642578,95.74,,True,False,False,False,False,False
sol,2022-01-31,115.2997589111328,97.82,,False,False,False,False,False,False
sol,2022-02-07,93.24410247802734,99.42,,True,False,True,False,False,False
sol,2022-02-14,90.9014129638672,100.96,,True,False,False,False,False,False
sol,2022-02-21,85.51905059814453,102.38,,True,False,False,False,False,False
sol,2022-02-28,84.54218292236328,103.79,,True,False,False,False,False,False
sol,2022-03-07,78.93607330322266,105.01,,True,False,False,False,False,False
sol,2022-03-14,88.61486053466797,106.3,,True,False,False,False,False,False
sol,2022-03-21,107.08422088623048,107.88,,True,False,False,False,False,False
sol,2022-03-28,136.77532958984375,109.97,,False,False,False,False,True,False
sol,2022-04-04,111.74243927001952,111.26,,False,False,False,False,False,False
sol,2022-04-11,100.40969848632812,112.33,,True,False,True,False,False,False
sol,2022-04-18,99.2357940673828,113.43,,True,False,False,False,False,False
sol,2022-04-25,89.6715087890625,114.28,,True,False,False,False,False,False
sol,2022-05-02,75.22018432617188,115.29,,True,False,False,False,False,False
sol,2022-05-09,58.81126022338867,115.89,,True,False,False,False,False,False
sol,2022-05-16,52.75518035888672,116.1,,True,False,False,False,False,False
sol,2022-05-23,44.90961456298828,116.22,,True,False,False,False,False,False
sol,2022-05-30,38.48053359985352,116.29,,True,False,False,False,False,False
sol,2022-06-06,30.74327087402344,116.26,,True,False,False,False,False,False
sol,2022-06-13,34.24374771118164,116.26,,True,False,False,False,False,False
sol,2022-06-20,39.40808868408203,116.41,,True,False,False,False,False,False
sol,2022-06-27,33.38593292236328,116.54,,True,False,False,False,False,False
sol,2022-07-04,36.69760894775391,116.71,,True,False,False,False,False,False
sol,2022-07-11,38.64472198486328,116.8,,True,False,False,False,False,False
sol,2022-07-18,41.00658416748047,116.86,,True,False,False,False,False,False
sol,2022-07-25,42.400203704833984,116.64,,True,False,False,False,False,False
sol,2022-08-01,40.6055908203125,115.99,,True,False,False,False,False,False
sol,2022-08-08,44.91656875610352,115.0,,True,False,False,False,False,False
sol,2022-08-15,36.533199310302734,112.89,,True,False,False,False,False,False
sol,2022-08-22,30.39228630065918,110.01,,True,False,False,False,False,False
sol,2022-08-29,32.106956481933594,107.6,,True,False,False,False,False,False
sol,2022-09-05,34.96596145629883,105.58,,True,False,False,False,False,False
sol,2022-09-12,31.05985450744629,102.75,,True,False,False,False,False,False
sol,2022-09-19,32.33536148071289,100.44,,True,False,False,False,False,False
sol,2022-09-26,32.05569839477539,97.89,,True,False,False,False,False,False
sol,2022-10-03,32.91388320922852,94.5,,True,False,False,False,False,False
sol,2022-10-10,30.168840408325195,91.05,,True,False,False,False,False,False
sol,2022-10-17,29.27007102966309,86.64,,True,False,False,False,False,False
sol,2022-10-24,32.9659309387207,82.53,,True,False,False,False,False,False
sol,2022-10-31,32.6835823059082,78.56,,True,False,False,False,False,False
sol,2022-11-07,13.164528846740724,74.81,,True,False,False,False,False,False
sol,2022-11-14,12.252833366394045,71.13,,True,False,False,False,False,False
sol,2022-11-21,14.115766525268556,67.94,,True,False,False,False,False,False
sol,2022-11-28,13.718218803405762,64.62,,True,False,False,False,False,False
sol,2022-12-05,13.427809715270996,60.93,,True,False,False,False,False,False
sol,2022-12-12,12.41312026977539,57.65,,True,False,False,False,False,False
sol,2022-12-19,11.387903213500977,55.06,,True,False,False,False,False,False
sol,2022-12-26,9.982172966003418,52.3,,True,False,False,False,False,False
sol,2023-01-02,14.31993293762207,50.59,,True,False,False,False,False,False
sol,2023-01-09,22.873306274414062,49.19,,True,False,False,False,False,False
sol,2023-01-16,24.232789993286133,47.36,,True,False,False,False,False,False
sol,2023-01-23,26.132387161254883,46.02,,True,False,False,False,False,False
sol,2023-01-30,23.493438720703125,44.67,,True,False,False,False,False,False
sol,2023-02-06,21.489978790283203,43.39,,True,False,False,False,False,False
sol,2023-02-13,24.84075164794922,42.2,,True,False,False,False,False,False
sol,2023-02-20,23.256088256835938,41.09,,True,False,False,False,False,False
sol,2023-02-27,20.97858428955078,39.73,,True,False,False,False,False,False
sol,2023-03-06,20.310531616210938,38.0,,True,False,False,False,False,False
sol,2023-03-13,21.90340232849121,35.7,,True,False,False,False,False,False
sol,2023-03-20,20.97551918029785,33.89,,True,False,False,False,False,False
sol,2023-03-27,20.536975860595703,32.29,,True,False,False,False,False,False
sol,2023-04-03,20.29946517944336,30.71,,True,False,False,False,False,False
sol,2023-04-10,25.361927032470703,29.42,,True,False,False,False,False,False
sol,2023-04-17,21.480138778686523,28.35,,True,False,False,False,False,False
sol,2023-04-24,22.832014083862305,27.63,,True,False,False,False,False,False
sol,2023-05-01,21.84422874450684,27.01,,True,False,False,False,False,False
sol,2023-05-08,20.95339775085449,26.53,,True,False,False,False,False,False
sol,2023-05-15,19.609437942504883,26.15,,True,False,False,False,False,False
sol,2023-05-22,20.7985782623291,25.95,,True,False,False,False,False,False
sol,2023-05-29,21.8189754486084,25.71,,True,False,False,False,False,False
sol,2023-06-05,15.558775901794434,25.23,,True,False,False,False,False,False
sol,2023-06-12,15.43823528289795,24.87,,True,False,False,False,False,False
sol,2023-06-19,16.97138023376465,24.48,,True,False,False,False,False,False
sol,2023-06-26,19.453594207763672,24.09,,True,False,False,False,False,False
sol,2023-07-03,21.3490047454834,23.7,,True,False,False,False,False,False
sol,2023-07-10,27.384082794189453,23.4,,False,False,False,False,True,False
sol,2023-07-17,24.766815185546875,23.08,,False,False,False,False,False,False
sol,2023-07-24,24.26101875305176,22.67,,False,False,False,False,False,False
sol,2023-07-31,23.18569564819336,22.4,,False,False,False,False,False,False
sol,2023-08-07,24.24288558959961,22.28,,False,False,False,False,False,False
sol,2023-08-14,21.77327537536621,22.07,,True,False,True,False,False,False
sol,2023-08-21,20.78683853149414,21.79,,True,False,False,False,False,False
sol,2023-08-28,19.578746795654297,21.56,,True,False,False,False,False,False
sol,2023-09-04,18.24883079528809,21.28,,True,False,False,False,False,False
sol,2023-09-11,18.83162879943848,21.01,,True,False,False,False,False,False
sol,2023-09-18,19.374290466308597,20.74,,True,False,False,False,False,False
sol,2023-09-25,23.83648681640625,20.62,,False,False,False,False,True,False
sol,2023-10-02,23.24642562866211,20.49,,False,False,False,False,False,False
sol,2023-10-09,21.922027587890625,20.27,,False,False,False,False,False,False
sol,2023-10-16,29.03668212890625,20.2,,False,False,False,False,False,False
sol,2023-10-23,32.822608947753906,20.59,,False,False,False,False,False,False
sol,2023-10-30,41.23860168457031,21.17,,False,False,False,False,False,False
sol,2023-11-06,56.15409851074219,22.01,,False,False,False,False,False,False
sol,2023-11-13,61.39355850219727,22.97,,False,False,False,False,False,False
sol,2023-11-20,57.6427001953125,23.85,,False,False,False,False,False,False
sol,2023-11-27,63.03996658325195,24.87,,False,False,False,False,False,False
sol,2023-12-04,74.70588684082031,26.13,,False,False,False,False,False,False
sol,2023-12-11,71.00051879882812,27.35,,False,False,False,False,False,False
sol,2023-12-18,112.48521423339844,29.32,,False,False,False,False,False,False
sol,2023-12-25,101.50582122802734,30.89,,False,False,False,False,False,False
sol,2024-01-01,89.2763442993164,32.19,,False,False,False,False,False,False
sol,2024-01-08,94.13314056396484,33.55,,False,False,False,False,False,False
sol,2024-01-15,90.8484344482422,34.9,,False,False,False,False,False,False
sol,2024-01-22,95.93798065185548,36.38,,False,False,False,False,False,False
sol,2024-01-29,95.47695922851562,37.8,46.77,False,False,False,False,False,False
sol,2024-02-05,107.49528503417967,39.48,47.3,False,False,False,False,False,False
sol,2024-02-12,112.17467498779295,41.31,47.86,False,False,False,False,False,False
sol,2024-02-19,103.4534912109375,42.97,48.37,False,False,False,False,False,False
sol,2024-02-26,130.45086669921875,45.14,49.02,False,False,False,False,False,False
sol,2024-03-04,144.5151824951172,47.61,49.74,False,False,False,False,False,False
sol,2024-03-11,202.12356567382807,51.24,50.75,False,False,False,False,False,False
sol,2024-03-18,183.57345581054688,54.51,51.67,False,False,False,False,False,False
sol,2024-03-25,202.87413024902344,58.06,52.68,False,False,False,False,False,False
sol,2024-04-01,179.6498565673828,61.22,53.57,False,False,False,False,False,False
sol,2024-04-08,151.28494262695312,63.79,54.33,False,False,False,False,False,False
sol,2024-04-15,148.60931396484375,66.33,55.07,False,False,False,False,False,False
sol,2024-04-22,137.85641479492188,68.66,55.75,False,False,False,False,False,False
sol,2024-04-29,145.71302795410156,71.19,56.48,False,False,False,False,False,False
sol,2024-05-06,143.52081298828125,73.64,57.19,False,False,False,False,False,False
sol,2024-05-13,170.0913543701172,76.61,58.03,False,False,False,False,False,False
sol,2024-05-20,163.3509063720703,79.56,58.84,False,False,False,False,False,False
sol,2024-05-27,163.24990844726562,82.52,59.65,False,False,False,False,False,False
sol,2024-06-03,162.08360290527344,85.42,60.45,False,False,False,False,False,False
sol,2024-06-10,151.12550354003906,88.05,61.19,False,False,False,False,False,False
sol,2024-06-17,128.59042358398438,90.2,61.81,False,False,False,False,False,False
sol,2024-06-24,146.49249267578125,92.58,62.52,False,False,False,False,False,False
sol,2024-07-01,131.7740936279297,94.72,63.17,False,False,False,False,False,False
sol,2024-07-08,147.622314453125,97.19,63.89,False,False,False,False,False,False
sol,2024-07-15,184.54161071777344,100.42,64.8,False,False,False,False,False,False
sol,2024-07-22,184.88607788085935,103.63,65.71,False,False,False,False,False,False
sol,2024-07-29,138.05508422851562,105.95,66.38,False,False,False,False,False,False
sol,2024-08-05,141.52685546875,108.37,67.08,False,False,False,False,False,False
sol,2024-08-12,142.58688354492188,110.83,67.78,False,False,False,False,False,False
sol,2024-08-19,158.90911865234375,113.64,68.57,False,False,False,False,False,False
sol,2024-08-26,128.6905517578125,115.84,69.2,False,False,False,False,False,False
sol,2024-09-02,129.98951721191406,118.05,69.84,False,False,False,False,False,False
sol,2024-09-09,131.4993896484375,120.2,70.49,False,False,False,False,False,False
sol,2024-09-16,144.80364990234375,122.64,71.2,False,False,False,False,False,False
sol,2024-09-23,158.62916564941406,125.37,71.99,False,False,False,False,False,False
sol,2024-09-30,146.44236755371094,127.72,72.71,False,False,False,False,False,False
sol,2024-10-07,147.5724334716797,130.01,73.44,False,False,False,False,False,False
sol,2024-10-14,166.9398193359375,132.53,74.27,False,False,False,False,False,False
sol,2024-10-21,176.5491943359375,134.93,75.14,False,False,False,False,False,False
sol,2024-10-28,162.55130004882812,136.96,75.94,False,False,False,False,False,False
sol,2024-11-04,210.6137237548828,140.02,76.98,False,False,False,False,False,False
sol,2024-11-11,237.57553100585935,143.51,78.15,False,False,False,False,False,False
sol,2024-11-18,252.9195251464844,147.07,79.39,False,False,False,False,False,False
sol,2024-11-25,237.06993103027344,150.39,80.56,False,False,False,False,False,False
sol,2024-12-02,236.67233276367188,152.88,81.71,False,False,False,False,False,False
sol,2024-12-09,223.6576690673828,155.32,82.78,False,False,False,False,False,False
sol,2024-12-16,180.16891479492188,157.14,83.63,False,False,False,False,False,False
sol,2024-12-23,189.7442626953125,159.05,84.51,False,False,False,False,False,False
sol,2024-12-30,213.3936309814453,161.5,85.51,False,False,False,False,False,False
sol,2025-01-06,188.5603790283203,163.35,86.38,False,False,False,False,False,False
sol,2025-01-13,250.58636474609372,166.46,87.56,False,False,False,False,False,False
sol,2025-01-20,240.88345336914065,169.12,88.67,False,False,False,False,False,False
sol,2025-01-27,203.11962890625,170.94,89.57,False,False,False,False,False,False
sol,2025-02-03,200.49755859375,172.88,90.43,False,False,False,False,False,False
sol,2025-02-10,188.4864044189453,174.04,91.21,False,False,False,False,False,False
sol,2025-02-17,168.03811645507812,174.51,91.82,True,False,False,False,False,False
sol,2025-02-24,178.49549865722656,174.04,92.48,False,False,False,False,False,False
sol,2025-03-03,126.43543243408205,172.9,92.89,True,False,True,False,False,False
sol,2025-03-10,125.98810577392578,171.36,93.28,True,False,False,False,False,False
sol,2025-03-17,132.5993194580078,170.42,93.82,True,False,False,False,False,False
sol,2025-03-24,124.64263153076172,169.89,94.3,True,False,False,False,False,False
sol,2025-03-31,105.7120132446289,169.03,94.62,True,False,False,False,False,False
sol,2025-04-07,128.58079528808594,168.84,95.07,True,False,False,False,False,False
sol,2025-04-14,137.77459716796875,168.69,95.58,True,False,False,False,False,False
sol,2025-04-21,148.24583435058594,168.78,96.16,True,False,False,False,False,False
sol,2025-04-28,143.98306274414062,168.26,96.71,True,False,False,False,False,False
sol,2025-05-05,173.02645874023438,168.45,97.41,False,False,False,False,True,False
sol,2025-05-12,173.89871215820312,168.66,98.15,False,False,False,False,False,False
sol,2025-05-19,175.72547912597656,168.94,98.89,False,False,False,False,False,False
sol,2025-05-26,157.7845458984375,169.07,99.5,True,False,True,False,False,False
sol,2025-06-02,152.4300994873047,169.55,100.08,True,False,False,False,False,False
sol,2025-06-09,152.81439208984375,169.67,100.57,True,False,False,False,False,False
sol,2025-06-16,131.61569213867188,169.67,100.87,True,False,False,False,False,False
sol,2025-06-23,153.35308837890625,169.79,101.16,True,False,False,False,False,False
sol,2025-06-30,151.87294006347656,169.13,101.21,True,False,False,False,False,False
sol,2025-07-07,161.1940155029297,168.66,101.14,True,False,False,False,False,False
sol,2025-07-14,181.5460357666016,169.53,101.29,False,False,False,False,True,False
sol,2025-07-21,188.7334899902344,170.47,101.55,False,False,False,False,False,False
sol,2025-07-28,161.95497131347656,170.86,101.5,True,False,False,False,False,False
sol,2025-08-04,182.90301513671875,171.34,101.67,False,False,False,False,True,False
sol,2025-08-11,191.16482543945312,172.59,101.83,False,False,False,False,False,False
sol,2025-08-18,205.8523712158203,174.11,101.85,False,False,False,False,False,False
sol,2025-08-25,200.8635406494141,175.49,101.84,False,False,False,False,False,False
sol,2025-09-01,206.4681854248047,176.73,101.62,False,False,False,False,False,False
sol,2025-09-08,240.5576934814453,178.37,101.64,False,False,False,False,False,False
sol,2025-09-15,236.5754547119141,180.17,101.66,False,False,False,False,False,False
sol,2025-09-22,210.7377471923828,181.43,101.71,False,False,False,False,False,False
sol,2025-09-29,228.6011962890625,182.66,101.87,False,False,False,False,False,False
sol,2025-10-06,197.508544921875,183.08,101.99,False,False,False,False,False,False
sol,2025-10-13,187.79820251464844,183.59,102.03,False,False,False,False,False,False
sol,2025-10-20,200.02862548828125,183.38,102.04,False,False,False,False,False,False
sol,2025-10-27,187.8259735107422,182.38,102.1,False,False,False,False,False,False
sol,2025-11-03,164.45384216308594,180.61,102.22,True,False,True,False,False,False
sol,2025-11-10,137.26573181152344,178.62,102.17,True,False,False,False,False,False
sol,2025-11-17,130.70506286621094,176.5,102.32,True,False,False,False,False,False
sol,2025-11-24,133.5648193359375,174.7,102.52,True,False,False,False,False,False
sol,2025-12-01,132.09356689453125,173.73,102.61,True,False,False,False,False,False
sol,2025-12-08,129.48109436035156,172.53,102.79,True,False,False,False,False,False
sol,2025-12-15,125.9915008544922,170.78,102.96,True,False,False,False,False,False
sol,2025-12-22,125.19935607910156,169.51,103.16,True,False,False,False,False,False
sol,2025-12-29,133.8996124267578,167.18,103.41,True,False,False,False,False,False
sol,2026-01-05,139.49046325683594,165.15,103.71,True,False,False,False,False,False
sol,2026-01-12,137.99542236328125,163.85,103.96,True,False,False,False,False,False
sol,2026-01-19,118.77285766601562,162.21,104.02,True,False,False,False,False,False
sol,2026-01-26,100.85052490234376,160.46,103.84,True,True,False,True,False,False
sol,2026-02-02,87.04410552978516,158.84,103.71,True,True,False,False,False,False
sol,2026-02-09,86.00509643554688,156.99,103.64,True,True,False,False,False,False
sol,2026-02-16,82.79097747802734,156.12,103.56,True,True,False,False,False,False
sol,2026-02-23,83.5776596069336,155.27,103.53,True,True,False,False,False,False
sol,2026-03-02,81.62458801269531,154.25,103.56,True,True,False,False,False,False
sol,2026-03-09,92.25182342529295,153.6,103.73,True,True,False,False,False,False
sol,2026-03-16,86.12834930419922,153.21,103.89,True,True,False,False,False,False
sol,2026-03-23,81.42240142822266,152.27,104.08,True,True,False,False,False,False
sol,2026-03-30,81.8544921875,151.15,104.29,True,True,False,False,False,False
sol,2026-04-06,81.53523254394531,149.82,104.55,True,True,False,False,False,False
sol,2026-04-13,83.58094787597656,148.61,104.79,True,True,False,False,False,False
sol,2026-04-20,86.97038269042969,146.89,105.03,True,True,False,False,False,False
sol,2026-04-27,83.89957427978516,145.09,105.29,True,True,False,False,False,False
sol,2026-05-04,96.42698669433594,143.5,105.58,True,True,False,False,False,False
sol,2026-05-11,85.1729507446289,142.05,105.82,True,True,False,False,False,False
sol,2026-05-18,85.24969482421875,140.71,106.04,True,True,False,False,False,False
sol,2026-05-25,82.29830169677734,139.3,106.24,True,True,False,False,False,False
sol,2026-06-01,66.31063079833984,137.99,106.37,True,True,False,False,False,False
sol,2026-06-08,71.16618347167969,136.35,106.5,True,True,False,False,False,False
sol,2026-06-15,72.41815948486328,134.76,106.68,True,True,False,False,False,False
sol,2026-06-22,71.31294250488281,132.96,106.88,True,True,False,False,False,False
sol,2026-06-29,81.42304229736328,130.96,107.13,True,True,False,False,False,False
sol,2026-07-06,76.87384033203125,128.72,107.34,True,True,False,False,False,False
sol,2026-07-13,76.35526275634766,127.01,107.56,True,True,False,False,False,False
sol,2026-07-20,76.60216522216797,124.88,107.78,True,True,False,False,False,False
sol,2026-07-27,73.44882202148438,122.53,107.99,True,True,False,False,False,False
sol,2026-08-03,76.21212768554688,119.93,108.21,True,True,False,False,False,False
sol,2026-08-10,74.53901672363281,117.41,108.43,True,True,False,False,False,False
sol,2026-08-17,95.44223022460938,115.19,108.76,True,True,False,False,False,False
sol,2026-08-24,105.27999877929688,112.48,109.12,True,True,False,False,False,False
mstr,1998-06-08,10.4375,,,False,False,False,False,False,False
mstr,1998-06-15,14.0625,,,False,False,False,False,False,False
mstr,1998-06-22,13.6875,,,False,False,False,False,False,False
mstr,1998-06-29,13.125,,,False,False,False,False,False,False
mstr,1998-07-06,15.625,,,False,False,False,False,False,False
mstr,1998-07-13,16.75,,,False,False,False,False,False,False
mstr,1998-07-20,19.0,,,False,False,False,False,False,False
mstr,1998-07-27,18.0,,,False,False,False,False,False,False
mstr,1998-08-03,18.5,,,False,False,False,False,False,False
mstr,1998-08-10,19.6875,,,False,False,False,False,False,False
mstr,1998-08-17,20.0,,,False,False,False,False,False,False
mstr,1998-08-24,17.4375,,,False,False,False,False,False,False
mstr,1998-08-31,12.0625,,,False,False,False,False,False,False
mstr,1998-09-07,14.15625,,,False,False,False,False,False,False
mstr,1998-09-14,19.09375,,,False,False,False,False,False,False
mstr,1998-09-21,20.0,,,False,False,False,False,False,False
mstr,1998-09-28,16.0,,,False,False,False,False,False,False
mstr,1998-10-05,12.75,,,False,False,False,False,False,False
mstr,1998-10-12,12.25,,,False,False,False,False,False,False
mstr,1998-10-19,12.3125,,,False,False,False,False,False,False
mstr,1998-10-26,12.1875,,,False,False,False,False,False,False
mstr,1998-11-02,12.75,,,False,False,False,False,False,False
mstr,1998-11-09,12.375,,,False,False,False,False,False,False
mstr,1998-11-16,11.1875,,,False,False,False,False,False,False
mstr,1998-11-23,11.5,,,False,False,False,False,False,False
mstr,1998-11-30,11.3125,,,False,False,False,False,False,False
mstr,1998-12-07,11.5625,,,False,False,False,False,False,False
mstr,1998-12-14,11.625,,,False,False,False,False,False,False
mstr,1998-12-21,15.4375,,,False,False,False,False,False,False
mstr,1998-12-28,15.75,,,False,False,False,False,False,False
mstr,1999-01-04,17.25,,,False,False,False,False,False,False
mstr,1999-01-11,15.3125,,,False,False,False,False,False,False
mstr,1999-01-18,16.4375,,,False,False,False,False,False,False
mstr,1999-01-25,14.5,,,False,False,False,False,False,False
mstr,1999-02-01,14.625,,,False,False,False,False,False,False
mstr,1999-02-08,13.25,,,False,False,False,False,False,False
mstr,1999-02-15,12.5,,,False,False,False,False,False,False
mstr,1999-02-22,12.4375,,,False,False,False,False,False,False
mstr,1999-03-01,12.53125,,,False,False,False,False,False,False
mstr,1999-03-08,11.25,,,False,False,False,False,False,False
mstr,1999-03-15,9.3125,,,False,False,False,False,False,False
mstr,1999-03-22,10.5,,,False,False,False,False,False,False
mstr,1999-03-29,9.0,,,False,False,False,False,False,False
mstr,1999-04-05,8.4375,,,False,False,False,False,False,False
mstr,1999-04-12,8.65625,,,False,False,False,False,False,False
mstr,1999-04-19,9.0,,,False,False,False,False,False,False
mstr,1999-04-26,8.625,,,False,False,False,False,False,False
mstr,1999-05-03,8.71875,,,False,False,False,False,False,False
mstr,1999-05-10,9.625,,,False,False,False,False,False,False
mstr,1999-05-17,11.9375,13.49,,True,False,True,False,False,False
mstr,1999-05-24,12.5,13.53,,True,False,False,False,False,False
mstr,1999-05-31,11.875,13.49,,True,False,False,False,False,False
mstr,1999-06-07,11.5625,13.45,,True,False,False,False,False,False
mstr,1999-06-14,12.9375,13.44,,True,False,False,False,False,False
mstr,1999-06-21,16.75,13.46,,False,False,False,False,True,False
mstr,1999-06-28,18.5625,13.5,,False,False,False,False,False,False
mstr,1999-07-05,20.0625,13.52,,False,False,False,False,False,False
mstr,1999-07-12,20.0625,13.56,,False,False,False,False,False,False
mstr,1999-07-19,20.3125,13.6,,False,False,False,False,False,False
mstr,1999-07-26,17.1875,13.55,,False,False,False,False,False,False
mstr,1999-08-02,15.3125,13.46,,False,False,False,False,False,False
mstr,1999-08-09,15.0625,13.41,,False,False,False,False,False,False
mstr,1999-08-16,15.625,13.48,,False,False,False,False,False,False
mstr,1999-08-23,18.0,13.56,,False,False,False,False,False,False
mstr,1999-08-30,20.6875,13.59,,False,False,False,False,False,False
mstr,1999-09-06,19.625,13.58,,False,False,False,False,False,False
mstr,1999-09-13,20.6875,13.67,,False,False,False,False,False,False
mstr,1999-09-20,22.09375,13.86,,False,False,False,False,False,False
mstr,1999-09-27,28.8125,14.19,,False,False,False,False,False,False
mstr,1999-10-04,34.4375,14.63,,False,False,False,False,False,False
mstr,1999-10-11,38.5,15.16,,False,False,False,False,False,False
mstr,1999-10-18,45.3125,15.81,,False,False,False,False,False,False
mstr,1999-10-25,48.3125,16.53,,False,False,False,False,False,False
mstr,1999-11-01,47.9375,17.27,,False,False,False,False,False,False
mstr,1999-11-08,41.3125,17.86,,False,False,False,False,False,False
mstr,1999-11-15,49.25,18.62,,False,False,False,False,False,False
mstr,1999-11-22,60.21875,19.59,,False,False,False,False,False,False
mstr,1999-11-29,73.0,20.82,,False,False,False,False,False,False
mstr,1999-12-06,115.65625,22.83,,False,False,False,False,False,False
mstr,1999-12-13,86.96875,24.25,,False,False,False,False,False,False
mstr,1999-12-20,87.5,25.66,,False,False,False,False,False,False
mstr,1999-12-27,105.0,27.45,,False,False,False,False,False,False
mstr,2000-01-03,105.1875,29.22,,False,False,False,False,False,False
mstr,2000-01-10,113.96875,31.21,,False,False,False,False,False,False
mstr,2000-01-17,144.5625,33.81,,False,False,False,False,False,False
mstr,2000-01-24,155.0,36.65,,False,False,False,False,False,False
mstr,2000-01-31,141.96875,39.24,,False,False,False,False,False,False
mstr,2000-02-07,167.875,42.35,,False,False,False,False,False,False
mstr,2000-02-14,160.5,45.3,,False,False,False,False,False,False
mstr,2000-02-21,150.0,48.08,,False,False,False,False,False,False
mstr,2000-02-28,188.0,51.65,,False,False,False,False,False,False
mstr,2000-03-06,313.0,57.7,,False,False,False,False,False,False
mstr,2000-03-13,226.75,62.06,,False,False,False,False,False,False
mstr,2000-03-20,129.0,64.47,,False,False,False,False,False,False
mstr,2000-03-27,87.0625,66.04,,False,False,False,False,False,False
mstr,2000-04-03,64.375,67.15,,True,False,True,False,False,False
mstr,2000-04-10,33.5625,67.64,,True,False,False,False,False,False
mstr,2000-04-17,33.6875,68.14,,True,False,False,False,False,False
mstr,2000-04-24,25.875,68.47,,True,False,False,False,False,False
mstr,2000-05-01,25.0,68.73,,True,False,False,False,False,False
mstr,2000-05-08,23.875,68.96,,True,False,False,False,False,False
mstr,2000-05-15,21.875,69.16,,True,False,False,False,False,False
mstr,2000-05-22,17.9375,69.28,,True,False,False,False,False,False
mstr,2000-05-29,22.625,69.48,,True,False,False,False,False,False
mstr,2000-06-05,62.25,70.39,,True,False,False,False,False,False
mstr,2000-06-12,38.5625,70.79,,True,False,False,False,False,False
mstr,2000-06-19,33.625,71.06,,True,False,False,False,False,False
mstr,2000-06-26,30.0,71.26,,True,False,False,False,False,False
mstr,2000-07-03,32.5,71.5,,True,False,False,False,False,False
mstr,2000-07-10,32.875,71.82,,True,False,False,False,False,False
mstr,2000-07-17,30.0,72.11,,True,False,False,False,False,False
mstr,2000-07-24,22.375,72.26,,True,False,False,False,False,False
mstr,2000-07-31,22.1875,72.39,,True,False,False,False,False,False
mstr,2000-08-07,20.25,72.43,,True,False,False,False,False,False
mstr,2000-08-14,21.0,72.44,,True,False,False,False,False,False
mstr,2000-08-21,26.875,72.58,,True,False,False,False,False,False
mstr,2000-08-28,31.375,72.8,,True,False,False,False,False,False
mstr,2000-09-04,33.75,73.03,,True,False,False,False,False,False
mstr,2000-09-11,29.3125,73.04,,True,False,False,False,False,False
mstr,2000-09-18,26.375,72.88,,True,False,False,False,False,False
mstr,2000-09-25,27.3125,72.66,,True,False,False,False,False,False
mstr,2000-10-02,25.4375,72.26,,True,False,False,False,False,False
mstr,2000-10-09,21.9375,71.73,,True,False,False,False,False,False
mstr,2000-10-16,24.1875,71.26,,True,False,False,False,False,False
mstr,2000-10-23,24.375,70.92,,True,False,False,False,False,False
mstr,2000-10-30,24.25,70.42,,True,False,False,False,False,False
mstr,2000-11-06,21.375,69.64,,True,False,False,False,False,False
mstr,2000-11-13,19.75,68.58,,True,False,False,False,False,False
mstr,2000-11-20,16.875,66.6,,True,False,False,False,False,False
mstr,2000-11-27,12.0625,65.1,,True,False,False,False,False,False
mstr,2000-12-04,13.25,63.62,,True,False,False,False,False,False
mstr,2000-12-11,14.0,61.8,,True,False,False,False,False,False
mstr,2000-12-18,10.5,59.9,,True,False,False,False,False,False
mstr,2000-12-25,9.5,57.81,,True,False,False,False,False,False
mstr,2001-01-01,9.5625,55.11,,True,False,False,False,False,False
mstr,2001-01-08,15.0,52.31,,True,False,False,False,False,False
mstr,2001-01-15,14.5625,49.77,,True,False,False,False,False,False
mstr,2001-01-22,15.5,46.72,,True,False,False,False,False,False
mstr,2001-01-29,15.875,43.83,,True,False,False,False,False,False
mstr,2001-02-05,10.25,41.03,,True,False,False,False,False,False
mstr,2001-02-12,10.25,37.48,,True,False,False,False,False,False
mstr,2001-02-19,9.5,31.41,,True,False,False,False,False,False
mstr,2001-02-26,8.6875,27.04,,True,False,False,False,False,False
mstr,2001-03-05,6.9375,24.6,,True,False,False,False,False,False
mstr,2001-03-12,4.6875,22.95,,True,False,False,False,False,False
mstr,2001-03-19,3.78125,21.74,,True,False,False,False,False,False
mstr,2001-03-26,2.875,21.13,,True,False,False,False,False,False
mstr,2001-04-02,2.625,20.51,,True,False,False,False,False,False
mstr,2001-04-09,2.4800000190734863,20.04,,True,False,False,False,False,False
mstr,2001-04-16,5.639999866485596,19.65,,True,False,False,False,False,False
mstr,2001-04-23,4.170000076293945,19.26,,True,False,False,False,False,False
mstr,2001-04-30,5.25,18.93,,True,False,False,False,False,False
mstr,2001-05-07,4.760000228881836,18.66,,True,False,False,False,False,False
mstr,2001-05-14,4.190000057220459,18.29,,True,False,False,False,False,False
mstr,2001-05-21,4.010000228881836,17.13,,True,False,False,False,False,False
mstr,2001-05-28,3.7100000381469727,16.43,,True,False,False,False,False,False
mstr,2001-06-04,3.799999952316284,15.84,,True,False,False,False,False,False
mstr,2001-06-11,3.75,15.31,,True,False,False,False,False,False
mstr,2001-06-18,3.299999952316284,14.73,,True,False,False,False,False,False
mstr,2001-06-25,2.799999952316284,14.13,,True,False,False,False,False,False
mstr,2001-07-02,3.049999952316284,13.59,,True,False,False,False,False,False
mstr,2001-07-09,3.299999952316284,13.2,,True,False,False,False,False,False
mstr,2001-07-16,3.059999942779541,12.82,,True,False,False,False,False,False
mstr,2001-07-23,2.7799999713897705,12.47,,True,False,False,False,False,False
mstr,2001-07-30,3.380000114440918,12.12,,True,False,False,False,False,False
mstr,2001-08-06,3.25,11.65,,True,False,False,False,False,False
mstr,2001-08-13,3.200000047683716,11.08,,True,False,False,False,False,False
mstr,2001-08-20,2.650000095367432,10.46,,True,False,False,False,False,False
mstr,2001-08-27,2.470000028610229,9.93,,True,False,False,False,False,False
mstr,2001-09-03,2.049999952316284,9.44,,True,False,False,False,False,False
mstr,2001-09-10,1.8899999856948853,8.93,,True,False,False,False,False,False
mstr,2001-09-17,1.5399999618530271,8.45,,True,False,False,False,False,False
mstr,2001-09-24,1.1299999952316284,8.04,,True,False,False,False,False,False
mstr,2001-10-01,1.190000057220459,7.58,,True,False,False,False,False,False
mstr,2001-10-08,1.899999976158142,7.13,,True,False,False,False,False,False
mstr,2001-10-15,2.3499999046325684,6.69,,True,False,False,False,False,False
mstr,2001-10-22,2.390000104904175,6.31,,True,False,False,False,False,False
mstr,2001-10-29,2.319999933242798,5.96,,True,False,False,False,False,False
mstr,2001-11-05,2.539999961853028,5.67,,True,False,False,False,False,False
mstr,2001-11-12,2.7100000381469727,5.49,,True,False,False,False,False,False
mstr,2001-11-19,3.130000114440918,5.28,,True,False,False,False,False,False
mstr,2001-11-26,3.440000057220459,5.07,,True,False,False,False,False,False
mstr,2001-12-03,4.449999809265137,4.95,,True,False,False,False,False,False
mstr,2001-12-10,3.880000114440918,4.84,,True,False,False,False,False,False
mstr,2001-12-17,4.25,4.73,,True,False,False,False,False,False
mstr,2001-12-24,4.059999942779541,4.52,,True,False,False,False,False,False
mstr,2001-12-31,4.070000171661377,4.31,,True,False,False,False,False,False
mstr,2002-01-07,4.090000152587891,4.08,,False,False,False,False,False,False
mstr,2002-01-14,3.359999895095825,3.83,,True,False,True,False,False,False
mstr,2002-01-21,3.0999999046325684,3.68,,True,False,False,False,False,False
mstr,2002-01-28,3.670000076293945,3.55,,False,False,False,False,False,False
mstr,2002-02-04,3.0299999713897705,3.42,,True,False,True,False,False,False
mstr,2002-02-11,3.0,3.31,,True,False,False,False,False,False
mstr,2002-02-18,2.799999952316284,3.23,,True,False,False,False,False,False
mstr,2002-02-25,2.720000028610229,3.19,,True,False,False,False,False,False
mstr,2002-03-04,3.0999999046325684,3.17,,True,False,False,False,False,False
mstr,2002-03-11,2.9600000381469727,3.17,,True,False,False,False,False,False
mstr,2002-03-18,2.900000095367432,3.18,,True,False,False,False,False,False
mstr,2002-03-25,3.049999952316284,3.19,,True,False,False,False,False,False
mstr,2002-04-01,2.690000057220459,3.13,26.25,True,True,False,True,False,False
mstr,2002-04-08,2.549999952316284,3.1,26.21,True,True,False,False,False,False
mstr,2002-04-15,2.7100000381469727,3.05,26.16,True,True,False,False,False,False
mstr,2002-04-22,1.940000057220459,2.99,26.1,True,True,False,False,False,False
mstr,2002-04-29,1.919999957084656,2.95,26.04,True,True,False,False,False,False
mstr,2002-05-06,1.6299999952316284,2.9,25.97,True,True,False,False,False,False
mstr,2002-05-13,1.4900000095367432,2.86,25.89,True,True,False,False,False,False
mstr,2002-05-20,1.4199999570846558,2.81,25.81,True,True,False,False,False,False
mstr,2002-05-27,1.2300000190734863,2.76,25.72,True,True,False,False,False,False
mstr,2002-06-03,1.340000033378601,2.72,25.64,True,True,False,False,False,False
mstr,2002-06-10,1.1100000143051147,2.68,25.54,True,True,False,False,False,False
mstr,2002-06-17,0.7200000286102295,2.64,25.45,True,True,False,False,False,False
mstr,2002-06-24,0.5,2.58,25.36,True,True,False,False,False,False
mstr,2002-07-01,0.5699999928474426,2.53,25.31,True,True,False,False,False,False
mstr,2002-07-08,0.4799999892711639,2.49,25.24,True,True,False,False,False,False
mstr,2002-07-15,0.5,2.43,25.14,True,True,False,False,False,False
mstr,2002-07-22,0.449999988079071,2.37,25.05,True,True,False,False,False,False
mstr,2002-07-29,0.5479999780654907,2.32,24.97,True,True,False,False,False,False
mstr,2002-08-05,0.7049999833106995,2.28,24.91,True,True,False,False,False,False
mstr,2002-08-12,0.9290000200271606,2.25,24.85,True,True,False,False,False,False
mstr,2002-08-19,1.187999963760376,2.23,24.8,True,True,False,False,False,False
mstr,2002-08-26,1.128999948501587,2.22,24.74,True,True,False,False,False,False
mstr,2002-09-02,1.1929999589920044,2.21,24.68,True,True,False,False,False,False
mstr,2002-09-09,1.059999942779541,2.21,24.63,True,True,False,False,False,False
mstr,2002-09-16,1.006999969482422,2.21,24.58,True,True,False,False,False,False
mstr,2002-09-23,0.8479999899864197,2.18,24.52,True,True,False,False,False,False
mstr,2002-09-30,0.7620000243186951,2.15,24.47,True,True,False,False,False,False
mstr,2002-10-07,0.9399999976158142,2.12,24.42,True,True,False,False,False,False
mstr,2002-10-14,1.3029999732971191,2.1,24.37,True,True,False,False,False,False
mstr,2002-10-21,1.281999945640564,2.08,24.29,True,True,False,False,False,False
mstr,2002-10-28,1.284999966621399,2.05,24.22,True,True,False,False,False,False
mstr,2002-11-04,1.3070000410079956,2.01,24.14,True,True,False,False,False,False
mstr,2002-11-11,1.49399995803833,1.97,24.07,True,True,False,False,False,False
mstr,2002-11-18,1.815999984741211,1.92,24.0,True,True,False,False,False,False
mstr,2002-11-25,1.8240000009536743,1.88,23.94,True,True,False,False,False,False
mstr,2002-12-02,1.7269999980926514,1.83,23.87,True,True,False,False,False,False
mstr,2002-12-09,1.5750000476837158,1.78,23.81,True,True,False,False,False,False
mstr,2002-12-16,1.4700000286102295,1.73,23.76,True,True,False,False,False,False
mstr,2002-12-23,1.38100004196167,1.67,23.7,True,True,False,False,False,False
mstr,2002-12-30,1.5449999570846558,1.64,23.65,True,True,False,False,False,False
mstr,2003-01-06,1.7009999752044678,1.61,23.6,False,True,False,False,True,False
mstr,2003-01-13,1.7699999809265137,1.57,23.56,False,True,False,False,False,False
mstr,2003-01-20,1.5449999570846558,1.54,23.52,False,True,False,False,False,False
mstr,2003-01-27,2.078000068664551,1.52,23.48,False,True,False,False,False,False
mstr,2003-02-03,2.069000005722046,1.51,23.45,False,True,False,False,False,False
mstr,2003-02-10,2.0820000171661377,1.5,23.42,False,True,False,False,False,False
mstr,2003-02-17,2.128000020980835,1.48,23.38,False,True,False,False,False,False
mstr,2003-02-24,1.9299999475479128,1.46,23.35,False,True,False,False,False,False
mstr,2003-03-03,2.259999990463257,1.44,23.32,False,True,False,False,False,False
mstr,2003-03-10,2.421999931335449,1.43,23.28,False,True,False,False,False,False
mstr,2003-03-17,2.5450000762939453,1.43,23.24,False,True,False,False,False,False
mstr,2003-03-24,2.305999994277954,1.42,23.19,False,True,False,False,False,False
mstr,2003-03-31,2.638999938964844,1.42,23.14,False,True,False,False,False,False
mstr,2003-04-07,2.61299991607666,1.44,23.09,False,True,False,False,False,False
mstr,2003-04-14,2.937999963760376,1.46,23.04,False,True,False,False,False,False
mstr,2003-04-21,3.0350000858306885,1.48,22.98,False,True,False,False,False,False
mstr,2003-04-28,2.875,1.51,22.9,False,True,False,False,False,False
mstr,2003-05-05,2.7279999256134038,1.54,22.81,False,True,False,False,False,False
mstr,2003-05-12,2.9820001125335693,1.57,22.73,False,True,False,False,False,False
mstr,2003-05-19,3.246000051498413,1.61,22.64,False,True,False,False,False,False
mstr,2003-05-26,3.414999961853028,1.66,22.57,False,True,False,False,False,False
mstr,2003-06-02,3.984999895095825,1.72,22.51,False,True,False,False,False,False
mstr,2003-06-09,3.9149999618530273,1.79,22.46,False,True,False,False,False,False
mstr,2003-06-16,3.799999952316284,1.86,22.4,False,True,False,False,False,False
mstr,2003-06-23,3.739000082015991,1.92,22.33,False,True,False,False,False,False
mstr,2003-06-30,3.7060000896453857,1.98,22.24,False,True,False,False,False,False
mstr,2003-07-07,4.368000030517578,2.06,22.17,False,True,False,False,False,False
mstr,2003-07-14,4.099999904632568,2.13,22.08,False,True,False,False,False,False
mstr,2003-07-21,4.110000133514404,2.2,21.99,False,True,False,False,False,False
mstr,2003-07-28,4.263000011444092,2.27,21.87,False,True,False,False,False,False
mstr,2003-08-04,3.490000009536743,2.31,21.72,False,True,False,False,False,False
mstr,2003-08-11,3.690000057220459,2.37,21.54,False,True,False,False,False,False
mstr,2003-08-18,3.88100004196167,2.42,21.34,False,True,False,False,False,False
mstr,2003-08-25,4.033999919891357,2.48,21.11,False,True,False,False,False,False
mstr,2003-09-01,4.638000011444092,2.55,20.9,False,True,False,False,False,False
mstr,2003-09-08,4.695000171661377,2.63,20.71,False,True,False,False,False,False
mstr,2003-09-15,4.918000221252441,2.71,20.49,False,True,False,False,False,False
mstr,2003-09-22,4.50600004196167,2.78,20.21,False,True,False,False,False,False
mstr,2003-09-29,5.002999782562256,2.86,19.87,False,True,False,False,False,False
mstr,2003-10-06,4.979000091552734,2.93,19.32,False,True,False,False,False,False
mstr,2003-10-13,5.041999816894531,3.01,18.91,False,True,False,False,False,False
mstr,2003-10-20,4.729000091552734,3.07,18.5,False,True,False,False,False,False
mstr,2003-10-27,5.5,3.15,18.0,False,True,False,False,False,False
mstr,2003-11-03,5.508999824523926,3.23,17.5,False,True,False,False,False,False
mstr,2003-11-10,5.28000020980835,3.3,16.96,False,True,False,False,False,False
mstr,2003-11-17,5.236000061035156,3.37,16.26,False,True,False,False,False,False
mstr,2003-11-24,5.400000095367432,3.44,15.51,False,True,False,False,False,False
mstr,2003-12-01,5.099999904632568,3.52,14.83,False,True,False,False,False,False
mstr,2003-12-08,5.117000102996826,3.59,14.02,False,True,False,False,False,False
mstr,2003-12-15,5.0980000495910645,3.66,13.24,False,True,False,False,False,False
mstr,2003-12-22,5.202000141143799,3.73,12.51,False,True,False,False,False,False
mstr,2003-12-29,5.175000190734863,3.8,11.6,False,True,False,False,False,False
mstr,2004-01-05,5.441999912261963,3.88,10.06,False,True,False,False,False,False
mstr,2004-01-12,5.704999923706055,3.95,8.96,False,True,False,False,False,False
mstr,2004-01-19,5.690000057220459,4.02,8.34,False,True,False,False,False,False
mstr,2004-01-26,6.239999771118164,4.11,7.94,False,True,False,False,False,False
mstr,2004-02-02,6.208000183105469,4.19,7.65,False,True,False,False,False,False
mstr,2004-02-09,6.304999828338623,4.28,7.51,False,True,False,False,False,False
mstr,2004-02-16,6.021999835968018,4.35,7.37,False,True,False,False,False,False
mstr,2004-02-23,6.241000175476074,4.43,7.27,False,True,False,False,False,False
mstr,2004-03-01,6.416999816894531,4.51,7.18,False,True,False,False,False,False
mstr,2004-03-08,6.119999885559082,4.58,7.09,False,True,False,False,False,False
mstr,2004-03-15,5.076000213623047,4.63,7.01,False,True,False,False,False,False
mstr,2004-03-22,5.201000213623047,4.68,6.94,False,True,False,False,False,False
mstr,2004-03-29,5.443999767303467,4.73,6.86,False,True,False,False,False,False
mstr,2004-04-05,5.315000057220459,4.78,6.57,False,True,False,False,False,False
mstr,2004-04-12,5.089000225067139,4.82,6.41,False,True,False,False,False,False
mstr,2004-04-19,5.0980000495910645,4.87,6.26,False,True,False,False,False,False
mstr,2004-04-26,4.804999828338623,4.91,6.14,True,True,True,False,False,False
mstr,2004-05-03,4.494999885559082,4.93,6.0,True,True,False,False,False,False
mstr,2004-05-10,4.573999881744385,4.95,5.86,True,True,False,False,False,False
mstr,2004-05-17,4.708000183105469,4.97,5.73,True,True,False,False,False,False
mstr,2004-05-24,4.804999828338623,4.99,5.64,True,True,False,False,False,False
mstr,2004-05-31,4.683000087738037,5.0,5.55,True,True,False,False,False,False
mstr,2004-06-07,4.557000160217285,5.02,5.47,True,True,False,False,False,False
mstr,2004-06-14,4.236000061035156,5.03,5.39,True,True,False,False,False,False
mstr,2004-06-21,4.545000076293945,5.03,5.28,True,True,False,False,False,False
mstr,2004-06-28,4.071000099182129,5.03,5.14,True,True,False,False,False,False
mstr,2004-07-05,3.849999904632568,5.03,4.99,True,True,False,False,False,False
mstr,2004-07-12,3.71399998664856,5.02,4.87,True,True,False,False,False,False
mstr,2004-07-19,3.5209999084472656,5.02,4.75,True,True,False,False,False,False
mstr,2004-07-26,4.01800012588501,5.02,4.63,True,True,False,False,False,False
mstr,2004-08-02,3.319999933242798,5.01,4.52,True,True,False,False,False,False
mstr,2004-08-09,3.1050000190734863,4.99,4.43,True,True,False,False,False,False
mstr,2004-08-16,3.4670000076293945,4.97,4.33,True,True,False,False,False,False
mstr,2004-08-23,3.5380001068115234,4.95,4.22,True,True,False,False,False,False
mstr,2004-08-30,3.3299999237060547,4.92,4.12,True,True,False,False,False,False
mstr,2004-09-06,3.7100000381469727,4.9,4.03,True,True,False,False,False,False
mstr,2004-09-13,4.0970001220703125,4.88,3.95,True,False,False,False,False,True
mstr,2004-09-20,4.085999965667725,4.86,3.89,True,False,False,False,False,False
mstr,2004-09-27,4.188000202178955,4.85,3.85,True,False,False,False,False,False
mstr,2004-10-04,4.251999855041504,4.84,3.8,True,False,False,False,False,False
mstr,2004-10-11,4.316999912261963,4.81,3.75,True,False,False,False,False,False
mstr,2004-10-18,4.547999858856201,4.8,3.72,True,False,False,False,False,False
mstr,2004-10-25,5.998000144958496,4.81,3.71,False,False,False,False,True,False
mstr,2004-11-01,6.310999870300293,4.83,3.69,False,False,False,False,False,False
mstr,2004-11-08,6.678999900817871,4.86,3.65,False,False,False,False,False,False
mstr,2004-11-15,6.369999885559082,4.88,3.61,False,False,False,False,False,False
mstr,2004-11-22,6.5,4.91,3.56,False,False,False,False,False,False
mstr,2004-11-29,6.495999813079834,4.94,3.52,False,False,False,False,False,False
mstr,2004-12-06,6.385000228881836,4.96,3.5,False,False,False,False,False,False
mstr,2004-12-13,5.96999979019165,4.98,3.48,False,False,False,False,False,False
mstr,2004-12-20,6.074999809265137,4.99,3.46,False,False,False,False,False,False
mstr,2004-12-27,6.025000095367432,5.0,3.45,False,False,False,False,False,False
mstr,2005-01-03,5.63100004196167,5.0,3.44,False,False,False,False,False,False
mstr,2005-01-10,5.815999984741211,4.99,3.44,False,False,False,False,False,False
mstr,2005-01-17,5.881999969482422,4.98,3.45,False,False,False,False,False,False
mstr,2005-01-24,6.940000057220459,4.99,3.48,False,False,False,False,False,False
mstr,2005-01-31,7.614999771118164,5.02,3.5,False,False,False,False,False,False
mstr,2005-02-07,6.931000232696533,5.04,3.52,False,False,False,False,False,False
mstr,2005-02-14,7.099999904632568,5.05,3.53,False,False,False,False,False,False
mstr,2005-02-21,7.165999889373779,5.07,3.54,False,False,False,False,False,False
mstr,2005-02-28,7.027999877929688,5.11,3.55,False,False,False,False,False,False
mstr,2005-03-07,6.488999843597412,5.14,3.56,False,False,False,False,False,False
mstr,2005-03-14,6.006999969482422,5.15,3.57,False,False,False,False,False,False
mstr,2005-03-21,5.934999942779541,5.16,3.58,False,False,False,False,False,False
mstr,2005-03-28,5.526999950408936,5.17,3.59,False,False,False,False,False,False
mstr,2005-04-04,5.539000034332275,5.18,3.6,False,False,False,False,False,False
mstr,2005-04-11,5.415999889373779,5.19,3.61,False,False,False,False,False,False
mstr,2005-04-18,5.449999809265137,5.21,3.62,False,False,False,False,False,False
mstr,2005-04-25,4.3480000495910645,5.21,3.63,True,False,True,False,False,False
mstr,2005-05-02,4.776999950408936,5.21,3.63,True,False,False,False,False,False
mstr,2005-05-09,5.086999893188477,5.21,3.64,True,False,False,False,False,False
mstr,2005-05-16,5.307000160217285,5.23,3.65,False,False,False,False,True,False
mstr,2005-05-23,5.527999877929688,5.24,3.67,False,False,False,False,False,False
mstr,2005-05-30,5.183000087738037,5.26,3.68,True,False,True,False,False,False
mstr,2005-06-06,5.169000148773193,5.28,3.69,True,False,False,False,False,False
mstr,2005-06-13,5.039999961853027,5.3,3.7,True,False,False,False,False,False
mstr,2005-06-20,5.289000034332275,5.32,3.71,True,False,False,False,False,False
mstr,2005-06-27,5.400000095367432,5.36,3.72,False,False,False,False,True,False
mstr,2005-07-04,5.815000057220459,5.4,3.74,False,False,False,False,False,False
mstr,2005-07-11,6.7820000648498535,5.46,3.77,False,False,False,False,False,False
mstr,2005-07-18,6.78000020980835,5.53,3.79,False,False,False,False,False,False
mstr,2005-07-25,7.715000152587891,5.62,3.83,False,False,False,False,False,False
mstr,2005-08-01,7.339000225067139,5.7,3.86,False,False,False,False,False,False
mstr,2005-08-08,7.631999969482422,5.78,3.89,False,False,False,False,False,False
mstr,2005-08-15,7.541999816894531,5.86,3.91,False,False,False,False,False,False
mstr,2005-08-22,7.409999847412109,5.94,3.94,False,False,False,False,False,False
mstr,2005-08-29,7.60699987411499,6.01,3.96,False,False,False,False,False,False
mstr,2005-09-05,7.539999961853027,6.08,3.99,False,False,False,False,False,False
mstr,2005-09-12,7.321000099182129,6.14,4.01,False,False,False,False,False,False
mstr,2005-09-19,6.90500020980835,6.19,4.03,False,False,False,False,False,False
mstr,2005-09-26,7.02899980545044,6.25,4.05,False,False,False,False,False,False
mstr,2005-10-03,6.74399995803833,6.29,4.06,False,False,False,False,False,False
mstr,2005-10-10,6.885000228881836,6.31,4.07,False,False,False,False,False,False
mstr,2005-10-17,7.23799991607666,6.33,4.09,False,False,False,False,False,False
mstr,2005-10-24,6.75600004196167,6.33,4.1,False,False,False,False,False,False
mstr,2005-10-31,7.340000152587891,6.35,4.12,False,False,False,False,False,False
mstr,2005-11-07,7.739999771118164,6.37,4.14,False,False,False,False,False,False
mstr,2005-11-14,7.820000171661377,6.4,4.16,False,False,False,False,False,False
mstr,2005-11-21,7.736999988555908,6.43,4.18,False,False,False,False,False,False
mstr,2005-11-28,7.46999979019165,6.46,4.2,False,False,False,False,False,False
mstr,2005-12-05,7.755000114440918,6.49,4.23,False,False,False,False,False,False
mstr,2005-12-12,8.048999786376953,6.53,4.25,False,False,False,False,False,False
mstr,2005-12-19,8.369999885559082,6.59,4.28,False,False,False,False,False,False
mstr,2005-12-26,8.267000198364258,6.63,4.31,False,False,False,False,False,False
mstr,2006-01-02,9.45199966430664,6.71,4.34,False,False,False,False,False,False
mstr,2006-01-09,9.562999725341797,6.76,4.37,False,False,False,False,False,False
mstr,2006-01-16,9.324000358581545,6.79,4.4,False,False,False,False,False,False
mstr,2006-01-23,9.793999671936035,6.85,4.44,False,False,False,False,False,False
mstr,2006-01-30,9.317999839782717,6.89,4.47,False,False,False,False,False,False
mstr,2006-02-06,9.236000061035156,6.94,4.5,False,False,False,False,False,False
mstr,2006-02-13,9.255999565124512,6.98,4.54,False,False,False,False,False,False
mstr,2006-02-20,9.486000061035156,7.04,4.57,False,False,False,False,False,False
mstr,2006-02-27,9.998000144958496,7.12,4.61,False,False,False,False,False,False
mstr,2006-03-06,9.949999809265137,7.2,4.66,False,False,False,False,False,False
mstr,2006-03-13,10.654999732971191,7.3,4.7,False,False,False,False,False,False
mstr,2006-03-20,10.463000297546388,7.4,4.75,False,False,False,False,False,False
mstr,2006-03-27,10.529000282287598,7.5,4.79,False,False,False,False,False,False
mstr,2006-04-03,10.425000190734863,7.6,4.84,False,False,False,False,False,False
mstr,2006-04-10,10.272000312805176,7.72,4.88,False,False,False,False,False,False
mstr,2006-04-17,10.645999908447266,7.84,4.93,False,False,False,False,False,False
mstr,2006-04-24,9.37399959564209,7.92,4.98,False,False,False,False,False,False
mstr,2006-05-01,10.581000328063965,8.03,5.03,False,False,False,False,False,False
mstr,2006-05-08,10.324000358581545,8.13,5.08,False,False,False,False,False,False
mstr,2006-05-15,9.70300006866455,8.22,5.12,False,False,False,False,False,False
mstr,2006-05-22,9.585000038146973,8.31,5.17,False,False,False,False,False,False
mstr,2006-05-29,9.583999633789062,8.4,5.21,False,False,False,False,False,False
mstr,2006-06-05,8.961000442504883,8.47,5.26,False,False,False,False,False,False
mstr,2006-06-12,9.362000465393066,8.55,5.3,False,False,False,False,False,False
mstr,2006-06-19,9.28499984741211,8.62,5.34,False,False,False,False,False,False
mstr,2006-06-26,9.751999855041504,8.68,5.38,False,False,False,False,False,False
mstr,2006-07-03,8.72700023651123,8.72,5.42,False,False,False,False,False,False
mstr,2006-07-10,8.109000205993652,8.72,5.45,True,False,True,False,False,False
mstr,2006-07-17,7.914000034332275,8.74,5.49,True,False,False,False,False,False
mstr,2006-07-24,8.482999801635742,8.75,5.53,True,False,False,False,False,False
mstr,2006-07-31,8.673999786376953,8.78,5.57,True,False,False,False,False,False
mstr,2006-08-07,9.069000244140623,8.81,5.61,False,False,False,False,True,False
mstr,2006-08-14,9.317999839782717,8.84,5.65,False,False,False,False,False,False
mstr,2006-08-21,9.005000114440918,8.87,5.69,False,False,False,False,False,False
mstr,2006-08-28,9.16100025177002,8.91,5.73,False,False,False,False,False,False
mstr,2006-09-04,9.071000099182127,8.95,5.76,False,False,False,False,False,False
mstr,2006-09-11,9.58899974822998,9.0,5.81,False,False,False,False,False,False
mstr,2006-09-18,9.611000061035156,9.06,5.84,False,False,False,False,False,False
mstr,2006-09-25,10.18299961090088,9.13,5.89,False,False,False,False,False,False
mstr,2006-10-02,10.479000091552734,9.19,5.93,False,False,False,False,False,False
mstr,2006-10-09,11.00100040435791,9.28,5.98,False,False,False,False,False,False
mstr,2006-10-16,11.07699966430664,9.35,6.02,False,False,False,False,False,False
mstr,2006-10-23,12.019000053405762,9.44,6.08,False,False,False,False,False,False
mstr,2006-10-30,11.890999794006348,9.52,6.13,False,False,False,False,False,False
mstr,2006-11-06,12.501999855041504,9.61,6.18,False,False,False,False,False,False
mstr,2006-11-13,12.48900032043457,9.71,6.24,False,False,False,False,False,False
mstr,2006-11-20,12.595999717712402,9.81,6.29,False,False,False,False,False,False
mstr,2006-11-27,11.906000137329102,9.89,6.34,False,False,False,False,False,False
mstr,2006-12-04,11.619999885559082,9.95,6.39,False,False,False,False,False,False
mstr,2006-12-11,11.309000015258787,10.01,6.44,False,False,False,False,False,False
mstr,2006-12-18,11.479999542236328,10.05,6.48,False,False,False,False,False,False
mstr,2006-12-25,11.401000022888184,10.09,6.53,False,False,False,False,False,False
mstr,2007-01-01,11.555999755859377,10.14,6.58,False,False,False,False,False,False
mstr,2007-01-08,12.215999603271484,10.18,6.63,False,False,False,False,False,False
mstr,2007-01-15,12.185999870300291,10.24,6.67,False,False,False,False,False,False
mstr,2007-01-22,12.593999862670898,10.31,6.72,False,False,False,False,False,False
mstr,2007-01-29,12.312000274658203,10.37,6.77,False,False,False,False,False,False
mstr,2007-02-05,12.482000350952148,10.43,6.82,False,False,False,False,False,False
mstr,2007-02-12,12.640000343322754,10.48,6.87,False,False,False,False,False,False
mstr,2007-02-19,12.795000076293944,10.54,6.92,False,False,False,False,False,False
mstr,2007-02-26,12.343000411987305,10.57,6.97,False,False,False,False,False,False
mstr,2007-03-05,12.38700008392334,10.61,7.02,False,False,False,False,False,False
mstr,2007-03-12,12.256999969482422,10.65,7.06,False,False,False,False,False,False
mstr,2007-03-19,12.878000259399414,10.7,7.11,False,False,False,False,False,False
mstr,2007-03-26,12.638999938964844,10.74,7.16,False,False,False,False,False,False
mstr,2007-04-02,12.40999984741211,10.78,7.2,False,False,False,False,False,False
mstr,2007-04-09,11.565999984741213,10.82,7.24,False,False,False,False,False,False
mstr,2007-04-16,11.711000442504885,10.84,7.28,False,False,False,False,False,False
mstr,2007-04-23,11.59000015258789,10.87,7.32,False,False,False,False,False,False
mstr,2007-04-30,11.666999816894531,10.91,7.36,False,False,False,False,False,False
mstr,2007-05-07,10.373000144958496,10.92,7.39,True,False,True,False,False,False
mstr,2007-05-14,10.383000373840332,10.94,7.42,True,False,False,False,False,False
mstr,2007-05-21,10.300000190734863,10.97,7.45,True,False,False,False,False,False
mstr,2007-05-28,10.395999908447266,10.99,7.48,True,False,False,False,False,False
mstr,2007-06-04,9.850000381469728,11.0,7.51,True,False,False,False,False,False
mstr,2007-06-11,9.60200023651123,11.0,7.54,True,False,False,False,False,False
mstr,2007-06-18,9.54800033569336,11.01,7.57,True,False,False,False,False,False
mstr,2007-06-25,9.449000358581545,11.04,7.59,True,False,False,False,False,False
mstr,2007-07-02,9.656000137329102,11.07,7.62,True,False,False,False,False,False
mstr,2007-07-09,9.600000381469728,11.1,7.64,True,False,False,False,False,False
mstr,2007-07-16,9.144000053405762,11.11,7.67,True,False,False,False,False,False
mstr,2007-07-23,7.407000064849853,11.07,7.68,True,True,False,True,False,False
mstr,2007-07-30,6.932000160217285,11.03,7.69,True,True,False,False,False,False
mstr,2007-08-06,7.013999938964844,10.99,7.7,True,True,False,False,False,False
mstr,2007-08-13,7.005000114440918,10.94,7.71,True,True,False,False,False,False
mstr,2007-08-20,7.605000019073486,10.91,7.72,True,True,False,False,False,False
mstr,2007-08-27,6.923999786376953,10.86,7.73,True,True,False,False,False,False
mstr,2007-09-03,6.964000225067139,10.81,7.74,True,True,False,False,False,False
mstr,2007-09-10,6.890999794006348,10.74,7.75,True,True,False,False,False,False
mstr,2007-09-17,7.230000019073486,10.68,7.76,True,True,False,False,False,False
mstr,2007-09-24,7.934000015258789,10.61,7.77,True,False,False,False,False,True
mstr,2007-10-01,8.088000297546387,10.55,7.78,True,False,False,False,False,False
mstr,2007-10-08,7.945000171661377,10.47,7.8,True,False,False,False,False,False
mstr,2007-10-15,8.472000122070312,10.4,7.82,True,False,False,False,False,False
mstr,2007-10-22,8.60200023651123,10.33,7.83,True,False,False,False,False,False
mstr,2007-10-29,10.04599952697754,10.28,7.86,True,False,False,False,False,False
mstr,2007-11-05,10.09000015258789,10.23,7.88,True,False,False,False,False,False
mstr,2007-11-12,10.729000091552734,10.2,7.9,False,False,False,False,True,False
mstr,2007-11-19,10.680999755859377,10.19,7.93,False,False,False,False,False,False
mstr,2007-11-26,10.085000038146973,10.16,7.95,True,False,False,False,False,False
mstr,2007-12-03,10.274999618530272,10.14,7.97,False,False,False,False,False,False
mstr,2007-12-10,9.52400016784668,10.1,7.99,True,False,True,False,False,False
mstr,2007-12-17,9.491999626159668,10.06,8.0,True,False,False,False,False,False
mstr,2007-12-24,9.496999740600586,10.0,8.02,True,False,False,False,False,False
mstr,2007-12-31,8.401000022888184,9.93,8.03,True,False,False,False,False,False
mstr,2008-01-07,7.282000064849853,9.82,8.03,True,True,False,True,False,False
mstr,2008-01-14,7.10699987411499,9.72,8.04,True,True,False,False,False,False
mstr,2008-01-21,7.136000156402588,9.61,8.05,True,True,False,False,False,False
mstr,2008-01-28,7.242000102996826,9.5,8.06,True,True,False,False,False,False
mstr,2008-02-04,6.715000152587891,9.38,8.07,True,True,False,False,False,False
mstr,2008-02-11,6.6579999923706055,9.27,8.08,True,True,False,False,False,False
mstr,2008-02-18,6.72599983215332,9.15,8.09,True,True,False,False,False,False
mstr,2008-02-25,6.651999950408936,9.04,8.1,True,True,False,False,False,False
mstr,2008-03-03,6.5929999351501465,8.92,8.11,True,True,False,False,False,False
mstr,2008-03-10,6.872000217437744,8.8,8.12,True,True,False,False,False,False
mstr,2008-03-17,7.3979997634887695,8.7,8.13,True,True,False,False,False,False
mstr,2008-03-24,7.355000019073486,8.62,8.14,True,True,False,False,False,False
mstr,2008-03-31,8.034000396728516,8.54,8.16,True,True,False,False,False,False
mstr,2008-04-07,7.480999946594238,8.46,8.18,True,True,False,False,False,False
mstr,2008-04-14,8.423999786376953,8.4,8.2,False,False,False,False,True,True
mstr,2008-04-21,8.78600025177002,8.36,8.22,False,False,False,False,False,False
mstr,2008-04-28,7.341000080108643,8.3,8.23,True,True,True,True,False,False
mstr,2008-05-05,7.717000007629394,8.25,8.25,True,True,False,False,False,False
mstr,2008-05-12,7.830999851226807,8.2,8.27,True,True,False,False,False,False
mstr,2008-05-19,7.925000190734863,8.16,8.3,True,True,False,False,False,False
mstr,2008-05-26,7.960999965667725,8.13,8.32,True,True,False,False,False,False
mstr,2008-06-02,7.663000106811523,8.09,8.34,True,True,False,False,False,False
mstr,2008-06-09,7.502999782562256,8.05,8.36,True,True,False,False,False,False
mstr,2008-06-16,7.300000190734863,8.01,8.38,True,True,False,False,False,False
mstr,2008-06-23,6.829999923706055,7.95,8.39,True,True,False,False,False,False
mstr,2008-06-30,6.3420000076293945,7.89,8.41,True,True,False,False,False,False
mstr,2008-07-07,6.51200008392334,7.88,8.42,True,True,False,False,False,False
mstr,2008-07-14,6.302999973297119,7.86,8.44,True,True,False,False,False,False
mstr,2008-07-21,6.190000057220459,7.85,8.45,True,True,False,False,False,False
mstr,2008-07-28,6.056000232696533,7.83,8.45,True,True,False,False,False,False
mstr,2008-08-04,6.256999969482422,7.8,8.46,True,True,False,False,False,False
mstr,2008-08-11,6.593999862670898,7.79,8.48,True,True,False,False,False,False
mstr,2008-08-18,6.679999828338623,7.79,8.49,True,True,False,False,False,False
mstr,2008-08-25,6.415999889373779,7.78,8.49,True,True,False,False,False,False
mstr,2008-09-01,6.425000190734863,7.76,8.49,True,True,False,False,False,False
mstr,2008-09-08,6.4629998207092285,7.73,8.49,True,True,False,False,False,False
mstr,2008-09-15,5.894999980926514,7.69,8.49,True,True,False,False,False,False
mstr,2008-09-22,6.209000110626221,7.66,8.48,True,True,False,False,False,False
mstr,2008-09-29,5.301000118255615,7.59,8.48,True,True,False,False,False,False
mstr,2008-10-06,4.074999809265137,7.5,8.47,True,True,False,False,False,False
mstr,2008-10-13,4.135000228881836,7.38,8.46,True,True,False,False,False,False
mstr,2008-10-20,4.057000160217285,7.26,8.45,True,True,False,False,False,False
mstr,2008-10-27,3.937000036239624,7.13,8.44,True,True,False,False,False,False
mstr,2008-11-03,3.753999948501587,6.99,8.43,True,True,False,False,False,False
mstr,2008-11-10,3.5510001182556152,6.86,8.42,True,True,False,False,False,False
mstr,2008-11-17,3.3580000400543213,6.72,8.4,True,True,False,False,False,False
mstr,2008-11-24,3.568000078201294,6.6,8.39,True,True,False,False,False,False
mstr,2008-12-01,3.4609999656677246,6.48,8.37,True,True,False,False,False,False
mstr,2008-12-08,3.319000005722046,6.36,8.35,True,True,False,False,False,False
mstr,2008-12-15,3.594000101089477,6.26,8.33,True,True,False,False,False,False
mstr,2008-12-22,3.500999927520752,6.18,8.31,True,True,False,False,False,False
mstr,2008-12-29,3.7279999256134033,6.12,8.3,True,True,False,False,False,False
mstr,2009-01-05,3.796000003814697,6.05,8.28,True,True,False,False,False,False
mstr,2009-01-12,3.775000095367432,5.98,8.27,True,True,False,False,False,False
mstr,2009-01-19,3.7730000019073486,5.92,8.26,True,True,False,False,False,False
mstr,2009-01-26,3.869999885559082,5.87,8.25,True,True,False,False,False,False
mstr,2009-02-02,4.166999816894531,5.81,8.25,True,True,False,False,False,False
mstr,2009-02-09,4.054999828338623,5.76,8.24,True,True,False,False,False,False
mstr,2009-02-16,3.95199990272522,5.71,8.23,True,True,False,False,False,False
mstr,2009-02-23,3.6530001163482666,5.65,8.23,True,True,False,False,False,False
mstr,2009-03-02,3.380000114440918,5.57,8.22,True,True,False,False,False,False
mstr,2009-03-09,3.3469998836517334,5.48,8.21,True,True,False,False,False,False
mstr,2009-03-16,3.4600000381469727,5.39,8.2,True,True,False,False,False,False
mstr,2009-03-23,3.414999961853028,5.31,8.19,True,True,False,False,False,False
mstr,2009-03-30,3.812999963760376,5.22,8.19,True,True,False,False,False,False
mstr,2009-04-06,3.867000102996826,5.12,8.18,True,True,False,False,False,False
mstr,2009-04-13,3.999000072479248,5.05,8.17,True,True,False,False,False,False
mstr,2009-04-20,3.940999984741211,4.98,8.17,True,True,False,False,False,False
mstr,2009-04-27,3.884000062942505,4.9,8.16,True,True,False,False,False,False
mstr,2009-05-04,4.38100004196167,4.83,8.15,True,True,False,False,False,False
mstr,2009-05-11,4.5960001945495605,4.76,8.14,True,True,False,False,False,False
mstr,2009-05-18,4.531000137329102,4.7,8.13,True,True,False,False,False,False
mstr,2009-05-25,4.679999828338623,4.64,8.11,False,True,False,False,True,False
mstr,2009-06-01,4.892000198364258,4.59,8.1,False,True,False,False,False,False
mstr,2009-06-08,4.880000114440918,4.56,8.09,False,True,False,False,False,False
mstr,2009-06-15,5.211999893188477,4.53,8.08,False,True,False,False,False,False
mstr,2009-06-22,5.079999923706055,4.5,8.07,False,True,False,False,False,False
mstr,2009-06-29,4.933000087738037,4.48,8.05,False,True,False,False,False,False
mstr,2009-07-06,5.105999946594238,4.46,8.04,False,True,False,False,False,False
mstr,2009-07-13,5.394999980926514,4.44,8.03,False,True,False,False,False,False
mstr,2009-07-20,5.900000095367432,4.44,8.03,False,True,False,False,False,False
mstr,2009-07-27,6.0920000076293945,4.43,8.02,False,True,False,False,False,False
mstr,2009-08-03,6.3429999351501465,4.42,8.02,False,True,False,False,False,False
mstr,2009-08-10,6.171000003814697,4.41,8.02,False,True,False,False,False,False
mstr,2009-08-17,6.198999881744385,4.41,8.01,False,True,False,False,False,False
mstr,2009-08-24,6.177999973297119,4.4,8.01,False,True,False,False,False,False
mstr,2009-08-31,6.515999794006348,4.42,8.0,False,True,False,False,False,False
mstr,2009-09-07,6.6570000648498535,4.42,8.0,False,True,False,False,False,False
mstr,2009-09-14,6.7230000495910645,4.45,7.99,False,True,False,False,False,False
mstr,2009-09-21,7.131999969482422,4.51,7.99,False,True,False,False,False,False
mstr,2009-09-28,6.956999778747559,4.57,7.99,False,True,False,False,False,False
mstr,2009-10-05,7.201000213623047,4.63,7.98,False,True,False,False,False,False
mstr,2009-10-12,7.372000217437744,4.7,7.98,False,True,False,False,False,False
mstr,2009-10-19,7.570000171661377,4.78,7.98,False,True,False,False,False,False
mstr,2009-10-26,8.72700023651123,4.88,7.98,False,False,False,False,False,True
mstr,2009-11-02,8.62600040435791,4.99,7.97,False,False,False,False,False,False
mstr,2009-11-09,8.989999771118164,5.1,7.97,False,False,False,False,False,False
mstr,2009-11-16,8.946000099182129,5.21,7.97,False,False,False,False,False,False
mstr,2009-11-23,8.8100004196167,5.32,7.96,False,False,False,False,False,False
mstr,2009-11-30,8.979999542236328,5.42,7.96,False,False,False,False,False,False
mstr,2009-12-07,8.708000183105469,5.53,7.96,False,False,False,False,False,False
mstr,2009-12-14,8.819000244140625,5.63,7.96,False,False,False,False,False,False
mstr,2009-12-21,9.53600025177002,5.74,7.96,False,False,False,False,False,False
mstr,2009-12-28,9.402000427246094,5.86,7.96,False,False,False,False,False,False
mstr,2010-01-04,9.5,5.97,7.95,False,False,False,False,False,False
mstr,2010-01-11,10.359000205993652,6.1,7.95,False,False,False,False,False,False
mstr,2010-01-18,9.701000213623049,6.21,7.95,False,False,False,False,False,False
mstr,2010-01-25,9.371999740600586,6.32,7.94,False,False,False,False,False,False
mstr,2010-02-01,7.913000106811523,6.4,7.93,False,True,False,False,False,False
mstr,2010-02-08,8.479999542236328,6.49,7.92,False,False,False,False,False,True
mstr,2010-02-15,8.565999984741211,6.6,7.91,False,False,False,False,False,False
mstr,2010-02-22,8.862000465393066,6.71,7.91,False,False,False,False,False,False
mstr,2010-03-01,9.133000373840332,6.82,7.9,False,False,False,False,False,False
mstr,2010-03-08,8.748000144958496,6.93,7.89,False,False,False,False,False,False
mstr,2010-03-15,8.927000045776367,7.03,7.89,False,False,False,False,False,False
mstr,2010-03-22,8.5,7.12,7.88,False,False,False,False,False,False
mstr,2010-03-29,8.54699993133545,7.21,7.88,False,False,False,False,False,False
mstr,2010-04-05,8.545999526977539,7.31,7.88,False,False,False,False,False,False
mstr,2010-04-12,8.428999900817871,7.4,7.87,False,False,False,False,False,False
mstr,2010-04-19,8.777999877929688,7.48,7.87,False,False,False,False,False,False
mstr,2010-04-26,7.659999847412109,7.55,7.86,False,True,False,True,False,False
mstr,2010-05-03,6.882999897003174,7.59,7.85,True,True,False,False,False,False
mstr,2010-05-10,7.709000110626221,7.65,7.85,False,True,False,False,False,False
mstr,2010-05-17,7.639999866485596,7.71,7.85,True,True,True,False,False,False
mstr,2010-05-24,7.705999851226807,7.76,7.84,True,True,False,False,False,False
mstr,2010-05-31,7.460000038146973,7.81,7.84,True,True,False,False,False,False
mstr,2010-06-07,7.570000171661377,7.86,7.83,True,True,False,False,False,False
mstr,2010-06-14,7.85099983215332,7.92,7.82,True,False,False,False,False,False
mstr,2010-06-21,7.598999977111816,7.97,7.81,True,True,False,True,False,False
mstr,2010-06-28,7.447999954223633,8.01,7.81,True,True,False,False,False,False
mstr,2010-07-05,7.543000221252441,8.04,7.8,True,True,False,False,False,False
mstr,2010-07-12,7.568999767303467,8.07,7.79,True,True,False,False,False,False
mstr,2010-07-19,8.149999618530273,8.11,7.78,False,False,False,False,True,True
mstr,2010-07-26,8.298999786376953,8.15,7.77,False,False,False,False,False,False
mstr,2010-08-02,7.742000102996826,8.18,7.76,True,True,True,True,False,False
mstr,2010-08-09,7.429999828338623,8.21,7.74,True,True,False,False,False,False
mstr,2010-08-16,7.692999839782715,8.23,7.72,True,True,False,False,False,False
mstr,2010-08-23,7.754000186920166,8.25,7.7,True,False,False,False,False,True
mstr,2010-08-30,8.199000358581543,8.28,7.68,True,False,False,False,False,False
mstr,2010-09-06,8.229999542236328,8.3,7.66,True,False,False,False,False,False
mstr,2010-09-13,8.442999839782715,8.33,7.64,False,False,False,False,True,False
mstr,2010-09-20,8.723999977111816,8.36,7.62,False,False,False,False,False,False
mstr,2010-09-27,8.779999732971191,8.39,7.61,False,False,False,False,False,False
mstr,2010-10-04,8.829999923706055,8.42,7.59,False,False,False,False,False,False
mstr,2010-10-11,8.994999885559082,8.42,7.58,False,False,False,False,False,False
mstr,2010-10-18,9.055999755859377,8.43,7.57,False,False,False,False,False,False
mstr,2010-10-25,9.062999725341797,8.43,7.56,False,False,False,False,False,False
mstr,2010-11-01,8.949999809265137,8.43,7.54,False,False,False,False,False,False
mstr,2010-11-08,8.847999572753906,8.43,7.53,False,False,False,False,False,False
mstr,2010-11-15,9.03499984741211,8.43,7.51,False,False,False,False,False,False
mstr,2010-11-22,8.937000274658203,8.44,7.49,False,False,False,False,False,False
mstr,2010-11-29,8.836999893188477,8.44,7.48,False,False,False,False,False,False
mstr,2010-12-06,8.944000244140625,8.43,7.46,False,False,False,False,False,False
mstr,2010-12-13,8.800000190734863,8.41,7.44,False,False,False,False,False,False
mstr,2010-12-20,8.52299976348877,8.4,7.42,False,False,False,False,False,False
mstr,2010-12-27,8.54699993133545,8.36,7.4,False,False,False,False,False,False
mstr,2011-01-03,8.920999526977539,8.34,7.38,False,False,False,False,False,False
mstr,2011-01-10,9.138999938964844,8.34,7.37,False,False,False,False,False,False
mstr,2011-01-17,9.100000381469728,8.36,7.35,False,False,False,False,False,False
mstr,2011-01-24,10.545000076293944,8.4,7.34,False,False,False,False,False,False
mstr,2011-01-31,11.175999641418455,8.46,7.33,False,False,False,False,False,False
mstr,2011-02-07,11.73799991607666,8.51,7.33,False,False,False,False,False,False
mstr,2011-02-14,11.66800022125244,8.56,7.33,False,False,False,False,False,False
mstr,2011-02-21,11.69499969482422,8.62,7.33,False,False,False,False,False,False
mstr,2011-02-28,12.347000122070312,8.69,7.33,False,False,False,False,False,False
mstr,2011-03-07,11.741000175476074,8.76,7.34,False,False,False,False,False,False
mstr,2011-03-14,11.324000358581545,8.81,7.35,False,False,False,False,False,False
mstr,2011-03-21,12.104999542236328,8.88,7.35,False,False,False,False,False,False
mstr,2011-03-28,13.765000343322754,8.99,7.37,False,False,False,False,False,False
mstr,2011-04-04,13.21399974822998,9.08,7.39,False,False,False,False,False,False
mstr,2011-04-11,12.899999618530272,9.18,7.41,False,False,False,False,False,False
mstr,2011-04-18,13.16800022125244,9.31,7.42,False,False,False,False,False,False
mstr,2011-04-25,14.130000114440918,9.44,7.45,False,False,False,False,False,False
mstr,2011-05-02,13.529000282287598,9.56,7.47,False,False,False,False,False,False
mstr,2011-05-09,13.529999732971191,9.67,7.49,False,False,False,False,False,False
mstr,2011-05-16,13.883000373840332,9.8,7.51,False,False,False,False,False,False
mstr,2011-05-23,14.571000099182127,9.94,7.55,False,False,False,False,False,False
mstr,2011-05-30,14.336999893188477,10.07,7.58,False,False,False,False,False,False
mstr,2011-06-06,13.982999801635742,10.2,7.62,False,False,False,False,False,False
mstr,2011-06-13,14.050000190734863,10.33,7.65,False,False,False,False,False,False
mstr,2011-06-20,15.77400016784668,10.49,7.69,False,False,False,False,False,False
mstr,2011-06-27,16.641000747680664,10.68,7.74,False,False,False,False,False,False
mstr,2011-07-04,16.472000122070312,10.84,7.79,False,False,False,False,False,False
mstr,2011-07-11,16.9689998626709,11.02,7.84,False,False,False,False,False,False
mstr,2011-07-18,17.167999267578125,11.2,7.89,False,False,False,False,False,False
mstr,2011-07-25,15.937000274658203,11.37,7.93,False,False,False,False,False,False
mstr,2011-08-01,12.84000015258789,11.48,7.95,False,False,False,False,False,False
mstr,2011-08-08,12.26200008392334,11.57,7.97,False,False,False,False,False,False
mstr,2011-08-15,10.592000007629396,11.62,7.99,True,False,True,False,False,False
mstr,2011-08-22,11.47599983215332,11.68,8.0,True,False,False,False,False,False
mstr,2011-08-29,11.10099983215332,11.73,8.0,True,False,False,False,False,False
mstr,2011-09-05,10.42300033569336,11.77,8.01,True,False,False,False,False,False
mstr,2011-09-12,12.15999984741211,11.83,8.01,False,False,False,False,False,False
mstr,2011-09-19,11.541000366210938,11.89,8.02,True,False,True,False,False,False
mstr,2011-09-26,11.406999588012695,11.94,8.02,True,False,False,False,False,False
mstr,2011-10-03,11.598999977111816,11.99,8.03,True,False,False,False,False,False
mstr,2011-10-10,13.57800006866455,12.08,8.05,False,False,False,False,True,False
mstr,2011-10-17,13.303999900817873,12.17,8.07,False,False,False,False,False,False
mstr,2011-10-24,14.336000442504885,12.28,8.09,False,False,False,False,False,False
mstr,2011-10-31,11.63700008392334,12.33,8.11,True,False,False,False,False,False
mstr,2011-11-07,12.980999946594238,12.41,8.14,False,False,False,False,False,False
mstr,2011-11-14,12.446000099182127,12.48,8.17,True,False,True,False,False,False
mstr,2011-11-21,10.972000122070312,12.52,8.19,True,False,False,False,False,False
mstr,2011-11-28,12.131999969482422,12.59,8.21,True,False,False,False,False,False
mstr,2011-12-05,12.147000312805176,12.66,8.24,True,False,False,False,False,False
mstr,2011-12-12,10.868000030517578,12.71,8.26,True,False,False,False,False,False
mstr,2011-12-19,10.734999656677246,12.74,8.28,True,False,False,False,False,False
mstr,2011-12-26,10.83199977874756,12.78,8.3,True,False,False,False,False,False
mstr,2012-01-02,10.737000465393066,12.81,8.32,True,False,False,False,False,False
mstr,2012-01-09,10.62399959564209,12.81,8.34,True,False,False,False,False,False
mstr,2012-01-16,11.520999908447266,12.82,8.36,True,False,False,False,False,False
mstr,2012-01-23,11.46500015258789,12.81,8.38,True,False,False,False,False,False
mstr,2012-01-30,12.645000457763672,12.83,8.4,True,False,False,False,False,False
mstr,2012-02-06,12.272000312805176,12.84,8.43,True,False,False,False,False,False
mstr,2012-02-13,12.609999656677246,12.85,8.45,True,False,False,False,False,False
mstr,2012-02-20,13.781999588012695,12.89,8.47,False,False,False,False,True,False
mstr,2012-02-27,13.54699993133545,12.93,8.5,False,False,False,False,False,False
mstr,2012-03-05,13.125,12.95,8.53,False,False,False,False,False,False
mstr,2012-03-12,13.074999809265137,12.94,8.56,False,False,False,False,False,False
mstr,2012-03-19,13.892999649047852,12.95,8.59,False,False,False,False,False,False
mstr,2012-03-26,14.0,12.98,8.62,False,False,False,False,False,False
mstr,2012-04-02,14.526000022888184,13.0,8.65,False,False,False,False,False,False
mstr,2012-04-09,14.710000038146973,13.01,8.69,False,False,False,False,False,False
mstr,2012-04-16,14.520000457763672,13.03,8.72,False,False,False,False,False,False
mstr,2012-04-23,14.111000061035156,13.05,8.76,False,False,False,False,False,False
mstr,2012-04-30,15.232000350952148,13.07,8.8,False,False,False,False,False,False
mstr,2012-05-07,14.284000396728516,13.07,8.84,False,False,False,False,False,False
mstr,2012-05-14,12.904999732971191,13.04,8.88,True,False,True,False,False,False
mstr,2012-05-21,12.675999641418455,13.01,8.91,True,False,False,False,False,False
mstr,2012-05-28,11.890000343322754,12.97,8.94,True,False,False,False,False,False
mstr,2012-06-04,12.215999603271484,12.9,8.97,True,False,False,False,False,False
mstr,2012-06-11,12.43299961090088,12.81,9.0,True,False,False,False,False,False
mstr,2012-06-18,12.913999557495115,12.74,9.03,False,False,False,False,True,False
mstr,2012-06-25,12.986000061035156,12.66,9.06,False,False,False,False,False,False
mstr,2012-07-02,11.95699977874756,12.56,9.09,True,False,True,False,False,False
mstr,2012-07-09,11.656000137329102,12.47,9.11,True,False,False,False,False,False
mstr,2012-07-16,11.532999992370604,12.45,9.14,True,False,False,False,False,False
mstr,2012-07-23,11.708000183105469,12.44,9.17,True,False,False,False,False,False
mstr,2012-07-30,12.232999801635742,12.47,9.2,True,False,False,False,False,False
mstr,2012-08-06,12.763999938964844,12.49,9.25,False,False,False,False,True,False
mstr,2012-08-13,12.680999755859377,12.53,9.29,False,False,False,False,False,False
mstr,2012-08-20,12.458000183105469,12.57,9.33,True,False,True,False,False,False
mstr,2012-08-27,12.550999641418455,12.58,9.38,True,False,False,False,False,False
mstr,2012-09-03,12.98900032043457,12.6,9.42,False,False,False,False,True,False
mstr,2012-09-10,13.30500030517578,12.64,9.47,False,False,False,False,False,False
mstr,2012-09-17,13.491999626159668,12.68,9.52,False,False,False,False,False,False
mstr,2012-09-24,13.406999588012695,12.68,9.57,False,False,False,False,False,False
mstr,2012-10-01,12.4399995803833,12.66,9.62,True,False,True,False,False,False
mstr,2012-10-08,11.826000213623049,12.61,9.66,True,False,False,False,False,False
mstr,2012-10-15,11.814000129699709,12.61,9.7,True,False,False,False,False,False
mstr,2012-10-22,10.980999946594238,12.57,9.74,True,False,False,False,False,False
mstr,2012-10-29,9.647000312805176,12.52,9.77,True,True,False,True,False,False
mstr,2012-11-05,9.562000274658203,12.49,9.79,True,True,False,False,False,False
mstr,2012-11-12,9.178000450134276,12.43,9.82,True,True,False,False,False,False
mstr,2012-11-19,8.630000114440918,12.36,9.85,True,True,False,False,False,False
mstr,2012-11-26,8.848999977111816,12.32,9.87,True,True,False,False,False,False
mstr,2012-12-03,8.855999946594238,12.28,9.89,True,True,False,False,False,False
mstr,2012-12-10,9.100000381469728,12.25,9.92,True,True,False,False,False,False
mstr,2012-12-17,9.616000175476074,12.22,9.95,True,True,False,False,False,False
mstr,2012-12-24,9.354999542236328,12.2,9.98,True,True,False,False,False,False
mstr,2012-12-31,9.298999786376951,12.15,10.01,True,True,False,False,False,False
mstr,2013-01-07,9.394000053405762,12.11,10.04,True,True,False,False,False,False
mstr,2013-01-14,9.378999710083008,12.05,10.07,True,True,False,False,False,False
mstr,2013-01-21,10.180999755859377,12.01,10.1,True,False,False,False,False,True
mstr,2013-01-28,10.236000061035156,11.96,10.13,True,False,False,False,False,False
mstr,2013-02-04,9.892999649047852,11.88,10.16,True,True,False,False,False,False
mstr,2013-02-11,10.407999992370604,11.82,10.19,True,False,False,False,False,False
mstr,2013-02-18,10.225000381469728,11.76,10.23,True,True,False,False,False,False
mstr,2013-02-25,10.309000015258787,11.7,10.26,True,False,False,False,False,True
mstr,2013-03-04,11.418999671936035,11.65,10.29,True,False,False,False,False,False
mstr,2013-03-11,11.227999687194824,11.6,10.33,True,False,False,False,False,False
mstr,2013-03-18,10.38599967956543,11.52,10.36,True,False,False,False,False,False
mstr,2013-03-25,10.107999801635742,11.42,10.38,True,True,False,True,False,False
mstr,2013-04-01,10.053999900817873,11.34,10.41,True,True,False,False,False,False
mstr,2013-04-08,10.288000106811523,11.26,10.44,True,True,False,False,False,False
mstr,2013-04-15,9.576000213623049,11.15,10.46,True,True,False,False,False,False
mstr,2013-04-22,9.770999908447266,11.06,10.48,True,True,False,False,False,False
mstr,2013-04-29,9.11400032043457,10.98,10.5,True,True,False,False,False,False
mstr,2013-05-06,9.470000267028809,10.92,10.52,True,True,False,False,False,False
mstr,2013-05-13,9.595000267028809,10.87,10.54,True,True,False,False,False,False
mstr,2013-05-20,9.241000175476074,10.81,10.56,True,True,False,False,False,False
mstr,2013-05-27,9.14799976348877,10.74,10.58,True,True,False,False,False,False
mstr,2013-06-03,8.970999717712402,10.67,10.59,True,True,False,False,False,False
mstr,2013-06-10,9.093999862670898,10.59,10.6,True,True,False,False,False,False
mstr,2013-06-17,8.427000045776367,10.52,10.62,True,True,False,False,False,False
mstr,2013-06-24,8.696000099182129,10.46,10.63,True,True,False,False,False,False
mstr,2013-07-01,8.973999977111816,10.41,10.64,True,True,False,False,False,False
mstr,2013-07-08,9.770999908447266,10.37,10.66,True,True,False,False,False,False
mstr,2013-07-15,9.677000045776367,10.32,10.67,True,True,False,False,False,False
mstr,2013-07-22,9.737000465393066,10.26,10.68,True,True,False,False,False,False
mstr,2013-07-29,9.510000228881836,10.19,10.7,True,True,False,False,False,False
mstr,2013-08-05,9.9350004196167,10.14,10.71,True,True,False,False,False,False
mstr,2013-08-12,9.630999565124512,10.08,10.72,True,True,False,False,False,False
mstr,2013-08-19,9.510000228881836,10.01,10.73,True,True,False,False,False,False
mstr,2013-08-26,9.180999755859377,9.93,10.73,True,True,False,False,False,False
mstr,2013-09-02,9.34000015258789,9.85,10.74,True,True,False,False,False,False
mstr,2013-09-09,10.616999626159668,9.79,10.74,False,True,False,False,True,False
mstr,2013-09-16,10.854999542236328,9.76,10.75,False,False,False,False,False,False
mstr,2013-09-23,10.383000373840332,9.73,10.76,False,True,False,True,False,False
mstr,2013-09-30,10.555999755859377,9.71,10.77,False,True,False,False,False,False
mstr,2013-10-07,10.258999824523926,9.69,10.78,False,True,False,False,False,False
mstr,2013-10-14,10.017999649047852,9.7,10.78,False,True,False,False,False,False
mstr,2013-10-21,10.02400016784668,9.71,10.79,False,True,False,False,False,False
mstr,2013-10-28,12.227999687194824,9.77,10.8,False,False,False,False,False,True
mstr,2013-11-04,12.42300033569336,9.85,10.82,False,False,False,False,False,False
mstr,2013-11-11,12.697999954223633,9.92,10.83,False,False,False,False,False,False
mstr,2013-11-18,12.663000106811523,10.0,10.84,False,False,False,False,False,False
mstr,2013-11-25,12.93299961090088,10.08,10.86,False,False,False,False,False,False
mstr,2013-12-02,12.657999992370604,10.14,10.88,False,False,False,False,False,False
mstr,2013-12-09,12.418999671936035,10.2,10.9,False,False,False,False,False,False
mstr,2013-12-16,12.232000350952148,10.26,10.92,False,False,False,False,False,False
mstr,2013-12-23,12.470999717712402,10.32,10.94,False,False,False,False,False,False
mstr,2013-12-30,12.326000213623049,10.38,10.96,False,False,False,False,False,False
mstr,2014-01-06,12.307000160217283,10.42,10.97,False,False,False,False,False,False
mstr,2014-01-13,12.29300022125244,10.46,10.99,False,False,False,False,False,False
mstr,2014-01-20,11.911999702453612,10.5,11.01,False,False,False,False,False,False
mstr,2014-01-27,12.56999969482422,10.54,11.03,False,False,False,False,False,False
mstr,2014-02-03,12.402000427246094,10.59,11.05,False,False,False,False,False,False
mstr,2014-02-10,13.017000198364258,10.64,11.07,False,False,False,False,False,False
mstr,2014-02-17,13.211000442504885,10.68,11.09,False,False,False,False,False,False
mstr,2014-02-24,12.913000106811523,10.71,11.12,False,False,False,False,False,False
mstr,2014-03-03,13.13599967956543,10.77,11.15,False,False,False,False,False,False
mstr,2014-03-10,12.569000244140623,10.82,11.17,False,False,False,False,False,False
mstr,2014-03-17,12.4350004196167,10.86,11.2,False,False,False,False,False,False
mstr,2014-03-24,11.350000381469728,10.88,11.22,False,False,False,False,False,False
mstr,2014-03-31,11.166000366210938,10.92,11.23,False,True,False,True,False,False
mstr,2014-04-07,10.053999900817873,10.92,11.25,True,True,True,False,False,False
mstr,2014-04-14,10.449999809265137,10.95,11.26,True,True,False,False,False,False
mstr,2014-04-21,12.079999923706056,11.0,11.28,False,False,False,False,True,True
mstr,2014-04-28,11.902000427246094,11.05,11.3,False,False,False,False,False,False
mstr,2014-05-05,12.142000198364258,11.11,11.33,False,False,False,False,False,False
mstr,2014-05-12,13.163000106811523,11.19,11.35,False,False,False,False,False,False
mstr,2014-05-19,14.26200008392334,11.29,11.39,False,False,False,False,False,False
mstr,2014-05-26,14.112000465393066,11.39,11.41,False,False,False,False,False,False
mstr,2014-06-02,14.303999900817873,11.51,11.45,False,False,False,False,False,False
mstr,2014-06-09,14.32800006866455,11.62,11.48,False,False,False,False,False,False
mstr,2014-06-16,14.460000038146973,11.73,11.52,False,False,False,False,False,False
mstr,2014-06-23,14.074999809265137,11.82,11.55,False,False,False,False,False,False
mstr,2014-06-30,14.359999656677246,11.91,11.58,False,False,False,False,False,False
mstr,2014-07-07,14.05500030517578,12.0,11.61,False,False,False,False,False,False
mstr,2014-07-14,13.954999923706056,12.09,11.63,False,False,False,False,False,False
mstr,2014-07-21,13.864999771118164,12.17,11.66,False,False,False,False,False,False
mstr,2014-07-28,14.020999908447266,12.25,11.69,False,False,False,False,False,False
mstr,2014-08-04,14.28600025177002,12.35,11.71,False,False,False,False,False,False
mstr,2014-08-11,13.486000061035156,12.43,11.74,False,False,False,False,False,False
mstr,2014-08-18,13.673999786376951,12.52,11.76,False,False,False,False,False,False
mstr,2014-08-25,13.892999649047852,12.59,11.78,False,False,False,False,False,False
mstr,2014-09-01,13.821000099182127,12.65,11.81,False,False,False,False,False,False
mstr,2014-09-08,13.925999641418455,12.72,11.83,False,False,False,False,False,False
mstr,2014-09-15,13.729000091552734,12.78,11.86,False,False,False,False,False,False
mstr,2014-09-22,13.121999740600586,12.84,11.88,False,False,False,False,False,False
mstr,2014-09-29,13.678999900817873,12.91,11.9,False,False,False,False,False,False
mstr,2014-10-06,14.755999565124512,13.01,11.93,False,False,False,False,False,False
mstr,2014-10-13,14.529999732971191,13.05,11.96,False,False,False,False,False,False
mstr,2014-10-20,15.75,13.12,12.0,False,False,False,False,False,False
mstr,2014-10-27,16.08799934387207,13.19,12.03,False,False,False,False,False,False
mstr,2014-11-03,15.744000434875488,13.25,12.07,False,False,False,False,False,False
mstr,2014-11-10,16.674999237060547,13.32,12.11,False,False,False,False,False,False
mstr,2014-11-17,16.577999114990234,13.4,12.14,False,False,False,False,False,False
mstr,2014-11-24,17.173999786376953,13.5,12.18,False,False,False,False,False,False
mstr,2014-12-01,16.97599983215332,13.59,12.2,False,False,False,False,False,False
mstr,2014-12-08,15.824000358581545,13.66,12.23,False,False,False,False,False,False
mstr,2014-12-15,16.4060001373291,13.74,12.25,False,False,False,False,False,False
mstr,2014-12-22,16.378000259399414,13.82,12.27,False,False,False,False,False,False
mstr,2014-12-29,16.312000274658203,13.9,12.29,False,False,False,False,False,False
mstr,2015-01-05,15.961999893188477,13.98,12.31,False,False,False,False,False,False
mstr,2015-01-12,15.788999557495115,14.05,12.34,False,False,False,False,False,False
mstr,2015-01-19,16.520999908447266,14.13,12.36,False,False,False,False,False,False
mstr,2015-01-26,16.15999984741211,14.19,12.37,False,False,False,False,False,False
mstr,2015-02-02,17.516000747680664,14.28,12.39,False,False,False,False,False,False
mstr,2015-02-09,18.124000549316406,14.38,12.42,False,False,False,False,False,False
mstr,2015-02-16,17.954999923706055,14.48,12.44,False,False,False,False,False,False
mstr,2015-02-23,17.833999633789062,14.58,12.46,False,False,False,False,False,False
mstr,2015-03-02,16.172000885009766,14.66,12.47,False,False,False,False,False,False
mstr,2015-03-09,16.426000595092773,14.76,12.49,False,False,False,False,False,False
mstr,2015-03-16,17.47599983215332,14.89,12.51,False,False,False,False,False,False
mstr,2015-03-23,17.01300048828125,15.03,12.52,False,False,False,False,False,False
mstr,2015-03-30,16.95199966430664,15.16,12.53,False,False,False,False,False,False
mstr,2015-04-06,17.599000930786133,15.27,12.55,False,False,False,False,False,False
mstr,2015-04-13,17.065000534057617,15.37,12.56,False,False,False,False,False,False
mstr,2015-04-20,17.509000778198242,15.48,12.57,False,False,False,False,False,False
mstr,2015-04-27,18.26799964904785,15.58,12.58,False,False,False,False,False,False
mstr,2015-05-04,18.083999633789062,15.66,12.59,False,False,False,False,False,False
mstr,2015-05-11,17.8799991607666,15.73,12.59,False,False,False,False,False,False
mstr,2015-05-18,17.530000686645508,15.8,12.6,False,False,False,False,False,False
mstr,2015-05-25,17.597999572753906,15.86,12.6,False,False,False,False,False,False
mstr,2015-06-01,18.042999267578125,15.93,12.63,False,False,False,False,False,False
mstr,2015-06-08,17.875,16.01,12.66,False,False,False,False,False,False
mstr,2015-06-15,17.768999099731445,16.08,12.69,False,False,False,False,False,False
mstr,2015-06-22,17.38599967956543,16.14,12.72,False,False,False,False,False,False
mstr,2015-06-29,17.256999969482422,16.21,12.75,False,False,False,False,False,False
mstr,2015-07-06,17.56999969482422,16.28,12.79,False,False,False,False,False,False
mstr,2015-07-13,18.5629997253418,16.37,12.82,False,False,False,False,False,False
mstr,2015-07-20,18.14299964904785,16.45,12.85,False,False,False,False,False,False
mstr,2015-07-27,20.38500022888184,16.59,12.9,False,False,False,False,False,False
mstr,2015-08-03,21.56100082397461,16.75,12.95,False,False,False,False,False,False
mstr,2015-08-10,21.8799991607666,16.91,12.99,False,False,False,False,False,False
mstr,2015-08-17,20.399999618530277,17.04,13.03,False,False,False,False,False,False
mstr,2015-08-24,20.099000930786133,17.16,13.06,False,False,False,False,False,False
mstr,2015-08-31,19.542999267578125,17.28,13.09,False,False,False,False,False,False
mstr,2015-09-07,20.11400032043457,17.42,13.13,False,False,False,False,False,False
mstr,2015-09-14,20.667999267578125,17.56,13.17,False,False,False,False,False,False
mstr,2015-09-21,20.518999099731445,17.67,13.22,False,False,False,False,False,False
mstr,2015-09-28,19.88400077819824,17.78,13.26,False,False,False,False,False,False
mstr,2015-10-05,20.524999618530277,17.88,13.3,False,False,False,False,False,False
mstr,2015-10-12,20.31100082397461,17.96,13.35,False,False,False,False,False,False
mstr,2015-10-19,18.81800079345703,18.02,13.39,False,False,False,False,False,False
mstr,2015-10-26,17.207000732421875,18.03,13.42,True,False,True,False,False,False
mstr,2015-11-02,17.764999389648438,18.06,13.45,True,False,False,False,False,False
mstr,2015-11-09,16.886999130249023,18.05,13.49,True,False,False,False,False,False
mstr,2015-11-16,17.320999145507812,18.06,13.51,True,False,False,False,False,False
mstr,2015-11-23,17.555999755859375,18.09,13.55,True,False,False,False,False,False
mstr,2015-11-30,17.68400001525879,18.12,13.57,True,False,False,False,False,False
mstr,2015-12-07,17.413999557495117,18.14,13.6,True,False,False,False,False,False
mstr,2015-12-14,17.573999404907227,18.16,13.62,True,False,False,False,False,False
mstr,2015-12-21,17.76099967956543,18.2,13.64,True,False,False,False,False,False
mstr,2015-12-28,17.929000854492188,18.24,13.66,True,False,False,False,False,False
mstr,2016-01-04,14.8149995803833,18.21,13.67,True,False,False,False,False,False
mstr,2016-01-11,14.993000030517578,18.18,13.68,True,False,False,False,False,False
mstr,2016-01-18,14.991000175476074,18.13,13.69,True,False,False,False,False,False
mstr,2016-01-25,17.250999450683594,18.12,13.7,True,False,False,False,False,False
mstr,2016-02-01,15.645999908447266,18.07,13.71,True,False,False,False,False,False
mstr,2016-02-08,15.1899995803833,18.02,13.71,True,False,False,False,False,False
mstr,2016-02-15,15.324999809265137,18.0,13.71,True,False,False,False,False,False
mstr,2016-02-22,15.857999801635742,17.99,13.72,True,False,False,False,False,False
mstr,2016-02-29,16.898000717163086,17.98,13.73,True,False,False,False,False,False
mstr,2016-03-07,17.05900001525879,17.98,13.75,True,False,False,False,False,False
mstr,2016-03-14,17.511999130249023,17.99,13.77,True,False,False,False,False,False
mstr,2016-03-21,17.281999588012695,17.98,13.79,True,False,False,False,False,False
mstr,2016-03-28,18.274999618530277,18.01,13.82,False,False,False,False,False,False
mstr,2016-04-04,17.8799991607666,18.01,13.85,True,False,False,False,False,False
mstr,2016-04-11,18.617000579833984,18.02,13.88,False,False,False,False,True,False
mstr,2016-04-18,19.18000030517578,18.04,13.91,False,False,False,False,False,False
mstr,2016-04-25,17.93199920654297,18.04,13.94,True,False,False,False,False,False
mstr,2016-05-02,18.256999969482425,18.06,13.97,False,False,False,False,True,False
mstr,2016-05-09,18.21500015258789,18.07,14.0,False,False,False,False,False,False
mstr,2016-05-16,17.92799949645996,18.07,14.04,True,False,False,False,False,False
mstr,2016-05-23,19.093000411987305,18.09,14.07,False,False,False,False,True,False
mstr,2016-05-30,18.86899948120117,18.12,14.11,False,False,False,False,False,False
mstr,2016-06-06,18.775999069213867,18.14,14.14,False,False,False,False,False,False
mstr,2016-06-13,17.917999267578125,18.16,14.16,True,False,True,False,False,False
mstr,2016-06-20,17.312000274658203,18.15,14.19,True,False,False,False,False,False
mstr,2016-06-27,17.23900032043457,18.13,14.21,True,False,False,False,False,False
mstr,2016-07-04,17.82900047302246,18.12,14.23,True,False,False,False,False,False
mstr,2016-07-11,18.72100067138672,18.09,14.26,False,False,False,False,True,False
mstr,2016-07-18,18.78400039672852,18.03,14.29,False,False,False,False,False,False
mstr,2016-07-25,17.48900032043457,17.94,14.31,True,False,True,False,False,False
mstr,2016-08-01,16.631999969482422,17.87,14.33,True,False,False,False,False,False
mstr,2016-08-08,16.542999267578125,17.8,14.35,True,False,False,False,False,False
mstr,2016-08-15,16.663999557495117,17.74,14.38,True,False,False,False,False,False
mstr,2016-08-22,16.746999740600586,17.67,14.4,True,False,False,False,False,False
mstr,2016-08-29,16.97800064086914,17.6,14.44,True,False,False,False,False,False
mstr,2016-09-05,17.06999969482422,17.53,14.48,True,False,False,False,False,False
mstr,2016-09-12,16.483999252319336,17.46,14.52,True,False,False,False,False,False
mstr,2016-09-19,17.17799949645996,17.39,14.56,True,False,False,False,False,False
mstr,2016-09-26,16.743999481201172,17.32,14.6,True,False,False,False,False,False
mstr,2016-10-03,17.29800033569336,17.29,14.64,False,False,False,False,False,False
mstr,2016-10-10,17.219999313354492,17.29,14.68,True,False,True,False,False,False
mstr,2016-10-17,16.861000061035156,17.27,14.72,True,False,False,False,False,False
mstr,2016-10-24,19.14699935913086,17.32,14.77,False,False,False,False,True,False
mstr,2016-10-31,19.016000747680664,17.35,14.81,False,False,False,False,False,False
mstr,2016-11-07,19.674999237060547,17.4,14.87,False,False,False,False,False,False
mstr,2016-11-14,19.667999267578125,17.43,14.92,False,False,False,False,False,False
mstr,2016-11-21,19.78499984741211,17.48,14.97,False,False,False,False,False,False
mstr,2016-11-28,19.194000244140625,17.51,15.01,False,False,False,False,False,False
mstr,2016-12-05,20.097000122070312,17.56,15.06,False,False,False,False,False,False
mstr,2016-12-12,20.040000915527344,17.6,15.11,False,False,False,False,False,False
mstr,2016-12-19,20.121999740600582,17.71,15.16,False,False,False,False,False,False
mstr,2016-12-26,19.739999771118164,17.8,15.21,False,False,False,False,False,False
mstr,2017-01-02,19.91699981689453,17.9,15.25,False,False,False,False,False,False
mstr,2017-01-09,20.3799991607666,17.97,15.29,False,False,False,False,False,False
mstr,2017-01-16,20.155000686645508,18.06,15.34,False,False,False,False,False,False
mstr,2017-01-23,19.95800018310547,18.15,15.39,False,False,False,False,False,False
mstr,2017-01-30,19.54800033569336,18.24,15.44,False,False,False,False,False,False
mstr,2017-02-06,18.934999465942383,18.3,15.48,False,False,False,False,False,False
mstr,2017-02-13,19.28700065612793,18.34,15.53,False,False,False,False,False,False
mstr,2017-02-20,19.433000564575195,18.39,15.58,False,False,False,False,False,False
mstr,2017-02-27,19.0,18.42,15.63,False,False,False,False,False,False
mstr,2017-03-06,18.69700050354004,18.45,15.68,False,False,False,False,False,False
mstr,2017-03-13,19.18600082397461,18.47,15.72,False,False,False,False,False,False
mstr,2017-03-20,18.61400032043457,18.48,15.77,False,False,False,False,False,False
mstr,2017-03-27,18.780000686645508,18.49,15.82,False,False,False,False,False,False
mstr,2017-04-03,18.280000686645508,18.47,15.86,True,False,True,False,False,False
mstr,2017-04-10,18.160999298095703,18.47,15.91,True,False,False,False,False,False
mstr,2017-04-17,18.75900077819824,18.48,15.96,False,False,False,False,True,False
mstr,2017-04-24,19.017000198364254,18.5,16.01,False,False,False,False,False,False
mstr,2017-05-01,19.09499931335449,18.52,16.06,False,False,False,False,False,False
mstr,2017-05-08,18.5310001373291,18.51,16.11,False,False,False,False,False,False
mstr,2017-05-15,18.37800025939941,18.5,16.15,True,False,True,False,False,False
mstr,2017-05-22,18.07699966430664,18.49,16.19,True,False,False,False,False,False
mstr,2017-05-29,18.832000732421875,18.51,16.24,False,False,False,False,False,False
mstr,2017-06-05,18.07900047302246,18.52,16.28,True,False,True,False,False,False
mstr,2017-06-12,18.26000022888184,18.54,16.32,True,False,False,False,False,False
mstr,2017-06-19,18.4950008392334,18.56,16.37,True,False,False,False,False,False
mstr,2017-06-26,19.16699981689453,18.56,16.42,False,False,False,False,False,False
mstr,2017-07-03,18.499000549316406,18.56,16.46,True,False,True,False,False,False
mstr,2017-07-10,18.472999572753903,18.58,16.5,True,False,False,False,False,False
mstr,2017-07-17,18.847999572753903,18.62,16.54,False,False,False,False,False,False
mstr,2017-07-24,13.99899959564209,18.57,16.56,True,True,True,True,False,False
mstr,2017-07-31,13.572999954223633,18.51,16.58,True,True,False,False,False,False
mstr,2017-08-07,12.901000022888184,18.43,16.59,True,True,False,False,False,False
mstr,2017-08-14,12.593000411987305,18.34,16.6,True,True,False,False,False,False
mstr,2017-08-21,12.576000213623049,18.26,16.62,True,True,False,False,False,False
mstr,2017-08-28,12.850000381469728,18.18,16.62,True,True,False,False,False,False
mstr,2017-09-04,12.824999809265137,18.1,16.62,True,True,False,False,False,False
mstr,2017-09-11,12.680999755859377,18.01,16.62,True,True,False,False,False,False
mstr,2017-09-18,12.47599983215332,17.92,16.62,True,True,False,False,False,False
mstr,2017-09-25,12.770999908447266,17.83,16.62,True,True,False,False,False,False
mstr,2017-10-02,13.13599967956543,17.75,16.62,True,True,False,False,False,False
mstr,2017-10-09,13.5,17.64,16.63,True,True,False,False,False,False
mstr,2017-10-16,13.699999809265137,17.53,16.63,True,True,False,False,False,False
mstr,2017-10-23,14.086000442504885,17.42,16.64,True,True,False,False,False,False
mstr,2017-10-30,13.368000030517578,17.3,16.65,True,True,False,False,False,False
mstr,2017-11-06,13.350000381469728,17.17,16.65,True,True,False,False,False,False
mstr,2017-11-13,13.37600040435791,17.05,16.66,True,True,False,False,False,False
mstr,2017-11-20,13.743000030517578,16.92,16.67,True,True,False,False,False,False
mstr,2017-11-27,13.5,16.79,16.67,True,True,False,False,False,False
mstr,2017-12-04,13.625,16.66,16.68,True,True,False,False,False,False
mstr,2017-12-11,13.265000343322754,16.53,16.68,True,True,False,False,False,False
mstr,2017-12-18,13.192999839782717,16.4,16.68,True,True,False,False,False,False
mstr,2017-12-25,13.130000114440918,16.26,16.68,True,True,False,False,False,False
mstr,2018-01-01,13.50100040435791,16.12,16.68,True,True,False,False,False,False
mstr,2018-01-08,13.975000381469728,16.0,16.69,True,True,False,False,False,False
mstr,2018-01-15,14.097999572753906,15.89,16.7,True,True,False,False,False,False
mstr,2018-01-22,13.779000282287598,15.79,16.71,True,True,False,False,False,False
mstr,2018-01-29,13.57699966430664,15.68,16.72,True,True,False,False,False,False
mstr,2018-02-05,13.062000274658203,15.55,16.74,True,True,False,False,False,False
mstr,2018-02-12,13.755000114440918,15.44,16.75,True,True,False,False,False,False
mstr,2018-02-19,13.79800033569336,15.35,16.76,True,True,False,False,False,False
mstr,2018-02-26,12.54300022125244,15.21,16.76,True,True,False,False,False,False
mstr,2018-03-05,13.626999855041504,15.11,16.77,True,True,False,False,False,False
mstr,2018-03-12,13.175999641418455,15.0,16.77,True,True,False,False,False,False
mstr,2018-03-19,12.97700023651123,14.9,16.77,True,True,False,False,False,False
mstr,2018-03-26,12.89900016784668,14.79,16.76,True,True,False,False,False,False
mstr,2018-04-02,12.586999893188477,14.67,16.75,True,True,False,False,False,False
mstr,2018-04-09,13.017999649047852,14.55,16.74,True,True,False,False,False,False
mstr,2018-04-16,13.154999732971191,14.43,16.74,True,True,False,False,False,False
mstr,2018-04-23,12.668999671936035,14.31,16.73,True,True,False,False,False,False
mstr,2018-04-30,13.020000457763672,14.2,16.72,True,True,False,False,False,False
mstr,2018-05-07,12.928000450134276,14.1,16.72,True,True,False,False,False,False
mstr,2018-05-14,13.079999923706056,13.99,16.71,True,True,False,False,False,False
mstr,2018-05-21,13.071999549865724,13.89,16.71,True,True,False,False,False,False
mstr,2018-05-28,13.041999816894531,13.78,16.71,True,True,False,False,False,False
mstr,2018-06-04,12.996000289916992,13.67,16.7,True,True,False,False,False,False
mstr,2018-06-11,13.473999977111816,13.56,16.7,True,True,False,False,False,False
mstr,2018-06-18,13.114999771118164,13.45,16.7,True,True,False,False,False,False
mstr,2018-06-25,12.774999618530272,13.34,16.69,True,True,False,False,False,False
mstr,2018-07-02,13.48799991607666,13.23,16.69,False,True,False,False,True,False
mstr,2018-07-09,13.583000183105469,13.22,16.69,False,True,False,False,False,False
mstr,2018-07-16,13.529000282287598,13.22,16.69,False,True,False,False,False,False
mstr,2018-07-23,12.916000366210938,13.22,16.69,True,True,False,False,False,False
mstr,2018-07-30,13.48900032043457,13.24,16.68,False,True,False,False,True,False
mstr,2018-08-06,14.145999908447266,13.27,16.68,False,True,False,False,False,False
mstr,2018-08-13,13.95300006866455,13.29,16.68,False,True,False,False,False,False
mstr,2018-08-20,14.967000007629396,13.33,16.67,False,True,False,False,False,False
mstr,2018-08-27,14.899999618530272,13.38,16.67,False,True,False,False,False,False
mstr,2018-09-03,14.45400047302246,13.42,16.66,False,True,False,False,False,False
mstr,2018-09-10,14.913000106811523,13.46,16.65,False,True,False,False,False,False
mstr,2018-09-17,14.812000274658203,13.49,16.64,False,True,False,False,False,False
mstr,2018-09-24,14.062000274658203,13.5,16.63,False,True,False,False,False,False
mstr,2018-10-01,13.119999885559082,13.49,16.61,True,True,True,False,False,False
mstr,2018-10-08,12.727999687194824,13.47,16.59,True,True,False,False,False,False
mstr,2018-10-15,12.64799976348877,13.45,16.58,True,True,False,False,False,False
mstr,2018-10-22,12.24899959564209,13.43,16.55,True,True,False,False,False,False
mstr,2018-10-29,12.67300033569336,13.42,16.54,True,True,False,False,False,False
mstr,2018-11-05,12.82800006866455,13.4,16.52,True,True,False,False,False,False
mstr,2018-11-12,12.708000183105469,13.38,16.51,True,True,False,False,False,False
mstr,2018-11-19,12.4350004196167,13.36,16.48,True,True,False,False,False,False
mstr,2018-11-26,12.96399974822998,13.35,16.47,True,True,False,False,False,False
mstr,2018-12-03,12.758000373840332,13.34,16.45,True,True,False,False,False,False
mstr,2018-12-10,12.69200038909912,13.33,16.42,True,True,False,False,False,False
mstr,2018-12-17,11.657999992370604,13.3,16.39,True,True,False,False,False,False
mstr,2018-12-24,12.687999725341797,13.27,16.36,True,True,False,False,False,False
mstr,2018-12-31,13.039999961853027,13.25,16.35,True,True,False,False,False,False
mstr,2019-01-07,13.38599967956543,13.24,16.33,False,True,False,False,True,False
mstr,2019-01-14,13.631999969482422,13.24,16.31,False,True,False,False,False,False
mstr,2019-01-21,13.9399995803833,13.26,16.3,False,True,False,False,False,False
mstr,2019-01-28,12.803999900817873,13.24,16.27,True,True,True,False,False,False
mstr,2019-02-04,13.07800006866455,13.23,16.25,True,True,False,False,False,False
mstr,2019-02-11,14.105999946594238,13.26,16.24,False,True,False,False,True,False
mstr,2019-02-18,14.541000366210938,13.28,16.22,False,True,False,False,False,False
mstr,2019-02-25,14.173999786376951,13.3,16.2,False,True,False,False,False,False
mstr,2019-03-04,13.812000274658203,13.31,16.18,False,True,False,False,False,False
mstr,2019-03-11,14.833000183105469,13.35,16.17,False,True,False,False,False,False
mstr,2019-03-18,14.383000373840332,13.39,16.15,False,True,False,False,False,False
mstr,2019-03-25,14.425000190734863,13.42,16.13,False,True,False,False,False,False
mstr,2019-04-01,14.652000427246094,13.45,16.12,False,True,False,False,False,False
mstr,2019-04-08,15.0649995803833,13.49,16.1,False,True,False,False,False,False
mstr,2019-04-15,14.64799976348877,13.53,16.09,False,True,False,False,False,False
mstr,2019-04-22,14.94200038909912,13.57,16.07,False,True,False,False,False,False
mstr,2019-04-29,14.102999687194824,13.59,16.06,False,True,False,False,False,False
mstr,2019-05-06,13.925999641418455,13.61,16.04,False,True,False,False,False,False
mstr,2019-05-13,13.684000015258787,13.62,16.02,False,True,False,False,False,False
mstr,2019-05-20,13.407999992370604,13.63,15.99,True,True,True,False,False,False
mstr,2019-05-27,13.291000366210938,13.62,15.96,True,True,False,False,False,False
mstr,2019-06-03,13.71399974822998,13.63,15.92,False,True,False,False,False,False
mstr,2019-06-10,13.364999771118164,13.65,15.88,True,True,False,False,False,False
mstr,2019-06-17,14.67199993133545,13.67,15.85,False,True,False,False,True,False
mstr,2019-06-24,14.331000328063965,13.68,15.82,False,True,False,False,False,False
mstr,2019-07-01,14.02400016784668,13.69,15.79,False,True,False,False,False,False
mstr,2019-07-08,12.302000045776367,13.68,15.75,True,True,True,False,False,False
mstr,2019-07-15,12.175000190734863,13.66,15.71,True,True,False,False,False,False
mstr,2019-07-22,12.33199977874756,13.62,15.67,True,True,False,False,False,False
mstr,2019-07-29,13.43000030517578,13.61,15.64,True,True,False,False,False,False
mstr,2019-08-05,14.06999969482422,13.59,15.6,False,True,False,False,True,False
mstr,2019-08-12,13.732999801635742,13.57,15.57,False,True,False,False,False,False
mstr,2019-08-19,13.810999870300291,13.56,15.55,False,True,False,False,False,False
mstr,2019-08-26,14.32900047302246,13.54,15.53,False,True,False,False,False,False
mstr,2019-09-02,13.98900032043457,13.53,15.51,False,True,False,False,False,False
mstr,2019-09-09,14.57800006866455,13.54,15.5,False,True,False,False,False,False
mstr,2019-09-16,14.904999732971191,13.57,15.49,False,True,False,False,False,False
mstr,2019-09-23,14.70300006866455,13.61,15.47,False,True,False,False,False,False
mstr,2019-09-30,14.659000396728516,13.65,15.46,False,True,False,False,False,False
mstr,2019-10-07,14.414999961853027,13.7,15.44,False,True,False,False,False,False
mstr,2019-10-14,14.3149995803833,13.73,15.43,False,True,False,False,False,False
mstr,2019-10-21,14.57699966430664,13.76,15.41,False,True,False,False,False,False
mstr,2019-10-28,15.369000434875488,13.82,15.4,False,True,False,False,False,False
mstr,2019-11-04,15.61299991607666,13.88,15.4,False,False,False,False,False,True
mstr,2019-11-11,15.640000343322754,13.93,15.41,False,False,False,False,False,False
mstr,2019-11-18,15.15999984741211,13.98,15.41,False,True,False,True,False,False
mstr,2019-11-25,15.032999992370604,14.03,15.4,False,True,False,False,False,False
mstr,2019-12-02,15.15999984741211,14.1,15.39,False,True,False,False,False,False
mstr,2019-12-09,14.53499984741211,14.14,15.39,False,True,False,False,False,False
mstr,2019-12-16,14.520000457763672,14.17,15.39,False,True,False,False,False,False
mstr,2019-12-23,14.47599983215332,14.19,15.38,False,True,False,False,False,False
mstr,2019-12-30,14.357000350952148,14.2,15.37,False,True,False,False,False,False
mstr,2020-01-06,14.23900032043457,14.21,15.35,False,True,False,False,False,False
mstr,2020-01-13,14.673999786376951,14.25,15.34,False,True,False,False,False,False
mstr,2020-01-20,14.315999984741213,14.27,15.32,False,True,False,False,False,False
mstr,2020-01-27,15.20300006866455,14.29,15.31,False,True,False,False,False,False
mstr,2020-02-03,15.265999794006348,14.31,15.3,False,True,False,False,False,False
mstr,2020-02-10,14.883999824523926,14.32,15.28,False,True,False,False,False,False
mstr,2020-02-17,14.994999885559082,14.34,15.26,False,True,False,False,False,False
mstr,2020-02-24,13.515999794006348,14.32,15.23,True,True,True,False,False,False
mstr,2020-03-02,13.628000259399414,14.3,15.21,True,True,False,False,False,False
mstr,2020-03-09,11.133000373840332,14.24,15.17,True,True,False,False,False,False
mstr,2020-03-16,10.074000358581545,14.15,15.14,True,True,False,False,False,False
mstr,2020-03-23,10.630999565124512,14.06,15.09,True,True,False,False,False,False
mstr,2020-03-30,11.222999572753906,13.99,15.06,True,True,False,False,False,False
mstr,2020-04-06,12.541999816894531,13.94,15.02,True,True,False,False,False,False
mstr,2020-04-13,12.652999877929688,13.91,15.0,True,True,False,False,False,False
mstr,2020-04-20,12.55500030517578,13.88,14.97,True,True,False,False,False,False
mstr,2020-04-27,12.258999824523926,13.86,14.95,True,True,False,False,False,False
mstr,2020-05-04,12.467000007629396,13.84,14.92,True,True,False,False,False,False
mstr,2020-05-11,11.55799961090088,13.8,14.89,True,True,False,False,False,False
mstr,2020-05-18,12.237000465393066,13.77,14.85,True,True,False,False,False,False
mstr,2020-05-25,12.447999954223633,13.75,14.83,True,True,False,False,False,False
mstr,2020-06-01,12.520999908447266,13.71,14.81,True,True,False,False,False,False
mstr,2020-06-08,11.802000045776367,13.66,14.78,True,True,False,False,False,False
mstr,2020-06-15,11.819000244140623,13.62,14.76,True,True,False,False,False,False
mstr,2020-06-22,11.600000381469728,13.6,14.73,True,True,False,False,False,False
mstr,2020-06-29,11.734999656677246,13.59,14.71,True,True,False,False,False,False
mstr,2020-07-06,11.765999794006348,13.58,14.68,True,True,False,False,False,False
mstr,2020-07-13,11.833999633789062,13.55,14.66,True,True,False,False,False,False
mstr,2020-07-20,11.69499969482422,13.5,14.63,True,True,False,False,False,False
mstr,2020-07-27,12.392000198364258,13.48,14.61,True,True,False,False,False,False
mstr,2020-08-03,12.33899974822998,13.45,14.58,True,True,False,False,False,False
mstr,2020-08-10,14.663000106811523,13.45,14.57,False,False,False,False,True,False
mstr,2020-08-17,14.508000373840332,13.46,14.56,False,True,False,False,False,False
mstr,2020-08-24,14.689000129699709,13.47,14.54,False,False,False,False,False,False
mstr,2020-08-31,14.218999862670898,13.45,14.51,False,True,False,True,False,False
mstr,2020-09-07,14.11299991607666,13.44,14.49,False,True,False,False,False,False
mstr,2020-09-14,15.958999633789062,13.47,14.47,False,False,False,False,False,True
mstr,2020-09-21,14.61299991607666,13.47,14.44,False,False,False,False,False,False
mstr,2020-09-28,14.645999908447266,13.48,14.42,False,False,False,False,False,False
mstr,2020-10-05,16.472999572753906,13.51,14.4,False,False,False,False,False,False
mstr,2020-10-12,16.469999313354492,13.54,14.38,False,False,False,False,False,False
mstr,2020-10-19,18.43000030517578,13.59,14.37,False,False,False,False,False,False
mstr,2020-10-26,16.707000732421875,13.61,14.36,False,False,False,False,False,False
mstr,2020-11-02,18.562000274658203,13.68,14.35,False,False,False,False,False,False
mstr,2020-11-09,19.226999282836918,13.77,14.35,False,False,False,False,False,False
mstr,2020-11-16,22.211000442504883,13.91,14.36,False,False,False,False,False,False
mstr,2020-11-23,27.125999450683597,14.16,14.39,False,False,False,False,False,False
mstr,2020-11-30,32.79999923706055,14.53,14.46,False,False,False,False,False,False
mstr,2020-12-07,28.59199905395508,14.81,14.51,False,False,False,False,False,False
mstr,2020-12-14,30.1200008392334,15.12,14.56,False,False,False,False,False,False
mstr,2020-12-21,32.26100158691406,15.48,14.63,False,False,False,False,False,False
mstr,2020-12-28,38.85499954223633,15.97,14.72,False,False,False,False,False,False
mstr,2021-01-04,53.16400146484375,16.74,14.9,False,False,False,False,False,False
mstr,2021-01-11,57.80699920654297,17.6,15.09,False,False,False,False,False,False
mstr,2021-01-18,57.70299911499024,18.44,15.29,False,False,False,False,False,False
mstr,2021-01-25,61.73099899291992,19.38,15.5,False,False,False,False,False,False
mstr,2021-02-01,80.5999984741211,20.69,15.81,False,False,False,False,False,False
mstr,2021-02-08,103.43099975585938,22.49,16.24,False,False,False,False,False,False
mstr,2021-02-15,96.37200164794922,24.15,16.63,False,False,False,False,False,False
mstr,2021-02-22,75.04100036621094,25.42,16.91,False,False,False,False,False,False
mstr,2021-03-01,62.02399826049805,26.46,17.12,False,False,False,False,False,False
mstr,2021-03-08,78.4000015258789,27.82,17.42,False,False,False,False,False,False
mstr,2021-03-15,77.7040023803711,29.15,17.72,False,False,False,False,False,False
mstr,2021-03-22,62.400001525878906,30.15,17.94,False,False,False,False,False,False
mstr,2021-03-29,70.35600280761719,31.3,18.2,False,False,False,False,False,False
mstr,2021-04-05,71.0999984741211,32.47,18.46,False,False,False,False,False,False
mstr,2021-04-12,69.36199951171875,33.61,18.72,False,False,False,False,False,False
mstr,2021-04-19,61.30400085449219,34.59,18.93,False,False,False,False,False,False
mstr,2021-04-26,65.71600341796875,35.67,19.16,False,False,False,False,False,False
mstr,2021-05-03,62.04600143432617,36.67,19.38,False,False,False,False,False,False
mstr,2021-05-10,52.13100051879883,37.46,19.55,False,False,False,False,False,False
mstr,2021-05-17,45.05199813842773,38.11,19.68,False,False,False,False,False,False
mstr,2021-05-24,47.0,38.82,19.85,False,False,False,False,False,False
mstr,2021-05-31,48.46699905395508,39.55,20.02,False,False,False,False,False,False
mstr,2021-06-07,51.64400100708008,40.35,20.21,False,False,False,False,False,False
mstr,2021-06-14,64.64600372314453,41.41,20.47,False,False,False,False,False,False
mstr,2021-06-21,55.005001068115234,42.27,20.69,False,False,False,False,False,False
mstr,2021-06-28,63.56100082397461,43.31,20.94,False,False,False,False,False,False
mstr,2021-07-05,62.86600112915039,44.33,21.19,False,False,False,False,False,False
mstr,2021-07-12,52.30899810791016,45.13,21.39,False,False,False,False,False,False
mstr,2021-07-19,53.97100067138672,45.96,21.6,False,False,False,False,False,False
mstr,2021-07-26,62.60100173950195,46.92,21.84,False,False,False,False,False,False
mstr,2021-08-02,74.87200164794922,48.13,22.15,False,False,False,False,False,False
mstr,2021-08-09,72.80000305175781,49.29,22.45,False,False,False,False,False,False
mstr,2021-08-16,71.65599822998047,50.44,22.74,False,False,False,False,False,False
mstr,2021-08-23,70.72000122070312,51.57,23.02,False,False,False,False,False,False
mstr,2021-08-30,71.22599792480469,52.68,23.31,False,False,False,False,False,False
mstr,2021-09-06,61.55699920654297,53.62,23.55,False,False,False,False,False,False
mstr,2021-09-13,61.42900085449219,54.55,23.79,False,False,False,False,False,False
mstr,2021-09-20,59.93899917602539,55.42,24.02,False,False,False,False,False,False
mstr,2021-09-27,61.24599838256836,56.32,24.26,False,False,False,False,False,False
mstr,2021-10-04,70.88200378417969,57.37,24.55,False,False,False,False,False,False
mstr,2021-10-11,74.98500061035156,58.53,24.86,False,False,False,False,False,False
mstr,2021-10-18,71.85199737548828,59.6,25.15,False,False,False,False,False,False
mstr,2021-10-25,71.50599670410156,60.64,25.44,False,False,False,False,False,False
mstr,2021-11-01,79.7509994506836,61.79,25.77,False,False,False,False,False,False
mstr,2021-11-08,81.1729965209961,62.87,26.11,False,False,False,False,False,False
mstr,2021-11-15,71.83100128173828,63.66,26.4,False,False,False,False,False,False
mstr,2021-11-22,66.30000305175781,64.41,26.66,False,False,False,False,False,False
mstr,2021-11-29,63.0989990234375,65.07,26.91,True,False,True,False,False,False
mstr,2021-12-06,60.08399963378906,65.63,27.14,True,False,False,False,False,False
mstr,2021-12-13,57.15800094604492,65.99,27.36,True,False,False,False,False,False
mstr,2021-12-20,59.72100067138672,66.12,27.59,True,False,False,False,False,False
mstr,2021-12-27,54.44900131225586,66.06,27.8,True,False,False,False,False,False
mstr,2022-01-03,48.29499816894531,65.87,27.97,True,False,False,False,False,False
mstr,2022-01-10,49.95600128173828,65.63,28.16,True,False,False,False,False,False
mstr,2022-01-17,37.5890007019043,64.77,28.28,True,False,False,False,False,False
mstr,2022-01-24,33.89500045776367,63.38,28.39,True,False,False,False,False,False
mstr,2022-01-31,39.16400146484375,62.24,28.52,True,False,False,False,False,False
mstr,2022-02-07,41.10100173950195,61.56,28.66,True,False,False,False,False,False
mstr,2022-02-14,39.59700012207031,61.11,28.79,True,False,False,False,False,False
mstr,2022-02-21,40.5,60.35,28.93,True,False,False,False,False,False
mstr,2022-02-28,41.0359992980957,59.62,29.07,True,False,False,False,False,False
mstr,2022-03-07,39.08200073242188,59.15,29.2,True,False,False,False,False,False
mstr,2022-03-14,45.428001403808594,58.65,29.36,True,False,False,False,False,False
mstr,2022-03-21,47.242000579833984,58.18,29.53,True,False,False,False,False,False
mstr,2022-03-28,49.09799957275391,57.77,29.71,True,False,False,False,False,False
mstr,2022-04-04,45.32400131225586,57.45,29.88,True,False,False,False,False,False
mstr,2022-04-11,44.91899871826172,57.04,30.03,True,False,False,False,False,False
mstr,2022-04-18,40.90800094604492,56.61,30.17,True,False,False,False,False,False
mstr,2022-04-25,35.41699981689453,56.28,30.29,True,False,False,False,False,False
mstr,2022-05-02,29.423999786376957,55.97,30.37,True,True,False,True,False,False
mstr,2022-05-09,20.457000732421875,55.43,30.4,True,True,False,False,False,False
mstr,2022-05-16,20.274999618530277,54.87,30.43,True,True,False,False,False,False
mstr,2022-05-23,21.93899917602539,54.28,30.48,True,True,False,False,False,False
mstr,2022-05-30,22.722000122070312,53.44,30.52,True,True,False,False,False,False
mstr,2022-06-06,20.336000442504883,52.74,30.56,True,True,False,False,False,False
mstr,2022-06-13,16.760000228881836,51.81,30.57,True,True,False,False,False,False
mstr,2022-06-20,20.54400062561035,50.96,30.6,True,True,False,False,False,False
mstr,2022-06-27,16.677000045776367,50.25,30.61,True,True,False,False,False,False
mstr,2022-07-04,22.12800025939941,49.61,30.64,True,True,False,False,False,False
mstr,2022-07-11,21.39800071716309,48.79,30.68,True,True,False,False,False,False
mstr,2022-07-18,28.191999435424805,47.86,30.74,True,True,False,False,False,False
mstr,2022-07-25,28.606000900268555,46.97,30.82,True,True,False,False,False,False
mstr,2022-08-01,31.915000915527344,46.18,30.91,True,False,False,False,False,True
mstr,2022-08-08,35.28400039672852,45.47,31.02,True,False,False,False,False,False
mstr,2022-08-15,28.299999237060547,44.61,31.1,True,True,False,True,False,False
mstr,2022-08-22,24.920000076293945,43.88,31.16,True,True,False,False,False,False
mstr,2022-08-29,21.80599975585937,43.08,31.21,True,True,False,False,False,False
mstr,2022-09-05,26.19700050354004,42.41,31.28,True,True,False,False,False,False
mstr,2022-09-12,20.63400077819824,41.6,31.32,True,True,False,False,False,False
mstr,2022-09-19,19.145000457763672,40.56,31.35,True,True,False,False,False,False
mstr,2022-09-26,21.22599983215332,39.49,31.39,True,True,False,False,False,False
mstr,2022-10-03,22.030000686645508,38.49,31.44,True,True,False,False,False,False
mstr,2022-10-10,20.93099975585937,37.48,31.48,True,True,False,False,False,False
mstr,2022-10-17,23.261999130249023,36.35,31.54,True,True,False,False,False,False
mstr,2022-10-24,27.999000549316406,35.29,31.61,True,True,False,False,False,False
mstr,2022-10-31,27.709999084472656,34.4,31.69,True,True,False,False,False,False
mstr,2022-11-07,17.51799964904785,33.43,31.71,True,True,False,False,False,False
mstr,2022-11-14,17.011999130249023,32.51,31.73,True,True,False,False,False,False
mstr,2022-11-21,18.299999237060547,31.67,31.75,True,True,False,False,False,False
mstr,2022-11-28,20.694000244140625,30.94,31.79,True,True,False,False,False,False
mstr,2022-12-05,20.325000762939453,30.15,31.82,True,True,False,False,False,False
mstr,2022-12-12,17.375,29.41,31.84,True,True,False,False,False,False
mstr,2022-12-19,16.267000198364258,28.77,31.85,True,True,False,False,False,False
mstr,2022-12-26,14.156999588012695,28.06,31.85,True,True,False,False,False,False
mstr,2023-01-02,16.045000076293945,27.62,31.86,True,True,False,False,False,False
mstr,2023-01-09,21.69700050354004,27.38,31.89,True,True,False,False,False,False
mstr,2023-01-16,24.00300025939941,27.08,31.94,True,True,False,False,False,False
mstr,2023-01-23,25.836000442504883,26.77,32.0,True,True,False,False,False,False
mstr,2023-01-30,28.47599983215332,26.55,32.07,False,True,False,False,False,False
mstr,2023-02-06,24.33699989318848,26.23,32.11,True,True,False,False,False,False
mstr,2023-02-13,29.405000686645508,25.99,32.19,False,True,False,False,False,False
mstr,2023-02-20,25.57999992370605,25.72,32.24,True,True,True,False,False,False
mstr,2023-02-27,24.69099998474121,25.31,32.29,True,True,False,False,False,False
mstr,2023-03-06,19.201000213623047,24.75,32.32,True,True,False,False,False,False
mstr,2023-03-13,26.766000747680664,24.3,32.39,False,True,False,False,True,False
mstr,2023-03-20,25.66699981689453,23.91,32.45,False,True,False,False,False,False
mstr,2023-03-27,29.23200035095215,23.59,32.53,False,True,False,False,False,False
mstr,2023-04-03,29.01000022888184,23.36,32.6,False,True,False,False,False,False
mstr,2023-04-10,33.375,23.32,32.7,False,False,False,False,False,False
mstr,2023-04-17,29.101999282836918,23.31,32.77,False,True,False,True,False,False
mstr,2023-04-24,32.8380012512207,23.56,32.87,False,True,False,False,False,False
mstr,2023-05-01,32.672000885009766,23.8,32.96,False,True,False,False,False,False
mstr,2023-05-08,27.100000381469727,23.91,33.03,False,True,False,False,False,False
mstr,2023-05-15,28.827999114990234,24.03,33.12,False,True,False,False,False,False
mstr,2023-05-22,28.51000022888184,24.19,33.2,False,True,False,False,False,False
mstr,2023-05-29,30.21299934387207,24.46,33.28,False,True,False,False,False,False
mstr,2023-06-05,28.232999801635746,24.62,33.35,False,True,False,False,False,False
mstr,2023-06-12,29.339000701904297,24.87,33.43,False,True,False,False,False,False
mstr,2023-06-19,32.9109992980957,25.09,33.53,False,True,False,False,False,False
mstr,2023-06-26,34.242000579833984,25.34,33.63,False,False,False,False,False,True
mstr,2023-07-03,38.07400131225586,25.54,33.75,False,False,False,False,False,False
mstr,2023-07-10,45.88600158691406,25.89,33.9,False,False,False,False,False,False
mstr,2023-07-17,43.665000915527344,26.12,34.05,False,False,False,False,False,False
mstr,2023-07-24,43.46099853515625,26.28,34.19,False,False,False,False,False,False
mstr,2023-07-31,37.696998596191406,26.47,34.31,False,False,False,False,False,False
mstr,2023-08-07,38.430999755859375,26.74,34.43,False,False,False,False,False,False
mstr,2023-08-14,32.86199951171875,26.96,34.52,False,True,False,True,False,False
mstr,2023-08-21,33.60499954223633,27.11,34.61,False,True,False,False,False,False
mstr,2023-08-28,35.14799880981445,27.4,34.71,False,False,False,False,False,True
mstr,2023-09-04,35.62799835205078,27.73,34.81,False,False,False,False,False,False
mstr,2023-09-11,34.077999114990234,27.99,34.91,False,True,False,True,False,False
mstr,2023-09-18,32.28099822998047,28.19,34.99,False,True,False,False,False,False
mstr,2023-09-25,32.827999114990234,28.43,35.08,False,True,False,False,False,False
mstr,2023-10-02,34.0629997253418,28.65,35.17,False,True,False,False,False,False
mstr,2023-10-09,31.82200050354004,28.72,35.26,False,True,False,False,False,False
mstr,2023-10-16,34.80400085449219,28.87,35.36,False,True,False,False,False,False
mstr,2023-10-23,40.67599868774414,29.33,35.49,False,False,False,False,False,True
mstr,2023-10-30,45.39500045776367,29.9,35.65,False,False,False,False,False,False
mstr,2023-11-06,50.917999267578125,30.55,35.83,False,False,False,False,False,False
mstr,2023-11-13,48.62200164794922,31.11,36.0,False,False,False,False,False,False
mstr,2023-11-20,52.02399826049805,31.74,36.19,False,False,False,False,False,False
mstr,2023-11-27,52.76800155639648,32.45,36.38,False,False,False,False,False,False
mstr,2023-12-04,59.93899917602539,33.32,36.6,False,False,False,False,False,False
mstr,2023-12-11,57.04100036621094,34.18,36.81,False,False,False,False,False,False
mstr,2023-12-18,61.92399978637695,35.1,37.05,False,False,False,False,False,False
mstr,2023-12-25,63.1619987487793,35.93,37.3,False,False,False,False,False,False
mstr,2024-01-01,63.108001708984375,36.71,37.54,False,False,False,False,False,False
mstr,2024-01-08,48.553001403808594,37.16,37.73,False,False,False,False,False,False
mstr,2024-01-15,48.09999847412109,37.56,37.92,False,False,False,False,False,False
mstr,2024-01-22,49.45000076293945,38.06,38.11,False,False,False,False,False,False
mstr,2024-01-29,50.0099983215332,38.47,38.31,False,False,False,False,False,False
mstr,2024-02-05,64.63200378417969,39.25,38.57,False,False,False,False,False,False
mstr,2024-02-12,69.95600128173828,40.16,38.85,False,False,False,False,False,False
mstr,2024-02-19,68.74400329589844,41.15,39.14,False,False,False,False,False,False
mstr,2024-02-26,107.93900299072266,42.77,39.61,False,False,False,False,False,False
mstr,2024-03-04,142.5590057373047,45.11,40.26,False,False,False,False,False,False
mstr,2024-03-11,178.23599243164062,48.09,41.1,False,False,False,False,False,False
mstr,2024-03-18,152.3000030517578,50.56,41.8,False,False,False,False,False,False
mstr,2024-03-25,170.45599365234375,53.3,42.59,False,False,False,False,False,False
mstr,2024-04-01,143.89999389648438,55.59,43.25,False,False,False,False,False,False
mstr,2024-04-08,147.95799255371094,57.9,43.93,False,False,False,False,False,False
mstr,2024-04-15,117.41100311279295,59.59,44.45,False,False,False,False,False,False
mstr,2024-04-22,128.23800659179688,61.61,45.04,False,False,False,False,False,False
mstr,2024-04-29,122.3010025024414,63.48,45.59,False,False,False,False,False,False
mstr,2024-05-06,118.0479965209961,65.27,46.12,False,False,False,False,False,False
mstr,2024-05-13,158.4499969482422,67.84,46.85,False,False,False,False,False,False
mstr,2024-05-20,168.48399353027344,70.64,47.64,False,False,False,False,False,False
mstr,2024-05-27,152.44900512695312,73.1,48.34,False,False,False,False,False,False
mstr,2024-06-03,159.6199951171875,75.64,49.08,False,False,False,False,False,False
mstr,2024-06-10,149.5540008544922,77.95,49.75,False,False,False,False,False,False
mstr,2024-06-17,148.37600708007812,80.15,50.42,False,False,False,False,False,False
mstr,2024-06-24,137.7480010986328,81.99,51.03,False,False,False,False,False,False
mstr,2024-07-01,128.1719970703125,83.68,51.6,False,False,False,False,False,False
mstr,2024-07-08,139.67599487304688,85.6,52.23,False,False,False,False,False,False
mstr,2024-07-15,177.85000610351562,88.41,53.04,False,False,False,False,False,False
mstr,2024-07-22,175.27099609375,91.14,53.84,False,False,False,False,False,False
mstr,2024-07-29,144.7989959716797,93.38,54.5,False,False,False,False,False,False
mstr,2024-08-05,135.3699951171875,95.42,55.09,False,False,False,False,False,False
mstr,2024-08-12,133.0399932861328,97.37,55.67,False,False,False,False,False,False
mstr,2024-08-19,150.00999450683594,99.66,56.33,False,False,False,False,False,False
mstr,2024-08-26,132.4199981689453,101.63,56.91,False,False,False,False,False,False
mstr,2024-09-02,114.3000030517578,103.27,57.39,False,False,False,False,False,False
mstr,2024-09-09,141.47000122070312,105.44,58.0,False,False,False,False,False,False
mstr,2024-09-16,144.77999877929688,107.66,58.61,False,False,False,False,False,False
mstr,2024-09-23,176.22000122070312,110.54,59.36,False,False,False,False,False,False
mstr,2024-09-30,176.50999450683594,113.38,60.08,False,False,False,False,False,False
mstr,2024-10-07,212.58999633789065,116.82,61.0,False,False,False,False,False,False
mstr,2024-10-14,215.8600006103516,120.23,61.92,False,False,False,False,False,False
mstr,2024-10-21,234.33999633789065,123.89,62.93,False,False,False,False,False,False
mstr,2024-10-28,229.7100067138672,127.52,63.89,False,False,False,False,False,False
mstr,2024-11-04,270.4200134277344,131.88,64.98,False,False,False,False,False,False
mstr,2024-11-11,340.6499938964844,137.64,66.39,False,False,False,False,False,False
mstr,2024-11-18,421.8800048828125,144.88,68.21,False,False,False,False,False,False
mstr,2024-11-25,387.4700012207031,151.49,69.84,False,False,False,False,False,False
mstr,2024-12-02,395.010009765625,158.15,71.41,False,False,False,False,False,False
mstr,2024-12-09,408.6700134277344,165.06,72.94,False,False,False,False,False,False
mstr,2024-12-16,364.2000122070313,171.08,74.28,False,False,False,False,False,False
mstr,2024-12-23,330.0,176.71,75.55,False,False,False,False,False,False
mstr,2024-12-30,339.6600036621094,182.54,76.94,False,False,False,False,False,False
mstr,2025-01-06,327.9100036621094,188.11,78.19,False,False,False,False,False,False
mstr,2025-01-13,396.5,195.04,79.78,False,False,False,False,False,False
mstr,2025-01-20,353.6700134277344,200.82,81.24,False,False,False,False,False,False
mstr,2025-01-27,334.7900085449219,206.12,82.56,False,False,False,False,False,False
mstr,2025-02-03,327.5599975585937,211.3,83.84,False,False,False,False,False,False
mstr,2025-02-10,337.7300109863281,215.89,85.18,False,False,False,False,False,False
mstr,2025-02-17,299.69000244140625,219.03,86.38,False,False,False,False,False,False
mstr,2025-02-24,255.42999267578125,220.58,87.32,False,False,False,False,False,False
mstr,2025-03-03,287.17999267578125,223.28,88.45,False,False,False,False,False,False
mstr,2025-03-10,297.489990234375,225.82,89.68,False,False,False,False,False,False
mstr,2025-03-17,304.0,229.02,90.97,False,False,False,False,False,False
mstr,2025-03-24,289.4100036621094,231.85,92.18,False,False,False,False,False,False
mstr,2025-03-31,293.6099853515625,235.37,93.41,False,False,False,False,False,False
mstr,2025-04-07,299.9800109863281,238.81,94.65,False,False,False,False,False,False
mstr,2025-04-14,317.20001220703125,242.7,95.91,False,False,False,False,False,False
mstr,2025-04-21,368.7099914550781,247.72,97.48,False,False,False,False,False,False
mstr,2025-04-28,394.3699951171875,252.44,99.14,False,False,False,False,False,False
mstr,2025-05-05,416.0299987792969,257.39,100.9,False,False,False,False,False,False
mstr,2025-05-12,399.7999877929688,262.33,102.64,False,False,False,False,False,False
mstr,2025-05-19,369.510009765625,266.53,104.22,False,False,False,False,False,False
mstr,2025-05-26,369.05999755859375,270.92,105.75,False,False,False,False,False,False
mstr,2025-06-02,374.4700012207031,275.44,107.25,False,False,False,False,False,False
mstr,2025-06-09,382.8699951171875,280.35,108.8,False,False,False,False,False,False
mstr,2025-06-16,369.7000122070313,285.18,110.29,False,False,False,False,False,False
mstr,2025-06-23,383.8800048828125,290.06,111.85,False,False,False,False,False,False
mstr,2025-06-30,403.989990234375,294.58,113.52,False,False,False,False,False,False
mstr,2025-07-07,434.5799865722656,299.77,115.38,False,False,False,False,False,False
mstr,2025-07-14,423.2200012207031,305.34,117.19,False,False,False,False,False,False
mstr,2025-07-21,405.8900146484375,310.75,118.92,False,False,False,False,False,False
mstr,2025-07-28,366.6300048828125,315.42,120.45,False,False,False,False,False,False
mstr,2025-08-04,395.1300048828125,320.32,122.07,False,False,False,False,False,False
mstr,2025-08-11,366.3200073242188,325.0,123.53,False,False,False,False,False,False
mstr,2025-08-18,358.1300048828125,329.88,124.96,False,False,False,False,False,False
mstr,2025-08-25,334.4100036621094,333.74,126.27,False,False,False,False,False,False
mstr,2025-09-01,335.8699951171875,337.56,127.55,True,False,True,False,False,False
mstr,2025-09-08,331.44000244140625,340.66,128.8,True,False,False,False,False,False
mstr,2025-09-15,344.75,344.03,130.17,False,False,False,False,False,False
mstr,2025-09-22,309.0599975585937,345.96,131.38,True,False,False,False,False,False
mstr,2025-09-29,351.6300048828125,348.67,132.83,False,False,False,False,False,False
mstr,2025-10-06,304.7900085449219,350.08,134.05,True,False,True,False,False,False
mstr,2025-10-13,289.8699951171875,351.28,135.21,True,False,False,False,False,False
mstr,2025-10-20,289.0799865722656,351.66,136.36,True,False,False,False,False,False
mstr,2025-10-27,269.510009765625,350.23,137.43,True,False,False,False,False,False
mstr,2025-11-03,241.92999267578125,346.64,138.4,True,False,False,False,False,False
mstr,2025-11-10,199.75,342.88,139.15,True,False,False,False,False,False
mstr,2025-11-17,170.5,338.39,139.82,True,False,False,False,False,False
mstr,2025-11-24,177.17999267578125,333.76,140.53,True,False,False,False,False,False
mstr,2025-12-01,178.99000549316406,330.06,141.23,True,False,False,False,False,False
mstr,2025-12-08,176.4499969482422,326.99,141.91,True,False,False,False,False,False
mstr,2025-12-15,164.82000732421875,323.49,142.53,True,False,False,False,False,False
mstr,2025-12-22,158.80999755859375,320.11,143.13,True,False,False,False,False,False
mstr,2025-12-29,157.16000366210938,315.32,143.71,True,False,False,False,False,False
mstr,2026-01-05,157.3300018310547,311.39,144.3,True,False,False,False,False,False
mstr,2026-01-12,173.7100067138672,308.17,144.94,True,False,False,False,False,False
mstr,2026-01-19,163.11000061035156,304.88,145.52,True,False,False,False,False,False
mstr,2026-01-26,149.7100067138672,301.12,146.02,True,False,False,False,False,False
mstr,2026-02-02,134.92999267578125,297.83,146.47,True,True,False,True,False,False
mstr,2026-02-09,133.8800048828125,295.4,146.91,True,True,False,False,False,False
mstr,2026-02-16,131.0500030517578,292.27,147.37,True,True,False,False,False,False
mstr,2026-02-23,129.5,288.91,147.84,True,True,False,False,False,False
mstr,2026-03-02,133.52999877929688,285.5,148.36,True,True,False,False,False,False
mstr,2026-03-09,139.6699981689453,282.51,148.95,True,True,False,False,False,False
mstr,2026-03-16,135.66000366210938,279.35,149.53,True,True,False,False,False,False
mstr,2026-03-23,126.02999877929688,275.87,150.05,True,True,False,False,False,False
mstr,2026-03-30,119.83000183105467,271.92,150.54,True,True,False,False,False,False
mstr,2026-04-06,128.63999938964844,267.12,151.08,True,True,False,False,False,False
mstr,2026-04-13,166.52000427246094,262.57,151.83,True,False,False,False,False,True
mstr,2026-04-20,171.02000427246094,257.67,152.58,True,False,False,False,False,False
mstr,2026-04-27,177.1699981689453,253.21,153.38,True,False,False,False,False,False
mstr,2026-05-04,187.58999633789065,249.58,154.21,True,False,False,False,False,False
mstr,2026-05-11,177.4199981689453,245.74,154.99,True,False,False,False,False,False
mstr,2026-05-18,159.88999938964844,241.45,155.65,True,False,False,False,False,False
mstr,2026-05-25,159.08999633789062,236.98,156.3,True,False,False,False,False,False
mstr,2026-06-01,120.44000244140624,231.99,156.74,True,True,False,True,False,False
mstr,2026-06-08,123.97000122070312,226.79,157.18,True,True,False,False,False,False
mstr,2026-06-15,112.52999877929688,220.96,157.61,True,True,False,False,False,False
mstr,2026-06-22,82.30999755859375,213.92,157.89,True,True,False,False,False,False
mstr,2026-06-29,100.7699966430664,207.47,158.29,True,True,False,False,False,False
mstr,2026-07-06,94.63999938964844,201.24,158.63,True,True,False,False,False,False
mstr,2026-07-13,94.8499984741211,195.81,159.0,True,True,False,False,False,False
mstr,2026-07-20,91.66999816894533,189.74,159.36,True,True,False,False,False,False
mstr,2026-07-27,93.27999877929688,184.28,159.72,True,True,False,False,False,False
mstr,2026-08-03,100.01000213623048,179.12,160.11,True,True,False,False,False,False
mstr,2026-08-10,93.04000091552734,174.29,160.47,True,True,False,False,False,False
mstr,2026-08-17,119.25,169.96,160.95,True,True,False,False,False,False
mstr,2026-08-24,127.30999755859376,165.87,161.45,True,True,False,False,False,False
wgmi,2022-02-07,26.68000030517578,,,False,False,False,False,False,False
wgmi,2022-02-14,24.5,,,False,False,False,False,False,False
wgmi,2022-02-21,24.459999084472656,,,False,False,False,False,False,False
wgmi,2022-02-28,22.83099937438965,,,False,False,False,False,False,False
wgmi,2022-03-07,22.71999931335449,,,False,False,False,False,False,False
wgmi,2022-03-14,25.812000274658203,,,False,False,False,False,False,False
wgmi,2022-03-21,26.450000762939453,,,False,False,False,False,False,False
wgmi,2022-03-28,25.65999984741211,,,False,False,False,False,False,False
wgmi,2022-04-04,22.530000686645508,,,False,False,False,False,False,False
wgmi,2022-04-11,21.09000015258789,,,False,False,False,False,False,False
wgmi,2022-04-18,19.020000457763672,,,False,False,False,False,False,False
wgmi,2022-04-25,17.290000915527344,,,False,False,False,False,False,False
wgmi,2022-05-02,16.538000106811523,,,False,False,False,False,False,False
wgmi,2022-05-09,13.625,,,False,False,False,False,False,False
wgmi,2022-05-16,13.104000091552734,,,False,False,False,False,False,False
wgmi,2022-05-23,13.600000381469728,,,False,False,False,False,False,False
wgmi,2022-05-30,13.506999969482422,,,False,False,False,False,False,False
wgmi,2022-06-06,11.602999687194824,,,False,False,False,False,False,False
wgmi,2022-06-13,9.760000228881836,,,False,False,False,False,False,False
wgmi,2022-06-20,10.539999961853027,,,False,False,False,False,False,False
wgmi,2022-06-27,9.026000022888184,,,False,False,False,False,False,False
wgmi,2022-07-04,10.479999542236328,,,False,False,False,False,False,False
wgmi,2022-07-11,9.913000106811523,,,False,False,False,False,False,False
wgmi,2022-07-18,11.302000045776367,,,False,False,False,False,False,False
wgmi,2022-07-25,11.329999923706056,,,False,False,False,False,False,False
wgmi,2022-08-01,12.399999618530272,,,False,False,False,False,False,False
wgmi,2022-08-08,15.130000114440918,,,False,False,False,False,False,False
wgmi,2022-08-15,11.720000267028809,,,False,False,False,False,False,False
wgmi,2022-08-22,10.755000114440918,,,False,False,False,False,False,False
wgmi,2022-08-29,10.130000114440918,,,False,False,False,False,False,False
wgmi,2022-09-05,11.25,,,False,False,False,False,False,False
wgmi,2022-09-12,9.949999809265137,,,False,False,False,False,False,False
wgmi,2022-09-19,8.510000228881836,,,False,False,False,False,False,False
wgmi,2022-09-26,8.569999694824219,,,False,False,False,False,False,False
wgmi,2022-10-03,8.220000267028809,,,False,False,False,False,False,False
wgmi,2022-10-10,7.130000114440918,,,False,False,False,False,False,False
wgmi,2022-10-17,7.070000171661377,,,False,False,False,False,False,False
wgmi,2022-10-24,7.860000133514404,,,False,False,False,False,False,False
wgmi,2022-10-31,6.980000019073486,,,False,False,False,False,False,False
wgmi,2022-11-07,6.710000038146973,,,False,False,False,False,False,False
wgmi,2022-11-14,5.869999885559082,,,False,False,False,False,False,False
wgmi,2022-11-21,5.679999828338623,,,False,False,False,False,False,False
wgmi,2022-11-28,5.789999961853027,,,False,False,False,False,False,False
wgmi,2022-12-05,5.260000228881836,,,False,False,False,False,False,False
wgmi,2022-12-12,4.699999809265137,,,False,False,False,False,False,False
wgmi,2022-12-19,4.420000076293945,,,False,False,False,False,False,False
wgmi,2022-12-26,4.46999979019165,,,False,False,False,False,False,False
wgmi,2023-01-02,5.210000038146973,,,False,False,False,False,False,False
wgmi,2023-01-09,7.789999961853027,,,False,False,False,False,False,False
wgmi,2023-01-16,8.289999961853027,12.66,,True,False,True,False,False,False
wgmi,2023-01-23,9.18000030517578,12.31,,True,False,False,False,False,False
wgmi,2023-01-30,9.369999885559082,12.01,,True,False,False,False,False,False
wgmi,2023-02-06,7.820000171661377,11.68,,True,False,False,False,False,False
wgmi,2023-02-13,9.0600004196167,11.4,,True,False,False,False,False,False
wgmi,2023-02-20,7.75,11.1,,True,False,False,False,False,False
wgmi,2023-02-27,7.539999961853027,10.74,,True,False,False,False,False,False
wgmi,2023-03-06,6.409999847412109,10.34,,True,False,False,False,False,False
wgmi,2023-03-13,8.489999771118164,9.99,,True,False,False,False,False,False
wgmi,2023-03-20,8.670000076293945,9.72,,True,False,False,False,False,False
wgmi,2023-03-27,9.3100004196167,9.48,,True,False,False,False,False,False
wgmi,2023-04-03,8.8100004196167,9.28,,True,False,False,False,False,False
wgmi,2023-04-10,11.75,9.17,,False,False,False,False,True,False
wgmi,2023-04-17,10.013999938964844,9.04,,False,False,False,False,False,False
wgmi,2023-04-24,10.5,8.97,,False,False,False,False,False,False
wgmi,2023-05-01,10.689000129699709,8.93,,False,False,False,False,False,False
wgmi,2023-05-08,9.6899995803833,8.85,,False,False,False,False,False,False
wgmi,2023-05-15,10.449999809265137,8.79,,False,False,False,False,False,False
wgmi,2023-05-22,10.420000076293944,8.76,,False,False,False,False,False,False
wgmi,2023-05-29,11.020000457763672,8.79,,False,False,False,False,False,False
wgmi,2023-06-05,10.170000076293944,8.78,,False,False,False,False,False,False
wgmi,2023-06-12,10.979999542236328,8.82,,False,False,False,False,False,False
wgmi,2023-06-19,12.979999542236328,8.87,,False,False,False,False,False,False
wgmi,2023-06-26,13.010000228881836,8.93,,False,False,False,False,False,False
wgmi,2023-07-03,15.413000106811523,9.01,,False,False,False,False,False,False
wgmi,2023-07-10,17.799999237060547,9.14,,False,False,False,False,False,False
wgmi,2023-07-17,16.274999618530273,9.22,,False,False,False,False,False,False
wgmi,2023-07-24,15.850000381469728,9.24,,False,False,False,False,False,False
wgmi,2023-07-31,14.229999542236328,9.29,,False,False,False,False,False,False
wgmi,2023-08-07,14.260000228881836,9.36,,False,False,False,False,False,False
wgmi,2023-08-14,11.5,9.38,,False,False,False,False,False,False
wgmi,2023-08-21,10.760000228881836,9.37,,False,False,False,False,False,False
wgmi,2023-08-28,11.140000343322754,9.4,,False,False,False,False,False,False
wgmi,2023-09-04,10.739999771118164,9.44,,False,False,False,False,False,False
wgmi,2023-09-11,10.449999809265137,9.48,,False,False,False,False,False,False
wgmi,2023-09-18,9.350000381469728,9.5,,True,False,True,False,False,False
wgmi,2023-09-25,9.3100004196167,9.55,,True,False,False,False,False,False
wgmi,2023-10-02,9.329999923706056,9.59,,True,False,False,False,False,False
wgmi,2023-10-09,8.520000457763672,9.6,,True,False,False,False,False,False
wgmi,2023-10-16,8.710000038146973,9.64,,True,False,False,False,False,False
wgmi,2023-10-23,9.460000038146973,9.69,,True,False,False,False,False,False
wgmi,2023-10-30,10.579999923706056,9.79,,False,False,False,False,False,False
wgmi,2023-11-06,9.56999969482422,9.87,,True,False,True,False,False,False
wgmi,2023-11-13,9.3100004196167,9.94,,True,False,False,False,False,False
wgmi,2023-11-20,10.369999885559082,10.04,,False,False,False,False,True,False
wgmi,2023-11-27,12.600000381469728,10.2,,False,False,False,False,False,False
wgmi,2023-12-04,14.75,10.4,,False,False,False,False,False,False
wgmi,2023-12-11,15.0,10.61,,False,False,False,False,False,False
wgmi,2023-12-18,18.989999771118164,10.89,,False,False,False,False,False,False
wgmi,2023-12-25,18.0,11.09,,False,False,False,False,False,False
wgmi,2024-01-01,16.850000381469727,11.26,,False,False,False,False,False,False
wgmi,2024-01-08,13.979999542236328,11.36,,False,False,False,False,False,False
wgmi,2024-01-15,12.079999923706056,11.41,,False,False,False,False,False,False
wgmi,2024-01-22,13.3100004196167,11.52,,False,False,False,False,False,False
wgmi,2024-01-29,12.920000076293944,11.6,,False,False,False,False,False,False
wgmi,2024-02-05,16.975000381469727,11.79,,False,False,False,False,False,False
wgmi,2024-02-12,19.030000686645508,12.02,,False,False,False,False,False,False
wgmi,2024-02-19,17.09000015258789,12.23,,False,False,False,False,False,False
wgmi,2024-02-26,17.979999542236328,12.42,,False,False,False,False,False,False
wgmi,2024-03-04,17.56999969482422,12.6,,False,False,False,False,False,False
wgmi,2024-03-11,15.779999732971191,12.73,,False,False,False,False,False,False
wgmi,2024-03-18,17.100000381469727,12.89,,False,False,False,False,False,False
wgmi,2024-03-25,18.299999237060547,13.02,,False,False,False,False,False,False
wgmi,2024-04-01,15.710000038146973,13.14,,False,False,False,False,False,False
wgmi,2024-04-08,14.050000190734863,13.21,,False,False,False,False,False,False
wgmi,2024-04-15,14.59000015258789,13.29,,False,False,False,False,False,False
wgmi,2024-04-22,16.219999313354492,13.42,,False,False,False,False,False,False
wgmi,2024-04-29,14.770000457763672,13.5,,False,False,False,False,False,False
wgmi,2024-05-06,14.199999809265137,13.58,,False,False,False,False,False,False
wgmi,2024-05-13,15.31999969482422,13.66,,False,False,False,False,False,False
wgmi,2024-05-20,17.110000610351562,13.8,,False,False,False,False,False,False
wgmi,2024-05-27,16.450000762939453,13.91,,False,False,False,False,False,False
wgmi,2024-06-03,18.920000076293945,14.03,,False,False,False,False,False,False
wgmi,2024-06-10,22.170000076293945,14.21,,False,False,False,False,False,False
wgmi,2024-06-17,21.6299991607666,14.34,,False,False,False,False,False,False
wgmi,2024-06-24,21.170000076293945,14.41,,False,False,False,False,False,False
wgmi,2024-07-01,23.739999771118164,14.56,,False,False,False,False,False,False
wgmi,2024-07-08,22.75,14.69,,False,False,False,False,False,False
wgmi,2024-07-15,24.670000076293945,14.9,,False,False,False,False,False,False
wgmi,2024-07-22,22.43000030517578,15.07,,False,False,False,False,False,False
wgmi,2024-07-29,18.5,15.21,,False,False,False,False,False,False
wgmi,2024-08-05,17.8700008392334,15.35,,False,False,False,False,False,False
wgmi,2024-08-12,18.09000015258789,15.49,,False,False,False,False,False,False
wgmi,2024-08-19,20.049999237060547,15.67,,False,False,False,False,False,False
wgmi,2024-08-26,17.760000228881836,15.82,,False,False,False,False,False,False
wgmi,2024-09-02,14.949999809265137,15.93,,True,False,False,False,False,False
wgmi,2024-09-09,17.479999542236328,16.1,,False,False,False,False,True,False
wgmi,2024-09-16,17.520000457763672,16.26,,False,False,False,False,False,False
wgmi,2024-09-23,19.959999084472656,16.49,,False,False,False,False,False,False
wgmi,2024-09-30,19.07999992370605,16.7,,False,False,False,False,False,False
wgmi,2024-10-07,18.93000030517578,16.88,,False,False,False,False,False,False
wgmi,2024-10-14,22.020000457763672,17.11,,False,False,False,False,False,False
wgmi,2024-10-21,21.84000015258789,17.36,,False,False,False,False,False,False
wgmi,2024-10-28,20.979999542236328,17.59,,False,False,False,False,False,False
wgmi,2024-11-04,26.57999992370605,17.92,,False,False,False,False,False,False
wgmi,2024-11-11,26.290000915527344,18.19,,False,False,False,False,False,False
wgmi,2024-11-18,27.709999084472656,18.45,,False,False,False,False,False,False
wgmi,2024-11-25,29.13999938964844,18.73,,False,False,False,False,False,False
wgmi,2024-12-02,30.940000534057617,18.97,,False,False,False,False,False,False
wgmi,2024-12-09,27.36000061035156,19.16,,False,False,False,False,False,False
wgmi,2024-12-16,24.8799991607666,19.32,,False,False,False,False,False,False
wgmi,2024-12-23,23.600000381469727,19.51,,False,False,False,False,False,False
wgmi,2024-12-30,25.729999542236328,19.78,,False,False,False,False,False,False
wgmi,2025-01-06,23.11000061035156,19.98,,False,False,False,False,False,False
wgmi,2025-01-13,25.3700008392334,20.23,,False,False,False,False,False,False
wgmi,2025-01-20,26.21999931335449,20.41,,False,False,False,False,False,False
wgmi,2025-01-27,22.549999237060547,20.48,,False,False,False,False,False,False
wgmi,2025-02-03,23.149999618530277,20.61,,False,False,False,False,False,False
wgmi,2025-02-10,23.399999618530277,20.71,,False,False,False,False,False,False
wgmi,2025-02-17,20.520000457763672,20.77,,True,False,True,False,False,False
wgmi,2025-02-24,17.81999969482422,20.81,,True,False,False,False,False,False
wgmi,2025-03-03,16.31999969482422,20.8,,True,False,False,False,False,False
wgmi,2025-03-10,15.300000190734863,20.74,,True,False,False,False,False,False
wgmi,2025-03-17,14.800000190734863,20.72,,True,False,False,False,False,False
wgmi,2025-03-24,13.130000114440918,20.7,,True,False,False,False,False,False
wgmi,2025-03-31,12.31999969482422,20.66,,True,False,False,False,False,False
wgmi,2025-04-07,12.520000457763672,20.58,,True,False,False,False,False,False
wgmi,2025-04-14,12.039999961853027,20.53,,True,False,False,False,False,False
wgmi,2025-04-21,14.5600004196167,20.54,,True,False,False,False,False,False
wgmi,2025-04-28,14.970000267028809,20.53,,True,False,False,False,False,False
wgmi,2025-05-05,15.550000190734863,20.5,,True,False,False,False,False,False
wgmi,2025-05-12,18.0,20.53,,True,False,False,False,False,False
wgmi,2025-05-19,17.610000610351562,20.5,,True,False,False,False,False,False
wgmi,2025-05-26,16.469999313354492,20.39,,True,False,False,False,False,False
wgmi,2025-06-02,19.56999969482422,20.35,,True,False,False,False,False,False
wgmi,2025-06-09,18.86000061035156,20.3,,True,False,False,False,False,False
wgmi,2025-06-16,18.57999992370605,20.2,,True,False,False,False,False,False
wgmi,2025-06-23,21.709999084472656,20.18,,False,False,False,False,True,False
wgmi,2025-06-30,26.030000686645508,20.2,,False,False,False,False,False,False
wgmi,2025-07-07,24.780000686645508,20.25,,False,False,False,False,False,False
wgmi,2025-07-14,26.75,20.42,,False,False,False,False,False,False
wgmi,2025-07-21,26.559999465942383,20.59,,False,False,False,False,False,False
wgmi,2025-07-28,23.420000076293945,20.7,,False,False,False,False,False,False
wgmi,2025-08-04,24.959999084472656,20.79,,False,False,False,False,False,False
wgmi,2025-08-11,26.700000762939453,20.97,,False,False,False,False,False,False
wgmi,2025-08-18,28.290000915527344,21.24,,False,False,False,False,False,False
wgmi,2025-08-25,30.6200008392334,21.5,,False,False,False,False,False,False
wgmi,2025-09-01,29.450000762939453,21.74,,False,False,False,False,False,False
wgmi,2025-09-08,37.31999969482422,22.09,,False,False,False,False,False,False
wgmi,2025-09-15,41.560001373291016,22.54,,False,False,False,False,False,False
wgmi,2025-09-22,40.61000061035156,22.97,,False,False,False,False,False,False
wgmi,2025-09-29,48.18999862670898,23.49,,False,False,False,False,False,False
wgmi,2025-10-06,55.34000015258789,24.16,,False,False,False,False,False,False
wgmi,2025-10-13,58.22999954223633,24.91,,False,False,False,False,False,False
wgmi,2025-10-20,59.630001068115234,25.57,,False,False,False,False,False,False
wgmi,2025-10-27,57.38999938964844,26.19,,False,False,False,False,False,False
wgmi,2025-11-03,55.09000015258789,26.74,,False,False,False,False,False,False
wgmi,2025-11-10,40.540000915527344,26.97,,False,False,False,False,False,False
wgmi,2025-11-17,38.040000915527344,27.11,,False,False,False,False,False,False
wgmi,2025-11-24,48.43000030517578,27.53,,False,False,False,False,False,False
wgmi,2025-12-01,45.52999877929688,27.94,17.8,False,False,False,False,False,False
wgmi,2025-12-08,42.7400016784668,28.33,17.88,False,False,False,False,False,False
wgmi,2025-12-15,41.09999847412109,28.64,17.96,False,False,False,False,False,False
wgmi,2025-12-22,39.75,28.97,18.04,False,False,False,False,False,False
wgmi,2025-12-29,42.04999923706055,29.3,18.13,False,False,False,False,False,False
wgmi,2026-01-05,45.02000045776367,29.68,18.25,False,False,False,False,False,False
wgmi,2026-01-12,51.060001373291016,30.25,18.37,False,False,False,False,False,False
wgmi,2026-01-19,49.13999938964844,30.77,18.49,False,False,False,False,False,False
wgmi,2026-01-26,45.060001373291016,31.2,18.58,False,False,False,False,False,False
wgmi,2026-02-02,40.43000030517578,31.6,18.67,False,False,False,False,False,False
wgmi,2026-02-09,41.34000015258789,32.07,18.77,False,False,False,False,False,False
wgmi,2026-02-16,38.845001220703125,32.52,18.87,False,False,False,False,False,False
wgmi,2026-02-23,39.880001068115234,33.01,18.98,False,False,False,False,False,False
wgmi,2026-03-02,36.06999969482422,33.44,19.08,False,False,False,False,False,False
wgmi,2026-03-09,38.275001525878906,33.94,19.21,False,False,False,False,False,False
wgmi,2026-03-16,37.68000030517578,34.45,19.33,False,False,False,False,False,False
wgmi,2026-03-23,35.189998626708984,34.9,19.44,False,False,False,False,False,False
wgmi,2026-03-30,35.7599983215332,35.37,19.55,False,False,False,False,False,False
wgmi,2026-04-06,42.18999862670898,35.93,19.7,False,False,False,False,False,False
wgmi,2026-04-13,49.06999969482422,36.61,19.9,False,False,False,False,False,False
wgmi,2026-04-20,49.619998931884766,37.29,20.09,False,False,False,False,False,False
wgmi,2026-04-27,48.18999862670898,37.89,20.29,False,False,False,False,False,False
wgmi,2026-05-04,58.02000045776367,38.7,20.53,False,False,False,False,False,False
wgmi,2026-05-11,57.209999084472656,39.52,20.76,False,False,False,False,False,False
wgmi,2026-05-18,61.93000030517578,40.36,21.02,False,False,False,False,False,False
wgmi,2026-05-25,68.08999633789062,41.35,21.3,False,False,False,False,False,False
wgmi,2026-06-01,61.59000015258789,42.21,21.55,False,False,False,False,False,False
wgmi,2026-06-08,65.97000122070312,43.09,21.8,False,False,False,False,False,False
wgmi,2026-06-15,72.0999984741211,44.02,22.1,False,False,False,False,False,False
wgmi,2026-06-22,65.7300033569336,44.84,22.38,False,False,False,False,False,False
wgmi,2026-06-29,53.18999862670898,45.36,22.59,False,False,False,False,False,False
wgmi,2026-07-06,55.5,45.94,22.81,False,False,False,False,False,False
wgmi,2026-07-13,47.56999969482422,46.43,23.0,False,False,False,False,False,False
wgmi,2026-07-20,53.59000015258789,47.0,23.23,False,False,False,False,False,False
wgmi,2026-07-27,51.459999084472656,47.49,23.44,False,False,False,False,False,False
wgmi,2026-08-03,48.400001525878906,47.9,23.64,False,False,False,False,False,False
wgmi,2026-08-10,48.63999938964844,48.26,23.85,False,False,False,False,False,False
wgmi,2026-08-17,45.72999954223633,48.58,24.04,True,False,True,False,False,False
wgmi,2026-08-24,42.70000076293945,48.69,24.22,True,False,False,False,False,False
