cycle_id,asset,lag,cross_corr
C1,eth,-60,
C1,eth,-59,
C1,eth,-58,
C1,eth,-57,
C1,eth,-56,
C1,eth,-55,
C1,eth,-54,
C1,eth,-53,
C1,eth,-52,
C1,eth,-51,
C1,eth,-50,
C1,eth,-49,
C1,eth,-48,
C1,eth,-47,
C1,eth,-46,
C1,eth,-45,
C1,eth,-44,
C1,eth,-43,
C1,eth,-42,
C1,eth,-41,
C1,eth,-40,
C1,eth,-39,
C1,eth,-38,
C1,eth,-37,
C1,eth,-36,
C1,eth,-35,
C1,eth,-34,
C1,eth,-33,
C1,eth,-32,
C1,eth,-31,
C1,eth,-30,
C1,eth,-29,
C1,eth,-28,
C1,eth,-27,
C1,eth,-26,
C1,eth,-25,
C1,eth,-24,
C1,eth,-23,
C1,eth,-22,
C1,eth,-21,
C1,eth,-20,
C1,eth,-19,
C1,eth,-18,
C1,eth,-17,
C1,eth,-16,
C1,eth,-15,
C1,eth,-14,
C1,eth,-13,
C1,eth,-12,
C1,eth,-11,
C1,eth,-10,
C1,eth,-9,
C1,eth,-8,
C1,eth,-7,
C1,eth,-6,
C1,eth,-5,
C1,eth,-4,
C1,eth,-3,
C1,eth,-2,
C1,eth,-1,
C1,eth,0,
C1,eth,1,
C1,eth,2,
C1,eth,3,
C1,eth,4,
C1,eth,5,
C1,eth,6,
C1,eth,7,
C1,eth,8,
C1,eth,9,
C1,eth,10,
C1,eth,11,
C1,eth,12,
C1,eth,13,
C1,eth,14,
C1,eth,15,
C1,eth,16,
C1,eth,17,
C1,eth,18,
C1,eth,19,
C1,eth,20,
C1,eth,21,
C1,eth,22,
C1,eth,23,
C1,eth,24,
C1,eth,25,
C1,eth,26,
C1,eth,27,
C1,eth,28,
C1,eth,29,
C1,eth,30,
C1,eth,31,
C1,eth,32,
C1,eth,33,
C1,eth,34,
C1,eth,35,
C1,eth,36,
C1,eth,37,
C1,eth,38,
C1,eth,39,
C1,eth,40,
C1,eth,41,
C1,eth,42,
C1,eth,43,
C1,eth,44,
C1,eth,45,
C1,eth,46,
C1,eth,47,
C1,eth,48,
C1,eth,49,
C1,eth,50,
C1,eth,51,
C1,eth,52,
C1,eth,53,
C1,eth,54,
C1,eth,55,
C1,eth,56,
C1,eth,57,
C1,eth,58,
C1,eth,59,
C1,eth,60,
C1,xrp,-60,
C1,xrp,-59,
C1,xrp,-58,
C1,xrp,-57,
C1,xrp,-56,
C1,xrp,-55,
C1,xrp,-54,
C1,xrp,-53,
C1,xrp,-52,
C1,xrp,-51,
C1,xrp,-50,
C1,xrp,-49,
C1,xrp,-48,
C1,xrp,-47,
C1,xrp,-46,
C1,xrp,-45,
C1,xrp,-44,
C1,xrp,-43,
C1,xrp,-42,
C1,xrp,-41,
C1,xrp,-40,
C1,xrp,-39,
C1,xrp,-38,
C1,xrp,-37,
C1,xrp,-36,
C1,xrp,-35,
C1,xrp,-34,
C1,xrp,-33,
C1,xrp,-32,
C1,xrp,-31,
C1,xrp,-30,
C1,xrp,-29,
C1,xrp,-28,
C1,xrp,-27,
C1,xrp,-26,
C1,xrp,-25,
C1,xrp,-24,
C1,xrp,-23,
C1,xrp,-22,
C1,xrp,-21,
C1,xrp,-20,
C1,xrp,-19,
C1,xrp,-18,
C1,xrp,-17,
C1,xrp,-16,
C1,xrp,-15,
C1,xrp,-14,
C1,xrp,-13,
C1,xrp,-12,
C1,xrp,-11,
C1,xrp,-10,
C1,xrp,-9,
C1,xrp,-8,
C1,xrp,-7,
C1,xrp,-6,
C1,xrp,-5,
C1,xrp,-4,
C1,xrp,-3,
C1,xrp,-2,
C1,xrp,-1,
C1,xrp,0,
C1,xrp,1,
C1,xrp,2,
C1,xrp,3,
C1,xrp,4,
C1,xrp,5,
C1,xrp,6,
C1,xrp,7,
C1,xrp,8,
C1,xrp,9,
C1,xrp,10,
C1,xrp,11,
C1,xrp,12,
C1,xrp,13,
C1,xrp,14,
C1,xrp,15,
C1,xrp,16,
C1,xrp,17,
C1,xrp,18,
C1,xrp,19,
C1,xrp,20,
C1,xrp,21,
C1,xrp,22,
C1,xrp,23,
C1,xrp,24,
C1,xrp,25,
C1,xrp,26,
C1,xrp,27,
C1,xrp,28,
C1,xrp,29,
C1,xrp,30,
C1,xrp,31,
C1,xrp,32,
C1,xrp,33,
C1,xrp,34,
C1,xrp,35,
C1,xrp,36,
C1,xrp,37,
C1,xrp,38,
C1,xrp,39,
C1,xrp,40,
C1,xrp,41,
C1,xrp,42,
C1,xrp,43,
C1,xrp,44,
C1,xrp,45,
C1,xrp,46,
C1,xrp,47,
C1,xrp,48,
C1,xrp,49,
C1,xrp,50,
C1,xrp,51,
C1,xrp,52,
C1,xrp,53,
C1,xrp,54,
C1,xrp,55,
C1,xrp,56,
C1,xrp,57,
C1,xrp,58,
C1,xrp,59,
C1,xrp,60,
C1,sol,-60,
C1,sol,-59,
C1,sol,-58,
C1,sol,-57,
C1,sol,-56,
C1,sol,-55,
C1,sol,-54,
C1,sol,-53,
C1,sol,-52,
C1,sol,-51,
C1,sol,-50,
C1,sol,-49,
C1,sol,-48,
C1,sol,-47,
C1,sol,-46,
C1,sol,-45,
C1,sol,-44,
C1,sol,-43,
C1,sol,-42,
C1,sol,-41,
C1,sol,-40,
C1,sol,-39,
C1,sol,-38,
C1,sol,-37,
C1,sol,-36,
C1,sol,-35,
C1,sol,-34,
C1,sol,-33,
C1,sol,-32,
C1,sol,-31,
C1,sol,-30,
C1,sol,-29,
C1,sol,-28,
C1,sol,-27,
C1,sol,-26,
C1,sol,-25,
C1,sol,-24,
C1,sol,-23,
C1,sol,-22,
C1,sol,-21,
C1,sol,-20,
C1,sol,-19,
C1,sol,-18,
C1,sol,-17,
C1,sol,-16,
C1,sol,-15,
C1,sol,-14,
C1,sol,-13,
C1,sol,-12,
C1,sol,-11,
C1,sol,-10,
C1,sol,-9,
C1,sol,-8,
C1,sol,-7,
C1,sol,-6,
C1,sol,-5,
C1,sol,-4,
C1,sol,-3,
C1,sol,-2,
C1,sol,-1,
C1,sol,0,
C1,sol,1,
C1,sol,2,
C1,sol,3,
C1,sol,4,
C1,sol,5,
C1,sol,6,
C1,sol,7,
C1,sol,8,
C1,sol,9,
C1,sol,10,
C1,sol,11,
C1,sol,12,
C1,sol,13,
C1,sol,14,
C1,sol,15,
C1,sol,16,
C1,sol,17,
C1,sol,18,
C1,sol,19,
C1,sol,20,
C1,sol,21,
C1,sol,22,
C1,sol,23,
C1,sol,24,
C1,sol,25,
C1,sol,26,
C1,sol,27,
C1,sol,28,
C1,sol,29,
C1,sol,30,
C1,sol,31,
C1,sol,32,
C1,sol,33,
C1,sol,34,
C1,sol,35,
C1,sol,36,
C1,sol,37,
C1,sol,38,
C1,sol,39,
C1,sol,40,
C1,sol,41,
C1,sol,42,
C1,sol,43,
C1,sol,44,
C1,sol,45,
C1,sol,46,
C1,sol,47,
C1,sol,48,
C1,sol,49,
C1,sol,50,
C1,sol,51,
C1,sol,52,
C1,sol,53,
C1,sol,54,
C1,sol,55,
C1,sol,56,
C1,sol,57,
C1,sol,58,
C1,sol,59,
C1,sol,60,
C1,mstr,-60,0.029672873039017025
C1,mstr,-59,0.019281700751348992
C1,mstr,-58,0.007561204229660837
C1,mstr,-57,0.006507515069577852
C1,mstr,-56,0.01030999486397706
C1,mstr,-55,0.017340083321820063
C1,mstr,-54,0.022024915405091904
C1,mstr,-53,0.018897251546068954
C1,mstr,-52,0.006351899749468913
C1,mstr,-51,0.0003529338112649811
C1,mstr,-50,-0.012447574429142277
C1,mstr,-49,-0.02307391843780896
C1,mstr,-48,-0.025303800681540135
C1,mstr,-47,-0.01978356295076284
C1,mstr,-46,-0.0068527513535000025
C1,mstr,-45,0.015807339714540937
C1,mstr,-44,0.04018200259303216
C1,mstr,-43,0.05031961883885764
C1,mstr,-42,0.0593085384782599
C1,mstr,-41,0.062073986551325726
C1,mstr,-40,0.057816441085069545
C1,mstr,-39,0.038611461247701075
C1,mstr,-38,0.014113043039312302
C1,mstr,-37,-0.007406194023133015
C1,mstr,-36,-0.008135958134321325
C1,mstr,-35,0.00011933360082399866
C1,mstr,-34,0.00848661847080793
C1,mstr,-33,0.01627177180122273
C1,mstr,-32,0.034133759277984434
C1,mstr,-31,0.05215811553236341
C1,mstr,-30,0.05860673437862178
C1,mstr,-29,0.06072213814770318
C1,mstr,-28,0.05387288265267521
C1,mstr,-27,0.034004924621020345
C1,mstr,-26,0.028278743039237768
C1,mstr,-25,0.029444877675337322
C1,mstr,-24,0.038772599729358495
C1,mstr,-23,0.058729527005503816
C1,mstr,-22,0.07120261244198477
C1,mstr,-21,0.07364197179780435
C1,mstr,-20,0.10956681998958302
C1,mstr,-19,0.12882800397748562
C1,mstr,-18,0.13169843690677244
C1,mstr,-17,0.12486203736153333
C1,mstr,-16,0.10651390626568104
C1,mstr,-15,0.10105800271194293
C1,mstr,-14,0.10640259075669502
C1,mstr,-13,0.0811324647336292
C1,mstr,-12,0.05254188336897676
C1,mstr,-11,0.037360111201357606
C1,mstr,-10,0.03320441111534288
C1,mstr,-9,0.026726282419527493
C1,mstr,-8,0.011646134792866131
C1,mstr,-7,-0.004667018898357329
C1,mstr,-6,-0.009570634108287934
C1,mstr,-5,-0.0028274748528546298
C1,mstr,-4,-0.004532368981039102
C1,mstr,-3,-0.015285237525076363
C1,mstr,-2,-0.007221937940842395
C1,mstr,-1,0.000764195012037635
C1,mstr,0,0.012726012850360383
C1,mstr,1,0.011619294587686731
C1,mstr,2,0.006153825390576413
C1,mstr,3,0.005592688894349025
C1,mstr,4,0.0012293512386124675
C1,mstr,5,-0.004296242191853602
C1,mstr,6,-0.009077073378656913
C1,mstr,7,-0.015486336056615776
C1,mstr,8,-0.006559017913869677
C1,mstr,9,0.009992403887503274
C1,mstr,10,0.01722927764091797
C1,mstr,11,0.041253882927876996
C1,mstr,12,0.048017375264628355
C1,mstr,13,0.05471099174160482
C1,mstr,14,0.06430239128664697
C1,mstr,15,0.06133818579929954
C1,mstr,16,0.0433349571634248
C1,mstr,17,0.04039790090657498
C1,mstr,18,0.020525540441092883
C1,mstr,19,0.011844168211613285
C1,mstr,20,-0.0027035011530054747
C1,mstr,21,-0.031609803554204625
C1,mstr,22,-0.05259765237390063
C1,mstr,23,-0.05713444308219003
C1,mstr,24,-0.07296526703483544
C1,mstr,25,-0.0819060562207606
C1,mstr,26,-0.0932675626700395
C1,mstr,27,-0.09807224180427294
C1,mstr,28,-0.08608691294451826
C1,mstr,29,-0.06845527798761442
C1,mstr,30,-0.05895951342090797
C1,mstr,31,-0.03719765743329879
C1,mstr,32,-0.016226171976681792
C1,mstr,33,0.0003185883332793392
C1,mstr,34,0.015740757370239694
C1,mstr,35,0.015782808927540436
C1,mstr,36,0.01721508704392291
C1,mstr,37,0.012398911352957646
C1,mstr,38,-0.006931815631127695
C1,mstr,39,-0.031441579412289804
C1,mstr,40,-0.0505506883178875
C1,mstr,41,-0.06773205769655954
C1,mstr,42,-0.06850600226274338
C1,mstr,43,-0.07379671128560693
C1,mstr,44,-0.06760472939695716
C1,mstr,45,-0.050773553037812134
C1,mstr,46,-0.020342475169720115
C1,mstr,47,0.00860554811283558
C1,mstr,48,0.037380955466817314
C1,mstr,49,0.06123961046168459
C1,mstr,50,0.07603631058999051
C1,mstr,51,0.08425580776238246
C1,mstr,52,0.07998861596423414
C1,mstr,53,0.056602917795261554
C1,mstr,54,0.03924155006681628
C1,mstr,55,0.015924637570841386
C1,mstr,56,-0.012594273721857112
C1,mstr,57,-0.03390749541405783
C1,mstr,58,-0.057029889960032894
C1,mstr,59,-0.06995571418141427
C1,mstr,60,-0.06553990805433997
C1,wgmi,-60,
C1,wgmi,-59,
C1,wgmi,-58,
C1,wgmi,-57,
C1,wgmi,-56,
C1,wgmi,-55,
C1,wgmi,-54,
C1,wgmi,-53,
C1,wgmi,-52,
C1,wgmi,-51,
C1,wgmi,-50,
C1,wgmi,-49,
C1,wgmi,-48,
C1,wgmi,-47,
C1,wgmi,-46,
C1,wgmi,-45,
C1,wgmi,-44,
C1,wgmi,-43,
C1,wgmi,-42,
C1,wgmi,-41,
C1,wgmi,-40,
C1,wgmi,-39,
C1,wgmi,-38,
C1,wgmi,-37,
C1,wgmi,-36,
C1,wgmi,-35,
C1,wgmi,-34,
C1,wgmi,-33,
C1,wgmi,-32,
C1,wgmi,-31,
C1,wgmi,-30,
C1,wgmi,-29,
C1,wgmi,-28,
C1,wgmi,-27,
C1,wgmi,-26,
C1,wgmi,-25,
C1,wgmi,-24,
C1,wgmi,-23,
C1,wgmi,-22,
C1,wgmi,-21,
C1,wgmi,-20,
C1,wgmi,-19,
C1,wgmi,-18,
C1,wgmi,-17,
C1,wgmi,-16,
C1,wgmi,-15,
C1,wgmi,-14,
C1,wgmi,-13,
C1,wgmi,-12,
C1,wgmi,-11,
C1,wgmi,-10,
C1,wgmi,-9,
C1,wgmi,-8,
C1,wgmi,-7,
C1,wgmi,-6,
C1,wgmi,-5,
C1,wgmi,-4,
C1,wgmi,-3,
C1,wgmi,-2,
C1,wgmi,-1,
C1,wgmi,0,
C1,wgmi,1,
C1,wgmi,2,
C1,wgmi,3,
C1,wgmi,4,
C1,wgmi,5,
C1,wgmi,6,
C1,wgmi,7,
C1,wgmi,8,
C1,wgmi,9,
C1,wgmi,10,
C1,wgmi,11,
C1,wgmi,12,
C1,wgmi,13,
C1,wgmi,14,
C1,wgmi,15,
C1,wgmi,16,
C1,wgmi,17,
C1,wgmi,18,
C1,wgmi,19,
C1,wgmi,20,
C1,wgmi,21,
C1,wgmi,22,
C1,wgmi,23,
C1,wgmi,24,
C1,wgmi,25,
C1,wgmi,26,
C1,wgmi,27,
C1,wgmi,28,
C1,wgmi,29,
C1,wgmi,30,
C1,wgmi,31,
C1,wgmi,32,
C1,wgmi,33,
C1,wgmi,34,
C1,wgmi,35,
C1,wgmi,36,
C1,wgmi,37,
C1,wgmi,38,
C1,wgmi,39,
C1,wgmi,40,
C1,wgmi,41,
C1,wgmi,42,
C1,wgmi,43,
C1,wgmi,44,
C1,wgmi,45,
C1,wgmi,46,
C1,wgmi,47,
C1,wgmi,48,
C1,wgmi,49,
C1,wgmi,50,
C1,wgmi,51,
C1,wgmi,52,
C1,wgmi,53,
C1,wgmi,54,
C1,wgmi,55,
C1,wgmi,56,
C1,wgmi,57,
C1,wgmi,58,
C1,wgmi,59,
C1,wgmi,60,
C1,spx,-60,0.03536117284030856
C1,spx,-59,0.009693152009129959
C1,spx,-58,-0.019196276542947182
C1,spx,-57,-0.032597116006111655
C1,spx,-56,-0.03645913592540394
C1,spx,-55,-0.025818399968868408
C1,spx,-54,-0.014465194826233025
C1,spx,-53,-0.0026945109001326366
C1,spx,-52,0.0008001703073092981
C1,spx,-51,0.021538857737695732
C1,spx,-50,0.032459800023525665
C1,spx,-49,0.03418757341637773
C1,spx,-48,0.03111196697716153
C1,spx,-47,0.032451152644818126
C1,spx,-46,0.02204690765989787
C1,spx,-45,0.028509744124799532
C1,spx,-44,0.0332860675285155
C1,spx,-43,0.031911158390548575
C1,spx,-42,0.032773546259443
C1,spx,-41,0.03347472584591819
C1,spx,-40,0.028118382083249203
C1,spx,-39,0.02871661370713481
C1,spx,-38,0.017992400106920336
C1,spx,-37,-0.00046842097676184214
C1,spx,-36,-0.011785283895004958
C1,spx,-35,-0.006934396100002879
C1,spx,-34,-0.0010602795965597481
C1,spx,-33,0.0057308918987494855
C1,spx,-32,0.02420536226022483
C1,spx,-31,0.04197214371223777
C1,spx,-30,0.05524791407659967
C1,spx,-29,0.07475406214057931
C1,spx,-28,0.07221364983513068
C1,spx,-27,0.05706821847987174
C1,spx,-26,0.0543913214318241
C1,spx,-25,0.03958442796811495
C1,spx,-24,0.032065280857999624
C1,spx,-23,0.042312424409734865
C1,spx,-22,0.045685652833934984
C1,spx,-21,0.044441704516153265
C1,spx,-20,0.0720972242146154
C1,spx,-19,0.08171524543919385
C1,spx,-18,0.09452470084613962
C1,spx,-17,0.09853143980747105
C1,spx,-16,0.08209892959549589
C1,spx,-15,0.07373791134882703
C1,spx,-14,0.0837272661306353
C1,spx,-13,0.0740635113108147
C1,spx,-12,0.06267776487331979
C1,spx,-11,0.056356134648198324
C1,spx,-10,0.0608276531251999
C1,spx,-9,0.06998817294774587
C1,spx,-8,0.06835498620278692
C1,spx,-7,0.05912100599987184
C1,spx,-6,0.04936164291128321
C1,spx,-5,0.0502087104625768
C1,spx,-4,0.040423411575402704
C1,spx,-3,0.020802809537736246
C1,spx,-2,0.01784511621126406
C1,spx,-1,0.02481707785437084
C1,spx,0,0.036527237207084444
C1,spx,1,0.049483618200319324
C1,spx,2,0.055548561617578686
C1,spx,3,0.06485984102158306
C1,spx,4,0.07656363210795662
C1,spx,5,0.08049468230311801
C1,spx,6,0.06562047539466609
C1,spx,7,0.04296918568022415
C1,spx,8,0.021474943789956208
C1,spx,9,0.01646228407052022
C1,spx,10,0.010105819111339658
C1,spx,11,0.011018567612724656
C1,spx,12,0.0013582042198945986
C1,spx,13,0.005823694264263117
C1,spx,14,0.02322712282853829
C1,spx,15,0.035959493443629385
C1,spx,16,0.030562026840973647
C1,spx,17,0.03072569588002353
C1,spx,18,0.023701409115412447
C1,spx,19,0.01867352366139862
C1,spx,20,0.015564080443986819
C1,spx,21,-0.0024940242553056543
C1,spx,22,-0.010137450401308644
C1,spx,23,-0.009079721185958404
C1,spx,24,-0.014718170481314312
C1,spx,25,-0.023716122384067517
C1,spx,26,-0.020799764524372332
C1,spx,27,-0.01909973317283199
C1,spx,28,-0.007849450452154927
C1,spx,29,-0.002200230248841913
C1,spx,30,-0.0013698060784994592
C1,spx,31,0.012920074837311987
C1,spx,32,0.03153088558285981
C1,spx,33,0.03920735906069451
C1,spx,34,0.045225593009316715
C1,spx,35,0.03851063972237065
C1,spx,36,0.03766143310075837
C1,spx,37,0.037714402666349615
C1,spx,38,0.028376027193000083
C1,spx,39,0.013206570464195638
C1,spx,40,0.002620778961785285
C1,spx,41,-0.01097612294930011
C1,spx,42,-0.005877221536083978
C1,spx,43,-0.002327732360466102
C1,spx,44,0.003176636193230851
C1,spx,45,0.0027285732230604093
C1,spx,46,0.01080303277335694
C1,spx,47,0.02302235388497612
C1,spx,48,0.04248683107345001
C1,spx,49,0.057874805301993265
C1,spx,50,0.059976433165927684
C1,spx,51,0.060137816935983246
C1,spx,52,0.06348146342245105
C1,spx,53,0.06576347848934486
C1,spx,54,0.0656283309426021
C1,spx,55,0.04989972900636148
C1,spx,56,0.027960030558539066
C1,spx,57,0.006689559884027358
C1,spx,58,-0.01605937277684601
C1,spx,59,-0.03509591544645092
C1,spx,60,-0.05230220649334895
C1,ndx,-60,-0.005264475504878037
C1,ndx,-59,-0.026422313083002132
C1,ndx,-58,-0.04992554431035889
C1,ndx,-57,-0.05971400434694619
C1,ndx,-56,-0.06324914760944673
C1,ndx,-55,-0.05089087396849349
C1,ndx,-54,-0.03955656749779414
C1,ndx,-53,-0.027456847281964868
C1,ndx,-52,-0.021802114364385228
C1,ndx,-51,-0.0037786036842100365
C1,ndx,-50,0.007069323977905992
C1,ndx,-49,0.008307281705308738
C1,ndx,-48,0.0045722642463453455
C1,ndx,-47,0.005024736849624765
C1,ndx,-46,-0.004415384340253942
C1,ndx,-45,-0.0010033526971179357
C1,ndx,-44,0.0029566510154012448
C1,ndx,-43,0.0012791283571507344
C1,ndx,-42,0.0019031559201017276
C1,ndx,-41,0.0014618578202390195
C1,ndx,-40,-0.0031887666152870487
C1,ndx,-39,-0.0033388662623306843
C1,ndx,-38,-0.01536927836369313
C1,ndx,-37,-0.03537116501169179
C1,ndx,-36,-0.04902667533105994
C1,ndx,-35,-0.04754697971742022
C1,ndx,-34,-0.04252410612918566
C1,ndx,-33,-0.036832865746269844
C1,ndx,-32,-0.021246584146313707
C1,ndx,-31,-0.0004762549994372514
C1,ndx,-30,0.019759729730396233
C1,ndx,-29,0.04037575287246428
C1,ndx,-28,0.04397541959142196
C1,ndx,-27,0.03759397452051851
C1,ndx,-26,0.038771123876736216
C1,ndx,-25,0.029548334614479366
C1,ndx,-24,0.023624283608642733
C1,ndx,-23,0.02688658681788994
C1,ndx,-22,0.027896094786807588
C1,ndx,-21,0.025195230121240968
C1,ndx,-20,0.04230370004499354
C1,ndx,-19,0.04866099714627345
C1,ndx,-18,0.05695074722872253
C1,ndx,-17,0.05866575959918207
C1,ndx,-16,0.04933279363780586
C1,ndx,-15,0.04673641075819387
C1,ndx,-14,0.05697177620717909
C1,ndx,-13,0.05303551486203525
C1,ndx,-12,0.04410885487630604
C1,ndx,-11,0.03685361602858789
C1,ndx,-10,0.03905469934466758
C1,ndx,-9,0.04073891813106234
C1,ndx,-8,0.033101738849242925
C1,ndx,-7,0.01804481943989573
C1,ndx,-6,0.0057860569507278805
C1,ndx,-5,0.005669719012583198
C1,ndx,-4,0.000834909035915682
C1,ndx,-3,-0.011559344568643415
C1,ndx,-2,-0.008590543374726456
C1,ndx,-1,0.0032821740144699948
C1,ndx,0,0.02372935888348967
C1,ndx,1,0.04500367556909946
C1,ndx,2,0.05629904392611701
C1,ndx,3,0.06727482445179442
C1,ndx,4,0.07531903828386136
C1,ndx,5,0.07624031494311662
C1,ndx,6,0.06447094201598601
C1,ndx,7,0.04436099043542203
C1,ndx,8,0.019986953889094775
C1,ndx,9,0.012260526061025042
C1,ndx,10,0.00922634631959496
C1,ndx,11,0.014051541025948865
C1,ndx,12,0.013163081407580473
C1,ndx,13,0.018388007539946995
C1,ndx,14,0.030764576894997255
C1,ndx,15,0.04286048366428538
C1,ndx,16,0.039423913371488525
C1,ndx,17,0.03643890441519354
C1,ndx,18,0.03248797994265454
C1,ndx,19,0.02538599942738478
C1,ndx,20,0.022434409191706212
C1,ndx,21,0.009377614463151409
C1,ndx,22,0.002297952845277171
C1,ndx,23,0.0019734376506582263
C1,ndx,24,-0.004218362180866039
C1,ndx,25,-0.017610329035163668
C1,ndx,26,-0.01933186577833428
C1,ndx,27,-0.022921381115325157
C1,ndx,28,-0.014830910406797524
C1,ndx,29,-0.006986005380344283
C1,ndx,30,-0.003961596006104419
C1,ndx,31,0.012598497037375707
C1,ndx,32,0.03345574800630221
C1,ndx,33,0.04619043289696903
C1,ndx,34,0.058388257640800065
C1,ndx,35,0.05744099977547337
C1,ndx,36,0.059680548159004226
C1,ndx,37,0.06499254493227653
C1,ndx,38,0.056968773760508275
C1,ndx,39,0.04517190303731539
C1,ndx,40,0.037135656858334316
C1,ndx,41,0.025697984958979354
C1,ndx,42,0.02625999021313082
C1,ndx,43,0.024293659759922374
C1,ndx,44,0.020888121068683745
C1,ndx,45,0.016211025856224266
C1,ndx,46,0.017570432096747014
C1,ndx,47,0.023002205993416288
C1,ndx,48,0.03591668510220632
C1,ndx,49,0.04841320656176794
C1,ndx,50,0.05079265601742747
C1,ndx,51,0.054331001002666815
C1,ndx,52,0.061474607383110516
C1,ndx,53,0.06604380012662722
C1,ndx,54,0.06706152741474682
C1,ndx,55,0.05572316680051359
C1,ndx,56,0.04078268923938151
C1,ndx,57,0.025952664668188782
C1,ndx,58,0.008068459090660451
C1,ndx,59,-0.008929998022679563
C1,ndx,60,-0.02378449219196779
C1,dxy,-60,-0.0052313931981134015
C1,dxy,-59,-0.0014489202974670417
C1,dxy,-58,-0.0009950837438441062
C1,dxy,-57,-0.00035653620333051726
C1,dxy,-56,0.0007041087027525646
C1,dxy,-55,0.0008232711223825168
C1,dxy,-54,-0.0043822533512785766
C1,dxy,-53,-0.005654930548092099
C1,dxy,-52,-0.006327763809455741
C1,dxy,-51,-0.01328708262472721
C1,dxy,-50,-0.021880964909792397
C1,dxy,-49,-0.026885247481429717
C1,dxy,-48,-0.03879450396590235
C1,dxy,-47,-0.04649369842203151
C1,dxy,-46,-0.051325949163495414
C1,dxy,-45,-0.056443521172607126
C1,dxy,-44,-0.057057834856532444
C1,dxy,-43,-0.04667539847898207
C1,dxy,-42,-0.044456280342636115
C1,dxy,-41,-0.03039770821923689
C1,dxy,-40,-0.01911378854264064
C1,dxy,-39,-0.015290561081863866
C1,dxy,-38,-0.009308291769839746
C1,dxy,-37,-0.004419878445772487
C1,dxy,-36,-0.010239270341272935
C1,dxy,-35,-0.009788482269910607
C1,dxy,-34,-0.022805744731894406
C1,dxy,-33,-0.0274710187775017
C1,dxy,-32,-0.028773765032996123
C1,dxy,-31,-0.03434678509486288
C1,dxy,-30,-0.026924850277388442
C1,dxy,-29,-0.018735175073516398
C1,dxy,-28,-0.00326326588220652
C1,dxy,-27,0.024280102916771622
C1,dxy,-26,0.04481022256775767
C1,dxy,-25,0.06975886407487467
C1,dxy,-24,0.09063509119747248
C1,dxy,-23,0.08791551145469317
C1,dxy,-22,0.08127171495989303
C1,dxy,-21,0.06994807339945537
C1,dxy,-20,0.03906410941451018
C1,dxy,-19,0.014570747944011133
C1,dxy,-18,-0.0175416348223316
C1,dxy,-17,-0.03847143814101154
C1,dxy,-16,-0.037131518523064934
C1,dxy,-15,-0.028555085707295046
C1,dxy,-14,-0.02795934861429526
C1,dxy,-13,-0.007307723654599726
C1,dxy,-12,0.012089838445143747
C1,dxy,-11,0.030923085172633556
C1,dxy,-10,0.03430669358858096
C1,dxy,-9,0.027839709643256272
C1,dxy,-8,0.0235304458581304
C1,dxy,-7,0.021505773422042858
C1,dxy,-6,0.010579916557030986
C1,dxy,-5,-0.005177979767252914
C1,dxy,-4,-0.008398480046035604
C1,dxy,-3,0.0028388633756653747
C1,dxy,-2,0.012290446180598305
C1,dxy,-1,0.018460736153675196
C1,dxy,0,0.022937234413177948
C1,dxy,1,0.025809878452434338
C1,dxy,2,0.028906538368565434
C1,dxy,3,0.023029812824522565
C1,dxy,4,0.011759004426605662
C1,dxy,5,-0.0055245627161676
C1,dxy,6,-0.024154025423960473
C1,dxy,7,-0.037821507982815854
C1,dxy,8,-0.04584775730646186
C1,dxy,9,-0.05314506214767437
C1,dxy,10,-0.05165462274097071
C1,dxy,11,-0.05458630394071983
C1,dxy,12,-0.04539140426437237
C1,dxy,13,-0.03470273491177543
C1,dxy,14,-0.026021321757596964
C1,dxy,15,-0.019598807373559384
C1,dxy,16,-0.006924989243078008
C1,dxy,17,-0.007600245803016263
C1,dxy,18,0.0013502894860880194
C1,dxy,19,0.006932120852910656
C1,dxy,20,0.005002002186920439
C1,dxy,21,0.006538125847349062
C1,dxy,22,0.007846557231482677
C1,dxy,23,0.0018158140117268745
C1,dxy,24,0.001438161715631843
C1,dxy,25,-0.0038405292663030626
C1,dxy,26,-0.01226888953208702
C1,dxy,27,-0.013359479018947257
C1,dxy,28,-0.02411806936638773
C1,dxy,29,-0.03400912987682454
C1,dxy,30,-0.04276955814225073
C1,dxy,31,-0.0522522739447911
C1,dxy,32,-0.06483379825473476
C1,dxy,33,-0.06747205464377014
C1,dxy,34,-0.06630477757337207
C1,dxy,35,-0.05115203673219113
C1,dxy,36,-0.0376246566224628
C1,dxy,37,-0.02149028981135409
C1,dxy,38,-0.006457317481538799
C1,dxy,39,0.013012310688175236
C1,dxy,40,0.029909879026042727
C1,dxy,41,0.0344305038714911
C1,dxy,42,0.02539829890341226
C1,dxy,43,0.016281374000485387
C1,dxy,44,0.010108831815042671
C1,dxy,45,0.006901002654756607
C1,dxy,46,-0.0010035579963483044
C1,dxy,47,-0.022392243623575815
C1,dxy,48,-0.03268453364262631
C1,dxy,49,-0.038523094174348155
C1,dxy,50,-0.045512370461768044
C1,dxy,51,-0.055376823510121735
C1,dxy,52,-0.06789196493794687
C1,dxy,53,-0.07263692059293857
C1,dxy,54,-0.07154525270294719
C1,dxy,55,-0.06936680900171158
C1,dxy,56,-0.06517027040827589
C1,dxy,57,-0.056621585413187986
C1,dxy,58,-0.051668550549662136
C1,dxy,59,-0.04327076662907154
C1,dxy,60,-0.047734121337628256
C1,tlt,-60,-0.057316895398375645
C1,tlt,-59,-0.028809213672871217
C1,tlt,-58,-0.0030392673360370324
C1,tlt,-57,0.0093931854278474
C1,tlt,-56,0.008703108704602417
C1,tlt,-55,-0.0037421775528678055
C1,tlt,-54,-0.015875631705911497
C1,tlt,-53,-0.02077288197572968
C1,tlt,-52,-0.028212809818600096
C1,tlt,-51,-0.053223089493585785
C1,tlt,-50,-0.06527452124643293
C1,tlt,-49,-0.07272890838074726
C1,tlt,-48,-0.07358283266742018
C1,tlt,-47,-0.0698645378144146
C1,tlt,-46,-0.07454678844498026
C1,tlt,-45,-0.08044827986823277
C1,tlt,-44,-0.06835601795886159
C1,tlt,-43,-0.06108880947373392
C1,tlt,-42,-0.048477129033714754
C1,tlt,-41,-0.03734778075367777
C1,tlt,-40,-0.025412166468793632
C1,tlt,-39,-0.0022705004925858783
C1,tlt,-38,0.014434075636605224
C1,tlt,-37,0.02197781450386773
C1,tlt,-36,0.02844150557455875
C1,tlt,-35,0.016967675753493044
C1,tlt,-34,0.0003557071124090327
C1,tlt,-33,-0.017723880443578467
C1,tlt,-32,-0.05341689698895831
C1,tlt,-31,-0.07926831467114898
C1,tlt,-30,-0.09620128504819489
C1,tlt,-29,-0.11160368668605668
C1,tlt,-28,-0.10393501170872922
C1,tlt,-27,-0.08290172914433866
C1,tlt,-26,-0.07734976625742358
C1,tlt,-25,-0.05538924238729143
C1,tlt,-24,-0.03898865302903467
C1,tlt,-23,-0.03769520687617773
C1,tlt,-22,-0.03428043902244861
C1,tlt,-21,-0.04078051174804761
C1,tlt,-20,-0.06318853321769362
C1,tlt,-19,-0.060949925660481505
C1,tlt,-18,-0.06858977651060623
C1,tlt,-17,-0.06686538259196642
C1,tlt,-16,-0.04908944107631863
C1,tlt,-15,-0.04851463616640267
C1,tlt,-14,-0.05145543104713554
C1,tlt,-13,-0.045494550584988226
C1,tlt,-12,-0.04676099991004618
C1,tlt,-11,-0.04829147233110185
C1,tlt,-10,-0.05831684815237209
C1,tlt,-9,-0.06581228780404044
C1,tlt,-8,-0.056385458368816144
C1,tlt,-7,-0.04238514336901253
C1,tlt,-6,-0.0240027727614391
C1,tlt,-5,-0.011898815769879263
C1,tlt,-4,0.006008175958205685
C1,tlt,-3,0.016967165315946785
C1,tlt,-2,0.00711014235144909
C1,tlt,-1,-0.01199993473560757
C1,tlt,0,-0.031404976541714584
C1,tlt,1,-0.05058122702550439
C1,tlt,2,-0.060512771955245584
C1,tlt,3,-0.07521176137149709
C1,tlt,4,-0.07204383799408333
C1,tlt,5,-0.059484177694751075
C1,tlt,6,-0.035356304860309766
C1,tlt,7,-0.011365883203949937
C1,tlt,8,-0.004051767803034558
C1,tlt,9,-0.009811916366843223
C1,tlt,10,-0.011011368591760957
C1,tlt,11,-0.03152843620127889
C1,tlt,12,-0.04383118457777059
C1,tlt,13,-0.05877767297144718
C1,tlt,14,-0.08281911307076564
C1,tlt,15,-0.08432100718256007
C1,tlt,16,-0.07455760818151418
C1,tlt,17,-0.06144309663115404
C1,tlt,18,-0.03672285198278975
C1,tlt,19,-0.019628910538829418
C1,tlt,20,-0.008355367033884549
C1,tlt,21,0.023194620759622035
C1,tlt,22,0.04164734993641023
C1,tlt,23,0.051102577985320634
C1,tlt,24,0.054163134068001634
C1,tlt,25,0.058133829834566345
C1,tlt,26,0.059263360465818656
C1,tlt,27,0.05969620393488205
C1,tlt,28,0.0437637990483478
C1,tlt,29,0.023905065651133692
C1,tlt,30,0.0061124674374488375
C1,tlt,31,-0.011374686410340853
C1,tlt,32,-0.03050353138352674
C1,tlt,33,-0.04070783312937259
C1,tlt,34,-0.0540477773071396
C1,tlt,35,-0.05412769617954725
C1,tlt,36,-0.046287014973874364
C1,tlt,37,-0.034790117407351426
C1,tlt,38,-0.026761116371739006
C1,tlt,39,-0.01956421334435641
C1,tlt,40,-0.01880610424361783
C1,tlt,41,-0.0036706867489990306
C1,tlt,42,0.004482574645448162
C1,tlt,43,0.010188356734416301
C1,tlt,44,0.015161908125224322
C1,tlt,45,0.029709140671537706
C1,tlt,46,0.049369410376199574
C1,tlt,47,0.06638662402106046
C1,tlt,48,0.06960474223390305
C1,tlt,49,0.06440796041999095
C1,tlt,50,0.05780586856195756
C1,tlt,51,0.04647143548411035
C1,tlt,52,0.025853846072245362
C1,tlt,53,-0.009086311537137504
C1,tlt,54,-0.03267411160428133
C1,tlt,55,-0.049245910729433816
C1,tlt,56,-0.053138466393322106
C1,tlt,57,-0.057205383288526444
C1,tlt,58,-0.05687239244745831
C1,tlt,59,-0.04829683064333796
C1,tlt,60,-0.026764516531053485
C2,eth,-60,-0.04469532276151402
C2,eth,-59,-0.01660620757162791
C2,eth,-58,-0.01450867434028143
C2,eth,-57,-0.006238256522804314
C2,eth,-56,-0.003474350258316007
C2,eth,-55,-0.007153672652987139
C2,eth,-54,-0.0192517619969327
C2,eth,-53,-0.02426889842378314
C2,eth,-52,-0.04531324242094735
C2,eth,-51,-0.05504267990992319
C2,eth,-50,-0.061658573483008954
C2,eth,-49,-0.05627081594404234
C2,eth,-48,-0.049890155562269
C2,eth,-47,-0.033779441631729266
C2,eth,-46,-0.030109297716674407
C2,eth,-45,1.0401105877373506e-05
C2,eth,-44,0.02763933769869464
C2,eth,-43,0.05620740207454447
C2,eth,-42,0.06873754382696536
C2,eth,-41,0.08001967750424153
C2,eth,-40,0.07094442614915945
C2,eth,-39,0.06820309946933395
C2,eth,-38,0.039496913944241055
C2,eth,-37,0.016417203149975874
C2,eth,-36,-0.012640879854698342
C2,eth,-35,-0.04532541069628145
C2,eth,-34,-0.07968831210421476
C2,eth,-33,-0.10519079803368067
C2,eth,-32,-0.13397120784287467
C2,eth,-31,-0.14654822514114946
C2,eth,-30,-0.17251255354517045
C2,eth,-29,-0.20145413499149264
C2,eth,-28,-0.2092777354212239
C2,eth,-27,-0.2050000687751514
C2,eth,-26,-0.18539968606222249
C2,eth,-25,-0.15923576484203303
C2,eth,-24,-0.14459772386998723
C2,eth,-23,-0.10889965632323267
C2,eth,-22,-0.06303422485731013
C2,eth,-21,-0.024907389235331333
C2,eth,-20,0.005061577620259369
C2,eth,-19,0.03305888959617795
C2,eth,-18,0.05029611867404818
C2,eth,-17,0.07722794086717215
C2,eth,-16,0.0878868376079637
C2,eth,-15,0.08019771093483243
C2,eth,-14,0.06310902313647483
C2,eth,-13,0.038930079643314776
C2,eth,-12,0.004152913159067996
C2,eth,-11,-0.02332599166737191
C2,eth,-10,-0.05160816048745679
C2,eth,-9,-0.07759809380276103
C2,eth,-8,-0.07187984658904673
C2,eth,-7,-0.06812568568561482
C2,eth,-6,0.05484396248731288
C2,eth,-5,0.166892295946142
C2,eth,-4,0.2890543576758649
C2,eth,-3,0.40384825580160894
C2,eth,-2,0.5267769661952342
C2,eth,-1,0.6300162333423373
C2,eth,0,0.7634256175130171
C2,eth,1,0.6780636107154681
C2,eth,2,0.6193953982389593
C2,eth,3,0.5349848769237823
C2,eth,4,0.45268362249221966
C2,eth,5,0.3599569210299356
C2,eth,6,0.26253975334108187
C2,eth,7,0.13429413538777213
C2,eth,8,0.11639947788421993
C2,eth,9,0.08431323538030149
C2,eth,10,0.07329300510083726
C2,eth,11,0.06926196781531577
C2,eth,12,0.06805938715070921
C2,eth,13,0.07387988900015119
C2,eth,14,0.08756731036723736
C2,eth,15,0.09010956032682745
C2,eth,16,0.09810298357929809
C2,eth,17,0.0944696590982332
C2,eth,18,0.07335931333063922
C2,eth,19,0.055349987417841404
C2,eth,20,0.035527983741185216
C2,eth,21,0.01999121696685692
C2,eth,22,0.0199116117596677
C2,eth,23,0.005588306491145702
C2,eth,24,3.1715639902850845e-05
C2,eth,25,0.004910476999232803
C2,eth,26,0.007014398267542592
C2,eth,27,0.011027806094410854
C2,eth,28,0.011064652831234884
C2,eth,29,0.0029659750676129114
C2,eth,30,0.005842287938070495
C2,eth,31,0.0053577718825754145
C2,eth,32,0.0020951177730046846
C2,eth,33,0.005576975594973924
C2,eth,34,0.002076951916796463
C2,eth,35,0.004252982060215841
C2,eth,36,0.012551429178110633
C2,eth,37,0.0268049922606866
C2,eth,38,0.04092910893594986
C2,eth,39,0.05904207883961088
C2,eth,40,0.0660728458801482
C2,eth,41,0.08378691505622023
C2,eth,42,0.0970907872893286
C2,eth,43,0.09566621493360727
C2,eth,44,0.07578320431134733
C2,eth,45,0.046220672071461605
C2,eth,46,0.02118478579515964
C2,eth,47,0.008734194315519877
C2,eth,48,-0.00858628675389434
C2,eth,49,-0.02093486059294497
C2,eth,50,-0.023928252386535644
C2,eth,51,-0.013385327652232893
C2,eth,52,0.013612937831209117
C2,eth,53,0.04052786130185614
C2,eth,54,0.06137440561135763
C2,eth,55,0.08001576126665651
C2,eth,56,0.08508046317553321
C2,eth,57,0.09123225995105562
C2,eth,58,0.09576075469632256
C2,eth,59,0.09696907872137563
C2,eth,60,0.07814296476590782
C2,xrp,-60,0.05334982906562001
C2,xrp,-59,0.05828901744533285
C2,xrp,-58,0.0436314485629356
C2,xrp,-57,0.027746897168276316
C2,xrp,-56,0.011458202514506514
C2,xrp,-55,-0.029400088964607586
C2,xrp,-54,-0.058411522379898176
C2,xrp,-53,-0.07240893699380102
C2,xrp,-52,-0.09092921319425173
C2,xrp,-51,-0.09482484575484548
C2,xrp,-50,-0.09197690029494182
C2,xrp,-49,-0.07851453727208173
C2,xrp,-48,-0.05037866987040412
C2,xrp,-47,-0.022721996333489192
C2,xrp,-46,-0.01770473397458867
C2,xrp,-45,0.009007461645796012
C2,xrp,-44,0.01797410560265124
C2,xrp,-43,0.026062736141659302
C2,xrp,-42,0.02274823508374075
C2,xrp,-41,0.006469429675253286
C2,xrp,-40,-0.030008366925770934
C2,xrp,-39,-0.05259650970853908
C2,xrp,-38,-0.10092582897199653
C2,xrp,-37,-0.13290536051281465
C2,xrp,-36,-0.1638723540883059
C2,xrp,-35,-0.2030297992925857
C2,xrp,-34,-0.22557230655013413
C2,xrp,-33,-0.2288398748670631
C2,xrp,-32,-0.23510020500721585
C2,xrp,-31,-0.2238824601314036
C2,xrp,-30,-0.22203800404673932
C2,xrp,-29,-0.22652077980012064
C2,xrp,-28,-0.20442954002301608
C2,xrp,-27,-0.18250745544017727
C2,xrp,-26,-0.15501387452849366
C2,xrp,-25,-0.11934867092999162
C2,xrp,-24,-0.09549286655372975
C2,xrp,-23,-0.056549292095982556
C2,xrp,-22,-0.017958318628210835
C2,xrp,-21,0.0030586049407012633
C2,xrp,-20,0.017878331988143235
C2,xrp,-19,0.021575975690307655
C2,xrp,-18,0.017249793918064738
C2,xrp,-17,0.027109162130599884
C2,xrp,-16,0.018747265267619193
C2,xrp,-15,0.01375286416823557
C2,xrp,-14,0.0001328408031526314
C2,xrp,-13,-0.020864575106457294
C2,xrp,-12,-0.03336858583538535
C2,xrp,-11,-0.04682264728310358
C2,xrp,-10,-0.05732161162509211
C2,xrp,-9,-0.05851863134077981
C2,xrp,-8,-0.04650256817137184
C2,xrp,-7,-0.027049971643617495
C2,xrp,-6,0.07655060665883529
C2,xrp,-5,0.16069440339558907
C2,xrp,-4,0.25268844471570945
C2,xrp,-3,0.3313321875840162
C2,xrp,-2,0.4064247096343503
C2,xrp,-1,0.45845976023802076
C2,xrp,0,0.5327380998888682
C2,xrp,1,0.4619539954537784
C2,xrp,2,0.41863323786116113
C2,xrp,3,0.3556410057530494
C2,xrp,4,0.29161078540224916
C2,xrp,5,0.23283297682217957
C2,xrp,6,0.18005848058289645
C2,xrp,7,0.09871615693218201
C2,xrp,8,0.08478601917114839
C2,xrp,9,0.05536077025368456
C2,xrp,10,0.04897572084663987
C2,xrp,11,0.056085616020755284
C2,xrp,12,0.06238026909843796
C2,xrp,13,0.07609160227956904
C2,xrp,14,0.1040238692815451
C2,xrp,15,0.12845921754687845
C2,xrp,16,0.1565226519219844
C2,xrp,17,0.17707237209226975
C2,xrp,18,0.17686369509824082
C2,xrp,19,0.17053631729456348
C2,xrp,20,0.16509249508324544
C2,xrp,21,0.15623909809986433
C2,xrp,22,0.16178508806923303
C2,xrp,23,0.15579642129802687
C2,xrp,24,0.1424081058308224
C2,xrp,25,0.14386525677381828
C2,xrp,26,0.14068999053905995
C2,xrp,27,0.12690937847821568
C2,xrp,28,0.10505303404416158
C2,xrp,29,0.07078553610149167
C2,xrp,30,0.04687141360513273
C2,xrp,31,0.03184888291248983
C2,xrp,32,0.005280956167098205
C2,xrp,33,-0.0035706397237609314
C2,xrp,34,-0.01156405637220521
C2,xrp,35,-0.004885419753082018
C2,xrp,36,0.006854601080043972
C2,xrp,37,0.023532751978467634
C2,xrp,38,0.03808794269806117
C2,xrp,39,0.05799755546554847
C2,xrp,40,0.06482433858717161
C2,xrp,41,0.07788034175606053
C2,xrp,42,0.08182250063793095
C2,xrp,43,0.07468223464867935
C2,xrp,44,0.04847768927563301
C2,xrp,45,0.0064343641346629125
C2,xrp,46,-0.03137302299736928
C2,xrp,47,-0.06361296790854463
C2,xrp,48,-0.09349954058781873
C2,xrp,49,-0.11786118345912205
C2,xrp,50,-0.1338592442727385
C2,xrp,51,-0.13053454671965717
C2,xrp,52,-0.10347774284842452
C2,xrp,53,-0.06819092006638566
C2,xrp,54,-0.03197116149691525
C2,xrp,55,0.002242718565830706
C2,xrp,56,0.03355731567927502
C2,xrp,57,0.07471843829344471
C2,xrp,58,0.11400016727304219
C2,xrp,59,0.15093925403309577
C2,xrp,60,0.1641157901626155
C2,sol,-60,-0.05676775988848628
C2,sol,-59,-0.03397060770366622
C2,sol,-58,0.07720630623545602
C2,sol,-57,0.14791424726740174
C2,sol,-56,0.14829450724042864
C2,sol,-55,0.22572490798966466
C2,sol,-54,0.22920381566886602
C2,sol,-53,0.3264970400572409
C2,sol,-52,0.3693750038113434
C2,sol,-51,0.2241659749714999
C2,sol,-50,0.22623611508130714
C2,sol,-49,0.22560751679592375
C2,sol,-48,0.142976875023264
C2,sol,-47,-0.005624635225351619
C2,sol,-46,-0.11160603796006195
C2,sol,-45,-0.21477871220668296
C2,sol,-44,-0.1895727784022319
C2,sol,-43,-0.21777030220701538
C2,sol,-42,-0.17670188242190643
C2,sol,-41,-0.09313042635030996
C2,sol,-40,0.11903211893643374
C2,sol,-39,0.25113118070503826
C2,sol,-38,0.35321355317243464
C2,sol,-37,0.4864049157557811
C2,sol,-36,0.5197816697541977
C2,sol,-35,0.48152672753904135
C2,sol,-34,0.48036711423534445
C2,sol,-33,0.40262674199485116
C2,sol,-32,0.34530478795690767
C2,sol,-31,0.27405595002021454
C2,sol,-30,0.13525698658480115
C2,sol,-29,0.08895246852050785
C2,sol,-28,0.06776691498598536
C2,sol,-27,0.026504715598678563
C2,sol,-26,-0.0448898155396245
C2,sol,-25,-0.10435552108387111
C2,sol,-24,-0.1420375924056446
C2,sol,-23,-0.10209306489749799
C2,sol,-22,-0.0964591044520802
C2,sol,-21,-0.06740876449999458
C2,sol,-20,-0.03434312560087828
C2,sol,-19,0.08412620180315544
C2,sol,-18,0.12152500538891965
C2,sol,-17,0.14055681519879668
C2,sol,-16,0.13941966567540423
C2,sol,-15,0.15636666088360213
C2,sol,-14,0.13235303072425622
C2,sol,-13,0.05776767977147224
C2,sol,-12,-0.08761980298285962
C2,sol,-11,-0.13730905355695142
C2,sol,-10,-0.1433373660594777
C2,sol,-9,-0.17258737753574158
C2,sol,-8,-0.21681683686193962
C2,sol,-7,-0.19591407302979172
C2,sol,-6,-0.10442783716425594
C2,sol,-5,-0.013895576469690963
C2,sol,-4,0.06058228938516164
C2,sol,-3,0.08677081600712631
C2,sol,-2,0.15308018475796922
C2,sol,-1,0.2249300245864283
C2,sol,0,0.24071764851644056
C2,sol,1,0.18794671790666734
C2,sol,2,0.16505988473463878
C2,sol,3,0.1457547115297664
C2,sol,4,0.14097532303244145
C2,sol,5,0.09235783304004873
C2,sol,6,0.037889380866976685
C2,sol,7,-0.012738921268479175
C2,sol,8,-0.022600764769843233
C2,sol,9,-0.020209747421886293
C2,sol,10,-0.037747051219969636
C2,sol,11,-0.061815040157638744
C2,sol,12,-0.07513915343049558
C2,sol,13,-0.08184681972848236
C2,sol,14,-0.0684386550667718
C2,sol,15,-0.05466256875851075
C2,sol,16,-0.021188119542777405
C2,sol,17,0.032154619429799684
C2,sol,18,0.050830618242387174
C2,sol,19,0.06822017073025848
C2,sol,20,0.09403352504144773
C2,sol,21,0.08598630749996389
C2,sol,22,0.0567171885618998
C2,sol,23,-0.04624571061073345
C2,sol,24,-0.15568520648866058
C2,sol,25,-0.237034650355166
C2,sol,26,-0.2986407388913956
C2,sol,27,-0.3536499687651202
C2,sol,28,-0.37452698764854536
C2,sol,29,-0.390457759408811
C2,sol,30,-0.23193220341964166
C2,sol,31,-0.17013194873697773
C2,sol,32,-0.050507080896791
C2,sol,33,0.053939332752082
C2,sol,34,0.11487964943242518
C2,sol,35,0.13214932128422774
C2,sol,36,0.17987716515416385
C2,sol,37,0.15373581649827284
C2,sol,38,0.17554481215104006
C2,sol,39,0.1394766709670151
C2,sol,40,0.09926076605309883
C2,sol,41,0.06155959672451478
C2,sol,42,0.05319871285683494
C2,sol,43,-0.011392688088124787
C2,sol,44,-0.07246765801491593
C2,sol,45,-0.12163796094975345
C2,sol,46,-0.1350262839716887
C2,sol,47,-0.16608339206844847
C2,sol,48,-0.16781723641772345
C2,sol,49,-0.1518597421618625
C2,sol,50,-0.10116280611540357
C2,sol,51,-0.012780581177632097
C2,sol,52,0.062062668346872206
C2,sol,53,0.13321333852462666
C2,sol,54,0.23897109830409458
C2,sol,55,0.30560269968526066
C2,sol,56,0.3423205915354356
C2,sol,57,0.34665107093571934
C2,sol,58,0.325857588300638
C2,sol,59,0.2785867151434034
C2,sol,60,0.20435544834821331
C2,mstr,-60,-0.0163305218280958
C2,mstr,-59,-0.01667991268750655
C2,mstr,-58,-0.017940405129943233
C2,mstr,-57,-0.020530524614805475
C2,mstr,-56,-0.011205781376129773
C2,mstr,-55,-0.0002653076124607343
C2,mstr,-54,0.012223481660835103
C2,mstr,-53,0.021946223540803927
C2,mstr,-52,0.022692098454847588
C2,mstr,-51,0.02153590982928166
C2,mstr,-50,0.026804184521649
C2,mstr,-49,0.025803304240003596
C2,mstr,-48,0.026663367903533238
C2,mstr,-47,0.024881297553028106
C2,mstr,-46,0.023744048115032303
C2,mstr,-45,0.026892688414020646
C2,mstr,-44,0.0353873323615121
C2,mstr,-43,0.027953345232103
C2,mstr,-42,0.02095519429500107
C2,mstr,-41,0.014267593341142587
C2,mstr,-40,0.008810019758859842
C2,mstr,-39,0.0013373017837672518
C2,mstr,-38,-0.004415949253164478
C2,mstr,-37,-0.014765229362607234
C2,mstr,-36,-0.008717845778759297
C2,mstr,-35,0.0013748662290202999
C2,mstr,-34,0.011195883542027149
C2,mstr,-33,0.016415319698374297
C2,mstr,-32,0.02109599812150558
C2,mstr,-31,0.025057127455301628
C2,mstr,-30,0.02680583997482864
C2,mstr,-29,0.023855834983465874
C2,mstr,-28,0.014350090668865327
C2,mstr,-27,-0.002879851763380879
C2,mstr,-26,-0.004020940201376136
C2,mstr,-25,0.0004394769733610394
C2,mstr,-24,0.010520146917641344
C2,mstr,-23,0.02471061679116819
C2,mstr,-22,0.036323411370914216
C2,mstr,-21,0.05009116605781726
C2,mstr,-20,0.07560860352675039
C2,mstr,-19,0.08648084814705828
C2,mstr,-18,0.08736223929458778
C2,mstr,-17,0.07691243732147673
C2,mstr,-16,0.06383465986105091
C2,mstr,-15,0.05534082821287591
C2,mstr,-14,0.043630358974084286
C2,mstr,-13,0.026642689289964997
C2,mstr,-12,0.010974612475899603
C2,mstr,-11,0.004788760043056501
C2,mstr,-10,0.008542451932764083
C2,mstr,-9,0.010635661285879144
C2,mstr,-8,0.007852633730272158
C2,mstr,-7,0.009086740281943654
C2,mstr,-6,0.01330306525011277
C2,mstr,-5,0.021313163206472863
C2,mstr,-4,0.02731525469860613
C2,mstr,-3,0.029155779136876624
C2,mstr,-2,0.0449944683005082
C2,mstr,-1,0.05922493902337158
C2,mstr,0,0.08012256071296855
C2,mstr,1,0.08983480410567657
C2,mstr,2,0.09695035282866533
C2,mstr,3,0.10242639986448927
C2,mstr,4,0.10199750686432262
C2,mstr,5,0.08353245032217121
C2,mstr,6,0.06619769517840128
C2,mstr,7,0.03958630585846113
C2,mstr,8,0.02041809856217716
C2,mstr,9,0.003999405808881807
C2,mstr,10,-0.016757638301394023
C2,mstr,11,-0.025116900121370484
C2,mstr,12,-0.026839314588109307
C2,mstr,13,-0.019576135057486184
C2,mstr,14,-0.010520785400398767
C2,mstr,15,0.0015448934557857066
C2,mstr,16,0.006852403911688879
C2,mstr,17,0.019851150824861517
C2,mstr,18,0.022688115024137288
C2,mstr,19,0.027680420064218662
C2,mstr,20,0.023448296971371137
C2,mstr,21,0.01198153537131579
C2,mstr,22,-0.0029435826947314565
C2,mstr,23,-0.014805075958375248
C2,mstr,24,-0.028129518158470167
C2,mstr,25,-0.04012624032618046
C2,mstr,26,-0.0517432125093313
C2,mstr,27,-0.06780789904539707
C2,mstr,28,-0.07115266456664426
C2,mstr,29,-0.07347889584225703
C2,mstr,30,-0.07192753751585727
C2,mstr,31,-0.06724910711809214
C2,mstr,32,-0.05883952350437642
C2,mstr,33,-0.05541181219180015
C2,mstr,34,-0.03857093751363687
C2,mstr,35,-0.03144720944562919
C2,mstr,36,-0.02388372853273779
C2,mstr,37,-0.021944623856061746
C2,mstr,38,-0.027258429529942937
C2,mstr,39,-0.032813981635942575
C2,mstr,40,-0.033926204210029856
C2,mstr,41,-0.041921794639531856
C2,mstr,42,-0.04249640509833658
C2,mstr,43,-0.042528614645326056
C2,mstr,44,-0.03265294330825526
C2,mstr,45,-0.019250780070665826
C2,mstr,46,-0.005774448617221352
C2,mstr,47,0.004967869800053815
C2,mstr,48,0.01486666235439656
C2,mstr,49,0.02270526455955677
C2,mstr,50,0.02536070982424911
C2,mstr,51,0.017525037580590923
C2,mstr,52,0.0025855346002243876
C2,mstr,53,-0.01806276010932004
C2,mstr,54,-0.03617234446109194
C2,mstr,55,-0.051391328848076075
C2,mstr,56,-0.06285268305459572
C2,mstr,57,-0.06908777332265292
C2,mstr,58,-0.07262424431979678
C2,mstr,59,-0.06774886177064979
C2,mstr,60,-0.056912713751248206
C2,wgmi,-60,
C2,wgmi,-59,
C2,wgmi,-58,
C2,wgmi,-57,
C2,wgmi,-56,
C2,wgmi,-55,
C2,wgmi,-54,
C2,wgmi,-53,
C2,wgmi,-52,
C2,wgmi,-51,
C2,wgmi,-50,
C2,wgmi,-49,
C2,wgmi,-48,
C2,wgmi,-47,
C2,wgmi,-46,
C2,wgmi,-45,
C2,wgmi,-44,
C2,wgmi,-43,
C2,wgmi,-42,
C2,wgmi,-41,
C2,wgmi,-40,
C2,wgmi,-39,
C2,wgmi,-38,
C2,wgmi,-37,
C2,wgmi,-36,
C2,wgmi,-35,
C2,wgmi,-34,
C2,wgmi,-33,
C2,wgmi,-32,
C2,wgmi,-31,
C2,wgmi,-30,
C2,wgmi,-29,
C2,wgmi,-28,
C2,wgmi,-27,
C2,wgmi,-26,
C2,wgmi,-25,
C2,wgmi,-24,
C2,wgmi,-23,
C2,wgmi,-22,
C2,wgmi,-21,
C2,wgmi,-20,
C2,wgmi,-19,
C2,wgmi,-18,
C2,wgmi,-17,
C2,wgmi,-16,
C2,wgmi,-15,
C2,wgmi,-14,
C2,wgmi,-13,
C2,wgmi,-12,
C2,wgmi,-11,
C2,wgmi,-10,
C2,wgmi,-9,
C2,wgmi,-8,
C2,wgmi,-7,
C2,wgmi,-6,
C2,wgmi,-5,
C2,wgmi,-4,
C2,wgmi,-3,
C2,wgmi,-2,
C2,wgmi,-1,
C2,wgmi,0,
C2,wgmi,1,
C2,wgmi,2,
C2,wgmi,3,
C2,wgmi,4,
C2,wgmi,5,
C2,wgmi,6,
C2,wgmi,7,
C2,wgmi,8,
C2,wgmi,9,
C2,wgmi,10,
C2,wgmi,11,
C2,wgmi,12,
C2,wgmi,13,
C2,wgmi,14,
C2,wgmi,15,
C2,wgmi,16,
C2,wgmi,17,
C2,wgmi,18,
C2,wgmi,19,
C2,wgmi,20,
C2,wgmi,21,
C2,wgmi,22,
C2,wgmi,23,
C2,wgmi,24,
C2,wgmi,25,
C2,wgmi,26,
C2,wgmi,27,
C2,wgmi,28,
C2,wgmi,29,
C2,wgmi,30,
C2,wgmi,31,
C2,wgmi,32,
C2,wgmi,33,
C2,wgmi,34,
C2,wgmi,35,
C2,wgmi,36,
C2,wgmi,37,
C2,wgmi,38,
C2,wgmi,39,
C2,wgmi,40,
C2,wgmi,41,
C2,wgmi,42,
C2,wgmi,43,
C2,wgmi,44,
C2,wgmi,45,
C2,wgmi,46,
C2,wgmi,47,
C2,wgmi,48,
C2,wgmi,49,
C2,wgmi,50,
C2,wgmi,51,
C2,wgmi,52,
C2,wgmi,53,
C2,wgmi,54,
C2,wgmi,55,
C2,wgmi,56,
C2,wgmi,57,
C2,wgmi,58,
C2,wgmi,59,
C2,wgmi,60,
C2,spx,-60,-0.015421954601753036
C2,spx,-59,-0.01155003160682597
C2,spx,-58,-0.00819448577196412
C2,spx,-57,-0.006291348511391717
C2,spx,-56,0.007171802175796191
C2,spx,-55,0.022819041869672093
C2,spx,-54,0.03093769049376849
C2,spx,-53,0.03842382542868745
C2,spx,-52,0.034941503369647055
C2,spx,-51,0.034270149762301465
C2,spx,-50,0.03996962403851252
C2,spx,-49,0.03601966269860073
C2,spx,-48,0.020256152910471753
C2,spx,-47,0.013405814791875387
C2,spx,-46,0.0020838487194799566
C2,spx,-45,0.005662620127747582
C2,spx,-44,0.004328933436467352
C2,spx,-43,-0.0029455528909700774
C2,spx,-42,-0.014531024442245327
C2,spx,-41,-0.008983113921545554
C2,spx,-40,-0.006974282834691687
C2,spx,-39,-0.001974242904383581
C2,spx,-38,-0.0030278139138011856
C2,spx,-37,-0.004790842991231796
C2,spx,-36,0.0008759708334152334
C2,spx,-35,0.016806578012590237
C2,spx,-34,0.018701249763486395
C2,spx,-33,0.015747856371303603
C2,spx,-32,0.015720329019376256
C2,spx,-31,0.014489043980041595
C2,spx,-30,0.01890946526119583
C2,spx,-29,0.016588345606071687
C2,spx,-28,0.008006384826368151
C2,spx,-27,-0.0011609752144259456
C2,spx,-26,0.0002504322363540846
C2,spx,-25,-0.0026378827867425013
C2,spx,-24,-0.0032140825227920796
C2,spx,-23,0.0002782906496710508
C2,spx,-22,0.005738242226047611
C2,spx,-21,0.015254252620257893
C2,spx,-20,0.0334601322919903
C2,spx,-19,0.04761064584431717
C2,spx,-18,0.060120629311156984
C2,spx,-17,0.07357244776181837
C2,spx,-16,0.07242143157186583
C2,spx,-15,0.07460387494955106
C2,spx,-14,0.07155631173384566
C2,spx,-13,0.06893657872117522
C2,spx,-12,0.06085409887650829
C2,spx,-11,0.059956462064256595
C2,spx,-10,0.05520975803894281
C2,spx,-9,0.057980084075454866
C2,spx,-8,0.055107783454017664
C2,spx,-7,0.052264031929941376
C2,spx,-6,0.05441244440112928
C2,spx,-5,0.05826866553603642
C2,spx,-4,0.05855132432437879
C2,spx,-3,0.06291735788191731
C2,spx,-2,0.08003757245083101
C2,spx,-1,0.09379946124165922
C2,spx,0,0.12038838336531239
C2,spx,1,0.12944250917168168
C2,spx,2,0.14420430298088427
C2,spx,3,0.15749723657797737
C2,spx,4,0.16516536120147063
C2,spx,5,0.15646747832842822
C2,spx,6,0.14668973698905216
C2,spx,7,0.12119126939375598
C2,spx,8,0.09458653711210405
C2,spx,9,0.06537744310592833
C2,spx,10,0.03586392365059193
C2,spx,11,0.017329568433568296
C2,spx,12,-0.007106628729874781
C2,spx,13,-0.013616539053212539
C2,spx,14,-0.01070111913767726
C2,spx,15,0.005257743068939435
C2,spx,16,0.01919359000706365
C2,spx,17,0.034338061540006674
C2,spx,18,0.04240708094279387
C2,spx,19,0.05666150687764971
C2,spx,20,0.06293760183889173
C2,spx,21,0.05607027355630549
C2,spx,22,0.05117101259129175
C2,spx,23,0.03729658099578597
C2,spx,24,0.02662342926120874
C2,spx,25,0.01263552788863288
C2,spx,26,0.010068614381773623
C2,spx,27,-0.007514735940061203
C2,spx,28,-0.00911157247398144
C2,spx,29,-0.019214645091285943
C2,spx,30,-0.019190846966556215
C2,spx,31,-0.02000485427972635
C2,spx,32,-0.02076430552598912
C2,spx,33,-0.03389161299996446
C2,spx,34,-0.02330471717841351
C2,spx,35,-0.02272261218047361
C2,spx,36,-0.01559292580912706
C2,spx,37,-0.008555065733865235
C2,spx,38,-0.008465794352152667
C2,spx,39,-0.0004025179999680966
C2,spx,40,0.011196933308281757
C2,spx,41,0.007530967928456971
C2,spx,42,0.011406860723679576
C2,spx,43,0.010668615040608617
C2,spx,44,0.01800018760555323
C2,spx,45,0.029093955020021715
C2,spx,46,0.030019082693670568
C2,spx,47,0.030580339680251905
C2,spx,48,0.03586516969395989
C2,spx,49,0.034314141483666995
C2,spx,50,0.03025566857615305
C2,spx,51,0.011268620371581672
C2,spx,52,-0.008513172939660002
C2,spx,53,-0.02087916973950794
C2,spx,54,-0.02751183518024207
C2,spx,55,-0.03397518702164953
C2,spx,56,-0.03712848938200929
C2,spx,57,-0.04100818361082609
C2,spx,58,-0.038883514500499365
C2,spx,59,-0.03070593256908215
C2,spx,60,-0.025651651044459222
C2,ndx,-60,-0.029867805527409603
C2,ndx,-59,-0.022257157572626238
C2,ndx,-58,-0.01681205949164386
C2,ndx,-57,-0.014371972279813855
C2,ndx,-56,-0.002207844233271904
C2,ndx,-55,0.012605886617936261
C2,ndx,-54,0.01975045851212692
C2,ndx,-53,0.026855695546784027
C2,ndx,-52,0.02393873095121353
C2,ndx,-51,0.024273603080484877
C2,ndx,-50,0.030904700069658706
C2,ndx,-49,0.029022735949241433
C2,ndx,-48,0.01641790435404376
C2,ndx,-47,0.013728595122803871
C2,ndx,-46,0.006558496031906936
C2,ndx,-45,0.012264486114311962
C2,ndx,-44,0.01136222820894635
C2,ndx,-43,0.006328276539409439
C2,ndx,-42,-0.005181435169286619
C2,ndx,-41,-0.0032762410880989826
C2,ndx,-40,-0.005055843435519574
C2,ndx,-39,-0.008202520268789178
C2,ndx,-38,-0.014799558558690059
C2,ndx,-37,-0.019998892754664748
C2,ndx,-36,-0.019506138922303046
C2,ndx,-35,-0.006244244713293587
C2,ndx,-34,-0.002827711959687199
C2,ndx,-33,-0.005172439368695701
C2,ndx,-32,0.0005063018210476824
C2,ndx,-31,0.004212057127912643
C2,ndx,-30,0.01281408300386846
C2,ndx,-29,0.013692808862344556
C2,ndx,-28,0.007265156388221938
C2,ndx,-27,0.0017215025577975074
C2,ndx,-26,0.007301243305105801
C2,ndx,-25,0.005199296557708292
C2,ndx,-24,0.005560886464499916
C2,ndx,-23,0.007729457199670748
C2,ndx,-22,0.015293916285478923
C2,ndx,-21,0.026182374631459605
C2,ndx,-20,0.041184315362162924
C2,ndx,-19,0.050465891952972596
C2,ndx,-18,0.06061590438322082
C2,ndx,-17,0.07058506099149098
C2,ndx,-16,0.06951396327104155
C2,ndx,-15,0.06833963177701535
C2,ndx,-14,0.06362853667163315
C2,ndx,-13,0.05990913896573661
C2,ndx,-12,0.053105964868527665
C2,ndx,-11,0.05086134670775519
C2,ndx,-10,0.046002577522816335
C2,ndx,-9,0.04626764615188487
C2,ndx,-8,0.04359380414684001
C2,ndx,-7,0.03898331513990819
C2,ndx,-6,0.04145016455610062
C2,ndx,-5,0.043969563326467974
C2,ndx,-4,0.0450859450233099
C2,ndx,-3,0.05015554699183871
C2,ndx,-2,0.06735734265137577
C2,ndx,-1,0.08014859149163549
C2,ndx,0,0.10742911713614664
C2,ndx,1,0.11583597897527885
C2,ndx,2,0.1316048102825358
C2,ndx,3,0.14255771686038282
C2,ndx,4,0.14667770634540359
C2,ndx,5,0.13425597897768982
C2,ndx,6,0.1220873437200979
C2,ndx,7,0.09707672282204208
C2,ndx,8,0.07228396749507779
C2,ndx,9,0.04392043167197206
C2,ndx,10,0.020450968117561835
C2,ndx,11,0.00932814129586881
C2,ndx,12,-0.0016734963203610947
C2,ndx,13,0.0010990811211029174
C2,ndx,14,0.005783900423255567
C2,ndx,15,0.020751131313035635
C2,ndx,16,0.03314695075248515
C2,ndx,17,0.04426808280675895
C2,ndx,18,0.0477216966837224
C2,ndx,19,0.0515978116612156
C2,ndx,20,0.05138612437738916
C2,ndx,21,0.042573830570897045
C2,ndx,22,0.03837003834196696
C2,ndx,23,0.027512649844755422
C2,ndx,24,0.018571638925870822
C2,ndx,25,0.007630310529919578
C2,ndx,26,0.007124466358664637
C2,ndx,27,-0.01052073454766048
C2,ndx,28,-0.01178627755804842
C2,ndx,29,-0.024152283362422578
C2,ndx,30,-0.02914104399014273
C2,ndx,31,-0.03225893404595068
C2,ndx,32,-0.03744556011989297
C2,ndx,33,-0.050340723203582245
C2,ndx,34,-0.03997991545432854
C2,ndx,35,-0.04019810163523557
C2,ndx,36,-0.0282647952900866
C2,ndx,37,-0.014368914286307523
C2,ndx,38,-0.010421493842308765
C2,ndx,39,0.0016094377603697915
C2,ndx,40,0.015447211863519718
C2,ndx,41,0.017195289420468805
C2,ndx,42,0.024904397167704893
C2,ndx,43,0.020210961889212196
C2,ndx,44,0.020839000736723935
C2,ndx,45,0.027790703189441757
C2,ndx,46,0.025395951613745762
C2,ndx,47,0.02190646781425173
C2,ndx,48,0.02195903203829339
C2,ndx,49,0.016011041900440805
C2,ndx,50,0.010987671860133458
C2,ndx,51,-0.004846531471224974
C2,ndx,52,-0.022948783548374686
C2,ndx,53,-0.032936904529920125
C2,ndx,54,-0.03815649797794655
C2,ndx,55,-0.042545436809574295
C2,ndx,56,-0.042564949236963044
C2,ndx,57,-0.041578636869571244
C2,ndx,58,-0.038038121561356074
C2,ndx,59,-0.028292901700840336
C2,ndx,60,-0.022450188174867648
C2,dxy,-60,-0.007994531785813058
C2,dxy,-59,-0.012633756321173232
C2,dxy,-58,-0.018899983156329063
C2,dxy,-57,-0.019329304633698644
C2,dxy,-56,-0.012475071060657253
C2,dxy,-55,-0.013700248730820895
C2,dxy,-54,-0.02671079992228676
C2,dxy,-53,-0.03798620361946919
C2,dxy,-52,-0.04550689712463728
C2,dxy,-51,-0.04696150237998847
C2,dxy,-50,-0.05293656801343466
C2,dxy,-49,-0.062206296377141035
C2,dxy,-48,-0.06378097690308078
C2,dxy,-47,-0.05150005349818403
C2,dxy,-46,-0.03248357273265585
C2,dxy,-45,-0.013509458466203286
C2,dxy,-44,0.000497075004200515
C2,dxy,-43,0.01715080637057433
C2,dxy,-42,0.022631297912900507
C2,dxy,-41,0.028672269108817868
C2,dxy,-40,0.022207610279185254
C2,dxy,-39,0.004649760796365484
C2,dxy,-38,-0.009788428724430575
C2,dxy,-37,-0.02476432020211605
C2,dxy,-36,-0.0420209656249337
C2,dxy,-35,-0.04352045075466608
C2,dxy,-34,-0.0530690160389092
C2,dxy,-33,-0.0538447118188864
C2,dxy,-32,-0.046150187063600454
C2,dxy,-31,-0.046356958779318266
C2,dxy,-30,-0.04161109383896161
C2,dxy,-29,-0.03735031788893706
C2,dxy,-28,-0.03855955293712516
C2,dxy,-27,-0.03483668525846666
C2,dxy,-26,-0.028886823633893537
C2,dxy,-25,-0.021527514031102986
C2,dxy,-24,-0.010104376299723628
C2,dxy,-23,-0.005513766834157288
C2,dxy,-22,-0.0002859202557784816
C2,dxy,-21,0.0029285111622818637
C2,dxy,-20,0.002726795167381045
C2,dxy,-19,-0.002980476167169295
C2,dxy,-18,-0.015451983931934343
C2,dxy,-17,-0.025122806733185715
C2,dxy,-16,-0.02841383799850811
C2,dxy,-15,-0.027505373061418602
C2,dxy,-14,-0.02442782225851328
C2,dxy,-13,-0.013011197327453648
C2,dxy,-12,0.0023615501650370253
C2,dxy,-11,0.01853998794506528
C2,dxy,-10,0.029765897309435983
C2,dxy,-9,0.03928608055538718
C2,dxy,-8,0.04519769177784648
C2,dxy,-7,0.05610844308603743
C2,dxy,-6,0.06015796748023909
C2,dxy,-5,0.04969694889691932
C2,dxy,-4,0.04122787222713479
C2,dxy,-3,0.036793313558310656
C2,dxy,-2,0.02590841133285727
C2,dxy,-1,0.01807804164913927
C2,dxy,0,-0.005084737889716914
C2,dxy,1,-0.033812887541902405
C2,dxy,2,-0.04662739752399542
C2,dxy,3,-0.05924617550984411
C2,dxy,4,-0.07080465745629004
C2,dxy,5,-0.07488371161949396
C2,dxy,6,-0.08334413395459668
C2,dxy,7,-0.07326880375055712
C2,dxy,8,-0.048001270099793526
C2,dxy,9,-0.020492318749777545
C2,dxy,10,0.005598582573759727
C2,dxy,11,0.029191239589126616
C2,dxy,12,0.047575395132115776
C2,dxy,13,0.06696417208468634
C2,dxy,14,0.07939891548238624
C2,dxy,15,0.07440691409522139
C2,dxy,16,0.054570355926169864
C2,dxy,17,0.03640650989891946
C2,dxy,18,0.018486978769621503
C2,dxy,19,0.0049943307450541555
C2,dxy,20,-0.01119455079288807
C2,dxy,21,-0.032336688612197746
C2,dxy,22,-0.039763899250608165
C2,dxy,23,-0.03359096053786533
C2,dxy,24,-0.03062932642888562
C2,dxy,25,-0.030578353793216995
C2,dxy,26,-0.036852716117802206
C2,dxy,27,-0.03309080974277101
C2,dxy,28,-0.028758442690268
C2,dxy,29,-0.026544724757990357
C2,dxy,30,-0.032593390629759356
C2,dxy,31,-0.03563791848680237
C2,dxy,32,-0.03441922362729044
C2,dxy,33,-0.023479163377694783
C2,dxy,34,-0.024182257979006222
C2,dxy,35,-0.0219511925083498
C2,dxy,36,-0.025539300630859192
C2,dxy,37,-0.02511281949188652
C2,dxy,38,-0.026260916608675834
C2,dxy,39,-0.03339220760802595
C2,dxy,40,-0.04172952103193414
C2,dxy,41,-0.04645917605172221
C2,dxy,42,-0.05122232668498467
C2,dxy,43,-0.04664185881860769
C2,dxy,44,-0.044975946634379455
C2,dxy,45,-0.041467156418886056
C2,dxy,46,-0.03315479813554226
C2,dxy,47,-0.03249612163700872
C2,dxy,48,-0.025698675102966445
C2,dxy,49,-0.02215385640985501
C2,dxy,50,-0.027455162627267556
C2,dxy,51,-0.026021677865290117
C2,dxy,52,-0.02971123625943399
C2,dxy,53,-0.034327343335299805
C2,dxy,54,-0.041555376093026265
C2,dxy,55,-0.05649175958968476
C2,dxy,56,-0.06465288053996723
C2,dxy,57,-0.06676664382332531
C2,dxy,58,-0.07473796903940376
C2,dxy,59,-0.07589266177354921
C2,dxy,60,-0.07981489595637038
C2,tlt,-60,-0.0023413593263191205
C2,tlt,-59,0.009410267494517711
C2,tlt,-58,0.011547717001790291
C2,tlt,-57,0.012717795572342958
C2,tlt,-56,0.0085671252320063
C2,tlt,-55,0.003568960025228189
C2,tlt,-54,0.00021331110220711993
C2,tlt,-53,-0.007356779196308618
C2,tlt,-52,-0.015007058854800475
C2,tlt,-51,-0.024221706028642927
C2,tlt,-50,-0.03535079701881582
C2,tlt,-49,-0.04127622912279112
C2,tlt,-48,-0.04267871727389993
C2,tlt,-47,-0.04316836373487214
C2,tlt,-46,-0.04394479710419088
C2,tlt,-45,-0.04878758488047718
C2,tlt,-44,-0.0420203154685034
C2,tlt,-43,-0.03418970228628132
C2,tlt,-42,-0.01883349814640153
C2,tlt,-41,-0.008749915780502313
C2,tlt,-40,0.0006805630642331772
C2,tlt,-39,0.014548061406939192
C2,tlt,-38,0.029098343624824965
C2,tlt,-37,0.040110747565246005
C2,tlt,-36,0.0476679916582956
C2,tlt,-35,0.04171514372518859
C2,tlt,-34,0.03755325325357336
C2,tlt,-33,0.033950894186714854
C2,tlt,-32,0.018495259315857434
C2,tlt,-31,0.0046023591846999865
C2,tlt,-30,-0.01642374786242739
C2,tlt,-29,-0.028288605231063777
C2,tlt,-28,-0.031154886724786467
C2,tlt,-27,-0.030761272306589513
C2,tlt,-26,-0.03868875294777511
C2,tlt,-25,-0.03858585438759863
C2,tlt,-24,-0.03343746906447309
C2,tlt,-23,-0.024206025485801287
C2,tlt,-22,-0.015608809057716293
C2,tlt,-21,-0.014230936412354588
C2,tlt,-20,-0.015168283369367586
C2,tlt,-19,-0.009952429103353871
C2,tlt,-18,0.0008131644336089354
C2,tlt,-17,0.010359610825636054
C2,tlt,-16,0.021022796784250442
C2,tlt,-15,0.014351118781610668
C2,tlt,-14,0.010682245282724873
C2,tlt,-13,-0.0013893781356321634
C2,tlt,-12,-0.016664564266923206
C2,tlt,-11,-0.040034211561900915
C2,tlt,-10,-0.06484462861372879
C2,tlt,-9,-0.08439784100703884
C2,tlt,-8,-0.08640536894796065
C2,tlt,-7,-0.08208573936740365
C2,tlt,-6,-0.06340140897483935
C2,tlt,-5,-0.03596958818230832
C2,tlt,-4,-0.004906726612019371
C2,tlt,-3,0.016507993186302198
C2,tlt,-2,0.019385579803094143
C2,tlt,-1,0.020322936622531478
C2,tlt,0,0.01710297882338745
C2,tlt,1,0.006715535052079526
C2,tlt,2,-0.010386621322276341
C2,tlt,3,-0.030059509131771186
C2,tlt,4,-0.03701595850929118
C2,tlt,5,-0.028105419671398166
C2,tlt,6,-0.025594108622581862
C2,tlt,7,-0.028523471359725622
C2,tlt,8,-0.030778966547605414
C2,tlt,9,-0.031185233270201763
C2,tlt,10,-0.02969127383972508
C2,tlt,11,-0.03641025187738038
C2,tlt,12,-0.04184127708171571
C2,tlt,13,-0.04347271726320044
C2,tlt,14,-0.04205432882039176
C2,tlt,15,-0.03945902684236905
C2,tlt,16,-0.030920270956142883
C2,tlt,17,-0.016661475160201805
C2,tlt,18,-0.0008627444750847715
C2,tlt,19,0.009369754979546044
C2,tlt,20,0.019521414797936315
C2,tlt,21,0.03651228596563624
C2,tlt,22,0.05495741856691931
C2,tlt,23,0.0628324470947679
C2,tlt,24,0.05933373611552902
C2,tlt,25,0.060397135593215856
C2,tlt,26,0.06120449056186369
C2,tlt,27,0.059065462618787715
C2,tlt,28,0.04520195034510623
C2,tlt,29,0.020433109910891943
C2,tlt,30,0.0010446146644035243
C2,tlt,31,-0.014483050166759416
C2,tlt,32,-0.03213889533349587
C2,tlt,33,-0.046500649919466154
C2,tlt,34,-0.05904148913415222
C2,tlt,35,-0.06260692806545662
C2,tlt,36,-0.04973903837451241
C2,tlt,37,-0.039518129778294435
C2,tlt,38,-0.02670065801639592
C2,tlt,39,-0.018051720848344437
C2,tlt,40,-0.01075576110996983
C2,tlt,41,0.0024306522413819528
C2,tlt,42,0.012130760416615847
C2,tlt,43,0.016604863329921015
C2,tlt,44,0.01989073347667698
C2,tlt,45,0.024136468230719032
C2,tlt,46,0.03765064396114346
C2,tlt,47,0.04935999388109773
C2,tlt,48,0.05143644409473931
C2,tlt,49,0.05502322739108395
C2,tlt,50,0.050935221253916085
C2,tlt,51,0.05278558243458516
C2,tlt,52,0.05207596937215097
C2,tlt,53,0.04038217498760852
C2,tlt,54,0.03356084272291366
C2,tlt,55,0.02592227822269318
C2,tlt,56,0.018980969754208554
C2,tlt,57,0.01261190728079607
C2,tlt,58,9.157207912853742e-05
C2,tlt,59,-0.015180912615806005
C2,tlt,60,-0.024459589156723766
C3,eth,-60,-0.04660106737030747
C3,eth,-59,-0.021463126250496786
C3,eth,-58,-0.0022165402940372662
C3,eth,-57,0.014360027534797504
C3,eth,-56,0.025047769339094705
C3,eth,-55,0.023357091973977014
C3,eth,-54,0.01844753159894093
C3,eth,-53,0.009867693128276978
C3,eth,-52,-0.010817417080025801
C3,eth,-51,-0.032368551875687844
C3,eth,-50,-0.0452791915967765
C3,eth,-49,-0.05009871588215923
C3,eth,-48,-0.04486646365177785
C3,eth,-47,-0.0360646557174319
C3,eth,-46,-0.029007919053200524
C3,eth,-45,-0.007259276000791417
C3,eth,-44,0.01606261906220824
C3,eth,-43,0.03689858137428771
C3,eth,-42,0.04495450615244572
C3,eth,-41,0.04611990085360832
C3,eth,-40,0.04141577800616354
C3,eth,-39,0.04040162185630376
C3,eth,-38,0.02367284146645451
C3,eth,-37,0.013672502672611102
C3,eth,-36,-0.0002459318441599152
C3,eth,-35,-0.011515834052537036
C3,eth,-34,-0.020874879408573
C3,eth,-33,-0.02493107418989622
C3,eth,-32,-0.037157216641588636
C3,eth,-31,-0.03394539149675123
C3,eth,-30,-0.04128143576640724
C3,eth,-29,-0.051592355872294035
C3,eth,-28,-0.05437675483563656
C3,eth,-27,-0.056631274007960905
C3,eth,-26,-0.056247102218132575
C3,eth,-25,-0.050795502647804545
C3,eth,-24,-0.05927025470575357
C3,eth,-23,-0.06040695121488304
C3,eth,-22,-0.05447736259564425
C3,eth,-21,-0.046918990446871686
C3,eth,-20,-0.03647361158197749
C3,eth,-19,-0.023846701392727314
C3,eth,-18,-0.01496119720788956
C3,eth,-17,0.002768171110280125
C3,eth,-16,0.01780502268413795
C3,eth,-15,0.027768353851955224
C3,eth,-14,0.024741604390159818
C3,eth,-13,0.012277602019935399
C3,eth,-12,-0.004582480753473925
C3,eth,-11,-0.018833826311164942
C3,eth,-10,-0.02999135963809186
C3,eth,-9,-0.04378443118939035
C3,eth,-8,-0.04540439833872315
C3,eth,-7,-0.04409789384787128
C3,eth,-6,0.08023445857555973
C3,eth,-5,0.19178371641762038
C3,eth,-4,0.31363504927450103
C3,eth,-3,0.427326335977341
C3,eth,-2,0.5464608181454423
C3,eth,-1,0.6544047651987794
C3,eth,0,0.784276482424947
C3,eth,1,0.6880881049590075
C3,eth,2,0.6096021582943015
C3,eth,3,0.5147546496235771
C3,eth,4,0.421111770024284
C3,eth,5,0.32187964840819494
C3,eth,6,0.2194593111851632
C3,eth,7,0.09695754664349102
C3,eth,8,0.08501994753630625
C3,eth,9,0.07051726691305317
C3,eth,10,0.061268264649089486
C3,eth,11,0.05741661766046254
C3,eth,12,0.05666523348214066
C3,eth,13,0.062066594793108755
C3,eth,14,0.06935469768582696
C3,eth,15,0.07347055905265365
C3,eth,16,0.07456246130930734
C3,eth,17,0.07352537986523235
C3,eth,18,0.06257240072032134
C3,eth,19,0.05360435713008078
C3,eth,20,0.043628091582248785
C3,eth,21,0.03995101454140765
C3,eth,22,0.04897560186678849
C3,eth,23,0.05161261101736551
C3,eth,24,0.06147800254705036
C3,eth,25,0.07267098158517385
C3,eth,26,0.07549239759905119
C3,eth,27,0.08375678406839891
C3,eth,28,0.08421225018371178
C3,eth,29,0.07030190326796978
C3,eth,30,0.061207815727746515
C3,eth,31,0.05238164678613112
C3,eth,32,0.04353762078379058
C3,eth,33,0.04434938056530145
C3,eth,34,0.03471524496275809
C3,eth,35,0.028071351636663654
C3,eth,36,0.028374193240689786
C3,eth,37,0.037906613806709066
C3,eth,38,0.04012355468804064
C3,eth,39,0.04494711214110126
C3,eth,40,0.043523911865631544
C3,eth,41,0.04762329707762216
C3,eth,42,0.05493501154720692
C3,eth,43,0.05325265739639791
C3,eth,44,0.037309989126088114
C3,eth,45,0.019041669855740635
C3,eth,46,0.008215658745935729
C3,eth,47,0.00705764239343743
C3,eth,48,0.004693899795947127
C3,eth,49,0.00044911287173111377
C3,eth,50,0.005702976409447063
C3,eth,51,0.018670203518986787
C3,eth,52,0.04248637811817346
C3,eth,53,0.061139326957615835
C3,eth,54,0.06923155206024517
C3,eth,55,0.0760322814431892
C3,eth,56,0.07927657362993835
C3,eth,57,0.07683894798403583
C3,eth,58,0.07223248309611698
C3,eth,59,0.06581747452407538
C3,eth,60,0.051479214845524264
C3,xrp,-60,-0.003221019060006468
C3,xrp,-59,-0.0002959179578927462
C3,xrp,-58,-0.007843185950894978
C3,xrp,-57,-0.012331872324551485
C3,xrp,-56,-0.022548538824434576
C3,xrp,-55,-0.044016066265469375
C3,xrp,-54,-0.058172920297312074
C3,xrp,-53,-0.07158789834717032
C3,xrp,-52,-0.08451620822562127
C3,xrp,-51,-0.09039612700220075
C3,xrp,-50,-0.09174618616280401
C3,xrp,-49,-0.08244935223098654
C3,xrp,-48,-0.06684633217865525
C3,xrp,-47,-0.05117610108496289
C3,xrp,-46,-0.03967697280137224
C3,xrp,-45,-0.021362800340837016
C3,xrp,-44,-0.009689790635594036
C3,xrp,-43,-0.002559182227168117
C3,xrp,-42,-0.007588339494634983
C3,xrp,-41,-0.018254067588318122
C3,xrp,-40,-0.03735861001321087
C3,xrp,-39,-0.05222376833980937
C3,xrp,-38,-0.08147017013573218
C3,xrp,-37,-0.10127158602293188
C3,xrp,-36,-0.11668967000190904
C3,xrp,-35,-0.12373905378090516
C3,xrp,-34,-0.1264286930864558
C3,xrp,-33,-0.11246255671283278
C3,xrp,-32,-0.10716296519586399
C3,xrp,-31,-0.08424501616834423
C3,xrp,-30,-0.06593124111726319
C3,xrp,-29,-0.05543777201107003
C3,xrp,-28,-0.041317668777699844
C3,xrp,-27,-0.027534328640920282
C3,xrp,-26,-0.018282324254633
C3,xrp,-25,-0.00048251758562178925
C3,xrp,-24,0.0017202139491691545
C3,xrp,-23,0.00552276457702695
C3,xrp,-22,0.013037040784495375
C3,xrp,-21,0.01226896112575447
C3,xrp,-20,0.010624740407526291
C3,xrp,-19,0.0018829354603544872
C3,xrp,-18,-0.009743967984495007
C3,xrp,-17,-0.014661474676532452
C3,xrp,-16,-0.027377815775108456
C3,xrp,-15,-0.028679674591926232
C3,xrp,-14,-0.03554362788447369
C3,xrp,-13,-0.045491889473547854
C3,xrp,-12,-0.04848881514758147
C3,xrp,-11,-0.05555937477610516
C3,xrp,-10,-0.05297150164990658
C3,xrp,-9,-0.04222929199489778
C3,xrp,-8,-0.04358419331104221
C3,xrp,-7,-0.04007151600713604
C3,xrp,-6,0.04536879949612073
C3,xrp,-5,0.11630885954815309
C3,xrp,-4,0.19983492857189517
C3,xrp,-3,0.272980362722292
C3,xrp,-2,0.34519549615889655
C3,xrp,-1,0.4141212222084907
C3,xrp,0,0.5031360506217342
C3,xrp,1,0.43930219848211055
C3,xrp,2,0.39328139423067704
C3,xrp,3,0.3295447611683361
C3,xrp,4,0.26471393733431553
C3,xrp,5,0.20045040098540665
C3,xrp,6,0.13764005650378375
C3,xrp,7,0.05603760455631449
C3,xrp,8,0.04544405044502603
C3,xrp,9,0.03236186939366591
C3,xrp,10,0.03392654310614429
C3,xrp,11,0.041951708360198105
C3,xrp,12,0.04862832639798753
C3,xrp,13,0.061477070433076667
C3,xrp,14,0.07618707324182068
C3,xrp,15,0.09397929179286763
C3,xrp,16,0.10454653787513364
C3,xrp,17,0.10688051950717804
C3,xrp,18,0.10365730050402155
C3,xrp,19,0.09971121415503434
C3,xrp,20,0.09435855579392727
C3,xrp,21,0.09343126332053031
C3,xrp,22,0.1026623787997038
C3,xrp,23,0.1066330159702556
C3,xrp,24,0.11498094903833421
C3,xrp,25,0.12312893562453435
C3,xrp,26,0.12362310214239175
C3,xrp,27,0.12383956895722058
C3,xrp,28,0.11546246677760737
C3,xrp,29,0.09421437799287641
C3,xrp,30,0.08158862767693315
C3,xrp,31,0.06867633193174386
C3,xrp,32,0.04974525089173988
C3,xrp,33,0.04308485581326715
C3,xrp,34,0.03276613812861078
C3,xrp,35,0.026261919556446432
C3,xrp,36,0.019619044970956505
C3,xrp,37,0.01939872486019061
C3,xrp,38,0.01682748893908122
C3,xrp,39,0.02042990166889945
C3,xrp,40,0.019943398472277923
C3,xrp,41,0.018357509060456804
C3,xrp,42,0.019901594236679417
C3,xrp,43,0.022938109104203526
C3,xrp,44,0.011947755605807171
C3,xrp,45,-0.006474676723262342
C3,xrp,46,-0.023643510008894687
C3,xrp,47,-0.039270912427365454
C3,xrp,48,-0.048894726607143536
C3,xrp,49,-0.057925700504622944
C3,xrp,50,-0.06436838850363827
C3,xrp,51,-0.06205492231746913
C3,xrp,52,-0.044905663876852284
C3,xrp,53,-0.0211123201874344
C3,xrp,54,-0.000226369606741639
C3,xrp,55,0.020938531251728752
C3,xrp,56,0.04121093568358598
C3,xrp,57,0.06083956062207328
C3,xrp,58,0.07972849046906172
C3,xrp,59,0.09435849393094153
C3,xrp,60,0.09598660646636248
C3,sol,-60,-0.06941913773799555
C3,sol,-59,-0.06869480699246183
C3,sol,-58,-0.05760626756854014
C3,sol,-57,-0.043556358099290565
C3,sol,-56,-0.03253165794406728
C3,sol,-55,-0.021116683779399337
C3,sol,-54,0.0023551257401838773
C3,sol,-53,0.019852329654284507
C3,sol,-52,0.03610751599150587
C3,sol,-51,0.03281678223758682
C3,sol,-50,0.024372553244604783
C3,sol,-49,0.012034307857294453
C3,sol,-48,0.008888700505575355
C3,sol,-47,-0.010664322446777806
C3,sol,-46,-0.026471362320211172
C3,sol,-45,-0.037327936427252226
C3,sol,-44,-0.03155468976598607
C3,sol,-43,-0.024696045034607858
C3,sol,-42,-0.01589547596820497
C3,sol,-41,-0.016284052342212006
C3,sol,-40,-0.0028365061687577043
C3,sol,-39,0.011415456622403291
C3,sol,-38,0.019848928293132763
C3,sol,-37,0.0265994439090633
C3,sol,-36,0.03258743526254116
C3,sol,-35,0.041631533654921185
C3,sol,-34,0.051787602250346856
C3,sol,-33,0.06246777202658669
C3,sol,-32,0.060929468548108136
C3,sol,-31,0.061507689929191464
C3,sol,-30,0.06186804725034398
C3,sol,-29,0.05674692418199749
C3,sol,-28,0.04389554049780901
C3,sol,-27,0.02501056131876915
C3,sol,-26,-0.0029274585288430193
C3,sol,-25,-0.022854306010319063
C3,sol,-24,-0.05083289845022695
C3,sol,-23,-0.08273134317801854
C3,sol,-22,-0.10257676222512563
C3,sol,-21,-0.11099698708020635
C3,sol,-20,-0.10492961371874121
C3,sol,-19,-0.0937644561994533
C3,sol,-18,-0.08679156591403044
C3,sol,-17,-0.07343409304889281
C3,sol,-16,-0.05624213172565888
C3,sol,-15,-0.03825816109388666
C3,sol,-14,-0.03410570575813987
C3,sol,-13,-0.03860925678787384
C3,sol,-12,-0.03663645546361972
C3,sol,-11,-0.02652775186192423
C3,sol,-10,-0.003851893910228745
C3,sol,-9,0.006858186051652335
C3,sol,-8,0.007141071369543696
C3,sol,-7,0.014407261424250044
C3,sol,-6,0.09339886651175257
C3,sol,-5,0.15251450751105544
C3,sol,-4,0.216765378479044
C3,sol,-3,0.2694335898591643
C3,sol,-2,0.34379080615644125
C3,sol,-1,0.41947151270222255
C3,sol,0,0.5035501639262239
C3,sol,1,0.44784382945278045
C3,sol,2,0.40574977103053134
C3,sol,3,0.3529660207327531
C3,sol,4,0.3014267771597046
C3,sol,5,0.23429957396689507
C3,sol,6,0.16382189728603447
C3,sol,7,0.09697444309984864
C3,sol,8,0.0927613913519592
C3,sol,9,0.09723686179276195
C3,sol,10,0.10096164058319901
C3,sol,11,0.10080205320273745
C3,sol,12,0.10445124279424542
C3,sol,13,0.11862628381108259
C3,sol,14,0.11749700187750337
C3,sol,15,0.1313565587194817
C3,sol,16,0.13200970463031647
C3,sol,17,0.13065256133098202
C3,sol,18,0.12747893472927962
C3,sol,19,0.1318435219837209
C3,sol,20,0.13358987518281631
C3,sol,21,0.13743727697094146
C3,sol,22,0.13365193084188332
C3,sol,23,0.12938752701088027
C3,sol,24,0.13432056846575072
C3,sol,25,0.14026710353308897
C3,sol,26,0.1284419214208421
C3,sol,27,0.12203864446299245
C3,sol,28,0.11508357900146668
C3,sol,29,0.10126451460327392
C3,sol,30,0.09956897178004495
C3,sol,31,0.09047080986775095
C3,sol,32,0.0832670913061259
C3,sol,33,0.08812858725620028
C3,sol,34,0.08026724664928743
C3,sol,35,0.07064069445356105
C3,sol,36,0.07167745579423564
C3,sol,37,0.06486375945481064
C3,sol,38,0.05520051245481305
C3,sol,39,0.04404422950951481
C3,sol,40,0.03553213397674878
C3,sol,41,0.0275249082837122
C3,sol,42,0.03276618598313574
C3,sol,43,0.027433729856552295
C3,sol,44,0.02768952197458052
C3,sol,45,0.034592993340873235
C3,sol,46,0.052768551363288334
C3,sol,47,0.06851312333956101
C3,sol,48,0.0896675468444722
C3,sol,49,0.09712584621591829
C3,sol,50,0.10854104257357501
C3,sol,51,0.11494254687159874
C3,sol,52,0.11934322472419828
C3,sol,53,0.1149970699520293
C3,sol,54,0.10435158283906912
C3,sol,55,0.08465713249999551
C3,sol,56,0.07335626336695268
C3,sol,57,0.06048866745644064
C3,sol,58,0.04281283177542989
C3,sol,59,0.0277490793241109
C3,sol,60,0.00934286361616676
C3,mstr,-60,-0.03929778969460231
C3,mstr,-59,-0.030345731340094443
C3,mstr,-58,-0.0181510058757124
C3,mstr,-57,-0.006089308288515904
C3,mstr,-56,0.0104365927204323
C3,mstr,-55,0.022121750055746518
C3,mstr,-54,0.03494549791767874
C3,mstr,-53,0.04502138272299542
C3,mstr,-52,0.0457820923454659
C3,mstr,-51,0.04506348275609211
C3,mstr,-50,0.04267409657238585
C3,mstr,-49,0.036836974345032
C3,mstr,-48,0.038512036661060345
C3,mstr,-47,0.034181073940368484
C3,mstr,-46,0.03084697756149344
C3,mstr,-45,0.03514391211305763
C3,mstr,-44,0.044987681159330946
C3,mstr,-43,0.05653745043228125
C3,mstr,-42,0.06082850111088827
C3,mstr,-41,0.05537041383015305
C3,mstr,-40,0.05261338775550776
C3,mstr,-39,0.05927071875287897
C3,mstr,-38,0.060448845150536556
C3,mstr,-37,0.05154800914391867
C3,mstr,-36,0.035491243519376436
C3,mstr,-35,0.028988017584410202
C3,mstr,-34,0.031815905094442924
C3,mstr,-33,0.03949331840580475
C3,mstr,-32,0.031334978777738005
C3,mstr,-31,0.028938866128310287
C3,mstr,-30,0.03381693217502362
C3,mstr,-29,0.042505360106919736
C3,mstr,-28,0.04702682886294542
C3,mstr,-27,0.04021331037828123
C3,mstr,-26,0.03133564349917666
C3,mstr,-25,0.023223730916077528
C3,mstr,-24,0.010158479924927603
C3,mstr,-23,-0.005709243306697367
C3,mstr,-22,-0.019753148202341104
C3,mstr,-21,-0.03255975526638831
C3,mstr,-20,-0.0375929018297953
C3,mstr,-19,-0.04556628466497271
C3,mstr,-18,-0.04215567673543024
C3,mstr,-17,-0.036926006300076766
C3,mstr,-16,-0.02998004768751405
C3,mstr,-15,-0.01868511104928106
C3,mstr,-14,-0.009518503059502026
C3,mstr,-13,-0.0003456381978976007
C3,mstr,-12,0.00988202354936886
C3,mstr,-11,0.01279750583130012
C3,mstr,-10,0.017861818222600134
C3,mstr,-9,0.02294262004883789
C3,mstr,-8,0.02218666060442103
C3,mstr,-7,0.023458021829669044
C3,mstr,-6,0.07508457923052121
C3,mstr,-5,0.13483126120262537
C3,mstr,-4,0.1995803710829976
C3,mstr,-3,0.26116042883031826
C3,mstr,-2,0.3231095820344819
C3,mstr,-1,0.38243866045105385
C3,mstr,0,0.448698371430449
C3,mstr,1,0.41288418862463216
C3,mstr,2,0.3550441611942059
C3,mstr,3,0.2947964530629381
C3,mstr,4,0.23062677926273284
C3,mstr,5,0.16062658349327075
C3,mstr,6,0.0953911016136318
C3,mstr,7,0.019800194261816492
C3,mstr,8,-0.006910370120145324
C3,mstr,9,-0.008973228601437145
C3,mstr,10,-0.01411341226693172
C3,mstr,11,-0.01366589153557025
C3,mstr,12,-0.003638766720621634
C3,mstr,13,0.0027561488598140953
C3,mstr,14,0.008940989919271211
C3,mstr,15,0.02280745196032334
C3,mstr,16,0.022629656153238437
C3,mstr,17,0.019700178514349947
C3,mstr,18,0.017280691842864442
C3,mstr,19,0.009759819501513861
C3,mstr,20,0.007408572437744102
C3,mstr,21,0.01218712324589263
C3,mstr,22,0.013104034720874761
C3,mstr,23,0.019876653090614083
C3,mstr,24,0.03461019788115078
C3,mstr,25,0.047253314085683805
C3,mstr,26,0.05936175404828434
C3,mstr,27,0.06739327599877142
C3,mstr,28,0.06972228189002917
C3,mstr,29,0.06410650482905822
C3,mstr,30,0.04930432550512968
C3,mstr,31,0.03511476973505833
C3,mstr,32,0.01936156398564621
C3,mstr,33,0.00197291723521349
C3,mstr,34,-0.010393539408987955
C3,mstr,35,-0.024194344053927567
C3,mstr,36,-0.029624063587954656
C3,mstr,37,-0.02152166489989609
C3,mstr,38,-0.021045805083224813
C3,mstr,39,-0.016820112852981794
C3,mstr,40,-0.01144609629706774
C3,mstr,41,-0.0148645532529069
C3,mstr,42,-0.012342665532275088
C3,mstr,43,-0.01400473300276699
C3,mstr,44,-0.02287875446459948
C3,mstr,45,-0.026113304328820072
C3,mstr,46,-0.03208979383098053
C3,mstr,47,-0.031811546667019935
C3,mstr,48,-0.026224893168514903
C3,mstr,49,-0.02203708988303281
C3,mstr,50,-0.011258869821553743
C3,mstr,51,-0.005424919782834787
C3,mstr,52,-0.00535642381524934
C3,mstr,53,-0.005962051272084449
C3,mstr,54,-0.017824844851944837
C3,mstr,55,-0.032948401580993256
C3,mstr,56,-0.045536273568332696
C3,mstr,57,-0.06727761068485537
C3,mstr,58,-0.07792900231194823
C3,mstr,59,-0.07904651378977778
C3,mstr,60,-0.07456846629680519
C3,wgmi,-60,-0.07914417471572396
C3,wgmi,-59,-0.0737281312015852
C3,wgmi,-58,-0.055604143726174796
C3,wgmi,-57,-0.03727228175554118
C3,wgmi,-56,-0.023232357083977632
C3,wgmi,-55,-0.018363059093548517
C3,wgmi,-54,0.0023198492757669784
C3,wgmi,-53,0.01770188331762516
C3,wgmi,-52,0.02197488823175466
C3,wgmi,-51,0.015830265210680445
C3,wgmi,-50,0.005726183249745566
C3,wgmi,-49,-0.009889415019696046
C3,wgmi,-48,-0.01386563305922412
C3,wgmi,-47,-0.028893589007911065
C3,wgmi,-46,-0.05135777117827398
C3,wgmi,-45,-0.06629684826954363
C3,wgmi,-44,-0.06931562358711213
C3,wgmi,-43,-0.07027759260205431
C3,wgmi,-42,-0.0788301276719638
C3,wgmi,-41,-0.09145908828742141
C3,wgmi,-40,-0.09690787851743973
C3,wgmi,-39,-0.08461575542549744
C3,wgmi,-38,-0.06790312205030859
C3,wgmi,-37,-0.06266017134068519
C3,wgmi,-36,-0.06805541772428722
C3,wgmi,-35,-0.04646037349767863
C3,wgmi,-34,-0.01571439310745964
C3,wgmi,-33,0.01189499478697508
C3,wgmi,-32,0.016042737201460613
C3,wgmi,-31,0.012864550710740658
C3,wgmi,-30,0.021761172350380244
C3,wgmi,-29,0.03938448148938281
C3,wgmi,-28,0.037710497306064815
C3,wgmi,-27,0.02158220087966366
C3,wgmi,-26,0.004365392020988762
C3,wgmi,-25,0.0032684174935821717
C3,wgmi,-24,-0.004734830651624661
C3,wgmi,-23,-0.018884091506398446
C3,wgmi,-22,-0.031153795148531224
C3,wgmi,-21,-0.03264730281711896
C3,wgmi,-20,-0.02187190280598859
C3,wgmi,-19,-0.007094196494417642
C3,wgmi,-18,0.0035062705452244785
C3,wgmi,-17,0.02436878313647771
C3,wgmi,-16,0.0476297053351148
C3,wgmi,-15,0.0695113247076317
C3,wgmi,-14,0.07871790208339936
C3,wgmi,-13,0.08507876420447441
C3,wgmi,-12,0.08782229181862944
C3,wgmi,-11,0.08383162633573664
C3,wgmi,-10,0.07337687194980425
C3,wgmi,-9,0.0639537977707236
C3,wgmi,-8,0.05375103735134826
C3,wgmi,-7,0.05500530191987628
C3,wgmi,-6,0.1312401927978607
C3,wgmi,-5,0.2157032375487471
C3,wgmi,-4,0.3098942138203108
C3,wgmi,-3,0.4089987901579286
C3,wgmi,-2,0.4979896710408417
C3,wgmi,-1,0.580557888767003
C3,wgmi,0,0.654187392941633
C3,wgmi,1,0.5711979669677444
C3,wgmi,2,0.46905743703326586
C3,wgmi,3,0.3645516859180968
C3,wgmi,4,0.24819721354189733
C3,wgmi,5,0.13416243239729908
C3,wgmi,6,0.03651238553249329
C3,wgmi,7,-0.05205080296837832
C3,wgmi,8,-0.054808737239939474
C3,wgmi,9,-0.03919705900780435
C3,wgmi,10,-0.024009706773770487
C3,wgmi,11,0.0066108290667461515
C3,wgmi,12,0.05256168582997993
C3,wgmi,13,0.08352791480448175
C3,wgmi,14,0.1003643033880967
C3,wgmi,15,0.11183268810052342
C3,wgmi,16,0.1128527037421772
C3,wgmi,17,0.10120786446602821
C3,wgmi,18,0.08280419324721823
C3,wgmi,19,0.051979069330483275
C3,wgmi,20,0.023974421673291006
C3,wgmi,21,0.013243074358695914
C3,wgmi,22,0.011280240938647521
C3,wgmi,23,0.017911543150639135
C3,wgmi,24,0.039729944661667696
C3,wgmi,25,0.05732447480018953
C3,wgmi,26,0.07293130894720913
C3,wgmi,27,0.09086449935290057
C3,wgmi,28,0.0993949231866243
C3,wgmi,29,0.08641761546243769
C3,wgmi,30,0.06197852000017871
C3,wgmi,31,0.02867903746200848
C3,wgmi,32,0.005702524641866052
C3,wgmi,33,-0.018643508144152166
C3,wgmi,34,-0.039550475767506074
C3,wgmi,35,-0.05804674975423249
C3,wgmi,36,-0.053588957520316366
C3,wgmi,37,-0.0383689928744784
C3,wgmi,38,-0.016679631766890825
C3,wgmi,39,-0.009546595748874979
C3,wgmi,40,0.0014598680115866316
C3,wgmi,41,0.010862386822767514
C3,wgmi,42,0.013388773008636544
C3,wgmi,43,0.0061029807140747395
C3,wgmi,44,-0.00450224065985261
C3,wgmi,45,-0.011999639164567023
C3,wgmi,46,-0.002626930347297565
C3,wgmi,47,0.008873432018298393
C3,wgmi,48,0.011200395441901392
C3,wgmi,49,0.02217845716081223
C3,wgmi,50,0.03226122037271254
C3,wgmi,51,0.03831305820420326
C3,wgmi,52,0.02778752555454485
C3,wgmi,53,0.0038819658758173473
C3,wgmi,54,-0.027269336976195865
C3,wgmi,55,-0.05938917604048513
C3,wgmi,56,-0.09255989208334321
C3,wgmi,57,-0.12875894307900787
C3,wgmi,58,-0.15553061716020866
C3,wgmi,59,-0.1591709257580742
C3,wgmi,60,-0.15277807818165812
C3,spx,-60,-0.017988924768452652
C3,spx,-59,-0.01280319551311586
C3,spx,-58,-0.00786092824848366
C3,spx,-57,0.0073240006033636175
C3,spx,-56,0.030454376205945103
C3,spx,-55,0.045657475636015
C3,spx,-54,0.05724629291292384
C3,spx,-53,0.07061649208639051
C3,spx,-52,0.0656796864154715
C3,spx,-51,0.058446936172895356
C3,spx,-50,0.047120117887365066
C3,spx,-49,0.031580626755011304
C3,spx,-48,0.016285660378497078
C3,spx,-47,0.010487991191913286
C3,spx,-46,0.00017414576749314234
C3,spx,-45,0.008897680365448048
C3,spx,-44,0.012379335364977618
C3,spx,-43,0.014807655498824741
C3,spx,-42,0.009684240082293322
C3,spx,-41,0.009337802311025399
C3,spx,-40,0.006112649235552359
C3,spx,-39,0.0014998389286123136
C3,spx,-38,-0.009067767463794158
C3,spx,-37,-0.01464293036880189
C3,spx,-36,-0.019691739728754865
C3,spx,-35,-0.013188188910190695
C3,spx,-34,-0.0119889790692218
C3,spx,-33,-0.01360494924784094
C3,spx,-32,-0.01174363272544971
C3,spx,-31,-0.01216896904665854
C3,spx,-30,-0.009836981225195449
C3,spx,-29,-0.00918140491755947
C3,spx,-28,-0.01367047662882079
C3,spx,-27,-0.02267079216027801
C3,spx,-26,-0.02452421904228746
C3,spx,-25,-0.032962051456065636
C3,spx,-24,-0.04064994567883445
C3,spx,-23,-0.04340983280246932
C3,spx,-22,-0.042584362570224264
C3,spx,-21,-0.03953563802269887
C3,spx,-20,-0.026378821717836225
C3,spx,-19,-0.013893489841218496
C3,spx,-18,0.0033713102157646247
C3,spx,-17,0.023294901496825116
C3,spx,-16,0.02487501715125615
C3,spx,-15,0.030390831312676198
C3,spx,-14,0.03131205788610703
C3,spx,-13,0.033346770918706935
C3,spx,-12,0.02680675208827216
C3,spx,-11,0.023705654150467485
C3,spx,-10,0.019021950863398498
C3,spx,-9,0.030577644131567536
C3,spx,-8,0.03316088998554791
C3,spx,-7,0.03439176408216388
C3,spx,-6,0.0636997914553752
C3,spx,-5,0.09107211195924594
C3,spx,-4,0.11656800385568628
C3,spx,-3,0.1444598478376996
C3,spx,-2,0.1739084014704743
C3,spx,-1,0.19844318430104574
C3,spx,0,0.23995952282969846
C3,spx,1,0.21402404131232397
C3,spx,2,0.2058088540187014
C3,spx,3,0.19890957382480945
C3,spx,4,0.183415705438109
C3,spx,5,0.15733520397843043
C3,spx,6,0.1381288018445805
C3,spx,7,0.1041664138061924
C3,spx,8,0.09502154096661543
C3,spx,9,0.07555472689868874
C3,spx,10,0.04979239821449204
C3,spx,11,0.03575582930510959
C3,spx,12,0.019496443673468644
C3,spx,13,0.015299457400466612
C3,spx,14,0.01218303485501191
C3,spx,15,0.02835047617698609
C3,spx,16,0.037551015907539786
C3,spx,17,0.0491214428904465
C3,spx,18,0.05707850167596856
C3,spx,19,0.07012988524417009
C3,spx,20,0.07520450557805573
C3,spx,21,0.07304590786097905
C3,spx,22,0.0649724484520542
C3,spx,23,0.05780041436609979
C3,spx,24,0.055979063625824034
C3,spx,25,0.049514000160172746
C3,spx,26,0.050323451056197906
C3,spx,27,0.038128149389548956
C3,spx,28,0.040061039932439486
C3,spx,29,0.035707032660240584
C3,spx,30,0.032865842508173815
C3,spx,31,0.0279652096513127
C3,spx,32,0.02234669669624123
C3,spx,33,0.00435784711815222
C3,spx,34,0.007283432634061883
C3,spx,35,-0.0005015565126765952
C3,spx,36,-0.005679529078078717
C3,spx,37,-0.007219868423697343
C3,spx,38,-0.019533115622062253
C3,spx,39,-0.023342597919565146
C3,spx,40,-0.024333398901195066
C3,spx,41,-0.03903096752040272
C3,spx,42,-0.043806834900617285
C3,spx,43,-0.04876508120090344
C3,spx,44,-0.046207407775790785
C3,spx,45,-0.031221465752814922
C3,spx,46,-0.02763302427550235
C3,spx,47,-0.019588382780273715
C3,spx,48,-0.01123816791681164
C3,spx,49,-0.014389149640689635
C3,spx,50,-0.015918698503597103
C3,spx,51,-0.027118286753642792
C3,spx,52,-0.04469161138919657
C3,spx,53,-0.054948317871367704
C3,spx,54,-0.06679701624986567
C3,spx,55,-0.07119784162886697
C3,spx,56,-0.0634127036140894
C3,spx,57,-0.05892145569036718
C3,spx,58,-0.05271737998307864
C3,spx,59,-0.03688142090757643
C3,spx,60,-0.021134418815076935
C3,ndx,-60,-0.011981801487775844
C3,ndx,-59,-0.007800194294474943
C3,ndx,-58,-0.005226242081380785
C3,ndx,-57,0.008163483677696972
C3,ndx,-56,0.026292610005421515
C3,ndx,-55,0.03803637069947184
C3,ndx,-54,0.05173865161802389
C3,ndx,-53,0.06725089914959502
C3,ndx,-52,0.06640174623698232
C3,ndx,-51,0.06260572512562004
C3,ndx,-50,0.05440105066664176
C3,ndx,-49,0.04413184068694004
C3,ndx,-48,0.035306955867348375
C3,ndx,-47,0.031932208749356844
C3,ndx,-46,0.0236285804103499
C3,ndx,-45,0.03247086673626439
C3,ndx,-44,0.035977570647074346
C3,ndx,-43,0.0388358099059569
C3,ndx,-42,0.031167866881035244
C3,ndx,-41,0.025927217888628822
C3,ndx,-40,0.017780218585080176
C3,ndx,-39,0.005095457411227724
C3,ndx,-38,-0.011892968257633514
C3,ndx,-37,-0.021613868809217014
C3,ndx,-36,-0.033218239486237984
C3,ndx,-35,-0.028638272320590078
C3,ndx,-34,-0.02844855733373109
C3,ndx,-33,-0.028031102347784404
C3,ndx,-32,-0.019063354772044162
C3,ndx,-31,-0.01119788780133729
C3,ndx,-30,-0.0011298746802829338
C3,ndx,-29,0.01041746840587692
C3,ndx,-28,0.013058474247997698
C3,ndx,-27,0.011826355628031329
C3,ndx,-26,0.016764503539391462
C3,ndx,-25,0.011383545028911252
C3,ndx,-24,0.004172816349158585
C3,ndx,-23,-0.0022885505077569687
C3,ndx,-22,-0.005965389553057085
C3,ndx,-21,-0.005282938103074682
C3,ndx,-20,0.003527167844391045
C3,ndx,-19,0.008988656028976768
C3,ndx,-18,0.021723319881503427
C3,ndx,-17,0.03665121525370725
C3,ndx,-16,0.03778312699799868
C3,ndx,-15,0.0424756513168035
C3,ndx,-14,0.0408262348266642
C3,ndx,-13,0.04130239561578697
C3,ndx,-12,0.036262666182876234
C3,ndx,-11,0.031405395303503815
C3,ndx,-10,0.02692356333894733
C3,ndx,-9,0.03489458350974372
C3,ndx,-8,0.03423813143615516
C3,ndx,-7,0.03299055478858113
C3,ndx,-6,0.06407699878378645
C3,ndx,-5,0.09039652137822755
C3,ndx,-4,0.11574943224948749
C3,ndx,-3,0.14154912189866428
C3,ndx,-2,0.16961385113381283
C3,ndx,-1,0.19168495316165798
C3,ndx,0,0.22976770199855082
C3,ndx,1,0.19259593538168332
C3,ndx,2,0.17683407419650307
C3,ndx,3,0.1618364349958601
C3,ndx,4,0.13974438531382113
C3,ndx,5,0.10817661035884231
C3,ndx,6,0.0856304489198419
C3,ndx,7,0.052532058727264526
C3,ndx,8,0.05054066111334875
C3,ndx,9,0.036671172527364466
C3,ndx,10,0.02072567456297419
C3,ndx,11,0.01643495212511646
C3,ndx,12,0.01699236801571303
C3,ndx,13,0.024912278361483145
C3,ndx,14,0.028010514819460517
C3,ndx,15,0.04632737482396965
C3,ndx,16,0.0547434484869508
C3,ndx,17,0.060762391230201905
C3,ndx,18,0.06216037558651343
C3,ndx,19,0.05993046856384811
C3,ndx,20,0.05447844029247184
C3,ndx,21,0.04647022626233519
C3,ndx,22,0.03663046104537528
C3,ndx,23,0.033059995257808575
C3,ndx,24,0.03676538207441879
C3,ndx,25,0.03848700499143872
C3,ndx,26,0.04666713898745147
C3,ndx,27,0.04026957897781683
C3,ndx,28,0.04349127950864196
C3,ndx,29,0.036014437249293485
C3,ndx,30,0.027019578223533073
C3,ndx,31,0.015536748138801314
C3,ndx,32,-0.0008340062467969459
C3,ndx,33,-0.024792076115099357
C3,ndx,34,-0.026811450758104243
C3,ndx,35,-0.03521855291670629
C3,ndx,36,-0.03443637312604018
C3,ndx,37,-0.028880455373014428
C3,ndx,38,-0.03185394604324782
C3,ndx,39,-0.023886907373577678
C3,ndx,40,-0.013141294595675788
C3,ndx,41,-0.017689112342549874
C3,ndx,42,-0.015539395232143663
C3,ndx,43,-0.021469873108618222
C3,ndx,44,-0.022467541407037096
C3,ndx,45,-0.012529494485513937
C3,ndx,46,-0.013483481034105486
C3,ndx,47,-0.013487973959949552
C3,ndx,48,-0.01237330462389196
C3,ndx,49,-0.022013401412014494
C3,ndx,50,-0.024138277035898256
C3,ndx,51,-0.03437770031718755
C3,ndx,52,-0.05365303689536672
C3,ndx,53,-0.06589757486343187
C3,ndx,54,-0.07814525898599696
C3,ndx,55,-0.08272127935943643
C3,ndx,56,-0.0730060347540727
C3,ndx,57,-0.07013572986794274
C3,ndx,58,-0.06493069234023564
C3,ndx,59,-0.04485273179807359
C3,ndx,60,-0.024792452064685475
C3,dxy,-60,-0.008014817722084311
C3,dxy,-59,-0.0037412054749131956
C3,dxy,-58,-0.0013161945838200662
C3,dxy,-57,-0.00026806391958666726
C3,dxy,-56,0.005105309005437056
C3,dxy,-55,0.003992268348642436
C3,dxy,-54,-0.007800288217063125
C3,dxy,-53,-0.030383916220992617
C3,dxy,-52,-0.04847963305745448
C3,dxy,-51,-0.05922922691173382
C3,dxy,-50,-0.07066726869609685
C3,dxy,-49,-0.08584175588773521
C3,dxy,-48,-0.0912774919584104
C3,dxy,-47,-0.0837498068166772
C3,dxy,-46,-0.055233467287221824
C3,dxy,-45,-0.02356774420934487
C3,dxy,-44,0.0012211914784536774
C3,dxy,-43,0.02774489616224004
C3,dxy,-42,0.05200549139200726
C3,dxy,-41,0.07180092089215169
C3,dxy,-40,0.07876586925815694
C3,dxy,-39,0.06762356585987271
C3,dxy,-38,0.05185878198650812
C3,dxy,-37,0.03168294751476546
C3,dxy,-36,0.013986214916042341
C3,dxy,-35,-0.000495631420661491
C3,dxy,-34,-0.02024467125459388
C3,dxy,-33,-0.03408324641300712
C3,dxy,-32,-0.03701060730056343
C3,dxy,-31,-0.038339223132159234
C3,dxy,-30,-0.033201356003437515
C3,dxy,-29,-0.03011351960565919
C3,dxy,-28,-0.03347777613652569
C3,dxy,-27,-0.03451055840698689
C3,dxy,-26,-0.031100699728285608
C3,dxy,-25,-0.03260383273846468
C3,dxy,-24,-0.03295146840692965
C3,dxy,-23,-0.03372818374677822
C3,dxy,-22,-0.03704178051317567
C3,dxy,-21,-0.03444218274918404
C3,dxy,-20,-0.028920837057282406
C3,dxy,-19,-0.030072849549577976
C3,dxy,-18,-0.03113110271578317
C3,dxy,-17,-0.033304401877258284
C3,dxy,-16,-0.03698923519974712
C3,dxy,-15,-0.03505157869923335
C3,dxy,-14,-0.030814037250252658
C3,dxy,-13,-0.0259765506720158
C3,dxy,-12,-0.015605023062622061
C3,dxy,-11,-0.0012132657523975575
C3,dxy,-10,0.013183247269365336
C3,dxy,-9,0.027016858794528104
C3,dxy,-8,0.03288790930408794
C3,dxy,-7,0.04093474689121272
C3,dxy,-6,0.03294146852828865
C3,dxy,-5,0.014159480280679853
C3,dxy,-4,-0.01057220051890416
C3,dxy,-3,-0.034768521395113806
C3,dxy,-2,-0.06028778144868078
C3,dxy,-1,-0.08200664372083118
C3,dxy,0,-0.11965189763430191
C3,dxy,1,-0.13285024384767719
C3,dxy,2,-0.1309196103295919
C3,dxy,3,-0.13197509098014826
C3,dxy,4,-0.12799548348484804
C3,dxy,5,-0.12110362422498612
C3,dxy,6,-0.10822387963338605
C3,dxy,7,-0.07515097043469277
C3,dxy,8,-0.0441444825528905
C3,dxy,9,-0.016766665504397482
C3,dxy,10,0.017323968429511498
C3,dxy,11,0.046615966281634995
C3,dxy,12,0.0742652958975928
C3,dxy,13,0.09330445008004427
C3,dxy,14,0.09948406483494053
C3,dxy,15,0.08315432021099174
C3,dxy,16,0.050199162649213605
C3,dxy,17,0.01646328063865514
C3,dxy,18,-0.020863705325492896
C3,dxy,19,-0.05829664926273689
C3,dxy,20,-0.08978127272174913
C3,dxy,21,-0.11746972878655962
C3,dxy,22,-0.12475486205991597
C3,dxy,23,-0.10929578726008189
C3,dxy,24,-0.09347108132073406
C3,dxy,25,-0.07469782621654529
C3,dxy,26,-0.05536779875939372
C3,dxy,27,-0.03701604915808708
C3,dxy,28,-0.016598142070280583
C3,dxy,29,0.0006400307661301078
C3,dxy,30,0.005109341274549736
C3,dxy,31,0.007303704295112705
C3,dxy,32,0.01242602179165556
C3,dxy,33,0.016192699981347213
C3,dxy,34,0.013266078458651655
C3,dxy,35,0.010019801908863344
C3,dxy,36,0.0009715583207452895
C3,dxy,37,-0.005224815807457712
C3,dxy,38,-0.00990865441477597
C3,dxy,39,-0.020745253779579587
C3,dxy,40,-0.025328108974444968
C3,dxy,41,-0.022092414823422977
C3,dxy,42,-0.026683738557903135
C3,dxy,43,-0.025889822278601406
C3,dxy,44,-0.02619110880301134
C3,dxy,45,-0.029310194032925188
C3,dxy,46,-0.027525618831533018
C3,dxy,47,-0.03223067607940308
C3,dxy,48,-0.0372920743453762
C3,dxy,49,-0.03683342411601629
C3,dxy,50,-0.039436904138388906
C3,dxy,51,-0.04113656635463213
C3,dxy,52,-0.04149592167271453
C3,dxy,53,-0.043348063135671945
C3,dxy,54,-0.04534917026930623
C3,dxy,55,-0.05369489980369959
C3,dxy,56,-0.06078445504353142
C3,dxy,57,-0.06965269508329075
C3,dxy,58,-0.0740248901200803
C3,dxy,59,-0.07712431908485812
C3,dxy,60,-0.0803358718122656
C3,tlt,-60,0.07622618037141615
C3,tlt,-59,0.07276615812974306
C3,tlt,-58,0.060161613451224345
C3,tlt,-57,0.039574369526959176
C3,tlt,-56,0.02313721445953451
C3,tlt,-55,0.014060457461680243
C3,tlt,-54,0.005246086864305363
C3,tlt,-53,-0.002511808519084789
C3,tlt,-52,-0.005237551469832048
C3,tlt,-51,-0.004659937501803406
C3,tlt,-50,-0.0009170419809139493
C3,tlt,-49,0.002208737965098698
C3,tlt,-48,0.0018460183015892454
C3,tlt,-47,-0.0016636456266846736
C3,tlt,-46,-0.0030343292292760744
C3,tlt,-45,-0.009308141004330433
C3,tlt,-44,-0.011764627673886833
C3,tlt,-43,-0.013903982674956666
C3,tlt,-42,-0.013593223323071175
C3,tlt,-41,-0.015107249908517594
C3,tlt,-40,-0.01311952810531041
C3,tlt,-39,-0.01531375968612822
C3,tlt,-38,-0.014987355454084235
C3,tlt,-37,-0.012762706747949106
C3,tlt,-36,-0.014012737085279125
C3,tlt,-35,-0.01592799577903372
C3,tlt,-34,-0.011024359277137597
C3,tlt,-33,-0.007925164035363712
C3,tlt,-32,-0.005131410596447093
C3,tlt,-31,-0.00442439240037873
C3,tlt,-30,-0.007579182061312397
C3,tlt,-29,-0.00469185114510563
C3,tlt,-28,-0.0011947763365631626
C3,tlt,-27,-0.003270401389743612
C3,tlt,-26,-0.0056638206266049285
C3,tlt,-25,-0.008421860691367874
C3,tlt,-24,-0.0034485306785897382
C3,tlt,-23,0.004079914996877842
C3,tlt,-22,0.009607115133305737
C3,tlt,-21,0.018851941841823993
C3,tlt,-20,0.029332093866477667
C3,tlt,-19,0.033440779459271305
C3,tlt,-18,0.04229253338455167
C3,tlt,-17,0.04450166861338357
C3,tlt,-16,0.047947166124512365
C3,tlt,-15,0.04527446098983684
C3,tlt,-14,0.03544197011445318
C3,tlt,-13,0.02566511120421172
C3,tlt,-12,0.022066692559161112
C3,tlt,-11,0.016607447067714123
C3,tlt,-10,0.013514104488471144
C3,tlt,-9,0.009307386666619876
C3,tlt,-8,0.012524052091093453
C3,tlt,-7,0.021994813771764963
C3,tlt,-6,0.0313815476384689
C3,tlt,-5,0.04731628405054184
C3,tlt,-4,0.05939660879633696
C3,tlt,-3,0.06770179066567007
C3,tlt,-2,0.0646274355610403
C3,tlt,-1,0.06148290381785062
C3,tlt,0,0.055765256829980084
C3,tlt,1,0.04772441751109781
C3,tlt,2,0.025648549175566845
C3,tlt,3,0.008815992237643452
C3,tlt,4,-0.008580221798238733
C3,tlt,5,-0.013947509440028495
C3,tlt,6,-0.02754743973137321
C3,tlt,7,-0.04790196058988751
C3,tlt,8,-0.06140939895500081
C3,tlt,9,-0.06540939802959518
C3,tlt,10,-0.06832584875994209
C3,tlt,11,-0.06840656332983662
C3,tlt,12,-0.06617547568158777
C3,tlt,13,-0.05835276610933541
C3,tlt,14,-0.040062386563303166
C3,tlt,15,-0.028615076614770904
C3,tlt,16,-0.009982165952976216
C3,tlt,17,0.003961992980382864
C3,tlt,18,0.020918288254497052
C3,tlt,19,0.03556731904897215
C3,tlt,20,0.05106114216743387
C3,tlt,21,0.06123753848452693
C3,tlt,22,0.07343928959992858
C3,tlt,23,0.0716081561374378
C3,tlt,24,0.07004921162167459
C3,tlt,25,0.06289712596366154
C3,tlt,26,0.051701947921455285
C3,tlt,27,0.03703654337488685
C3,tlt,28,0.0158715216565237
C3,tlt,29,-0.006841607393836314
C3,tlt,30,-0.019707852707748694
C3,tlt,31,-0.034454365066371055
C3,tlt,32,-0.04888944818188908
C3,tlt,33,-0.06274005263635579
C3,tlt,34,-0.07094249878324685
C3,tlt,35,-0.06216628828900696
C3,tlt,36,-0.048556823425391644
C3,tlt,37,-0.03878642209930625
C3,tlt,38,-0.02292895225000931
C3,tlt,39,-0.008365167184311994
C3,tlt,40,0.0121008086788929
C3,tlt,41,0.030148987878636846
C3,tlt,42,0.030026825048976764
C3,tlt,43,0.030668015833947414
C3,tlt,44,0.029592383629932863
C3,tlt,45,0.025885972167891427
C3,tlt,46,0.031106621235875685
C3,tlt,47,0.028250326444800043
C3,tlt,48,0.02234143936285322
C3,tlt,49,0.032119739560644026
C3,tlt,50,0.0342252900844732
C3,tlt,51,0.03378462420648867
C3,tlt,52,0.03209593987959472
C3,tlt,53,0.025115559237646898
C3,tlt,54,0.02252143484423575
C3,tlt,55,0.018865688440324324
C3,tlt,56,0.007959329556387177
C3,tlt,57,0.0015324499897186932
C3,tlt,58,0.0002285755965192398
C3,tlt,59,-0.0033648802631621655
C3,tlt,60,-0.01494662168763721
C4,eth,-60,-0.018391642377638757
C4,eth,-59,0.004805804367249186
C4,eth,-58,0.036020703541245175
C4,eth,-57,0.0600976476786298
C4,eth,-56,0.08038880370834191
C4,eth,-55,0.08021232428300594
C4,eth,-54,0.07123506102341269
C4,eth,-53,0.05225094758533482
C4,eth,-52,0.03108085466148632
C4,eth,-51,0.0018452626414554724
C4,eth,-50,-0.01734402358730033
C4,eth,-49,-0.03881470140163565
C4,eth,-48,-0.046393925513866986
C4,eth,-47,-0.048538107408022196
C4,eth,-46,-0.04167785510462363
C4,eth,-45,-0.03521129692542227
C4,eth,-44,-0.025159861044466825
C4,eth,-43,-0.01797413759464751
C4,eth,-42,-0.011163154695619475
C4,eth,-41,-0.010234893111822364
C4,eth,-40,-0.0054503641036232255
C4,eth,-39,-0.002824453773913624
C4,eth,-38,-0.0022506054792259403
C4,eth,-37,0.007447285599229739
C4,eth,-36,0.014563411690663993
C4,eth,-35,0.024857917125525476
C4,eth,-34,0.037784941177492454
C4,eth,-33,0.05040480254940899
C4,eth,-32,0.05779453792892165
C4,eth,-31,0.07650762701581576
C4,eth,-30,0.0879275357115244
C4,eth,-29,0.09628615073436335
C4,eth,-28,0.09712325795521044
C4,eth,-27,0.09088259660001376
C4,eth,-26,0.0817983952697434
C4,eth,-25,0.07172324397770094
C4,eth,-24,0.047905676847397174
C4,eth,-23,0.012869333585933092
C4,eth,-22,-0.020030975951186167
C4,eth,-21,-0.0415626487796629
C4,eth,-20,-0.054896013222352116
C4,eth,-19,-0.061076510273077866
C4,eth,-18,-0.06449996461311555
C4,eth,-17,-0.060663518593195395
C4,eth,-16,-0.042780657739837795
C4,eth,-15,-0.01563733575395357
C4,eth,-14,-0.002591345892737123
C4,eth,-13,0.007303990998152925
C4,eth,-12,0.010442149988494567
C4,eth,-11,0.015400134434841176
C4,eth,-10,0.02409127033333839
C4,eth,-9,0.02094451482124793
C4,eth,-8,0.01060043295110439
C4,eth,-7,0.007647165741539947
C4,eth,-6,0.12584837924536663
C4,eth,-5,0.23473650454333897
C4,eth,-4,0.34989421033055773
C4,eth,-3,0.45492637411499254
C4,eth,-2,0.5713380549746502
C4,eth,-1,0.6843670702367056
C4,eth,0,0.809441205952048
C4,eth,1,0.6988014361023174
C4,eth,2,0.5963048063967289
C4,eth,3,0.483841029763271
C4,eth,4,0.37961844243365384
C4,eth,5,0.269958900656621
C4,eth,6,0.15734284095918272
C4,eth,7,0.04106817297077736
C4,eth,8,0.03524235014418535
C4,eth,9,0.0424272470929297
C4,eth,10,0.04552406727316619
C4,eth,11,0.04772589574287203
C4,eth,12,0.05281630641427779
C4,eth,13,0.06484914683320457
C4,eth,14,0.06426626887452111
C4,eth,15,0.07055711989521037
C4,eth,16,0.06270932362844657
C4,eth,17,0.058770522218035345
C4,eth,18,0.05769392504617772
C4,eth,19,0.05590459860286361
C4,eth,20,0.055796591794771304
C4,eth,21,0.06583116291488604
C4,eth,22,0.08091097497274614
C4,eth,23,0.10098576267992024
C4,eth,24,0.12695903027915556
C4,eth,25,0.14149732646332774
C4,eth,26,0.14645301539441216
C4,eth,27,0.15262208242164008
C4,eth,28,0.15307871766528028
C4,eth,29,0.13988839608381728
C4,eth,30,0.1224523372326507
C4,eth,31,0.10516887933565645
C4,eth,32,0.08866020923218595
C4,eth,33,0.08096180785996268
C4,eth,34,0.06734485222834438
C4,eth,35,0.04956103269453617
C4,eth,36,0.03822955981593892
C4,eth,37,0.035503472347678124
C4,eth,38,0.022804651426373716
C4,eth,39,0.01280692459230533
C4,eth,40,0.003811223498290662
C4,eth,41,-0.007311723403371851
C4,eth,42,-0.00895842040220145
C4,eth,43,-0.013577143733553164
C4,eth,44,-0.021879664829260025
C4,eth,45,-0.025790212302096348
C4,eth,46,-0.019605594427753423
C4,eth,47,-0.01316743541685568
C4,eth,48,-0.003311539801283012
C4,eth,49,0.0020506143818493122
C4,eth,50,0.016572241470377454
C4,eth,51,0.029711955649027906
C4,eth,52,0.046353842551092116
C4,eth,53,0.05428223541975704
C4,eth,54,0.058269340746291524
C4,eth,55,0.062458634395132655
C4,eth,56,0.06615579089971364
C4,eth,57,0.05541186805806455
C4,eth,58,0.04203055022661109
C4,eth,59,0.029143507389770857
C4,eth,60,0.01998740050198995
C4,xrp,-60,-0.018384292895280496
C4,xrp,-59,-0.017408962705537614
C4,xrp,-58,-0.01857435435544924
C4,xrp,-57,-0.01538740524380564
C4,xrp,-56,-0.02021039039603574
C4,xrp,-55,-0.02588096320078057
C4,xrp,-54,-0.03298765404805405
C4,xrp,-53,-0.04739656249019626
C4,xrp,-52,-0.0557577400385617
C4,xrp,-51,-0.06360988997722461
C4,xrp,-50,-0.0707630022362906
C4,xrp,-49,-0.07334371270701816
C4,xrp,-48,-0.07749117733257584
C4,xrp,-47,-0.07729370576207134
C4,xrp,-46,-0.0675673497114927
C4,xrp,-45,-0.06307579085541165
C4,xrp,-44,-0.055848582764447895
C4,xrp,-43,-0.052852450015897647
C4,xrp,-42,-0.05502674246496802
C4,xrp,-41,-0.0555916691341723
C4,xrp,-40,-0.055091331505988286
C4,xrp,-39,-0.057687971822332616
C4,xrp,-38,-0.0608278585650187
C4,xrp,-37,-0.06080565198849966
C4,xrp,-36,-0.05419079531417365
C4,xrp,-35,-0.03142376876237745
C4,xrp,-34,-0.014009055311684844
C4,xrp,-33,0.011085133644706128
C4,xrp,-32,0.02700847306148163
C4,xrp,-31,0.053131080891983075
C4,xrp,-30,0.07967247015453596
C4,xrp,-29,0.09788383048249023
C4,xrp,-28,0.09907612875466694
C4,xrp,-27,0.10014012276848416
C4,xrp,-26,0.09425358391182005
C4,xrp,-25,0.09158008894748419
C4,xrp,-24,0.07613394492233445
C4,xrp,-23,0.047483221083694446
C4,xrp,-22,0.02454783320118087
C4,xrp,-21,0.005046804970674553
C4,xrp,-20,-0.011614304645420513
C4,xrp,-19,-0.02607315919652749
C4,xrp,-18,-0.039594864097679996
C4,xrp,-17,-0.05421447525269237
C4,xrp,-16,-0.06305908274941478
C4,xrp,-15,-0.05545354069647142
C4,xrp,-14,-0.05156003231989472
C4,xrp,-13,-0.04577815233348759
C4,xrp,-12,-0.043921114533317034
C4,xrp,-11,-0.04029949410782956
C4,xrp,-10,-0.023465275757008554
C4,xrp,-9,-0.003975396914545732
C4,xrp,-8,-0.016411093389035097
C4,xrp,-7,-0.024541359989375986
C4,xrp,-6,0.050148190452314084
C4,xrp,-5,0.11889098077935531
C4,xrp,-4,0.19526820576126652
C4,xrp,-3,0.26320199467807975
C4,xrp,-2,0.33727684897006593
C4,xrp,-1,0.4270876657988966
C4,xrp,0,0.5292976508252193
C4,xrp,1,0.4640995431766238
C4,xrp,2,0.4059513059739482
C4,xrp,3,0.33415761523584847
C4,xrp,4,0.2663358388658717
C4,xrp,5,0.19341233235812963
C4,xrp,6,0.11281373258520186
C4,xrp,7,0.02952846736861568
C4,xrp,8,0.020989018486405345
C4,xrp,9,0.023202909168590947
C4,xrp,10,0.032792876644337936
C4,xrp,11,0.03925629062426528
C4,xrp,12,0.04138201242604124
C4,xrp,13,0.052117373684572435
C4,xrp,14,0.04963142433850511
C4,xrp,15,0.05985797644317639
C4,xrp,16,0.05546897361558132
C4,xrp,17,0.040564027541561784
C4,xrp,18,0.036411035932492765
C4,xrp,19,0.03686379709729714
C4,xrp,20,0.033855032123349484
C4,xrp,21,0.04099623821880162
C4,xrp,22,0.0478913960116427
C4,xrp,23,0.05732307295858313
C4,xrp,24,0.08132790207192818
C4,xrp,25,0.0898771268098532
C4,xrp,26,0.09172206630004025
C4,xrp,27,0.10014020345645447
C4,xrp,28,0.10349061392252165
C4,xrp,29,0.10291881624064568
C4,xrp,30,0.10465797454555897
C4,xrp,31,0.09927083194295645
C4,xrp,32,0.09193989769836973
C4,xrp,33,0.0885952034295938
C4,xrp,34,0.07978036191507427
C4,xrp,35,0.06467466109384551
C4,xrp,36,0.04093026151067013
C4,xrp,37,0.02277226755042319
C4,xrp,38,0.0026580764718230165
C4,xrp,39,-0.01062982560326659
C4,xrp,40,-0.021290135449399176
C4,xrp,41,-0.03933244446399481
C4,xrp,42,-0.046483539724966536
C4,xrp,43,-0.03983644183033666
C4,xrp,44,-0.036550580446373056
C4,xrp,45,-0.03255960377405073
C4,xrp,46,-0.02681847499684331
C4,xrp,47,-0.022497502926171822
C4,xrp,48,-0.009774215208063286
C4,xrp,49,0.0009917443369101167
C4,xrp,50,0.009080591623421806
C4,xrp,51,0.013289232339773941
C4,xrp,52,0.02273355649004144
C4,xrp,53,0.03415563378012303
C4,xrp,54,0.043934503802659106
C4,xrp,55,0.0563852984240013
C4,xrp,56,0.06592497291593778
C4,xrp,57,0.06267163262395585
C4,xrp,58,0.05968188783302873
C4,xrp,59,0.0522126751398699
C4,xrp,60,0.04464930421278461
C4,sol,-60,-0.038617303741280806
C4,sol,-59,-0.03289378202912798
C4,sol,-58,-0.019989647525269105
C4,sol,-57,-0.005354882820194387
C4,sol,-56,0.004981081884979869
C4,sol,-55,0.011319391004617554
C4,sol,-54,0.023074604083091366
C4,sol,-53,0.03148599045777168
C4,sol,-52,0.04046931944651575
C4,sol,-51,0.03396671730948459
C4,sol,-50,0.02203121335623478
C4,sol,-49,0.008165883944952903
C4,sol,-48,0.003615629929213107
C4,sol,-47,-0.013755816079003351
C4,sol,-46,-0.02606787755642907
C4,sol,-45,-0.03679525255371218
C4,sol,-44,-0.035199255129250304
C4,sol,-43,-0.030332606611030506
C4,sol,-42,-0.02362407341856744
C4,sol,-41,-0.02590088167588585
C4,sol,-40,-0.014754443635268517
C4,sol,-39,-0.006205068028233669
C4,sol,-38,0.002358236806831755
C4,sol,-37,0.011966829680632486
C4,sol,-36,0.020262578466331605
C4,sol,-35,0.030341166253118508
C4,sol,-34,0.041828403771616715
C4,sol,-33,0.05148539364307165
C4,sol,-32,0.05382567859206288
C4,sol,-31,0.054792922639139985
C4,sol,-30,0.0548261326149043
C4,sol,-29,0.051768430208342514
C4,sol,-28,0.04183461450738301
C4,sol,-27,0.027536501614681713
C4,sol,-26,0.008285216509606043
C4,sol,-25,-0.005121408426992584
C4,sol,-24,-0.024111627720180873
C4,sol,-23,-0.048402393421098686
C4,sol,-22,-0.06458169736986345
C4,sol,-21,-0.07072915987674876
C4,sol,-20,-0.06544372689893237
C4,sol,-19,-0.05411383642697588
C4,sol,-18,-0.049127379775555924
C4,sol,-17,-0.039770928103664345
C4,sol,-16,-0.026622909348658377
C4,sol,-15,-0.012907254525160446
C4,sol,-14,-0.010994017363251814
C4,sol,-13,-0.0150671807418623
C4,sol,-12,-0.01928111087441781
C4,sol,-11,-0.012267996416339695
C4,sol,-10,0.005489883797154191
C4,sol,-9,0.013278295232702759
C4,sol,-8,0.013763277529219138
C4,sol,-7,0.02133394497057488
C4,sol,-6,0.10658845352584459
C4,sol,-5,0.17775787944931398
C4,sol,-4,0.25018799180445195
C4,sol,-3,0.3115580649567737
C4,sol,-2,0.39103214059899216
C4,sol,-1,0.47130147140229967
C4,sol,0,0.557789256908235
C4,sol,1,0.4908957516231388
C4,sol,2,0.4349764450478505
C4,sol,3,0.3707602440285052
C4,sol,4,0.31066828090860177
C4,sol,5,0.2391032981883818
C4,sol,6,0.16319114115229055
C4,sol,7,0.09136490128535135
C4,sol,8,0.0860438345939112
C4,sol,9,0.0889310661991117
C4,sol,10,0.092100731174566
C4,sol,11,0.09027010942585616
C4,sol,12,0.09089415902062727
C4,sol,13,0.10112964256420132
C4,sol,14,0.09538249789207581
C4,sol,15,0.10633443208621716
C4,sol,16,0.10663485243599015
C4,sol,17,0.10422558695181577
C4,sol,18,0.10188867168253095
C4,sol,19,0.10525875185644096
C4,sol,20,0.106579749062433
C4,sol,21,0.1120027243004343
C4,sol,22,0.11043257780200895
C4,sol,23,0.10795705587228747
C4,sol,24,0.11354763772837341
C4,sol,25,0.11758701077285132
C4,sol,26,0.10789115675966826
C4,sol,27,0.10216765861288232
C4,sol,28,0.096275494175446
C4,sol,29,0.08548390516405575
C4,sol,30,0.07979305499442993
C4,sol,31,0.07145919506853805
C4,sol,32,0.06107685204556708
C4,sol,33,0.059701328056557826
C4,sol,34,0.04990406265755905
C4,sol,35,0.04245152335201432
C4,sol,36,0.040299995653343496
C4,sol,37,0.039056676010442895
C4,sol,38,0.028448690457473468
C4,sol,39,0.022918248157376822
C4,sol,40,0.022471403848119572
C4,sol,41,0.019546913416721982
C4,sol,42,0.02301408223066293
C4,sol,43,0.020216207963211875
C4,sol,44,0.022017733524342956
C4,sol,45,0.029890612531870173
C4,sol,46,0.046549478645251344
C4,sol,47,0.06010576040463413
C4,sol,48,0.0775972984556702
C4,sol,49,0.08281401344773862
C4,sol,50,0.0926038335216194
C4,sol,51,0.09656039965488082
C4,sol,52,0.09996105277537112
C4,sol,53,0.09534000375424381
C4,sol,54,0.0856761785287755
C4,sol,55,0.07137355522569228
C4,sol,56,0.06587189776571097
C4,sol,57,0.05367640097439787
C4,sol,58,0.037335359888401684
C4,sol,59,0.024491579219430258
C4,sol,60,0.011176904074692694
C4,mstr,-60,-0.011310944776693666
C4,mstr,-59,0.0008155887766233408
C4,mstr,-58,0.018424771544564716
C4,mstr,-57,0.03307178556049886
C4,mstr,-56,0.04732772958092454
C4,mstr,-55,0.050563672649291305
C4,mstr,-54,0.0497377136044374
C4,mstr,-53,0.049984564367046236
C4,mstr,-52,0.03918727656836006
C4,mstr,-51,0.02495420281395077
C4,mstr,-50,0.015510532953932064
C4,mstr,-49,0.004507593352696512
C4,mstr,-48,0.004996042618704831
C4,mstr,-47,-0.0015047171773555702
C4,mstr,-46,-0.006531640970675985
C4,mstr,-45,0.0010964459699717177
C4,mstr,-44,0.017634859095394837
C4,mstr,-43,0.03193236883850685
C4,mstr,-42,0.04004376717889726
C4,mstr,-41,0.03978929049608585
C4,mstr,-40,0.04923048774442062
C4,mstr,-39,0.06642888020194346
C4,mstr,-38,0.07562439789117166
C4,mstr,-37,0.07592273654392039
C4,mstr,-36,0.06592194715949033
C4,mstr,-35,0.06592914828760814
C4,mstr,-34,0.07054270576507189
C4,mstr,-33,0.07868712196367052
C4,mstr,-32,0.07272378042667212
C4,mstr,-31,0.07375849079542332
C4,mstr,-30,0.08015010308984921
C4,mstr,-29,0.09422073461258393
C4,mstr,-28,0.1034892805751667
C4,mstr,-27,0.10244378393615965
C4,mstr,-26,0.09235120081959532
C4,mstr,-25,0.08163372948810851
C4,mstr,-24,0.060900559150995105
C4,mstr,-23,0.033449170258807226
C4,mstr,-22,0.005888541109481789
C4,mstr,-21,-0.02082576905894957
C4,mstr,-20,-0.03764330245889241
C4,mstr,-19,-0.04733409803191479
C4,mstr,-18,-0.04455658133042355
C4,mstr,-17,-0.03750776944492914
C4,mstr,-16,-0.022518891042392318
C4,mstr,-15,-0.0009034191817488433
C4,mstr,-14,0.01997275616977442
C4,mstr,-13,0.043499577003965825
C4,mstr,-12,0.05895957492615015
C4,mstr,-11,0.06547116024413699
C4,mstr,-10,0.07299272463843978
C4,mstr,-9,0.07569260117551756
C4,mstr,-8,0.0730470760729496
C4,mstr,-7,0.06846228328291418
C4,mstr,-6,0.1437683388432293
C4,mstr,-5,0.23497552337637148
C4,mstr,-4,0.33308721858144164
C4,mstr,-3,0.42833714989567595
C4,mstr,-2,0.522980361637485
C4,mstr,-1,0.6155416799585592
C4,mstr,0,0.7153965635379875
C4,mstr,1,0.6497050784323646
C4,mstr,2,0.5514857150399141
C4,mstr,3,0.4510477307446716
C4,mstr,4,0.35081701243784236
C4,mstr,5,0.24906141604757262
C4,mstr,6,0.14975483756133195
C4,mstr,7,0.04574458694657152
C4,mstr,8,0.021325884319332748
C4,mstr,9,0.02932749854414097
C4,mstr,10,0.031111325832379452
C4,mstr,11,0.036013911118062396
C4,mstr,12,0.04711198772461331
C4,mstr,13,0.05410335646071788
C4,mstr,14,0.050957158645640786
C4,mstr,15,0.05670299258095759
C4,mstr,16,0.04852145851601946
C4,mstr,17,0.03701576192302744
C4,mstr,18,0.028116679923897585
C4,mstr,19,0.016156808879756786
C4,mstr,20,0.01041624748436766
C4,mstr,21,0.016334395853695432
C4,mstr,22,0.017929573913429902
C4,mstr,23,0.02785753826282506
C4,mstr,24,0.04580711643478066
C4,mstr,25,0.0629633843033441
C4,mstr,26,0.07518263678460506
C4,mstr,27,0.08845871445862856
C4,mstr,28,0.09673116440984392
C4,mstr,29,0.09895403639057351
C4,mstr,30,0.08655284348412963
C4,mstr,31,0.07372097954341969
C4,mstr,32,0.053996590642827816
C4,mstr,33,0.03519272070051835
C4,mstr,34,0.014481697327330307
C4,mstr,35,-0.008073865707224532
C4,mstr,36,-0.024141092322545674
C4,mstr,37,-0.023755972689130184
C4,mstr,38,-0.02971820207861429
C4,mstr,39,-0.028518729437297448
C4,mstr,40,-0.026505204023149213
C4,mstr,41,-0.029734361699790365
C4,mstr,42,-0.030770208487151587
C4,mstr,43,-0.033367299092923096
C4,mstr,44,-0.045531685284134794
C4,mstr,45,-0.04893899338337014
C4,mstr,46,-0.05550330637729197
C4,mstr,47,-0.05445782619333794
C4,mstr,48,-0.047314624683899666
C4,mstr,49,-0.037561238056840945
C4,mstr,50,-0.020860796386459823
C4,mstr,51,-0.006732543710134526
C4,mstr,52,-0.00047935843573720753
C4,mstr,53,0.006870827478514415
C4,mstr,54,0.003292948835927783
C4,mstr,55,-0.004448415092462696
C4,mstr,56,-0.011223117350137958
C4,mstr,57,-0.03278445709068893
C4,mstr,58,-0.046617147700964784
C4,mstr,59,-0.05075119298115256
C4,mstr,60,-0.050550652442594275
C4,wgmi,-60,-0.061242388046548475
C4,wgmi,-59,-0.04723715484153607
C4,wgmi,-58,-0.029934739345343978
C4,wgmi,-57,-0.02103621285007126
C4,wgmi,-56,-0.02141634500169844
C4,wgmi,-55,-0.03421794219052835
C4,wgmi,-54,-0.04413235208107017
C4,wgmi,-53,-0.0520435012077704
C4,wgmi,-52,-0.05804337620172031
C4,wgmi,-51,-0.06770251253783588
C4,wgmi,-50,-0.0657663338428729
C4,wgmi,-49,-0.07036897136108637
C4,wgmi,-48,-0.06619075974698642
C4,wgmi,-47,-0.07209460077093671
C4,wgmi,-46,-0.07965426248097288
C4,wgmi,-45,-0.0819860618054076
C4,wgmi,-44,-0.0805797685799987
C4,wgmi,-43,-0.08880085570586894
C4,wgmi,-42,-0.09079151106669961
C4,wgmi,-41,-0.08900974191007806
C4,wgmi,-40,-0.07679391774063167
C4,wgmi,-39,-0.06324045538134605
C4,wgmi,-38,-0.0494580680300934
C4,wgmi,-37,-0.03919590447200479
C4,wgmi,-36,-0.03205011226593361
C4,wgmi,-35,-0.015449795269493714
C4,wgmi,-34,-0.004997732090100056
C4,wgmi,-33,-0.0002553721559104021
C4,wgmi,-32,-0.0035390582683377473
C4,wgmi,-31,-0.01034819087959345
C4,wgmi,-30,-0.010922188991186393
C4,wgmi,-29,-0.004401944021016776
C4,wgmi,-28,-0.011530221477358412
C4,wgmi,-27,-0.018294393832561758
C4,wgmi,-26,-0.021522905520687266
C4,wgmi,-25,-0.016046325080647766
C4,wgmi,-24,-0.02024359243548427
C4,wgmi,-23,-0.031177529545814965
C4,wgmi,-22,-0.04139497861156523
C4,wgmi,-21,-0.04281617980916635
C4,wgmi,-20,-0.04047902742547065
C4,wgmi,-19,-0.03280728576297256
C4,wgmi,-18,-0.024808260553109154
C4,wgmi,-17,-0.011127383428995446
C4,wgmi,-16,0.007840416514372865
C4,wgmi,-15,0.02414349579764743
C4,wgmi,-14,0.0370766079729832
C4,wgmi,-13,0.04927205417539135
C4,wgmi,-12,0.04889898601772321
C4,wgmi,-11,0.04111610990049069
C4,wgmi,-10,0.03725879619882398
C4,wgmi,-9,0.031555564762135974
C4,wgmi,-8,0.026731342715954818
C4,wgmi,-7,0.01961564014107412
C4,wgmi,-6,0.08689640576695624
C4,wgmi,-5,0.17115307032365806
C4,wgmi,-4,0.261871928692332
C4,wgmi,-3,0.3488935375032087
C4,wgmi,-2,0.42843060094039176
C4,wgmi,-1,0.5065448329884964
C4,wgmi,0,0.5870053014262853
C4,wgmi,1,0.5166015257192643
C4,wgmi,2,0.4230668025097861
C4,wgmi,3,0.32929474413456683
C4,wgmi,4,0.23506771009923158
C4,wgmi,5,0.14499736113956266
C4,wgmi,6,0.05801421145688755
C4,wgmi,7,-0.02189294391804529
C4,wgmi,8,-0.02709712661481325
C4,wgmi,9,-0.017450419896958582
C4,wgmi,10,-0.009035873149431045
C4,wgmi,11,0.0022414503124512865
C4,wgmi,12,0.023986593924857
C4,wgmi,13,0.041615258160476024
C4,wgmi,14,0.04407172035982564
C4,wgmi,15,0.04616691359746697
C4,wgmi,16,0.04563889083864522
C4,wgmi,17,0.039317584175427765
C4,wgmi,18,0.03189927975289253
C4,wgmi,19,0.020117829994363998
C4,wgmi,20,0.010336356865591942
C4,wgmi,21,0.012413564070078995
C4,wgmi,22,0.02300467063950731
C4,wgmi,23,0.03821568274163792
C4,wgmi,24,0.05985911929975147
C4,wgmi,25,0.08551894017332257
C4,wgmi,26,0.10282062779255667
C4,wgmi,27,0.12015714832256193
C4,wgmi,28,0.13520763577594241
C4,wgmi,29,0.1322720954029181
C4,wgmi,30,0.11851336892940893
C4,wgmi,31,0.09884402850067926
C4,wgmi,32,0.07169396998533206
C4,wgmi,33,0.04531517015699751
C4,wgmi,34,0.020032320269201643
C4,wgmi,35,-0.005465568681373912
C4,wgmi,36,-0.012946008671120375
C4,wgmi,37,-0.01342512719639198
C4,wgmi,38,-0.008483043464763543
C4,wgmi,39,-0.006935606563372118
C4,wgmi,40,-0.001763224766902652
C4,wgmi,41,0.0039941963544997084
C4,wgmi,42,0.0021974719033953376
C4,wgmi,43,-0.005030681015894023
C4,wgmi,44,-0.016788959831511262
C4,wgmi,45,-0.026366095301706225
C4,wgmi,46,-0.024119702332979727
C4,wgmi,47,-0.01661789284190171
C4,wgmi,48,-0.013806452560414056
C4,wgmi,49,-0.0034002885867605334
C4,wgmi,50,0.005635286844895141
C4,wgmi,51,0.020722709438384244
C4,wgmi,52,0.02762894858282195
C4,wgmi,53,0.025636228500634534
C4,wgmi,54,0.011413066035237545
C4,wgmi,55,-0.006899172141803198
C4,wgmi,56,-0.022404099680296132
C4,wgmi,57,-0.044445795411636305
C4,wgmi,58,-0.06833853645600324
C4,wgmi,59,-0.08029914525182553
C4,wgmi,60,-0.08403619729286584
C4,spx,-60,-0.006936103725114703
C4,spx,-59,-0.009568666992999594
C4,spx,-58,-0.007781718335367222
C4,spx,-57,0.012822520012550806
C4,spx,-56,0.034301040049072855
C4,spx,-55,0.044112462613023214
C4,spx,-54,0.05414997520139332
C4,spx,-53,0.06438920195700999
C4,spx,-52,0.05710489834897597
C4,spx,-51,0.03760140171999668
C4,spx,-50,0.014081913324239246
C4,spx,-49,-0.017579503208313394
C4,spx,-48,-0.037577505954804066
C4,spx,-47,-0.05310473316089377
C4,spx,-46,-0.06872512130012651
C4,spx,-45,-0.06255050968607016
C4,spx,-44,-0.04773527180797063
C4,spx,-43,-0.04007663041490861
C4,spx,-42,-0.030985393878849958
C4,spx,-41,-0.028299483122007984
C4,spx,-40,-0.025066815026352857
C4,spx,-39,-0.02146588412386739
C4,spx,-38,-0.026926688136887422
C4,spx,-37,-0.03321920050625533
C4,spx,-36,-0.03719676237504974
C4,spx,-35,-0.03355618009670721
C4,spx,-34,-0.028672546962503157
C4,spx,-33,-0.021794999317157077
C4,spx,-32,-0.01417975685809502
C4,spx,-31,-0.0027911796724500995
C4,spx,-30,0.00877592745180633
C4,spx,-29,0.020037304064676735
C4,spx,-28,0.02175142017109186
C4,spx,-27,0.02005675159183356
C4,spx,-26,0.022855460262530155
C4,spx,-25,0.019437142184788876
C4,spx,-24,0.0037656249431778028
C4,spx,-23,-0.012669062502398899
C4,spx,-22,-0.03297580135050288
C4,spx,-21,-0.046327418090008815
C4,spx,-20,-0.04978196002623663
C4,spx,-19,-0.05458847842449811
C4,spx,-18,-0.04757894682509358
C4,spx,-17,-0.034693420440729365
C4,spx,-16,-0.02747631028183699
C4,spx,-15,-0.0051567347447392066
C4,spx,-14,0.018723082276630543
C4,spx,-13,0.04531633729715913
C4,spx,-12,0.05655729960610906
C4,spx,-11,0.05958157512772787
C4,spx,-10,0.06690590058190567
C4,spx,-9,0.07520279310207265
C4,spx,-8,0.07256283557386628
C4,spx,-7,0.05423857535722188
C4,spx,-6,0.07426765860374676
C4,spx,-5,0.10465857242324732
C4,spx,-4,0.13938176555760165
C4,spx,-3,0.17002371893231688
C4,spx,-2,0.20762620713246027
C4,spx,-1,0.24169045965446923
C4,spx,0,0.3025872614416631
C4,spx,1,0.2657983675927599
C4,spx,2,0.23374859289504205
C4,spx,3,0.19637496962675624
C4,spx,4,0.15847221885495844
C4,spx,5,0.11622124166322434
C4,spx,6,0.07600404632274688
C4,spx,7,0.02826849837320573
C4,spx,8,0.01897057960707254
C4,spx,9,0.017570447375489243
C4,spx,10,0.015506952419338998
C4,spx,11,0.020222133959832057
C4,spx,12,0.02518560136343168
C4,spx,13,0.03972768364424013
C4,spx,14,0.03968545669775865
C4,spx,15,0.0596620527367065
C4,spx,16,0.0699773016718287
C4,spx,17,0.07284471366132252
C4,spx,18,0.0816119003588796
C4,spx,19,0.08323914052332863
C4,spx,20,0.0820519651038665
C4,spx,21,0.08831424721970516
C4,spx,22,0.07893700539265686
C4,spx,23,0.0790236370357204
C4,spx,24,0.0883627477943496
C4,spx,25,0.09459287664319377
C4,spx,26,0.10239265051457101
C4,spx,27,0.10346816511838626
C4,spx,28,0.10466056342036321
C4,spx,29,0.11325602308985896
C4,spx,30,0.1114457964485937
C4,spx,31,0.1045257006010943
C4,spx,32,0.09704676637403212
C4,spx,33,0.08081376676862428
C4,spx,34,0.0744286931224071
C4,spx,35,0.06673923077060469
C4,spx,36,0.05523051804184766
C4,spx,37,0.043368755543957464
C4,spx,38,0.026652352636859132
C4,spx,39,0.006725708981332839
C4,spx,40,-0.009862064106008728
C4,spx,41,-0.029326795445492906
C4,spx,42,-0.050120592794032165
C4,spx,43,-0.06498136384538362
C4,spx,44,-0.06664762237375417
C4,spx,45,-0.05652661956833276
C4,spx,46,-0.04979874584030074
C4,spx,47,-0.03319245758276081
C4,spx,48,-0.022169219686626784
C4,spx,49,-0.013667097122479436
C4,spx,50,-0.007982718123648565
C4,spx,51,-0.008830348985616729
C4,spx,52,-0.017905904017109904
C4,spx,53,-0.02165064664894741
C4,spx,54,-0.0367936291748345
C4,spx,55,-0.04579648373317345
C4,spx,56,-0.038343015784456674
C4,spx,57,-0.03357663603139076
C4,spx,58,-0.03136582992569747
C4,spx,59,-0.021928186681310025
C4,spx,60,-0.010664229940913733
C4,ndx,-60,-0.01538405128969064
C4,ndx,-59,-0.017934790249118926
C4,ndx,-58,-0.01495409188758364
C4,ndx,-57,0.006031835248594809
C4,ndx,-56,0.023132545711147274
C4,ndx,-55,0.03015104962808259
C4,ndx,-54,0.040358867108824976
C4,ndx,-53,0.051736619093811144
C4,ndx,-52,0.05167293000548503
C4,ndx,-51,0.035426697927375066
C4,ndx,-50,0.01742295943506333
C4,ndx,-49,-0.005260869471672432
C4,ndx,-48,-0.012584319174056469
C4,ndx,-47,-0.020709924376056704
C4,ndx,-46,-0.03261263449001655
C4,ndx,-45,-0.02696573472213667
C4,ndx,-44,-0.008847346710086593
C4,ndx,-43,-0.0011370236681965348
C4,ndx,-42,0.004696562156762231
C4,ndx,-41,-0.0011388879759858962
C4,ndx,-40,-0.004596331727461673
C4,ndx,-39,-0.005645966811333365
C4,ndx,-38,-0.017537668657697472
C4,ndx,-37,-0.030410267402968073
C4,ndx,-36,-0.040657634532283195
C4,ndx,-35,-0.0383294556330812
C4,ndx,-34,-0.03216335772399001
C4,ndx,-33,-0.022833012190198156
C4,ndx,-32,-0.014017850370877893
C4,ndx,-31,0.0028356763185477902
C4,ndx,-30,0.019912777357596802
C4,ndx,-29,0.03834729884398722
C4,ndx,-28,0.04230226188460215
C4,ndx,-27,0.03974658335642825
C4,ndx,-26,0.04173411725719386
C4,ndx,-25,0.03935332914678062
C4,ndx,-24,0.02264854941420166
C4,ndx,-23,0.0024399332692147994
C4,ndx,-22,-0.021840207734371373
C4,ndx,-21,-0.03401974024082504
C4,ndx,-20,-0.03498779613781407
C4,ndx,-19,-0.03733270002714916
C4,ndx,-18,-0.029897794456765867
C4,ndx,-17,-0.0169448381194097
C4,ndx,-16,-0.007217264145683652
C4,ndx,-15,0.017103738044811283
C4,ndx,-14,0.03628470563512901
C4,ndx,-13,0.06020127789703767
C4,ndx,-12,0.06794115979487367
C4,ndx,-11,0.06640416620206804
C4,ndx,-10,0.07106995390820928
C4,ndx,-9,0.07515391365640256
C4,ndx,-8,0.06663903793685809
C4,ndx,-7,0.04821770029195732
C4,ndx,-6,0.07275842287402902
C4,ndx,-5,0.10557936746514521
C4,ndx,-4,0.14407295862827335
C4,ndx,-3,0.17683350378300386
C4,ndx,-2,0.21628355450631775
C4,ndx,-1,0.2533742769872094
C4,ndx,0,0.31391048104852004
C4,ndx,1,0.2660071960030883
C4,ndx,2,0.227752174008524
C4,ndx,3,0.18471852099180933
C4,ndx,4,0.14175074102555832
C4,ndx,5,0.09569070895027178
C4,ndx,6,0.05390370456288987
C4,ndx,7,0.008509266642391685
C4,ndx,8,0.008034832553637287
C4,ndx,9,0.008554084005982888
C4,ndx,10,0.01126233860621871
C4,ndx,11,0.01827762786555601
C4,ndx,12,0.032101671693527706
C4,ndx,13,0.049404365668651334
C4,ndx,14,0.0497245966293284
C4,ndx,15,0.06685035255557685
C4,ndx,16,0.07449882454403534
C4,ndx,17,0.07340861373650123
C4,ndx,18,0.07999264103909406
C4,ndx,19,0.0744127062537197
C4,ndx,20,0.06997993162366514
C4,ndx,21,0.07491529856447504
C4,ndx,22,0.06693944855302428
C4,ndx,23,0.07174734748307803
C4,ndx,24,0.08474665101353551
C4,ndx,25,0.09325381648285203
C4,ndx,26,0.10353278699666663
C4,ndx,27,0.10752241338581006
C4,ndx,28,0.10846440556488064
C4,ndx,29,0.11454497714381312
C4,ndx,30,0.11011027029312602
C4,ndx,31,0.09870020262217065
C4,ndx,32,0.08575740112069064
C4,ndx,33,0.06457306403139794
C4,ndx,34,0.052862432161621356
C4,ndx,35,0.044950502771300374
C4,ndx,36,0.03460243869417475
C4,ndx,37,0.025290011606967543
C4,ndx,38,0.01718615521836338
C4,ndx,39,0.008635301939373561
C4,ndx,40,0.007291958196591015
C4,ndx,41,0.00016870937117649423
C4,ndx,42,-0.012498671073629161
C4,ndx,43,-0.021486216485223673
C4,ndx,44,-0.023099869528587877
C4,ndx,45,-0.016897980766900137
C4,ndx,46,-0.014199498393482309
C4,ndx,47,-0.006894735721812173
C4,ndx,48,-0.002011402854950908
C4,ndx,49,0.0011277653436149162
C4,ndx,50,0.006186647426394561
C4,ndx,51,0.0060799605853707524
C4,ndx,52,-0.004585730500974104
C4,ndx,53,-0.011766053563292026
C4,ndx,54,-0.02770558054594422
C4,ndx,55,-0.038996500892379986
C4,ndx,56,-0.03363684716196512
C4,ndx,57,-0.037368840387319475
C4,ndx,58,-0.04179919305498921
C4,ndx,59,-0.03281373446435111
C4,ndx,60,-0.021186876252314652
C4,dxy,-60,0.0019060240741633155
C4,dxy,-59,0.015572891873160617
C4,dxy,-58,0.016677344384261873
C4,dxy,-57,0.015048633287925484
C4,dxy,-56,0.007252177903763651
C4,dxy,-55,-0.0022990029736252226
C4,dxy,-54,-0.014700641410350872
C4,dxy,-53,-0.03986176370554558
C4,dxy,-52,-0.06530920966096868
C4,dxy,-51,-0.07583717061676595
C4,dxy,-50,-0.08726668801055616
C4,dxy,-49,-0.09218576741937204
C4,dxy,-48,-0.09504425260735246
C4,dxy,-47,-0.09067979200458161
C4,dxy,-46,-0.06692173931507028
C4,dxy,-45,-0.03401469327592184
C4,dxy,-44,-0.010218796451697392
C4,dxy,-43,0.014773830718933423
C4,dxy,-42,0.03886912504942754
C4,dxy,-41,0.06322902133718819
C4,dxy,-40,0.07312590131188484
C4,dxy,-39,0.07606139257211846
C4,dxy,-38,0.06881606689777445
C4,dxy,-37,0.057688957194180567
C4,dxy,-36,0.049534320139526966
C4,dxy,-35,0.0380221632604317
C4,dxy,-34,0.02449163377993965
C4,dxy,-33,0.02037921469021301
C4,dxy,-32,0.014278457766469126
C4,dxy,-31,0.013887465220848275
C4,dxy,-30,0.017611324158635304
C4,dxy,-29,0.023791856655279053
C4,dxy,-28,0.02747294811926005
C4,dxy,-27,0.030803511351139512
C4,dxy,-26,0.03138608966852143
C4,dxy,-25,0.023659205799653214
C4,dxy,-24,0.016040130220204816
C4,dxy,-23,0.008616612029633453
C4,dxy,-22,-0.009699177059179704
C4,dxy,-21,-0.022741710959507257
C4,dxy,-20,-0.03376317366492086
C4,dxy,-19,-0.039294898225806466
C4,dxy,-18,-0.0337032945227121
C4,dxy,-17,-0.02975507303700313
C4,dxy,-16,-0.027625351736802615
C4,dxy,-15,-0.015650397001957677
C4,dxy,-14,-0.006222952163749349
C4,dxy,-13,-0.0010721084727965797
C4,dxy,-12,-0.007469379241000938
C4,dxy,-11,-0.00850962660610957
C4,dxy,-10,-0.008975896725582607
C4,dxy,-9,-0.012340874003125028
C4,dxy,-8,-0.020880542082032404
C4,dxy,-7,-0.025652510047163245
C4,dxy,-6,-0.043054630838889156
C4,dxy,-5,-0.05376284141739663
C4,dxy,-4,-0.07232220866547845
C4,dxy,-3,-0.09099358750330834
C4,dxy,-2,-0.09898722015123733
C4,dxy,-1,-0.11285736629139403
C4,dxy,0,-0.1271596213006484
C4,dxy,1,-0.11324120622741252
C4,dxy,2,-0.08951311461976447
C4,dxy,3,-0.07185280987404045
C4,dxy,4,-0.05101054764234421
C4,dxy,5,-0.037434439642889936
C4,dxy,6,-0.01675013119495355
C4,dxy,7,0.005443564014433381
C4,dxy,8,0.012996349568380397
C4,dxy,9,0.010836828443489073
C4,dxy,10,0.0200789908552553
C4,dxy,11,0.021984414651868355
C4,dxy,12,0.023015688688452503
C4,dxy,13,0.017277018461480973
C4,dxy,14,0.020213236584489116
C4,dxy,15,0.00828177686230742
C4,dxy,16,-0.005184884770994323
C4,dxy,17,-0.024098127148609955
C4,dxy,18,-0.03815856389090364
C4,dxy,19,-0.05580125026714407
C4,dxy,20,-0.06135269420903267
C4,dxy,21,-0.07888924138303254
C4,dxy,22,-0.08090118827300094
C4,dxy,23,-0.0723523223920545
C4,dxy,24,-0.0631739591934254
C4,dxy,25,-0.05595271118455991
C4,dxy,26,-0.041414053346334495
C4,dxy,27,-0.03452186791807723
C4,dxy,28,-0.017108983685980062
C4,dxy,29,0.0007307348242438509
C4,dxy,30,0.00741429236452162
C4,dxy,31,0.016250351736520535
C4,dxy,32,0.02078568679410637
C4,dxy,33,0.023083755346914404
C4,dxy,34,0.026229490171229004
C4,dxy,35,0.022033655993780814
C4,dxy,36,0.011171293081811572
C4,dxy,37,0.009653996274577007
C4,dxy,38,0.008519604898011781
C4,dxy,39,0.0149434200341962
C4,dxy,40,0.026461673188006067
C4,dxy,41,0.038940030840753814
C4,dxy,42,0.051418869287795314
C4,dxy,43,0.06535021745540742
C4,dxy,44,0.07104508111949728
C4,dxy,45,0.06685486700335758
C4,dxy,46,0.06045901604722684
C4,dxy,47,0.04431428988158739
C4,dxy,48,0.0281055863441231
C4,dxy,49,0.012443216094515692
C4,dxy,50,-0.006640815100162198
C4,dxy,51,-0.02034686390790607
C4,dxy,52,-0.019562052810223416
C4,dxy,53,-0.01646383583771273
C4,dxy,54,-0.0055956058238577485
C4,dxy,55,-0.001573545651212908
C4,dxy,56,0.00332869235585866
C4,dxy,57,0.00836521808186881
C4,dxy,58,0.010451348894271139
C4,dxy,59,0.0005187544082483811
C4,dxy,60,-0.016540226340233128
C4,tlt,-60,0.055258803184964095
C4,tlt,-59,0.05808269151818239
C4,tlt,-58,0.05332747749209063
C4,tlt,-57,0.03440702046596968
C4,tlt,-56,0.022510169225041992
C4,tlt,-55,0.01069015665196471
C4,tlt,-54,-0.006326664583642222
C4,tlt,-53,-0.01733834929761854
C4,tlt,-52,-0.02396666610199478
C4,tlt,-51,-0.01810042427990617
C4,tlt,-50,-0.002018799726979171
C4,tlt,-49,0.013025583378742062
C4,tlt,-48,0.03130359683526611
C4,tlt,-47,0.041731845810123645
C4,tlt,-46,0.053607716643534906
C4,tlt,-45,0.05761919294695346
C4,tlt,-44,0.05151418171837303
C4,tlt,-43,0.04600403647437965
C4,tlt,-42,0.03443559805227346
C4,tlt,-41,0.012993756325557623
C4,tlt,-40,0.00478261999532173
C4,tlt,-39,-0.020383815339228034
C4,tlt,-38,-0.040681390135026134
C4,tlt,-37,-0.053887389259928344
C4,tlt,-36,-0.075982476618119
C4,tlt,-35,-0.0890134195051775
C4,tlt,-34,-0.09031012216560304
C4,tlt,-33,-0.09247473494787471
C4,tlt,-32,-0.0775295387711233
C4,tlt,-31,-0.06813495268056996
C4,tlt,-30,-0.060545313267275476
C4,tlt,-29,-0.044017906635153044
C4,tlt,-28,-0.026588866308898316
C4,tlt,-27,-0.01771750959582746
C4,tlt,-26,-0.017959833459992268
C4,tlt,-25,-0.024812249803025915
C4,tlt,-24,-0.02356411090463664
C4,tlt,-23,-0.016271643633398895
C4,tlt,-22,-0.008498898834734
C4,tlt,-21,-0.001865214908521609
C4,tlt,-20,0.00680645260349944
C4,tlt,-19,0.01752324351947789
C4,tlt,-18,0.0313034729393526
C4,tlt,-17,0.039081215956888155
C4,tlt,-16,0.041548877584268284
C4,tlt,-15,0.03710494070313102
C4,tlt,-14,0.029634444184427466
C4,tlt,-13,0.02843352200629746
C4,tlt,-12,0.036488110729589525
C4,tlt,-11,0.04404612771174163
C4,tlt,-10,0.055553927518222586
C4,tlt,-9,0.07515995298101893
C4,tlt,-8,0.09406804520284245
C4,tlt,-7,0.10809690739701622
C4,tlt,-6,0.10969151866920429
C4,tlt,-5,0.10287208223253475
C4,tlt,-4,0.09142739756354842
C4,tlt,-3,0.07559180060779555
C4,tlt,-2,0.04094571134723939
C4,tlt,-1,0.015360143446992
C4,tlt,0,-0.008401387320000654
C4,tlt,1,-0.02218687516920099
C4,tlt,2,-0.03185229036875079
C4,tlt,3,-0.03792802031914331
C4,tlt,4,-0.043917296066971534
C4,tlt,5,-0.0392287908219128
C4,tlt,6,-0.039407533694374525
C4,tlt,7,-0.04406835184579609
C4,tlt,8,-0.04329420873395509
C4,tlt,9,-0.051804676966975896
C4,tlt,10,-0.059173975419444705
C4,tlt,11,-0.062202409466952234
C4,tlt,12,-0.06074110880535888
C4,tlt,13,-0.055851082738344604
C4,tlt,14,-0.050035897825771336
C4,tlt,15,-0.04569967299170101
C4,tlt,16,-0.031794779207095426
C4,tlt,17,-0.0206090638814916
C4,tlt,18,-0.01082485567968185
C4,tlt,19,-0.0013255543876547625
C4,tlt,20,0.008683120551050028
C4,tlt,21,0.015001895505510862
C4,tlt,22,0.020393900106200614
C4,tlt,23,0.021521428837223737
C4,tlt,24,0.023967121267353942
C4,tlt,25,0.019015688135856055
C4,tlt,26,0.01100827237354956
C4,tlt,27,0.0010079248146767875
C4,tlt,28,-0.00675495872072753
C4,tlt,29,-0.012998620992546242
C4,tlt,30,-0.016528289441681082
C4,tlt,31,-0.025570820875634906
C4,tlt,32,-0.028744902488071454
C4,tlt,33,-0.033470373485198775
C4,tlt,34,-0.04318475331950037
C4,tlt,35,-0.04366694212864873
C4,tlt,36,-0.05232277386980401
C4,tlt,37,-0.056185956754790656
C4,tlt,38,-0.0491207987265075
C4,tlt,39,-0.04493158731360058
C4,tlt,40,-0.033789614636999976
C4,tlt,41,-0.013590979360932837
C4,tlt,42,-0.013737869776941495
C4,tlt,43,-0.0006410693546097037
C4,tlt,44,0.0007750371400518418
C4,tlt,45,-0.0016391868004182574
C4,tlt,46,0.004497663415318034
C4,tlt,47,0.004745367228169115
C4,tlt,48,0.0017448375478636767
C4,tlt,49,0.019878741211070534
C4,tlt,50,0.03147146583949963
C4,tlt,51,0.041702648210528784
C4,tlt,52,0.04520820324514586
C4,tlt,53,0.03971748006259118
C4,tlt,54,0.0321482474414021
C4,tlt,55,0.01815477876344137
C4,tlt,56,-0.007065400877627222
C4,tlt,57,-0.02917185302305329
C4,tlt,58,-0.04016520064396617
C4,tlt,59,-0.04286163436431809
C4,tlt,60,-0.050923739003304234
