date,y10,y2,curve_slope_10_2,slope_180d_delta,curve_shape_state,regime_state,prev_regime_state,regime_state_days
1990-01-02,7.940000057220459,7.87,0.07000005722045888,,unclassified,unclassified,,0
1990-01-03,7.989999771118164,7.94,0.04999977111816367,,unclassified,unclassified,,0
1990-01-04,7.980000019073486,7.92,0.0600000190734864,,unclassified,unclassified,,0
1990-01-05,7.989999771118164,7.9,0.08999977111816371,,unclassified,unclassified,,0
1990-01-08,8.020000457763672,7.9,0.12000045776367152,,unclassified,unclassified,,0
1990-01-09,8.020000457763672,7.91,0.11000045776367173,,unclassified,unclassified,,0
1990-01-10,8.029999732971191,7.91,0.11999973297119126,,unclassified,unclassified,,0
1990-01-11,8.039999961853027,7.91,0.1299999618530272,,unclassified,unclassified,,0
1990-01-12,8.100000381469727,7.93,0.17000038146972685,,unclassified,unclassified,,0
1990-01-16,8.199999809265137,8.1,0.09999980926513707,,unclassified,unclassified,,0
1990-01-17,8.1899995803833,8.09,0.09999958038330092,,unclassified,unclassified,,0
1990-01-18,8.319999694824219,8.25,0.06999969482421875,,unclassified,unclassified,,0
1990-01-19,8.260000228881836,8.2,0.06000022888183665,,unclassified,unclassified,,0
1990-01-22,8.270000457763672,8.18,0.09000045776367216,,unclassified,unclassified,,0
1990-01-23,8.260000228881836,8.18,0.08000022888183622,,unclassified,unclassified,,0
1990-01-24,8.380000114440918,8.2,0.18000011444091868,,unclassified,unclassified,,0
1990-01-25,8.420000076293945,8.24,0.1800000762939451,,unclassified,unclassified,,0
1990-01-26,8.489999771118164,8.28,0.2099997711181647,,unclassified,unclassified,,0
1990-01-29,8.5,8.3,0.1999999999999993,,unclassified,unclassified,,0
1990-01-30,8.510000228881836,8.3,0.21000022888183523,,unclassified,unclassified,,0
1990-01-31,8.430000305175781,8.28,0.1500003051757819,,unclassified,unclassified,,0
1990-02-01,8.420000076293945,8.28,0.14000007629394595,,unclassified,unclassified,,0
1990-02-02,8.5,8.37,0.13000000000000078,,unclassified,unclassified,,0
1990-02-05,8.529999732971191,8.37,0.1599997329711922,,unclassified,unclassified,,0
1990-02-06,8.569999694824219,8.42,0.14999969482421882,,unclassified,unclassified,,0
1990-02-07,8.520000457763672,8.42,0.10000045776367195,,unclassified,unclassified,,0
1990-02-08,8.489999771118164,8.37,0.11999977111816484,,unclassified,unclassified,,0
1990-02-09,8.3100004196167,8.25,0.06000041961669922,,unclassified,unclassified,,0
1990-02-12,8.399999618530273,8.32,0.07999961853027315,,unclassified,unclassified,,0
1990-02-13,8.350000381469727,8.21,0.1400003814697257,,unclassified,unclassified,,0
1990-02-14,8.359999656677246,8.27,0.08999965667724652,,unclassified,unclassified,,0
1990-02-15,8.430000305175781,8.35,0.0800003051757816,,unclassified,unclassified,,0
1990-02-16,8.420000076293945,8.36,0.06000007629394588,,unclassified,unclassified,,0
1990-02-20,8.619999885559082,8.52,0.09999988555908246,,unclassified,unclassified,,0
1990-02-21,8.619999885559082,8.5,0.11999988555908203,,unclassified,unclassified,,0
1990-02-22,8.539999961853027,8.45,0.08999996185302805,,unclassified,unclassified,,0
1990-02-23,8.529999732971191,8.43,0.09999973297119169,,unclassified,unclassified,,0
1990-02-26,8.460000038146973,8.38,0.08000003814697187,,unclassified,unclassified,,0
1990-02-27,8.40999984741211,8.34,0.06999984741210952,,unclassified,unclassified,,0
1990-02-28,8.510000228881836,8.43,0.08000022888183622,,unclassified,unclassified,,0
1990-03-01,8.59000015258789,8.53,0.060000152587891264,,unclassified,unclassified,,0
1990-03-02,8.539999961853027,8.48,0.05999996185302692,,unclassified,unclassified,,0
1990-03-05,8.649999618530273,8.55,0.09999961853027273,,unclassified,unclassified,,0
1990-03-06,8.59000015258789,8.54,0.05000015258789148,,unclassified,unclassified,,0
1990-03-07,8.579999923706055,8.54,0.03999992370605554,,unclassified,unclassified,,0
1990-03-08,8.569999694824219,8.59,-0.020000305175781108,,unclassified,unclassified,,0
1990-03-09,8.649999618530273,8.73,-0.08000038146972699,,unclassified,unclassified,,0
1990-03-12,8.630000114440918,8.71,-0.07999988555908288,,unclassified,unclassified,,0
1990-03-13,8.729999542236328,8.77,-0.04000045776367145,,unclassified,unclassified,,0
1990-03-14,8.649999618530273,8.69,-0.040000381469726065,,unclassified,unclassified,,0
1990-03-15,8.65999984741211,8.71,-0.05000015258789148,,unclassified,unclassified,,0
1990-03-16,8.59000015258789,8.64,-0.04999984741210994,,unclassified,unclassified,,0
1990-03-19,8.59000015258789,8.68,-0.08999984741210909,,unclassified,unclassified,,0
1990-03-20,8.539999961853027,8.68,-0.14000003814697237,,unclassified,unclassified,,0
1990-03-21,8.550000190734863,8.69,-0.13999980926513622,,unclassified,unclassified,,0
1990-03-22,8.529999732971191,8.62,-0.09000026702880781,,unclassified,unclassified,,0
1990-03-23,8.520000457763672,8.61,-0.08999954223632756,,unclassified,unclassified,,0
1990-03-26,8.510000228881836,8.61,-0.0999997711181635,,unclassified,unclassified,,0
1990-03-27,8.520000457763672,8.59,-0.06999954223632798,,unclassified,unclassified,,0
1990-03-28,8.510000228881836,8.57,-0.05999977111816435,,unclassified,unclassified,,0
1990-03-29,8.600000381469727,8.62,-0.019999618530272656,,unclassified,unclassified,,0
1990-03-30,8.649999618530273,8.64,0.009999618530272869,,unclassified,unclassified,,0
1990-04-02,8.649999618530273,8.62,0.02999961853027422,,unclassified,unclassified,,0
1990-04-03,8.630000114440918,8.61,0.020000114440918537,,unclassified,unclassified,,0
1990-04-04,8.550000190734863,8.54,0.010000190734864134,,unclassified,unclassified,,0
1990-04-05,8.569999694824219,8.54,0.029999694824219603,,unclassified,unclassified,,0
1990-04-06,8.5600004196167,8.52,0.040000419616699645,,unclassified,unclassified,,0
1990-04-09,8.59000015258789,8.54,0.05000015258789148,,unclassified,unclassified,,0
1990-04-10,8.600000381469727,8.54,0.060000381469727415,,unclassified,unclassified,,0
1990-04-11,8.630000114440918,8.56,0.07000011444091747,,unclassified,unclassified,,0
1990-04-12,8.640000343322754,8.57,0.07000034332275362,,unclassified,unclassified,,0
1990-04-16,8.680000305175781,8.61,0.07000030517578182,,unclassified,unclassified,,0
1990-04-17,8.770000457763672,8.7,0.07000045776367259,,unclassified,unclassified,,0
1990-04-18,8.859999656677246,8.79,0.06999965667724695,,unclassified,unclassified,,0
1990-04-19,8.869999885559082,8.81,0.059999885559081534,,unclassified,unclassified,,0
1990-04-20,8.949999809265137,8.82,0.12999980926513643,,unclassified,unclassified,,0
1990-04-23,8.979999542236328,8.87,0.1099995422363289,,unclassified,unclassified,,0
1990-04-24,9.0,8.92,0.08000000000000007,,unclassified,unclassified,,0
1990-04-25,9.010000228881836,8.95,0.06000022888183665,,unclassified,unclassified,,0
1990-04-26,9.06999969482422,9.03,0.039999694824221166,,unclassified,unclassified,,0
1990-04-27,9.0600004196167,8.98,0.08000041961669879,,unclassified,unclassified,,0
1990-04-30,9.039999961853027,8.96,0.07999996185302649,,unclassified,unclassified,,0
1990-05-01,9.079999923706056,9.02,0.05999992370605689,,unclassified,unclassified,,0
1990-05-02,9.09000015258789,9.05,0.040000152587889914,,unclassified,unclassified,,0
1990-05-03,9.039999961853027,8.98,0.05999996185302692,,unclassified,unclassified,,0
1990-05-04,8.84000015258789,8.7,0.14000015258789134,,unclassified,unclassified,,0
1990-05-07,8.869999885559082,8.74,0.12999988555908182,,unclassified,unclassified,,0
1990-05-08,8.84000015258789,8.68,0.1600001525878909,,unclassified,unclassified,,0
1990-05-09,8.880000114440918,8.75,0.13000011444091797,,unclassified,unclassified,,0
1990-05-10,8.819999694824219,8.69,0.12999969482421925,,unclassified,unclassified,,0
1990-05-11,8.640000343322754,8.55,0.0900003433227532,,unclassified,unclassified,,0
1990-05-14,8.609999656677246,8.51,0.0999996566772463,,unclassified,unclassified,,0
1990-05-15,8.649999618530273,8.54,0.10999961853027429,,unclassified,unclassified,,0
1990-05-16,8.680000305175781,8.54,0.1400003051757821,,unclassified,unclassified,,0
1990-05-17,8.6899995803833,8.56,0.12999958038330028,,unclassified,unclassified,,0
1990-05-18,8.75,8.63,0.11999999999999922,,unclassified,unclassified,,0
1990-05-21,8.739999771118164,8.61,0.12999977111816463,,unclassified,unclassified,,0
1990-05-22,8.649999618530273,8.54,0.10999961853027429,,unclassified,unclassified,,0
1990-05-23,8.609999656677246,8.51,0.0999996566772463,,unclassified,unclassified,,0
1990-05-24,8.630000114440918,8.5,0.13000011444091797,,unclassified,unclassified,,0
1990-05-25,8.6899995803833,8.53,0.15999958038330142,,unclassified,unclassified,,0
1990-05-29,8.65999984741211,8.52,0.1399998474121098,,unclassified,unclassified,,0
1990-05-30,8.619999885559082,8.48,0.1399998855590816,,unclassified,unclassified,,0
1990-05-31,8.600000381469727,8.5,0.10000038146972656,,unclassified,unclassified,,0
1990-06-01,8.4399995803833,8.33,0.10999958038330071,,unclassified,unclassified,,0
1990-06-04,8.4399995803833,8.31,0.12999958038330028,,unclassified,unclassified,,0
1990-06-05,8.470000267028809,8.34,0.13000026702880874,,unclassified,unclassified,,0
1990-06-06,8.460000038146973,8.34,0.1200000381469728,,unclassified,unclassified,,0
1990-06-07,8.460000038146973,8.34,0.1200000381469728,,unclassified,unclassified,,0
1990-06-08,8.460000038146973,8.33,0.13000003814697259,,unclassified,unclassified,,0
1990-06-11,8.479999542236328,8.36,0.1199995422363287,,unclassified,unclassified,,0
1990-06-12,8.479999542236328,8.36,0.1199995422363287,,unclassified,unclassified,,0
1990-06-13,8.399999618530273,8.27,0.12999961853027386,,unclassified,unclassified,,0
1990-06-14,8.380000114440918,8.24,0.14000011444091776,,unclassified,unclassified,,0
1990-06-15,8.460000038146973,8.33,0.13000003814697259,,unclassified,unclassified,,0
1990-06-18,8.5,8.39,0.10999999999999943,,unclassified,unclassified,,0
1990-06-19,8.510000228881836,8.41,0.1000002288818358,,unclassified,unclassified,,0
1990-06-20,8.550000190734863,8.43,0.12000019073486357,,unclassified,unclassified,,0
1990-06-21,8.520000457763672,8.41,0.11000045776367173,,unclassified,unclassified,,0
1990-06-22,8.510000228881836,8.4,0.11000022888183558,,unclassified,unclassified,,0
1990-06-25,8.579999923706055,8.45,0.1299999237060554,,unclassified,unclassified,,0
1990-06-26,8.5600004196167,8.41,0.15000041961669908,,unclassified,unclassified,,0
1990-06-27,8.520000457763672,8.37,0.15000045776367266,,unclassified,unclassified,,0
1990-06-28,8.470000267028809,8.31,0.1600002670288081,,unclassified,unclassified,,0
1990-06-29,8.430000305175781,8.24,0.19000030517578104,,unclassified,unclassified,,0
1990-07-02,8.430000305175781,8.25,0.18000030517578125,,unclassified,unclassified,,0
1990-07-03,8.399999618530273,8.2,0.19999961853027415,,unclassified,unclassified,,0
1990-07-05,8.420000076293945,8.22,0.20000007629394467,,unclassified,unclassified,,0
1990-07-06,8.510000228881836,8.32,0.19000022888183565,,unclassified,unclassified,,0
1990-07-09,8.569999694824219,8.39,0.17999969482421818,,unclassified,unclassified,,0
1990-07-10,8.569999694824219,8.4,0.1699996948242184,,unclassified,unclassified,,0
1990-07-11,8.569999694824219,8.4,0.1699996948242184,,unclassified,unclassified,,0
1990-07-12,8.5,8.2,0.3000000000000007,,unclassified,unclassified,,0
1990-07-13,8.449999809265137,8.13,0.31999980926513594,,unclassified,unclassified,,0
1990-07-16,8.4399995803833,8.15,0.2899995803833004,,unclassified,unclassified,,0
1990-07-17,8.4399995803833,8.13,0.3099995803833,,unclassified,unclassified,,0
1990-07-18,8.5,8.13,0.3699999999999992,,unclassified,unclassified,,0
1990-07-19,8.510000228881836,8.13,0.38000022888183516,,unclassified,unclassified,,0
1990-07-20,8.479999542236328,8.08,0.39999954223632805,,unclassified,unclassified,,0
1990-07-23,8.479999542236328,8.05,0.4299995422363274,,unclassified,unclassified,,0
1990-07-24,8.529999732971191,8.12,0.4099997329711922,,unclassified,unclassified,,0
1990-07-25,8.489999771118164,8.08,0.409999771118164,,unclassified,unclassified,,0
1990-07-26,8.489999771118164,8.08,0.409999771118164,,unclassified,unclassified,,0
1990-07-27,8.420000076293945,8.0,0.4200000762939453,,unclassified,unclassified,,0
1990-07-30,8.34000015258789,7.93,0.4100001525878909,,unclassified,unclassified,,0
1990-07-31,8.359999656677246,7.91,0.44999965667724595,,unclassified,unclassified,,0
1990-08-01,8.289999961853027,7.85,0.4399999618530277,,unclassified,unclassified,,0
1990-08-02,8.40999984741211,7.9,0.509999847412109,,unclassified,unclassified,,0
1990-08-03,8.430000305175781,7.79,0.6400003051757812,,unclassified,unclassified,,0
1990-08-06,8.710000038146973,7.9,0.8100000381469723,,unclassified,unclassified,,0
1990-08-07,8.779999732971191,8.04,0.7399997329711923,,unclassified,unclassified,,0
1990-08-08,8.770000457763672,8.02,0.7500004577636723,,unclassified,unclassified,,0
1990-08-09,8.65999984741211,7.99,0.6699998474121092,,unclassified,unclassified,,0
1990-08-10,8.680000305175781,7.95,0.7300003051757811,,unclassified,unclassified,,0
1990-08-13,8.710000038146973,7.94,0.7700000381469723,,unclassified,unclassified,,0
1990-08-14,8.65999984741211,7.94,0.719999847412109,,unclassified,unclassified,,0
1990-08-15,8.640000343322754,7.94,0.7000003433227535,,unclassified,unclassified,,0
1990-08-16,8.760000228881836,8.09,0.6700002288818361,,unclassified,unclassified,,0
1990-08-17,8.800000190734863,8.11,0.6900001907348638,,unclassified,unclassified,,0
1990-08-20,8.8100004196167,8.13,0.6800004196166984,,unclassified,unclassified,,0
1990-08-21,8.84000015258789,8.19,0.6500001525878911,,unclassified,unclassified,,0
1990-08-22,8.90999984741211,8.26,0.6499998474121096,,unclassified,unclassified,,0
1990-08-23,9.0,8.26,0.7400000000000002,,unclassified,unclassified,,0
1990-08-24,9.050000190734863,8.32,0.730000190734863,,unclassified,unclassified,,0
1990-08-27,8.899999618530273,8.21,0.6899996185302726,,unclassified,unclassified,,0
1990-08-28,8.9399995803833,8.23,0.7099995803833004,,unclassified,unclassified,,0
1990-08-29,8.84000015258789,8.16,0.6800001525878905,,unclassified,unclassified,,0
1990-08-30,8.859999656677246,8.12,0.7399996566772469,,unclassified,unclassified,,0
1990-08-31,8.859999656677246,8.07,0.7899996566772458,,unclassified,unclassified,,0
1990-09-04,8.899999618530273,8.09,0.8099996185302736,,unclassified,unclassified,,0
1990-09-05,8.859999656677246,8.04,0.819999656677247,,unclassified,unclassified,,0
1990-09-06,8.84000015258789,8.06,0.7800001525878901,,unclassified,unclassified,,0
1990-09-07,8.8100004196167,8.04,0.7700004196167001,,unclassified,unclassified,,0
1990-09-10,8.850000381469727,8.09,0.7600003814697267,,unclassified,unclassified,,0
1990-09-11,8.829999923706055,8.1,0.729999923706055,,unclassified,unclassified,,0
1990-09-12,8.819999694824219,8.05,0.769999694824218,,unclassified,unclassified,,0
1990-09-13,8.819999694824219,8.01,0.809999694824219,,unclassified,unclassified,,0
1990-09-14,8.869999885559082,8.03,0.8399998855590827,,unclassified,unclassified,,0
1990-09-17,8.899999618530273,8.05,0.8499996185302727,,unclassified,unclassified,,0
1990-09-18,8.899999618530273,8.03,0.8699996185302741,,unclassified,unclassified,,0
1990-09-19,8.880000114440918,8.08,0.8000001144409179,0.730000057220459,bear_steep,bear_steep,,1
1990-09-20,8.90999984741211,8.1,0.8099998474121097,0.7600000762939461,bear_steep,bear_steep,,2
1990-09-21,8.989999771118164,8.12,0.8699997711181648,0.8099997520446784,bear_steep,bear_steep,,3
1990-09-24,9.039999961853027,8.21,0.8299999618530265,0.7400001907348628,bear_steep,bear_steep,,4
1990-09-25,9.020000457763672,8.18,0.8400004577636722,0.7200000000000006,bear_steep,bear_steep,,5
1990-09-26,9.0,8.16,0.8399999999999999,0.7299995422363281,bear_steep,bear_steep,,6
1990-09-27,8.90999984741211,8.05,0.8599998474121087,0.7400001144409174,bear_steep,bear_steep,,7
1990-09-28,8.819999694824219,8.02,0.7999996948242192,0.669999732971192,bear_steep,bear_steep,,8
1990-10-01,8.710000038146973,7.94,0.7700000381469723,0.5999996566772454,bear_steep,bear_steep,,9
1990-10-02,8.6899995803833,7.92,0.7699995803833009,0.6699997711181638,bear_steep,bear_steep,,10
1990-10-03,8.710000038146973,7.88,0.8300000381469728,0.7300004577636718,bear_steep,bear_steep,,11
1990-10-04,8.670000076293945,7.87,0.8000000762939452,0.7300003814697265,bear_steep,bear_steep,,12
1990-10-05,8.649999618530273,7.81,0.8399996185302738,0.7799993896484372,bear_steep,bear_steep,,13
1990-10-09,8.829999923706055,7.94,0.8899999237060543,0.7999994659423821,bear_steep,bear_steep,,14
1990-10-10,8.890000343322754,7.99,0.9000003433227537,0.8200001144409175,bear_steep,bear_steep,,15
1990-10-11,8.920000076293945,7.99,0.9300000762939451,0.7499999618530264,bear_steep,bear_steep,,16
1990-10-12,8.84000015258789,7.94,0.9000001525878902,0.7200000762939451,bear_steep,bear_steep,,17
1990-10-15,8.800000190734863,7.92,0.8800001907348634,0.6700004196166987,bear_steep,bear_steep,,18
1990-10-16,8.789999961853027,7.92,0.8699999618530274,0.6699999618530281,bear_steep,bear_steep,,19
1990-10-17,8.760000228881836,7.92,0.840000228881836,0.6300000000000008,bear_steep,bear_steep,,20
1990-10-18,8.710000038146973,7.91,0.8000000381469725,0.6499997329711906,bear_steep,bear_steep,,21
1990-10-19,8.619999885559082,7.85,0.7699998855590824,0.6299998092651364,bear_steep,bear_steep,,22
1990-10-22,8.630000114440918,7.85,0.7800001144409183,0.6500001144409175,bear_steep,bear_steep,,23
1990-10-23,8.649999618530273,7.84,0.8099996185302736,0.6499998855590814,bear_steep,bear_steep,,24
1990-10-24,8.65999984741211,7.84,0.8199998474121095,0.6700001525878907,bear_steep,bear_steep,,25
1990-10-25,8.619999885559082,7.8,0.8199998855590822,0.7199994277954103,bear_steep,bear_steep,,26
1990-10-26,8.630000114440918,7.8,0.8300001144409181,0.7100003433227533,bear_steep,bear_steep,,27
1990-10-29,8.699999809265137,7.82,0.8799998092651364,0.8199993896484372,bear_steep,bear_steep,,28
1990-10-30,8.699999809265137,7.79,0.9099998092651367,0.8300001907348635,bear_steep,bear_steep,,29
1990-10-31,8.649999618530273,7.77,0.8799996185302739,0.7399992370605482,bear_steep,bear_steep,,30
1990-11-01,8.569999694824219,7.68,0.889999694824219,0.8000000381469725,bear_steep,bear_steep,,31
1990-11-02,8.569999694824219,7.68,0.889999694824219,0.8099993896484374,bear_steep,bear_steep,,32
1990-11-05,8.5,7.63,0.8700000000000001,0.8099999237060542,bear_steep,bear_steep,,33
1990-11-06,8.520000457763672,7.65,0.8700004577636715,0.7700005722045891,bear_steep,bear_steep,,34
1990-11-07,8.569999694824219,7.67,0.8999996948242188,0.7799998092651368,bear_steep,bear_steep,,35
1990-11-08,8.579999923706055,7.67,0.9099999237060548,0.8199999618530267,bear_steep,bear_steep,,36
1990-11-09,8.489999771118164,7.61,0.8799997711181637,0.780000038146972,bear_steep,bear_steep,,37
1990-11-13,8.369999885559082,7.6,0.7699998855590824,0.6899998474121105,bear_steep,bear_steep,,38
1990-11-14,8.359999656677246,7.58,0.779999656677246,0.7099998092651365,bear_steep,bear_steep,,39
1990-11-15,8.369999885559082,7.6,0.7699998855590824,0.6899996566772462,bear_steep,bear_steep,,40
1990-11-16,8.300000190734863,7.58,0.7200001907348632,0.660000038146972,bear_steep,bear_steep,,41
1990-11-19,8.350000381469727,7.62,0.7300003814697265,0.6700004196166995,bear_steep,bear_steep,,42
1990-11-20,8.3100004196167,7.62,0.6900004196166991,0.5900008010864264,bear_steep,bear_steep,,43
1990-11-21,8.270000457763672,7.55,0.720000457763672,0.6700003051757806,bear_steep,bear_steep,,44
1990-11-23,8.279999732971191,7.53,0.7499997329711912,0.7099998092651356,bear_steep,bear_steep,,45
1990-11-26,8.270000457763672,7.55,0.720000457763672,0.7400007629394532,bear_steep,bear_steep,,46
1990-11-27,8.279999732971191,7.5,0.7799997329711914,0.8600001144409184,bear_steep,bear_steep,,47
1990-11-28,8.300000190734863,7.56,0.7400001907348637,0.8200000762939466,bear_steep,bear_steep,,48
1990-11-29,8.319999694824219,7.58,0.7399996948242187,0.7800001525878901,bear_steep,bear_steep,,49
1990-11-30,8.260000228881836,7.53,0.7300002288818357,0.7700006103515618,bear_steep,bear_steep,,50
1990-12-03,8.220000267028809,7.51,0.7100002670288088,0.7600004196167003,bear_steep,bear_steep,,51
1990-12-04,8.199999809265137,7.46,0.7399998092651368,0.7899996566772467,bear_steep,bear_steep,,52
1990-12-05,8.15999984741211,7.46,0.6999998474121094,0.7899996948242185,bear_steep,bear_steep,,53
1990-12-06,8.180000305175781,7.48,0.7000003051757808,0.8400003433227532,bear_steep,bear_steep,,54
1990-12-07,8.029999732971191,7.33,0.6999997329711913,0.8399995422363276,bear_steep,bear_steep,,55
1990-12-10,7.980000019073486,7.28,0.7000000190734861,0.7900002861022939,bear_steep,bear_steep,,56
1990-12-11,7.940000057220459,7.26,0.6800000572204592,0.7699995994567868,bear_steep,bear_steep,,57
1990-12-12,7.909999847412109,7.22,0.6899998474121096,0.7899996185302731,bear_steep,bear_steep,,58
1990-12-13,7.980000019073486,7.31,0.6700000190734867,0.7399995613098147,bear_steep,bear_steep,,59
1990-12-14,8.050000190734863,7.35,0.7000001907348636,0.759999961853028,bear_steep,bear_steep,,60
1990-12-17,8.020000457763672,7.31,0.7100004577636723,0.7300000762939449,bear_steep,bear_steep,,61
1990-12-18,7.989999771118164,7.28,0.7099997711181638,0.700000152587891,bear_steep,bear_steep,,62
1990-12-19,8.0,7.21,0.79,0.7600003814697258,bear_steep,bear_steep,,63
1990-12-20,8.050000190734863,7.25,0.8000001907348633,0.7800000762939447,bear_steep,bear_steep,,64
1990-12-21,8.109999656677246,7.3,0.8099996566772463,0.7999994659423821,bear_steep,bear_steep,,65
1990-12-24,8.199999809265137,7.35,0.8499998092651371,0.8200001144409175,bear_steep,bear_steep,,66
1990-12-26,8.149999618530273,7.27,0.8799996185302739,0.8399991989135742,bear_steep,bear_steep,,67
1990-12-27,8.109999656677246,7.25,0.8599996566772461,0.8099995040893546,bear_steep,bear_steep,,68
1990-12-28,8.140000343322754,7.25,0.8900003433227539,0.8299999618530265,bear_steep,bear_steep,,69
1990-12-31,8.079999923706055,7.15,0.9299999237060543,0.8599998092651369,bear_steep,bear_steep,,70
1991-01-02,7.96999979019165,7.08,0.8899997901916503,0.8199994468688967,bear_steep,bear_steep,,71
1991-01-03,7.929999828338623,7.08,0.849999828338623,0.7799995231628412,bear_steep,bear_steep,,72
1991-01-04,8.020000457763672,7.17,0.850000457763672,0.7799999999999994,bear_steep,bear_steep,,73
1991-01-07,8.130000114440918,7.2,0.9300001144409178,0.8600004577636708,bear_steep,bear_steep,,74
1991-01-08,8.15999984741211,7.15,1.009999847412109,0.9499999618530275,bear_steep,bear_steep,,75
1991-01-09,8.25,7.1,1.1500000000000004,1.020000190734864,bear_steep,bear_steep,,76
1991-01-10,8.15999984741211,7.14,1.0199998474121097,0.9100003051757808,bear_steep,bear_steep,,77
1991-01-11,8.199999809265137,7.14,1.059999809265137,0.979999809265137,bear_steep,bear_steep,,78
1991-01-14,8.229999542236328,7.18,1.0499995422363284,0.9899993133544918,bear_steep,bear_steep,,79
1991-01-15,8.220000267028809,7.16,1.0600002670288085,1.0200005722045873,bear_steep,bear_steep,,80
1991-01-16,8.239999771118164,7.21,1.029999771118164,0.9499993515014653,bear_steep,bear_steep,,81
1991-01-17,8.050000190734863,7.19,0.8600001907348629,0.7800002288818364,bear_steep,bear_steep,,82
1991-01-18,8.029999732971191,7.14,0.8899997329711917,0.8299998092651348,bear_steep,bear_steep,,83
1991-01-22,8.069999694824219,7.13,0.9399996948242189,0.8999995422363289,bear_steep,bear_steep,,84
1991-01-23,8.039999961853027,7.08,0.9599999618530273,0.9000000000000004,bear_steep,bear_steep,,85
1991-01-24,8.0,7.04,0.96,0.8199998474121086,bear_steep,bear_steep,,86
1991-01-25,8.0600004196167,7.1,0.9600004196166996,0.8300005340576178,bear_steep,bear_steep,,87
1991-01-28,8.0600004196167,7.12,0.9400004196166991,0.7800002670288082,bear_steep,bear_steep,,88
1991-01-29,8.050000190734863,7.1,0.9500001907348636,0.8200000762939457,bear_steep,bear_steep,,89
1991-01-30,8.050000190734863,7.07,0.980000190734863,0.8500004959106437,bear_steep,bear_steep,,90
1991-01-31,8.029999732971191,7.05,0.9799997329711916,0.8899993896484384,bear_steep,bear_steep,,91
1991-02-01,7.909999847412109,6.83,1.0799998474121093,0.980000190734863,bear_steep,bear_steep,,92
1991-02-04,7.880000114440918,6.82,1.0600001144409177,0.9500004959106434,bear_steep,bear_steep,,93
1991-02-05,7.849999904632568,6.8,1.0499999046325685,0.9099995994567864,bear_steep,bear_steep,,94
1991-02-06,7.789999961853027,6.82,0.9699999618530271,0.8400003814697268,bear_steep,bear_steep,,95
1991-02-07,7.820000171661377,6.8,1.0200001716613771,0.9000001716613779,bear_steep,bear_steep,,96
1991-02-08,7.769999980926514,6.8,0.9699999809265138,0.8400002098083492,bear_steep,bear_steep,,97
1991-02-11,7.78000020980835,6.78,1.0000002098083494,0.8900005912780751,bear_steep,bear_steep,,98
1991-02-12,7.78000020980835,6.78,1.0000002098083494,0.900000553131103,bear_steep,bear_steep,,99
1991-02-13,7.78000020980835,6.78,1.0000002098083494,0.8700000953674314,bear_steep,bear_steep,,100
1991-02-14,7.800000190734863,6.77,1.0300001907348637,0.8700006103515623,bear_steep,bear_steep,,101
1991-02-15,7.78000020980835,6.82,0.9600002098083493,0.8200003623962395,bear_steep,bear_steep,,102
1991-02-19,7.800000190734863,6.87,0.9300001907348632,0.7900003051757816,bear_steep,bear_steep,,103
1991-02-20,7.840000152587891,6.87,0.9700001525878905,0.869999771118164,bear_steep,bear_steep,,104
1991-02-21,7.880000114440918,6.9,0.9800001144409176,0.8700005340576169,bear_steep,bear_steep,,105
1991-02-22,7.909999847412109,6.98,0.929999847412109,0.8000002670288087,bear_steep,bear_steep,,106
1991-02-25,7.909999847412109,6.99,0.9199998474121092,0.7899995803833004,bear_steep,bear_steep,,107
1991-02-26,7.960000038146973,7.0,0.9600000381469727,0.8399999999999999,bear_steep,bear_steep,,108
1991-02-27,7.980000019073486,7.02,0.9600000190734868,0.839999980926514,bear_steep,bear_steep,,109
1991-02-28,8.020000457763672,7.04,0.9800004577636718,0.8500004196166993,bear_steep,bear_steep,,110
1991-03-01,8.119999885559082,7.18,0.9399998855590823,0.8200003433227536,bear_steep,bear_steep,,111
1991-03-04,8.119999885559082,7.16,0.9599998855590819,0.8400003433227532,bear_steep,bear_steep,,112
1991-03-05,8.079999923706055,7.13,0.9499999237060548,0.8200003051757809,bear_steep,bear_steep,,113
1991-03-06,8.109999656677246,7.15,0.9599996566772457,0.819999542236328,bear_steep,bear_steep,,114
1991-03-07,8.069999694824219,7.12,0.9499996948242186,0.8199996566772461,bear_steep,bear_steep,,115
1991-03-08,8.130000114440918,7.08,1.050000114440918,0.9400001144409185,bear_steep,bear_steep,,116
1991-03-11,8.0600004196167,7.05,1.0100004196166994,0.9100001907348636,bear_steep,bear_steep,,117
1991-03-12,8.09000015258789,7.07,1.0200001525878903,0.8999999618530268,bear_steep,bear_steep,,118
1991-03-13,8.020000457763672,7.0,1.0200004577636719,0.9100000000000001,bear_steep,bear_steep,,119
1991-03-14,8.020000457763672,6.95,1.0700004577636717,0.9600002288818361,bear_steep,bear_steep,,120
1991-03-15,8.100000381469727,7.01,1.0900003814697268,0.9600004577636714,bear_steep,bear_steep,,121
1991-03-18,8.149999618530273,7.09,1.0599996185302736,0.9099991989135745,bear_steep,bear_steep,,122
1991-03-19,8.25,7.22,1.0300000000000002,0.8799995422363276,bear_steep,bear_steep,,123
1991-03-20,8.199999809265137,7.2,0.9999998092651365,0.8399995422363284,bear_steep,bear_steep,,124
1991-03-21,8.15999984741211,7.13,1.0299998474121095,0.8399995422363284,bear_steep,bear_steep,,125
1991-03-22,8.130000114440918,7.13,1.000000114440918,0.8199998092651368,bear_steep,bear_steep,,126
1991-03-25,8.130000114440918,7.14,0.9900001144409183,0.7900004959106441,bear_steep,bear_steep,,127
1991-03-26,8.130000114440918,7.16,0.9700001144409178,0.7700000381469732,bear_steep,bear_steep,,128
1991-03-27,8.079999923706055,7.07,1.0099999237060544,0.8199996948242188,bear_steep,bear_steep,,129
1991-03-28,8.050000190734863,7.02,1.0300001907348637,0.8500004959106455,bear_steep,bear_steep,,130
1991-04-01,8.069999694824219,7.01,1.059999694824219,0.8900000000000006,bear_steep,bear_steep,,131
1991-04-02,8.029999732971191,6.97,1.0599997329711917,0.8900000381469733,bear_steep,bear_steep,,132
1991-04-03,8.050000190734863,6.99,1.060000190734863,0.7600001907348624,bear_steep,bear_steep,,133
1991-04-04,8.0,6.94,1.0599999999999996,0.7400001907348637,bear_steep,bear_steep,,134
1991-04-05,7.989999771118164,6.92,1.0699997711181641,0.7800001907348637,bear_steep,bear_steep,,135
1991-04-08,7.980000019073486,6.91,1.0700000190734862,0.7600004386901862,bear_steep,bear_steep,,136
1991-04-09,8.029999732971191,6.94,1.089999732971191,0.7199997329711918,bear_steep,bear_steep,,137
1991-04-10,8.100000381469727,7.02,1.080000381469727,0.7000001525878918,bear_steep,bear_steep,,138
1991-04-11,8.09000015258789,6.95,1.1400001525878904,0.7400006103515624,bear_steep,bear_steep,,139
1991-04-12,7.980000019073486,6.88,1.1000000190734864,0.670000476837159,bear_steep,bear_steep,,140
1991-04-15,7.949999809265137,6.9,1.0499998092651364,0.6400000762939442,bear_steep,bear_steep,,141
1991-04-16,7.96999979019165,6.92,1.0499997901916505,0.6400000190734865,bear_steep,bear_steep,,142
1991-04-17,7.949999809265137,6.9,1.0499998092651364,0.6400000381469724,bear_steep,bear_steep,,143
1991-04-18,8.020000457763672,6.99,1.0300004577636717,0.6100003814697263,bear_steep,bear_steep,,144
1991-04-19,8.100000381469727,7.03,1.0700003814697263,0.6600002288818354,bear_steep,bear_steep,,145
1991-04-22,8.149999618530273,7.07,1.0799996185302732,0.6299999618530272,bear_steep,bear_steep,,146
1991-04-23,8.119999885559082,7.05,1.0699998855590822,0.6299999237060545,bear_steep,bear_steep,,147
1991-04-24,8.0600004196167,6.95,1.110000419616699,0.60000057220459,bear_steep,bear_steep,,148
1991-04-25,8.069999694824219,6.93,1.139999694824219,0.4999993896484378,bear_steep,bear_steep,,149
1991-04-26,8.0600004196167,6.89,1.1700004196166995,0.36000038146972724,normal,bear_steep,,150
1991-04-29,8.069999694824219,6.9,1.1699996948242184,0.42999996185302614,bear_steep,bear_steep,,151
1991-04-30,8.020000457763672,6.8,1.220000457763672,0.46999999999999975,bear_steep,bear_steep,,152
1991-05-01,8.010000228881836,6.8,1.2100002288818361,0.540000381469727,bear_steep,bear_steep,,153
1991-05-02,7.96999979019165,6.76,1.2099997901916506,0.47999948501586953,bear_steep,bear_steep,,154
1991-05-03,8.039999961853027,6.8,1.2399999618530275,0.46999992370605526,bear_steep,bear_steep,,155
1991-05-06,8.050000190734863,6.82,1.230000190734863,0.510000343322754,bear_steep,bear_steep,,156
1991-05-07,8.0600004196167,6.82,1.240000419616699,0.5400000762939454,bear_steep,bear_steep,,157
1991-05-08,8.039999961853027,6.84,1.1999999618530275,0.5299997329711914,bear_steep,bear_steep,,158
1991-05-09,8.020000457763672,6.84,1.180000457763672,0.49000026702880817,bear_steep,bear_steep,,159
1991-05-10,8.119999885559082,6.87,1.249999885559082,0.5699994659423835,bear_steep,bear_steep,,160
1991-05-13,8.069999694824219,6.84,1.229999694824219,0.5799995422363278,bear_steep,bear_steep,,161
1991-05-14,8.140000343322754,6.86,1.2800003433227536,0.630000495910644,bear_steep,bear_steep,,162
1991-05-15,8.130000114440918,6.84,1.290000114440918,0.5500001144409179,bear_steep,bear_steep,,163
1991-05-16,8.119999885559082,6.84,1.2799998855590822,0.5499996948242192,bear_steep,bear_steep,,164
1991-05-17,8.079999923706055,6.86,1.2199999237060544,0.5300003051757818,bear_steep,bear_steep,,165
1991-05-20,8.100000381469727,6.86,1.2400003814697262,0.5300008010864259,bear_steep,bear_steep,,166
1991-05-21,8.0600004196167,6.84,1.2200004196166994,0.5400002670288089,bear_steep,bear_steep,,167
1991-05-22,8.0600004196167,6.77,1.2900004196166996,0.5500007629394528,bear_steep,bear_steep,,168
1991-05-23,8.100000381469727,6.74,1.3600003814697263,0.5700007247924805,bear_steep,bear_steep,,169
1991-05-24,8.100000381469727,6.69,1.4100003814697262,0.6000007629394526,bear_steep,bear_steep,,170
1991-05-28,8.069999694824219,6.66,1.4099996948242186,0.5900000381469717,bear_steep,bear_steep,,171
1991-05-29,8.069999694824219,6.61,1.4599996948242184,0.6799995422363283,bear_steep,bear_steep,,172
1991-05-30,8.020000457763672,6.6,1.4200004577636722,0.6500000381469722,bear_steep,bear_steep,,173
1991-05-31,8.0600004196167,6.68,1.3800004196166995,0.6200000381469728,bear_steep,bear_steep,,174
1991-06-03,8.140000343322754,6.79,1.3500003433227539,0.6200004196166988,bear_steep,bear_steep,,175
1991-06-04,8.140000343322754,6.79,1.3500003433227539,0.5800006484985358,bear_steep,bear_steep,,176
1991-06-05,8.1899995803833,6.83,1.3599995803833007,0.5499998855590817,bear_steep,bear_steep,,177
1991-06-06,8.229999542236328,6.86,1.3699995422363278,0.5299996566772451,bear_steep,bear_steep,,178
1991-06-07,8.289999961853027,6.98,1.309999961853027,0.4600003433227542,bear_steep,bear_steep,,179
1991-06-10,8.289999961853027,7.01,1.2799999618530276,0.4100003433227535,bear_steep,bear_steep,,180
1991-06-11,8.289999961853027,6.99,1.2999999618530271,0.49999984741210923,bear_steep,bear_steep,,181
1991-06-12,8.359999656677246,7.08,1.279999656677246,0.4699998092651363,bear_steep,bear_steep,,182
1991-06-13,8.34000015258789,7.08,1.2600001525878906,0.3900003814697257,normal,bear_steep,,183
1991-06-14,8.289999961853027,7.02,1.2699999618530278,0.4400000000000013,bear_steep,bear_steep,,184
1991-06-17,8.300000190734863,7.02,1.2800001907348637,0.43999973297119155,bear_steep,bear_steep,,185
1991-06-18,8.319999694824219,7.0,1.3199996948242188,0.4799996948242189,bear_steep,bear_steep,,186
1991-06-19,8.329999923706055,6.95,1.3799999237060545,0.5200000762939458,bear_steep,bear_steep,,187
1991-06-20,8.300000190734863,6.87,1.4300001907348632,0.630000495910644,bear_steep,bear_steep,,188
1991-06-21,8.319999694824219,6.94,1.3799996948242184,0.6099996566772461,bear_steep,bear_steep,,189
1991-06-24,8.329999923706055,6.96,1.3699999237060547,0.6000003433227539,bear_steep,bear_steep,,190
1991-06-25,8.329999923706055,7.04,1.2899999237060547,0.4599998855590819,bear_steep,bear_steep,,191
1991-06-26,8.329999923706055,7.01,1.319999923706055,0.5199998474121097,bear_steep,bear_steep,,192
1991-06-27,8.319999694824219,7.0,1.3199996948242188,0.4800000762939449,bear_steep,bear_steep,,193
1991-06-28,8.239999771118164,6.9,1.3399997711181637,0.4499998474121094,bear_steep,bear_steep,,194
1991-07-01,8.260000228881836,6.97,1.2900002288818362,0.3899998855590825,normal,bear_steep,,195
1991-07-02,8.270000457763672,7.0,1.2700004577636719,0.3400003814697268,normal,bear_steep,,196
1991-07-03,8.260000228881836,6.97,1.2900002288818362,0.39000007629394595,normal,bear_steep,,197
1991-07-05,8.34000015258789,7.04,1.3000001525878906,0.41999996185302724,bear_steep,bear_steep,,198
1991-07-08,8.34000015258789,7.0,1.3400001525878906,0.4700001907348632,bear_steep,bear_steep,,199
1991-07-09,8.359999656677246,7.0,1.359999656677246,0.5199994277954101,bear_steep,bear_steep,,200
1991-07-10,8.350000381469727,6.97,1.3800003814697268,0.5800003433227543,bear_steep,bear_steep,,201
1991-07-11,8.300000190734863,6.92,1.3800001907348634,0.610000305175781,bear_steep,bear_steep,,202
1991-07-12,8.260000228881836,6.88,1.380000228881836,0.6000001144409177,bear_steep,bear_steep,,203
1991-07-15,8.260000228881836,6.88,1.380000228881836,0.5700006103515625,bear_steep,bear_steep,,204
1991-07-16,8.270000457763672,6.9,1.3700004577636715,0.550000610351562,bear_steep,bear_steep,,205
1991-07-17,8.300000190734863,6.94,1.360000190734863,0.5400003051757807,bear_steep,bear_steep,,206
1991-07-18,8.3100004196167,6.91,1.400000419616699,0.5700003051757809,bear_steep,bear_steep,,207
1991-07-19,8.279999732971191,6.89,1.3899997329711917,0.5099999237060553,bear_steep,bear_steep,,208
1991-07-22,8.279999732971191,6.91,1.3699997329711913,0.4599999237060546,bear_steep,bear_steep,,209
1991-07-23,8.3100004196167,6.94,1.3700004196166988,0.49000080108642496,bear_steep,bear_steep,,210
1991-07-24,8.239999771118164,6.88,1.3599997711181642,0.47000007629394513,bear_steep,bear_steep,,211
1991-07-25,8.199999809265137,6.87,1.3299998092651366,0.4400001144409176,bear_steep,bear_steep,,212
1991-07-26,8.199999809265137,6.85,1.349999809265137,0.47999980926513697,bear_steep,bear_steep,,213
1991-07-29,8.199999809265137,6.82,1.3799998092651364,0.5099993515014649,bear_steep,bear_steep,,214
1991-07-30,8.210000038146973,6.84,1.3700000381469728,0.470000343322754,bear_steep,bear_steep,,215
1991-07-31,8.199999809265137,6.81,1.389999809265137,0.47999988555908235,bear_steep,bear_steep,,216
1991-08-01,8.199999809265137,6.84,1.3599998092651369,0.4800000381469731,bear_steep,bear_steep,,217
1991-08-02,8.0600004196167,6.69,1.3700004196166988,0.6000005340576164,bear_steep,bear_steep,,218
1991-08-05,8.039999961853027,6.69,1.349999961853027,0.5700003051757809,bear_steep,bear_steep,,219
1991-08-06,7.96999979019165,6.57,1.39999979019165,0.6299999046325677,bear_steep,bear_steep,,220
1991-08-07,7.929999828338623,6.54,1.389999828338623,0.6699996376037598,bear_steep,bear_steep,,221
1991-08-08,7.980000019073486,6.52,1.4600000190734868,0.7299996376037603,bear_steep,bear_steep,,222
1991-08-09,7.980000019073486,6.49,1.4900000190734861,0.799999599456787,bear_steep,bear_steep,,223
1991-08-12,7.949999809265137,6.49,1.4599998092651365,0.7399993515014645,bear_steep,bear_steep,,224
1991-08-13,7.909999847412109,6.48,1.429999847412109,0.6800001144409178,bear_steep,bear_steep,,225
1991-08-14,7.820000171661377,6.37,1.4500001716613768,0.7299997138977048,bear_steep,bear_steep,,226
1991-08-15,7.840000152587891,6.33,1.5100001525878906,0.7300004196166991,bear_steep,bear_steep,,227
1991-08-16,7.840000152587891,6.31,1.530000152587891,0.7899999618530273,bear_steep,bear_steep,,228
1991-08-19,7.829999923706055,6.24,1.5899999237060545,0.8500002288818358,bear_steep,bear_steep,,229
1991-08-20,7.809999942779541,6.17,1.639999942779541,0.9099997138977054,bear_steep,bear_steep,,230
1991-08-21,7.800000190734863,6.27,1.5300001907348637,0.8199999237060549,bear_steep,bear_steep,,231
1991-08-22,7.78000020980835,6.27,1.51000020980835,0.7700004005432133,bear_steep,bear_steep,,232
1991-08-23,7.880000114440918,6.46,1.420000114440918,0.7200002670288086,bear_steep,bear_steep,,233
1991-08-26,7.909999847412109,6.48,1.429999847412109,0.7299995422363281,bear_steep,bear_steep,,234
1991-08-27,7.889999866485596,6.41,1.4799998664855956,0.7800001335144042,bear_steep,bear_steep,,235
1991-08-28,7.820000171661377,6.3,1.5200001716613771,0.820000152587891,bear_steep,bear_steep,,236
1991-08-29,7.739999771118164,6.25,1.489999771118164,0.8099997138977049,bear_steep,bear_steep,,237
1991-08-30,7.820000171661377,6.36,1.4600001716613766,0.770000324249267,bear_steep,bear_steep,,238
1991-09-03,7.809999942779541,6.33,1.479999942779541,0.8099999237060542,bear_steep,bear_steep,,239
1991-09-04,7.809999942779541,6.31,1.4999999427795414,0.7999997520446778,bear_steep,bear_steep,,240
1991-09-05,7.829999923706055,6.31,1.519999923706055,0.8099994659423828,bear_steep,bear_steep,,241
1991-09-06,7.760000228881836,6.26,1.5000002288818362,0.7900004577636723,bear_steep,bear_steep,,242
1991-09-09,7.730000019073486,6.23,1.500000019073486,0.7100000190734859,bear_steep,bear_steep,,243
1991-09-10,7.730000019073486,6.21,1.5200000190734864,0.7199998283386231,bear_steep,bear_steep,,244
1991-09-11,7.739999771118164,6.23,1.5099997711181636,0.7000001144409174,bear_steep,bear_steep,,245
1991-09-12,7.670000076293945,6.2,1.4700000762939451,0.6200002670288081,bear_steep,bear_steep,,246
1991-09-13,7.659999847412109,6.18,1.4799998474121097,0.6000002288818358,bear_steep,bear_steep,,247
1991-09-16,7.630000114440918,6.17,1.460000114440918,0.600000457763672,bear_steep,bear_steep,,248
1991-09-17,7.619999885559082,6.18,1.4399998855590823,0.5499995422363284,bear_steep,bear_steep,,249
1991-09-18,7.619999885559082,6.18,1.4399998855590823,0.509999961853028,bear_steep,bear_steep,,250
1991-09-19,7.610000133514404,6.2,1.4100001335144041,0.5200003433227538,bear_steep,bear_steep,,251
1991-09-20,7.570000171661377,6.18,1.3900001716613772,0.5400003433227543,bear_steep,bear_steep,,252
1991-09-23,7.550000190734863,6.17,1.3800001907348634,0.5299997329711914,bear_steep,bear_steep,,253
1991-09-24,7.559999942779541,6.11,1.4499999427795407,0.5199998283386229,bear_steep,bear_steep,,254
1991-09-25,7.579999923706055,6.12,1.4599999237060546,0.45000007629394556,bear_steep,bear_steep,,255
1991-09-26,7.559999942779541,6.05,1.5099999427795412,0.35999994277954084,normal,bear_steep,,256
1991-09-27,7.489999771118164,6.02,1.4699997711181645,0.4499999237060548,bear_steep,bear_steep,,257
1991-09-30,7.46999979019165,5.99,1.4799997901916502,0.41999998092651314,bear_steep,bear_steep,,258
1991-10-01,7.449999809265137,5.99,1.4599998092651365,0.4100002670288081,bear_steep,bear_steep,,259
1991-10-02,7.46999979019165,5.99,1.4799997901916502,0.4199995231628417,bear_steep,bear_steep,,260
1991-10-03,7.46999979019165,5.98,1.48999979019165,0.46000001907348587,bear_steep,bear_steep,,261
1991-10-04,7.389999866485596,5.91,1.4799998664855956,0.6199996757507327,bear_steep,bear_steep,,262
1991-10-07,7.400000095367432,5.93,1.470000095367432,0.5800003623962402,bear_steep,bear_steep,,263
1991-10-08,7.429999828338623,5.89,1.5399998283386234,0.6000001335144045,bear_steep,bear_steep,,264
1991-10-09,7.510000228881836,5.93,1.5800002288818362,0.620000267028809,bear_steep,bear_steep,,265
1991-10-10,7.579999923706055,5.98,1.5999999237060543,0.6399999237060543,bear_steep,bear_steep,,266
1991-10-11,7.489999771118164,5.91,1.579999771118164,0.6199993515014643,bear_steep,bear_steep,,267
1991-10-15,7.460000038146973,5.85,1.610000038146973,0.6699996185302739,bear_steep,bear_steep,,268
1991-10-16,7.449999809265137,5.86,1.5899998092651364,0.6399996185302728,bear_steep,bear_steep,,269
1991-10-17,7.550000190734863,5.93,1.6200001907348636,0.6400000000000006,bear_steep,bear_steep,,270
1991-10-18,7.53000020980835,5.95,1.5800002098083494,0.6000004768371578,bear_steep,bear_steep,,271
1991-10-21,7.619999885559082,5.99,1.6299998855590818,0.5500000381469725,bear_steep,bear_steep,,272
1991-10-22,7.670000076293945,6.02,1.6500000762939457,0.589999961853028,bear_steep,bear_steep,,273
1991-10-23,7.690000057220459,6.01,1.6800000572204592,0.6300001525878907,bear_steep,bear_steep,,274
1991-10-24,7.650000095367432,5.93,1.720000095367432,0.7500001335144049,bear_steep,bear_steep,,275
1991-10-25,7.679999828338623,5.93,1.7499998283386233,0.7299996566772462,bear_steep,bear_steep,,276
1991-10-28,7.650000095367432,5.88,1.7700000953674317,0.8000001144409179,bear_steep,bear_steep,,277
1991-10-29,7.510000228881836,5.78,1.7300002288818357,0.7300000190734863,bear_steep,bear_steep,,278
1991-10-30,7.480000019073486,5.73,1.750000019073486,0.7499998092651365,bear_steep,bear_steep,,279
1991-10-31,7.46999979019165,5.7,1.7699997901916502,0.7699995803833009,bear_steep,bear_steep,,280
1991-11-01,7.480000019073486,5.65,1.830000019073486,0.7999998283386223,bear_steep,bear_steep,,281
1991-11-04,7.5,5.63,1.87,0.9099997901916508,bear_steep,bear_steep,,282
1991-11-05,7.559999942779541,5.7,1.8599999427795408,0.9299997520446777,bear_steep,bear_steep,,283
1991-11-06,7.510000228881836,5.63,1.880000228881836,0.9100000762939455,bear_steep,bear_steep,,284
1991-11-07,7.429999828338623,5.62,1.809999828338623,0.8299997138977053,bear_steep,bear_steep,,285
1991-11-08,7.409999847412109,5.63,1.7799998474121095,0.8500000000000005,bear_steep,bear_steep,,286
1991-11-12,7.369999885559082,5.65,1.7199998855590817,0.8000000381469725,bear_steep,bear_steep,,287
1991-11-13,7.409999847412109,5.65,1.759999847412109,0.7999998092651364,bear_steep,bear_steep,,288
1991-11-14,7.349999904632568,5.6,1.7499999046325687,0.789999885559082,bear_steep,bear_steep,,289
1991-11-15,7.329999923706055,5.54,1.7899999237060547,0.8099994659423828,bear_steep,bear_steep,,290
1991-11-18,7.329999923706055,5.55,1.7799999237060549,0.8400000381469725,bear_steep,bear_steep,,291
1991-11-19,7.369999885559082,5.5,1.869999885559082,0.9100000000000001,bear_steep,bear_steep,,292
1991-11-20,7.380000114440918,5.52,1.8600001144409184,0.9100001907348636,bear_steep,bear_steep,,293
1991-11-21,7.389999866485596,5.5,1.8899998664855957,0.93000020980835,bear_steep,bear_steep,,294
1991-11-22,7.440000057220459,5.49,1.9500000572204588,1.0000003623962401,bear_steep,bear_steep,,295
1991-11-25,7.449999809265137,5.5,1.9499998092651367,0.8999996948242188,bear_steep,bear_steep,,296
1991-11-26,7.420000076293945,5.45,1.9700000762939451,0.9599996566772457,bear_steep,bear_steep,,297
1991-11-27,7.420000076293945,5.43,1.9900000762939456,0.9699999237060553,bear_steep,bear_steep,,298
1991-11-29,7.380000114440918,5.38,2.000000114440918,0.9799996566772462,bear_steep,bear_steep,,299
1991-12-02,7.320000171661377,5.33,1.9900001716613769,0.9199997138977052,bear_steep,bear_steep,,300
1991-12-03,7.28000020980835,5.29,1.9900002098083496,0.8999998283386228,bear_steep,bear_steep,,301
1991-12-04,7.170000076293945,5.22,1.9500000762939456,0.890000457763672,bear_steep,bear_steep,,302
1991-12-05,7.210000038146973,5.22,1.990000038146973,0.9600000381469727,bear_steep,bear_steep,,303
1991-12-06,7.260000228881836,5.19,2.0700002288818355,1.070000419616699,bear_steep,bear_steep,,304
1991-12-09,7.21999979019165,5.09,2.1299997901916505,1.099999942779541,bear_steep,bear_steep,,305
1991-12-10,7.210000038146973,5.07,2.1400000381469724,1.1399999237060543,bear_steep,bear_steep,,306
1991-12-11,7.21999979019165,5.04,2.1799997901916504,1.189999675750732,bear_steep,bear_steep,,307
1991-12-12,7.190000057220459,5.06,2.1300000572204594,1.1599999427795415,bear_steep,bear_steep,,308
1991-12-13,7.21999979019165,5.09,2.1299997901916505,1.1199998664855961,bear_steep,bear_steep,,309
1991-12-16,7.210000038146973,5.06,2.150000038146973,1.1199998474121093,bear_steep,bear_steep,,310
1991-12-17,7.179999828338623,5.02,2.1599998283386235,1.1000001335144045,bear_steep,bear_steep,,311
1991-12-18,7.190000057220459,5.11,2.0800000572204587,1.020000324249267,bear_steep,bear_steep,,312
1991-12-19,7.110000133514404,5.05,2.0600001335144045,0.9999999427795414,bear_steep,bear_steep,,313
1991-12-20,6.96999979019165,4.8,2.1699997901916506,1.109999790191651,bear_steep,bear_steep,,314
1991-12-23,6.880000114440918,4.79,2.090000114440918,1.0200003433227538,bear_steep,bear_steep,,315
1991-12-24,6.880000114440918,4.84,2.040000114440918,0.9700000953674319,bear_steep,bear_steep,,316
1991-12-26,6.849999904632568,4.85,1.9999999046325687,0.9100001716613777,bear_steep,bear_steep,,317
1991-12-27,6.820000171661377,4.85,1.9700001716613773,0.8899997901916503,bear_steep,bear_steep,,318
1991-12-30,6.760000228881836,4.8,1.9600002288818361,0.8200000762939457,bear_steep,bear_steep,,319
1991-12-31,6.710000038146973,4.77,1.940000038146973,0.8400000190734866,bear_steep,bear_steep,,320
1992-01-02,6.78000020980835,4.77,2.01000020980835,0.9600004005432137,bear_steep,bear_steep,,321
1992-01-03,6.849999904632568,4.8,2.0499999046325685,1.000000114440918,bear_steep,bear_steep,,322
1992-01-06,6.820000171661377,4.76,2.060000171661377,1.0100003623962408,bear_steep,bear_steep,,323
1992-01-07,6.760000228881836,4.67,2.090000228881836,1.0599997711181643,bear_steep,bear_steep,,324
1992-01-08,6.769999980926514,4.66,2.1099999809265135,1.0399995994567872,bear_steep,bear_steep,,325
1992-01-09,6.789999961853027,4.77,2.0199999618530278,0.9400003433227546,bear_steep,bear_steep,,326
1992-01-10,6.849999904632568,4.85,1.9999999046325687,0.9300000190734865,bear_steep,bear_steep,,327
1992-01-13,6.920000076293945,4.93,1.9900000762939456,0.8799996566772466,bear_steep,bear_steep,,328
1992-01-14,7.03000020980835,5.0,2.0300002098083496,0.8900005149841306,bear_steep,bear_steep,,329
1992-01-15,7.050000190734863,5.07,1.980000190734863,0.8099997711181635,bear_steep,bear_steep,,330
1992-01-16,7.130000114440918,5.07,2.0600001144409177,0.8900004196166993,bear_steep,bear_steep,,331
1992-01-17,7.090000152587891,5.02,2.070000152587891,0.849999694824219,bear_steep,bear_steep,,332
1992-01-21,7.03000020980835,4.97,2.06000020980835,0.8499999809265137,bear_steep,bear_steep,,333
1992-01-22,7.090000152587891,4.95,2.1400001525878904,0.9300003623962398,bear_steep,bear_steep,,334
1992-01-23,7.199999809265137,5.02,2.179999809265137,0.9399998474121096,bear_steep,bear_steep,,335
1992-01-24,7.25,5.13,2.12,0.8899998092651371,bear_steep,bear_steep,,336
1992-01-27,7.239999771118164,5.15,2.0899997711181637,0.8499993515014648,bear_steep,bear_steep,,337
1992-01-28,7.159999847412109,5.1,2.0599998474121097,0.8599998855590822,bear_steep,bear_steep,,338
1992-01-29,7.25,5.15,2.0999999999999996,0.9199995422363276,bear_steep,bear_steep,,339
1992-01-30,7.309999942779541,5.17,2.139999942779541,0.8900000572204592,bear_steep,bear_steep,,340
1992-01-31,7.309999942779541,5.11,2.1999999427795407,0.9700002479553218,bear_steep,bear_steep,,341
1992-02-03,7.360000133514404,5.15,2.210000133514404,0.9299997901916504,bear_steep,bear_steep,,342
1992-02-04,7.289999961853027,5.12,2.1699999618530272,0.8799998474121091,bear_steep,bear_steep,,343
1992-02-05,7.210000038146973,5.07,2.1400000381469724,0.8600001525878902,bear_steep,bear_steep,,344
1992-02-06,7.199999809265137,5.05,2.149999809265137,0.9299998855590825,bear_steep,bear_steep,,345
1992-02-07,7.199999809265137,4.97,2.229999809265137,0.9899994277954107,bear_steep,bear_steep,,346
1992-02-10,7.210000038146973,4.94,2.2700000381469723,1.049999618530273,bear_steep,bear_steep,,347
1992-02-11,7.230000019073486,5.01,2.2200000190734865,0.9299995994567869,bear_steep,bear_steep,,348
1992-02-12,7.300000190734863,5.08,2.220000190734863,0.8599998092651369,bear_steep,bear_steep,,349
1992-02-13,7.400000095367432,5.22,2.180000095367432,0.7699997138977057,bear_steep,bear_steep,,350
1992-02-14,7.409999847412109,5.27,2.13999984741211,0.7300001525878912,bear_steep,bear_steep,,351
1992-02-18,7.46999979019165,5.24,2.22999979019165,0.7700000953674317,bear_steep,bear_steep,,352
1992-02-19,7.420000076293945,5.28,2.140000076293945,0.7199996185302728,bear_steep,bear_steep,,353
1992-02-20,7.409999847412109,5.3,2.1099998474121096,0.72999942779541,bear_steep,bear_steep,,354
1992-02-21,7.449999809265137,5.46,1.9899998092651368,0.6399994659423829,bear_steep,bear_steep,,355
1992-02-24,7.46999979019165,5.46,2.0099997901916504,0.6599994468688966,bear_steep,bear_steep,,356
1992-02-25,7.440000057220459,5.43,2.0100000572204593,0.6500004768371586,bear_steep,bear_steep,,357
1992-02-26,7.329999923706055,5.37,1.9599999237060546,0.5900003814697268,bear_steep,bear_steep,,358
1992-02-27,7.349999904632568,5.34,2.0099999046325685,0.6999999427795416,bear_steep,bear_steep,,359
1992-02-28,7.269999980926514,5.27,1.999999980926514,0.7200000190734865,bear_steep,bear_steep,,360
1992-03-02,7.380000114440918,5.45,1.9300001144409178,0.6300001525878907,bear_steep,bear_steep,,361
1992-03-03,7.429999828338623,5.48,1.9499998283386226,0.6700001716613766,bear_steep,bear_steep,,362
1992-03-04,7.429999828338623,5.5,1.929999828338623,0.6699996757507325,bear_steep,bear_steep,,363
1992-03-05,7.510000228881836,5.62,1.8900002288818358,0.6200002670288081,bear_steep,bear_steep,,364
1992-03-06,7.480000019073486,5.6,1.8800000190734867,0.599999828338623,bear_steep,bear_steep,,365
1992-03-09,7.420000076293945,5.54,1.8800000762939453,0.5600003814697265,bear_steep,bear_steep,,366
1992-03-10,7.429999828338623,5.56,1.8699998283386234,0.48999990463256893,bear_steep,bear_steep,,367
1992-03-11,7.510000228881836,5.58,1.9300002288818359,0.5000000381469727,bear_steep,bear_steep,,368
1992-03-12,7.619999885559082,5.74,1.8799998855590818,0.5000001907348635,bear_steep,bear_steep,,369
1992-03-13,7.710000038146973,5.86,1.8500000381469723,0.4800001144409176,bear_steep,bear_steep,,370
1992-03-16,7.690000057220459,5.87,1.8200000572204589,0.5300001335144042,bear_steep,bear_steep,,371
1992-03-17,7.619999885559082,5.83,1.789999885559082,0.46999996185302706,bear_steep,bear_steep,,372
1992-03-18,7.619999885559082,5.84,1.7799998855590822,0.4600001907348634,bear_steep,bear_steep,,373
1992-03-19,7.570000171661377,5.79,1.780000171661377,0.4400004005432132,bear_steep,bear_steep,,374
1992-03-20,7.639999866485596,5.86,1.7799998664855954,0.4899996376037592,bear_steep,bear_steep,,375
1992-03-23,7.619999885559082,5.87,1.749999885559082,0.47999942779541005,bear_steep,bear_steep,,376
1992-03-24,7.53000020980835,5.78,1.7500002098083494,0.4599999809265132,bear_steep,bear_steep,,377
1992-03-25,7.53000020980835,5.72,1.8100002098083499,0.5100000572204593,bear_steep,bear_steep,,378
1992-03-26,7.570000171661377,5.69,1.8800001716613766,0.5400000190734859,bear_steep,bear_steep,,379
1992-03-27,7.539999961853027,5.68,1.8599999618530276,0.5000003051757815,bear_steep,bear_steep,,380
1992-03-30,7.539999961853027,5.61,1.929999961853027,0.5499995803833002,bear_steep,bear_steep,,381
1992-03-31,7.539999961853027,5.6,1.9399999618530277,0.5599997711181643,bear_steep,bear_steep,,382
1992-04-01,7.460000038146973,5.53,1.9300000381469724,0.5499998092651364,bear_steep,bear_steep,,383
1992-04-02,7.46999979019165,5.55,1.9199997901916506,0.5399995613098145,bear_steep,bear_steep,,384
1992-04-03,7.420000076293945,5.37,2.050000076293945,0.6799996185302737,bear_steep,bear_steep,,385
1992-04-06,7.409999847412109,5.36,2.049999847412109,0.6899996566772462,bear_steep,bear_steep,,386
1992-04-07,7.409999847412109,5.34,2.0699998474121095,0.6699994277954104,bear_steep,bear_steep,,387
1992-04-08,7.440000057220459,5.33,2.110000057220459,0.7200003242492672,bear_steep,bear_steep,,388
1992-04-09,7.349999904632568,5.09,2.2599999046325685,0.8900001716613772,bear_steep,bear_steep,,389
1992-04-10,7.369999885559082,5.16,2.209999885559082,0.8399994659423831,bear_steep,bear_steep,,390
1992-04-13,7.329999923706055,5.11,2.2199999237060544,0.8600001525878902,bear_steep,bear_steep,,391
1992-04-14,7.349999904632568,5.15,2.199999904632568,0.8700000953674314,bear_steep,bear_steep,,392
1992-04-15,7.369999885559082,5.22,2.1499998855590823,0.8000000762939452,bear_steep,bear_steep,,393
1992-04-16,7.449999809265137,5.34,2.109999809265137,0.7300000000000004,bear_steep,bear_steep,,394
1992-04-20,7.590000152587891,5.45,2.1400001525878904,0.7700001144409176,bear_steep,bear_steep,,395
1992-04-21,7.579999923706055,5.41,2.1699999237060545,0.7800001144409174,bear_steep,bear_steep,,396
1992-04-22,7.570000171661377,5.41,2.160000171661377,0.80000036239624,bear_steep,bear_steep,,397
1992-04-23,7.590000152587891,5.41,2.1800001525878905,0.8099997329711917,bear_steep,bear_steep,,398
1992-04-24,7.550000190734863,5.33,2.220000190734863,0.8700002288818363,bear_steep,bear_steep,,399
1992-04-27,7.599999904632568,5.42,2.1799999046325684,0.7800001144409183,bear_steep,bear_steep,,400
1992-04-28,7.570000171661377,5.4,2.1700001716613766,0.7800003433227536,bear_steep,bear_steep,,401
1992-04-29,7.599999904632568,5.39,2.2099999046325687,0.7499998855590819,bear_steep,bear_steep,,402
1992-04-30,7.610000133514404,5.46,2.1500001335144043,0.6600001144409182,bear_steep,bear_steep,,403
1992-05-01,7.559999942779541,5.33,2.229999942779541,0.7700001335144044,bear_steep,bear_steep,,404
1992-05-04,7.579999923706055,5.32,2.2599999237060544,0.8300000762939455,bear_steep,bear_steep,,405
1992-05-05,7.559999942779541,5.3,2.259999942779541,0.8099997711181643,bear_steep,bear_steep,,406
1992-05-06,7.460000038146973,5.25,2.2100000381469727,0.6999998855590821,bear_steep,bear_steep,,407
1992-05-07,7.489999771118164,5.34,2.149999771118164,0.6199996185302732,bear_steep,bear_steep,,408
1992-05-08,7.409999847412109,5.29,2.1199998474121093,0.5299999237060549,bear_steep,bear_steep,,409
1992-05-11,7.400000095367432,5.24,2.1600000953674314,0.5200001525878903,bear_steep,bear_steep,,410
1992-05-12,7.360000133514404,5.19,2.170000133514404,0.6399999427795402,bear_steep,bear_steep,,411
1992-05-13,7.340000152587891,5.14,2.200000152587891,0.6899999427795409,bear_steep,bear_steep,,412
1992-05-14,7.340000152587891,5.13,2.2100001525878907,0.7900000381469727,bear_steep,bear_steep,,413
1992-05-15,7.28000020980835,5.11,2.1700002098083493,0.7400003623962403,bear_steep,bear_steep,,414
1992-05-18,7.28000020980835,5.12,2.1600002098083495,0.6800003433227539,bear_steep,bear_steep,,415
1992-05-19,7.199999809265137,5.0,2.1999998092651367,0.6799996376037596,bear_steep,bear_steep,,416
1992-05-20,7.25,5.13,2.12,0.630000228881836,bear_steep,bear_steep,,417
1992-05-21,7.389999866485596,5.34,2.049999866485596,0.5899996948242192,bear_steep,bear_steep,,418
1992-05-22,7.349999904632568,5.24,2.109999904632568,0.6299999618530272,bear_steep,bear_steep,,419
1992-05-26,7.460000038146973,5.35,2.110000038146973,0.6100000953674316,bear_steep,bear_steep,,420
1992-05-27,7.440000057220459,5.28,2.1600000572204587,0.6400001335144037,bear_steep,bear_steep,,421
1992-05-28,7.360000133514404,5.22,2.1400001335144045,0.6399999046325684,bear_steep,bear_steep,,422
1992-05-29,7.329999923706055,5.19,2.1399999237060543,0.6399999046325684,bear_steep,bear_steep,,423
1992-06-01,7.389999866485596,5.29,2.0999998664855957,0.5799998474121093,bear_steep,bear_steep,,424
1992-06-02,7.349999904632568,5.23,2.119999904632568,0.6100001335144043,bear_steep,bear_steep,,425
1992-06-03,7.340000152587891,5.2,2.1400001525878904,0.6700000762939453,bear_steep,bear_steep,,426
1992-06-04,7.340000152587891,5.22,2.120000152587891,0.6400003051757812,bear_steep,bear_steep,,427
1992-06-05,7.309999942779541,5.13,2.179999942779541,0.7199998283386231,bear_steep,bear_steep,,428
1992-06-08,7.309999942779541,5.11,2.1999999427795407,0.7600000572204584,bear_steep,bear_steep,,429
1992-06-09,7.329999923706055,5.11,2.2199999237060544,0.780000038146972,bear_steep,bear_steep,,430
1992-06-10,7.349999904632568,5.13,2.2199999046325685,0.8099997711181643,bear_steep,bear_steep,,431
1992-06-11,7.329999923706055,5.09,2.239999923706055,0.8499997520446776,bear_steep,bear_steep,,432
1992-06-12,7.289999961853027,5.06,2.2299999618530277,0.8499997711181644,bear_steep,bear_steep,,433
1992-06-15,7.28000020980835,5.05,2.23000020980835,0.7800002670288091,bear_steep,bear_steep,,434
1992-06-16,7.239999771118164,5.02,2.2199997711181645,0.7599998474121099,bear_steep,bear_steep,,435
1992-06-17,7.230000019073486,5.0,2.2300000190734863,0.7200000762939451,bear_steep,bear_steep,,436
1992-06-18,7.190000057220459,4.94,2.2500000572204586,0.7800002861022941,bear_steep,bear_steep,,437
1992-06-19,7.239999771118164,5.0,2.239999771118164,0.7599999809265139,bear_steep,bear_steep,,438
1992-06-22,7.239999771118164,4.99,2.249999771118164,0.7899999618530273,bear_steep,bear_steep,,439
1992-06-23,7.25,5.1,2.1500000000000004,0.6700002098083502,bear_steep,bear_steep,,440
1992-06-24,7.199999809265137,4.96,2.2399998092651368,0.7500000190734868,bear_steep,bear_steep,,441
1992-06-25,7.139999866485596,4.89,2.249999866485596,0.7700000000000005,bear_steep,bear_steep,,442
1992-06-26,7.150000095367432,4.88,2.2700000953674317,0.7999999999999998,bear_steep,bear_steep,,443
1992-06-29,7.119999885559082,4.83,2.289999885559082,0.7500000572204586,bear_steep,bear_steep,,444
1992-06-30,7.139999866485596,4.83,2.3099998664855956,0.7299996376037594,bear_steep,bear_steep,,445
1992-07-01,7.099999904632568,4.82,2.279999904632568,0.6799999809265138,bear_steep,bear_steep,,446
1992-07-02,6.929999828338623,4.55,2.3799998283386232,0.8000000572204593,bear_steep,bear_steep,,447
1992-07-06,6.900000095367432,4.46,2.4400000953674317,0.8300000572204587,bear_steep,bear_steep,,448
1992-07-07,6.869999885559082,4.4,2.4699998855590817,0.8800000762939453,bear_steep,bear_steep,,449
1992-07-08,6.909999847412109,4.4,2.509999847412109,0.8899996566772455,bear_steep,bear_steep,,450
1992-07-09,6.909999847412109,4.4,2.509999847412109,0.9299996376037596,bear_steep,bear_steep,,451
1992-07-10,6.929999828338623,4.38,2.549999828338623,0.9199999427795413,bear_steep,bear_steep,,452
1992-07-13,6.96999979019165,4.4,2.56999979019165,0.9199997138977043,bear_steep,bear_steep,,453
1992-07-14,6.96999979019165,4.32,2.64999979019165,0.9699997329711909,bear_steep,bear_steep,,454
1992-07-15,6.900000095367432,4.25,2.6500000953674316,0.9299999999999997,bear_steep,bear_steep,,455
1992-07-16,6.869999885559082,4.25,2.619999885559082,0.8700000572204587,bear_steep,bear_steep,,456
1992-07-17,6.900000095367432,4.27,2.630000095367432,0.8600000000000003,bear_steep,bear_steep,,457
1992-07-20,6.900000095367432,4.3,2.600000095367432,0.8699998664855961,bear_steep,bear_steep,,458
1992-07-21,6.889999866485596,4.34,2.549999866485596,0.7999998474121099,bear_steep,bear_steep,,459
1992-07-22,6.849999904632568,4.29,2.5599999046325683,0.7900001144409181,bear_steep,bear_steep,,460
1992-07-23,6.71999979019165,4.2,2.51999979019165,0.6899997711181642,bear_steep,bear_steep,,461
1992-07-24,6.730000019073486,4.25,2.4800000190734863,0.6100000190734862,bear_steep,bear_steep,,462
1992-07-27,6.690000057220459,4.27,2.4200000572204594,0.5600001144409186,bear_steep,bear_steep,,463
1992-07-28,6.630000114440918,4.27,2.3600001144409184,0.47999988555908235,bear_steep,bear_steep,,464
1992-07-29,6.599999904632568,4.25,2.3499999046325684,0.5400000762939454,bear_steep,bear_steep,,465
1992-07-30,6.690000057220459,4.33,2.360000057220459,0.5800002098083494,bear_steep,bear_steep,,466
1992-07-31,6.71999979019165,4.42,2.2999997901916505,0.5799999046325688,bear_steep,bear_steep,,467
1992-08-03,6.71999979019165,4.4,2.31999979019165,0.559999942779541,bear_steep,bear_steep,,468
1992-08-04,6.659999847412109,4.31,2.3499998474121098,0.599999942779541,bear_steep,bear_steep,,469
1992-08-05,6.639999866485596,4.29,2.3499998664855957,0.559999942779541,bear_steep,bear_steep,,470
1992-08-06,6.650000095367432,4.29,2.3600000953674316,0.5800001716613767,bear_steep,bear_steep,,471
1992-08-07,6.570000171661377,4.18,2.3900001716613772,0.5200002861022952,bear_steep,bear_steep,,472
1992-08-10,6.519999980926514,4.12,2.3999999809265136,0.5399998664855952,bear_steep,bear_steep,,473
1992-08-11,6.5,4.15,2.3499999999999996,0.46000013351440394,bear_steep,bear_steep,,474
1992-08-12,6.480000019073486,4.19,2.290000019073486,0.33999996185302717,normal,bear_steep,,475
1992-08-13,6.550000190734863,4.19,2.360000190734863,0.41000038146972617,bear_steep,bear_steep,,476
1992-08-14,6.53000020980835,4.14,2.39000020980835,0.4200001335144048,bear_steep,bear_steep,,477
1992-08-17,6.559999942779541,4.13,2.429999942779541,0.4399998664855955,bear_steep,bear_steep,,478
1992-08-18,6.480000019073486,4.04,2.4400000190734863,0.4399999046325682,bear_steep,bear_steep,,479
1992-08-19,6.46999979019165,4.06,2.409999790191651,0.4199996185302739,bear_steep,bear_steep,,480
1992-08-20,6.460000038146973,4.04,2.4200000381469726,0.42999982833862305,bear_steep,bear_steep,,481
1992-08-21,6.53000020980835,4.13,2.4000002098083497,0.45000013351440415,bear_steep,bear_steep,,482
1992-08-24,6.679999828338623,4.27,2.4099998283386235,0.41999979019165057,bear_steep,bear_steep,,483
1992-08-25,6.730000019073486,4.32,2.410000019073486,0.3399997901916505,normal,bear_steep,,484
1992-08-26,6.679999828338623,4.26,2.4199998283386233,0.2900000381469727,normal,bear_steep,,485
1992-08-27,6.639999866485596,4.23,2.4099998664855953,0.2699998283386229,normal,bear_steep,,486
1992-08-28,6.630000114440918,4.16,2.470000114440918,0.29000032424926747,normal,bear_steep,,487
1992-08-31,6.619999885559082,4.15,2.4699998855590817,0.3399998283386223,normal,normal,bear_steep,1
1992-09-01,6.559999942779541,4.12,2.439999942779541,0.3100001525878904,normal,normal,bear_steep,2
1992-09-02,6.539999961853027,4.1,2.4399999618530277,0.28999992370605465,normal,normal,bear_steep,3
1992-09-03,6.539999961853027,4.09,2.4499999618530275,0.290000133514404,normal,normal,bear_steep,4
1992-09-04,6.400000095367432,3.89,2.5100000953674315,0.43000003814697285,bear_steep,normal,bear_steep,5
1992-09-08,6.289999961853027,3.83,2.4599999618530273,0.3999998283386228,normal,normal,bear_steep,6
1992-09-09,6.309999942779541,3.85,2.459999942779541,0.29000015258789036,normal,normal,bear_steep,7
1992-09-10,6.309999942779541,3.83,2.479999942779541,0.389999828338623,normal,normal,bear_steep,8
1992-09-11,6.369999885559082,3.87,2.499999885559082,0.4599997711181638,bear_steep,normal,bear_steep,9
1992-09-14,6.320000171661377,3.8,2.520000171661377,0.5200002670288084,bear_steep,normal,bear_steep,10
1992-09-15,6.400000095367432,3.89,2.5100000953674315,0.5399999237060542,bear_steep,normal,bear_steep,11
1992-09-16,6.409999847412109,3.87,2.5399998474121093,0.5799996185302732,bear_steep,normal,bear_steep,12
1992-09-17,6.400000095367432,3.86,2.5400000953674318,0.6000000572204587,bear_steep,bear_steep,normal,1
1992-09-18,6.409999847412109,3.86,2.5499998474121095,0.5399996376037595,bear_steep,bear_steep,normal,2
1992-09-21,6.420000076293945,3.91,2.510000076293945,0.46000017166137663,bear_steep,bear_steep,normal,3
1992-09-22,6.5,3.98,2.52,0.45999982833862285,bear_steep,bear_steep,normal,4
1992-09-23,6.539999961853027,3.97,2.569999961853027,0.47999973297119114,bear_steep,bear_steep,normal,5
1992-09-24,6.480000019073486,3.91,2.570000019073486,0.46000003814697266,bear_steep,bear_steep,normal,6
1992-09-25,6.409999847412109,3.78,2.6299998474121096,0.6099998855590818,bear_steep,bear_steep,normal,7
1992-09-28,6.369999885559082,3.77,2.599999885559082,0.5999999809265133,bear_steep,bear_steep,normal,8
1992-09-29,6.369999885559082,3.8,2.569999885559082,0.5799998092651366,bear_steep,bear_steep,normal,9
1992-09-30,6.369999885559082,3.8,2.569999885559082,0.5399996757507326,bear_steep,bear_steep,normal,10
1992-10-01,6.230000019073486,3.67,2.5600000190734864,0.5799998283386234,bear_steep,bear_steep,normal,11
1992-10-02,6.260000228881836,3.71,2.550000228881836,0.4900001144409183,bear_steep,bear_steep,normal,12
1992-10-05,6.239999771118164,3.68,2.559999771118164,0.48999961853027285,bear_steep,bear_steep,normal,13
1992-10-06,6.300000190734863,3.74,2.560000190734863,0.4999999809265132,bear_steep,bear_steep,normal,14
1992-10-07,6.460000038146973,3.88,2.5800000381469728,0.4399998855590823,bear_steep,bear_steep,normal,15
1992-10-08,6.409999847412109,3.83,2.5799998474121093,0.40000003814697216,bear_steep,bear_steep,normal,16
1992-10-09,6.519999980926514,4.0,2.5199999809265137,0.39999998092651357,normal,bear_steep,normal,17
1992-10-13,6.510000228881836,3.99,2.5200002288818357,0.430000457763672,bear_steep,bear_steep,normal,18
1992-10-14,6.510000228881836,4.02,2.4900002288818364,0.43000038146972663,bear_steep,bear_steep,normal,19
1992-10-15,6.53000020980835,4.02,2.51000020980835,0.4100002098083504,bear_steep,bear_steep,normal,20
1992-10-16,6.599999904632568,4.04,2.5599999046325683,0.41999996185302724,bear_steep,bear_steep,normal,21
1992-10-19,6.690000057220459,4.15,2.5400000572204586,0.34000011444091793,normal,bear_steep,normal,22
1992-10-20,6.860000133514404,4.34,2.5200001335144044,0.3100000000000005,normal,bear_steep,normal,23
1992-10-21,6.800000190734863,4.29,2.5100001907348632,0.340000228881836,normal,bear_steep,normal,24
1992-10-22,6.739999771118164,4.24,2.499999771118164,0.3599997329711915,normal,bear_steep,normal,25
1992-10-23,6.829999923706055,4.37,2.4599999237060546,0.3100001144409177,normal,normal,bear_steep,1
1992-10-26,6.829999923706055,4.39,2.439999923706055,0.21000011444091804,normal,normal,bear_steep,2
1992-10-27,6.78000020980835,4.32,2.4600002098083493,0.19000017166137706,normal,normal,bear_steep,3
1992-10-28,6.760000228881836,4.33,2.430000228881836,0.21000020980834933,normal,normal,bear_steep,4
1992-10-29,6.710000038146973,4.33,2.3800000381469726,0.15999984741210938,normal,normal,bear_steep,5
1992-10-30,6.800000190734863,4.4,2.400000190734863,0.22000009536743104,normal,normal,bear_steep,6
1992-11-02,6.880000114440918,4.47,2.410000114440918,0.2700002670288084,normal,normal,bear_steep,7
1992-11-03,6.869999885559082,4.44,2.4299998855590816,0.20000009536743146,normal,normal,bear_steep,8
1992-11-04,6.889999866485596,4.44,2.4499998664855953,0.30999979019165025,normal,normal,bear_steep,9
1992-11-05,6.869999885559082,4.39,2.4799998855590824,0.3700000381469728,normal,normal,bear_steep,10
1992-11-06,6.96999979019165,4.48,2.48999979019165,0.4999999809265132,bear_steep,normal,bear_steep,11
1992-11-09,7.0,4.57,2.4299999999999997,0.4200002098083493,bear_steep,normal,bear_steep,12
1992-11-10,6.909999847412109,4.5,2.4099998474121094,0.3999997901916501,normal,normal,bear_steep,13
1992-11-12,6.789999961853027,4.44,2.349999961853027,0.39000003814697237,normal,normal,bear_steep,14
1992-11-13,6.820000171661377,4.54,2.280000171661377,0.2700002670288084,normal,normal,bear_steep,15
1992-11-16,6.900000095367432,4.68,2.220000095367432,0.22000011444091783,normal,normal,bear_steep,16
1992-11-17,6.860000133514404,4.67,2.1900001335144044,0.2600000190734866,normal,normal,bear_steep,17
1992-11-18,6.78000020980835,4.58,2.2000002098083495,0.2500003814697269,normal,normal,bear_steep,18
1992-11-19,6.809999942779541,4.59,2.219999942779541,0.2900001144409181,normal,normal,bear_steep,19
1992-11-20,6.840000152587891,4.66,2.1800001525878905,0.28999992370605465,normal,normal,bear_steep,20
1992-11-23,6.860000133514404,4.69,2.170000133514404,0.2900001144409172,normal,normal,bear_steep,21
1992-11-24,6.820000171661377,4.61,2.2100001716613766,0.33000009536743136,normal,normal,bear_steep,22
1992-11-25,6.840000152587891,4.7,2.1400001525878904,0.270000324249267,normal,normal,bear_steep,23
1992-11-27,6.929999828338623,4.77,2.1599998283386235,0.2299995994567876,normal,normal,bear_steep,24
1992-11-30,6.949999809265137,4.79,2.1599998092651367,0.27999992370605487,normal,normal,bear_steep,25
1992-12-01,6.940000057220459,4.81,2.1300000572204594,0.28000001907348704,normal,normal,bear_steep,26
1992-12-02,6.929999828338623,4.81,2.1199998283386234,0.29999977111816456,normal,normal,bear_steep,27
1992-12-03,6.909999847412109,4.78,2.129999847412109,0.33999996185302717,normal,normal,bear_steep,28
1992-12-04,6.840000152587891,4.7,2.1400001525878904,0.3600002670288083,normal,normal,bear_steep,29
1992-12-07,6.78000020980835,4.62,2.1600002098083495,0.3800000381469726,normal,normal,bear_steep,30
1992-12-08,6.730000019073486,4.59,2.1400000190734865,0.3600001525878911,normal,normal,bear_steep,31
1992-12-09,6.760000228881836,4.61,2.1500002288818356,0.4000003433227537,bear_steep,normal,bear_steep,32
1992-12-10,6.769999980926514,4.67,2.0999999809265137,0.3499997711181644,normal,normal,bear_steep,33
1992-12-11,6.800000190734863,4.78,2.020000190734863,0.20999998092651317,normal,normal,bear_steep,34
1992-12-14,6.829999923706055,4.8,2.029999923706055,0.1499997520446783,normal,normal,bear_steep,35
1992-12-15,6.829999923706055,4.77,2.059999923706055,0.19999996185302749,normal,normal,bear_steep,36
1992-12-16,6.769999980926514,4.67,2.0999999809265137,0.17000001907348672,normal,normal,bear_steep,37
1992-12-17,6.769999980926514,4.69,2.0799999809265133,0.14000001907348558,normal,normal,bear_steep,38
1992-12-18,6.760000228881836,4.66,2.100000228881836,0.1700001907348634,normal,normal,bear_steep,39
1992-12-21,6.710000038146973,4.64,2.070000038146973,0.1500002479553224,normal,normal,bear_steep,40
1992-12-22,6.650000095367432,4.64,2.010000095367432,-0.039999980926513246,normal,normal,bear_steep,41
1992-12-23,6.679999828338623,4.63,2.049999828338623,-1.907348590179936e-08,normal,normal,bear_steep,42
1992-12-24,6.690000057220459,4.6,2.0900000572204593,0.020000209808349823,normal,normal,bear_steep,43
1992-12-28,6.71999979019165,4.64,2.0799997901916507,-0.030000267028808203,normal,normal,bear_steep,44
1992-12-29,6.690000057220459,4.61,2.0800000572204587,-0.17999984741210984,normal,normal,bear_steep,45
1992-12-30,6.679999828338623,4.54,2.139999828338623,-0.07000005722045888,normal,normal,bear_steep,46
1992-12-31,6.699999809265137,4.56,2.139999809265137,-0.08000011444091726,normal,normal,bear_steep,47
1993-01-04,6.599999904632568,4.48,2.119999904632568,-0.08000000000000007,normal,normal,bear_steep,48
1993-01-05,6.610000133514404,4.48,2.130000133514404,-0.01999975204467841,normal,normal,bear_steep,49
1993-01-06,6.630000114440918,4.52,2.1100001144409184,3.051757815342171e-07,normal,normal,bear_steep,50
1993-01-07,6.760000228881836,4.64,2.1200002288818363,-0.01999992370605419,normal,normal,bear_steep,51
1993-01-08,6.75,4.5,2.25,0.08000007629394545,normal,normal,bear_steep,52
1993-01-11,6.710000038146973,4.48,2.2300000381469722,0.06999986648559542,normal,normal,bear_steep,53
1993-01-12,6.71999979019165,4.48,2.23999979019165,0.05999963760375948,normal,normal,bear_steep,54
1993-01-13,6.710000038146973,4.46,2.2500000381469727,0.02999984741210948,normal,normal,bear_steep,55
1993-01-14,6.650000095367432,4.4,2.2500000953674313,0.07000019073486285,normal,normal,bear_steep,56
1993-01-15,6.599999904632568,4.31,2.2899999046325688,0.11999973297119215,normal,normal,bear_steep,57
1993-01-19,6.590000152587891,4.39,2.200000152587891,-0.009999752044677734,normal,normal,bear_steep,58
1993-01-20,6.610000133514404,4.41,2.200000133514404,0.04999999999999982,normal,normal,bear_steep,59
1993-01-21,6.599999904632568,4.36,2.239999904632568,0.009999961853027095,normal,normal,bear_steep,60
1993-01-22,6.570000171661377,4.3,2.270000171661377,0.010000247955322727,normal,normal,bear_steep,61
1993-01-25,6.480000019073486,4.26,2.2200000190734865,-0.03999992370605465,normal,normal,bear_steep,62
1993-01-26,6.5,4.3,2.2,-0.010000038146972479,normal,normal,bear_steep,63
1993-01-27,6.480000019073486,4.24,2.240000019073486,0.09000024795532191,normal,normal,bear_steep,64
1993-01-28,6.440000057220459,4.2,2.240000057220459,0.12000020980834947,normal,normal,bear_steep,65
1993-01-29,6.389999866485596,4.2,2.1899998664855955,0.029999771118164098,normal,normal,bear_steep,66
1993-02-01,6.380000114440918,4.19,2.1900001144409176,0.019999980926513672,normal,normal,bear_steep,67
1993-02-02,6.460000038146973,4.25,2.2100000381469727,0.009999885559081712,normal,normal,bear_steep,68
1993-02-03,6.449999809265137,4.27,2.179999809265137,-0.030000343322753587,normal,normal,bear_steep,69
1993-02-04,6.389999866485596,4.19,2.1999998664855953,0.029999656677246023,normal,normal,bear_steep,70
1993-02-05,6.320000171661377,4.07,2.2500001716613767,0.08999996185302717,normal,normal,bear_steep,71
1993-02-08,6.369999885559082,4.16,2.209999885559082,0.01000007629394517,normal,normal,bear_steep,72
1993-02-09,6.409999847412109,4.2,2.209999847412109,0.08999984741210909,normal,normal,bear_steep,73
1993-02-10,6.400000095367432,4.27,2.130000095367432,0.08000022888183622,normal,normal,bear_steep,74
1993-02-11,6.369999885559082,4.2,2.169999885559082,0.05999998092651371,normal,normal,bear_steep,75
1993-02-12,6.349999904632568,4.2,2.149999904632568,0.03999986648559517,normal,normal,bear_steep,76
1993-02-16,6.340000152587891,4.14,2.200000152587891,0.04000009536743221,normal,normal,bear_steep,77
1993-02-17,6.28000020980835,4.06,2.22000020980835,0.08000007629394545,normal,normal,bear_steep,78
1993-02-18,6.170000076293945,3.95,2.220000076293945,0.08000015258789084,normal,normal,bear_steep,79
1993-02-19,6.150000095367432,3.99,2.1600000953674314,0.06000022888183576,normal,normal,bear_steep,80
1993-02-22,6.090000152587891,3.99,2.1000001525878904,-0.01999975204467752,normal,normal,bear_steep,81
1993-02-23,5.920000076293945,3.9,2.0200000762939454,-0.12000007629394505,normal,normal,bear_steep,82
1993-02-24,6.010000228881836,3.97,2.0400002288818357,-0.07999992370605513,normal,normal,bear_steep,83
1993-02-25,6.03000020980835,3.95,2.0800002098083494,-0.09999973297119169,normal,normal,bear_steep,84
1993-02-26,6.03000020980835,3.92,2.1100002098083497,-0.08999973297119102,normal,normal,bear_steep,85
1993-03-01,5.940000057220459,3.88,2.060000057220459,-0.15999986648559528,normal,normal,bear_steep,86
1993-03-02,5.949999809265137,3.88,2.069999809265137,-0.15000009536743164,normal,normal,bear_steep,87
1993-03-03,5.880000114440918,3.81,2.070000114440918,-0.16999980926513691,normal,normal,bear_steep,88
1993-03-04,5.829999923706055,3.75,2.0799999237060547,-0.15000003814697305,normal,normal,bear_steep,89
1993-03-05,5.900000095367432,3.91,1.9900000953674315,-0.2400001144409183,normal,normal,bear_steep,90
1993-03-08,5.849999904632568,3.97,1.8799999046325682,-0.3399998664855963,normal,normal,bear_steep,91
1993-03-09,5.909999847412109,4.02,1.8899998474121098,-0.3400001716613765,normal,normal,bear_steep,92
1993-03-10,5.96999979019165,4.05,1.9199997901916506,-0.330000267028808,normal,normal,bear_steep,93
1993-03-11,5.960000038146973,4.01,1.9500000381469729,-0.2899997329711912,normal,normal,bear_steep,94
1993-03-12,6.110000133514404,4.11,2.000000133514404,-0.24999963760375987,normal,normal,bear_steep,95
1993-03-15,6.170000076293945,4.1,2.0700000762939457,-0.07999992370605469,normal,normal,bear_steep,96
1993-03-16,6.059999942779541,4.02,2.0399999427795414,-0.1999998664855953,normal,normal,bear_steep,97
1993-03-17,6.019999980926514,3.98,2.0399999809265137,-0.20999988555908233,normal,normal,bear_steep,98
1993-03-18,5.929999828338623,3.91,2.019999828338623,-0.25000026702880884,normal,normal,bear_steep,99
1993-03-19,5.949999809265137,3.95,1.9999998092651365,-0.2900000762939454,normal,normal,bear_steep,100
1993-03-22,5.960000038146973,3.92,2.0400000381469727,-0.2699998283386229,normal,normal,bear_steep,101
1993-03-23,5.909999847412109,3.88,2.0299998474121095,-0.2500000572204586,normal,normal,bear_steep,102
1993-03-24,5.949999809265137,3.93,2.0199998092651366,-0.36000001907348667,normal,normal,bear_steep,103
1993-03-25,5.980000019073486,3.92,2.0600000190734864,-0.3800000762939453,normal,normal,bear_steep,104
1993-03-26,6.090000152587891,4.02,2.070000152587891,-0.3999997329711906,normal,normal,bear_steep,105
1993-03-29,6.059999942779541,3.95,2.109999942779541,-0.3999999046325682,normal,normal,bear_steep,106
1993-03-30,6.019999980926514,3.91,2.1099999809265135,-0.3999998664855955,normal,normal,bear_steep,107
1993-03-31,6.03000020980835,3.96,2.0700002098083496,-0.4799996185302735,bull_steep,normal,bear_steep,108
1993-04-01,6.059999942779541,3.94,2.119999942779541,-0.44999984741210897,bull_steep,normal,bear_steep,109
1993-04-02,6.159999847412109,3.99,2.169999847412109,-0.47999994277954094,bull_steep,normal,bear_steep,110
1993-04-05,6.130000114440918,3.96,2.170000114440918,-0.47999998092651364,bull_steep,normal,bear_steep,111
1993-04-06,6.079999923706055,3.93,2.1499999237060545,-0.4699999618530275,bull_steep,bull_steep,normal,1
1993-04-07,6.070000171661377,3.93,2.140000171661377,-0.4899999237060553,bull_steep,bull_steep,normal,2
1993-04-08,5.96999979019165,3.85,2.1199997901916503,-0.4800003051757815,bull_steep,bull_steep,normal,3
1993-04-12,5.920000076293945,3.82,2.1000000762939455,-0.4499997901916504,bull_steep,bull_steep,normal,4
1993-04-13,5.929999828338623,3.82,2.109999828338623,-0.4500000762939451,bull_steep,bull_steep,normal,5
1993-04-14,5.900000095367432,3.78,2.120000095367432,-0.3999996948242184,normal,bull_steep,normal,6
1993-04-15,5.880000114440918,3.79,2.090000114440918,-0.3899999046325684,normal,bull_steep,normal,7
1993-04-16,5.889999866485596,3.8,2.089999866485596,-0.33000019073486353,normal,bull_steep,normal,8
1993-04-19,5.869999885559082,3.78,2.0899998855590822,-0.27000022888183617,normal,bull_steep,normal,9
1993-04-20,5.869999885559082,3.78,2.0899998855590822,-0.26000001907348613,normal,normal,bull_steep,1
1993-04-21,5.860000133514404,3.77,2.0900001335144043,-0.26999992370605463,normal,normal,bull_steep,2
1993-04-22,5.849999904632568,3.75,2.0999999046325684,-0.1999998855590821,normal,normal,bull_steep,3
1993-04-23,5.889999866485596,3.75,2.1399998664855957,-0.17999992370605433,normal,normal,bull_steep,4
1993-04-26,5.940000057220459,3.79,2.150000057220459,-0.19999979019165082,normal,normal,bull_steep,5
1993-04-27,6.019999980926514,3.88,2.139999980926514,-0.2099998855590819,normal,normal,bull_steep,6
1993-04-28,6.03000020980835,3.86,2.1700002098083497,-0.18999988555908187,normal,normal,bull_steep,7
1993-04-29,5.989999771118164,3.79,2.199999771118164,-0.1900004005432132,normal,normal,bull_steep,8
1993-04-30,6.050000190734863,3.83,2.220000190734863,-0.17999979019165036,normal,normal,bull_steep,9
1993-05-03,5.960000038146973,3.75,2.2100000381469727,-0.139999961853027,normal,normal,bull_steep,10
1993-05-04,5.920000076293945,3.75,2.1700000762939453,-0.11999994277954062,normal,normal,bull_steep,11
1993-05-05,5.929999828338623,3.8,2.1299998283386232,-0.23000036239623967,normal,normal,bull_steep,12
1993-05-06,5.889999866485596,3.8,2.089999866485596,-0.30000034332275405,normal,normal,bull_steep,13
1993-05-07,5.920000076293945,3.79,2.1300000762939453,-0.29999986648559585,normal,normal,bull_steep,14
1993-05-10,5.889999866485596,3.79,2.0999998664855957,-0.3400001525878906,normal,normal,bull_steep,15
1993-05-11,5.889999866485596,3.79,2.0999998664855957,-0.3099999237060551,normal,normal,bull_steep,16
1993-05-12,5.960000038146973,3.82,2.140000038146973,-0.2799999999999998,normal,normal,bull_steep,17
1993-05-13,6.019999980926514,3.91,2.1099999809265135,-0.2900002288818362,normal,normal,bull_steep,18
1993-05-14,6.03000020980835,3.97,2.0600002098083494,-0.34999961853027406,normal,normal,bull_steep,19
1993-05-17,6.070000171661377,4.05,2.020000171661377,-0.3899998474121089,normal,normal,bull_steep,20
1993-05-18,6.150000095367432,4.08,2.0700000953674316,-0.3499997329711917,normal,normal,bull_steep,21
1993-05-19,6.110000133514404,4.03,2.080000133514404,-0.32999973297119123,normal,normal,bull_steep,22
1993-05-20,6.090000152587891,4.03,2.0600001525878904,-0.40999996185302745,bull_steep,normal,bull_steep,23
1993-05-21,6.159999847412109,4.14,2.0199998474121097,-0.450000038146972,bull_steep,normal,bull_steep,24
1993-05-24,6.159999847412109,4.19,1.969999847412109,-0.4700000953674319,bull_steep,normal,bull_steep,25
1993-05-25,6.170000076293945,4.19,1.980000076293945,-0.4599998855590828,bull_steep,normal,bull_steep,26
1993-05-26,6.119999885559082,4.2,1.9199998855590819,-0.5300000762939456,bull_steep,bull_steep,normal,1
1993-05-27,6.110000133514404,4.22,1.8900001335144045,-0.619999961853027,bull_steep,bull_steep,normal,2
1993-05-28,6.159999847412109,4.24,1.9199998474121092,-0.5400001144409181,bull_steep,bull_steep,normal,3
1993-06-01,6.070000171661377,4.16,1.9100001716613768,-0.5499997711181641,bull_steep,bull_steep,normal,4
1993-06-02,6.059999942779541,4.18,1.8799999427795413,-0.5999999999999996,bull_steep,bull_steep,normal,5
1993-06-03,6.019999980926514,4.14,1.879999980926514,-0.6199999046325679,bull_steep,bull_steep,normal,6
1993-06-04,6.110000133514404,4.31,1.8000001335144047,-0.7200000381469724,bull_steep,bull_steep,normal,7
1993-06-07,6.079999923706055,4.3,1.7799999237060549,-0.7300001716613767,bull_steep,bull_steep,normal,8
1993-06-08,6.090000152587891,4.33,1.7600001525878906,-0.7799996948242187,bull_steep,bull_steep,normal,9
1993-06-09,6.070000171661377,4.29,1.780000171661377,-0.7599999237060548,bull_steep,bull_steep,normal,10
1993-06-10,6.070000171661377,4.29,1.780000171661377,-0.7699996757507326,bull_steep,bull_steep,normal,11
1993-06-11,5.96999979019165,4.15,1.81999979019165,-0.6900002861022951,bull_steep,bull_steep,normal,12
1993-06-14,5.96999979019165,4.13,1.8399997901916505,-0.6800002098083495,bull_steep,bull_steep,normal,13
1993-06-15,5.960000038146973,4.11,1.8500000381469723,-0.7199999237060548,bull_steep,bull_steep,normal,14
1993-06-16,5.960000038146973,4.09,1.8700000381469728,-0.6999999809265134,bull_steep,bull_steep,normal,15
1993-06-17,5.929999828338623,4.08,1.849999828338623,-0.7800000190734866,bull_steep,bull_steep,normal,16
1993-06-18,5.96999979019165,4.16,1.8099997901916502,-0.7900000953674318,bull_steep,bull_steep,normal,17
1993-06-21,5.920000076293945,4.16,1.7600000762939452,-0.809999809265137,bull_steep,bull_steep,normal,18
1993-06-22,5.909999847412109,4.15,1.759999847412109,-0.8100000381469732,bull_steep,bull_steep,normal,19
1993-06-23,5.909999847412109,4.2,1.7099998474121092,-0.8500001716613772,bull_steep,bull_steep,normal,20
1993-06-24,5.880000114440918,4.15,1.7300001144409176,-0.8200001144409184,bull_steep,bull_steep,normal,21
1993-06-25,5.840000152587891,4.1,1.740000152587891,-0.8199996185302729,bull_steep,bull_steep,normal,22
1993-06-28,5.800000190734863,4.06,1.7400001907348637,-0.8199999999999994,bull_steep,bull_steep,normal,23
1993-06-29,5.789999961853027,4.03,1.759999961853027,-0.8200000762939457,bull_steep,bull_steep,normal,24
1993-06-30,5.800000190734863,4.03,1.770000190734863,-0.8099996566772463,bull_steep,bull_steep,normal,25
1993-07-01,5.800000190734863,3.99,1.810000190734863,-0.7099997901916506,bull_steep,bull_steep,normal,26
1993-07-02,5.760000228881836,3.93,1.8300002288818358,-0.69,bull_steep,bull_steep,normal,27
1993-07-06,5.800000190734863,4.0,1.8000001907348633,-0.6900000381469731,bull_steep,bull_steep,normal,28
1993-07-07,5.800000190734863,4.0,1.8000001907348633,-0.7100000190734868,bull_steep,bull_steep,normal,29
1993-07-08,5.78000020980835,4.0,1.7800002098083496,-0.7799996948242187,bull_steep,bull_steep,normal,30
1993-07-09,5.760000228881836,3.98,1.780000228881836,-0.7599998283386227,bull_steep,bull_steep,normal,31
1993-07-12,5.75,3.99,1.7599999999999998,-0.7600001335144047,bull_steep,bull_steep,normal,32
1993-07-13,5.78000020980835,4.04,1.7400002098083496,-0.7699999809265137,bull_steep,bull_steep,normal,33
1993-07-14,5.71999979019165,3.97,1.7499997901916502,-0.7499999809265137,bull_steep,bull_steep,normal,34
1993-07-15,5.71999979019165,3.99,1.7299997901916502,-0.7300001335144044,bull_steep,bull_steep,normal,35
1993-07-16,5.710000038146973,3.99,1.7200000381469724,-0.7199998855590826,bull_steep,bull_steep,normal,36
1993-07-19,5.710000038146973,3.99,1.7200000381469724,-0.7400001716613769,bull_steep,bull_steep,normal,37
1993-07-20,5.75,4.09,1.6600000000000001,-0.7700002288818357,bull_steep,bull_steep,normal,38
1993-07-21,5.829999923706055,4.15,1.6799999237060543,-0.7000001144409183,bull_steep,bull_steep,normal,39
1993-07-22,5.900000095367432,4.22,1.680000095367432,-0.720000095367431,bull_steep,bull_steep,normal,40
1993-07-23,5.949999809265137,4.25,1.6999998092651367,-0.7100003051757815,bull_steep,bull_steep,normal,41
1993-07-26,5.929999828338623,4.22,1.7099998283386233,-0.7200000572204583,bull_steep,bull_steep,normal,42
1993-07-27,5.920000076293945,4.25,1.6700000762939453,-0.77999979019165,bull_steep,bull_steep,normal,43
1993-07-28,5.900000095367432,4.21,1.6900000953674317,-0.7899997901916507,bull_steep,bull_steep,normal,44
1993-07-29,5.809999942779541,4.12,1.689999942779541,-0.799999847412109,bull_steep,bull_steep,normal,45
1993-07-30,5.829999923706055,4.13,1.6999999237060548,-0.7300000762939449,bull_steep,bull_steep,normal,46
1993-08-02,5.849999904632568,4.19,1.659999904632568,-0.7499999427795414,bull_steep,bull_steep,normal,47
1993-08-03,5.829999923706055,4.17,1.6599999237060548,-0.6900000381469722,bull_steep,bull_steep,normal,48
1993-08-04,5.869999885559082,4.16,1.709999885559082,-0.570000286102295,bull_steep,bull_steep,normal,49
1993-08-05,5.860000133514404,4.12,1.7400001335144042,-0.47999996185302773,bull_steep,bull_steep,normal,50
1993-08-06,5.860000133514404,4.09,1.7700001335144044,-0.41999999999999993,bull_steep,bull_steep,normal,51
1993-08-09,5.820000171661377,4.06,1.7600001716613773,-0.4400000381469722,bull_steep,bull_steep,normal,52
1993-08-10,5.820000171661377,4.1,1.7200001716613773,-0.49999977111816385,bull_steep,bull_steep,normal,53
1993-08-11,5.75,4.1,1.6500000000000004,-0.5300001525878901,bull_steep,bull_steep,normal,54
1993-08-12,5.769999980926514,4.06,1.709999980926514,-0.46000015258788984,bull_steep,bull_steep,normal,55
1993-08-13,5.71999979019165,4.0,1.7199997901916504,-0.49000038146972624,bull_steep,bull_steep,normal,56
1993-08-16,5.679999828338623,3.98,1.699999828338623,-0.4400003242492674,bull_steep,bull_steep,normal,57
1993-08-17,5.699999809265137,4.02,1.6799998092651371,-0.48000001907348633,bull_steep,bull_steep,normal,58
1993-08-18,5.690000057220459,3.98,1.710000057220459,-0.4499997520446777,bull_steep,bull_steep,normal,59
1993-08-19,5.639999866485596,3.93,1.7099998664855955,-0.42000019073486383,bull_steep,bull_steep,normal,60
1993-08-20,5.610000133514404,3.93,1.6800001335144041,-0.4399996948242193,bull_steep,bull_steep,normal,61
1993-08-23,5.599999904632568,3.97,1.6299999046325682,-0.49999994277954096,bull_steep,bull_steep,normal,62
1993-08-24,5.539999961853027,3.89,1.6499999618530272,-0.49000019073486323,bull_steep,bull_steep,normal,63
1993-08-25,5.510000228881836,3.85,1.6600002288818358,-0.49999998092651365,bull_steep,bull_steep,normal,64
1993-08-26,5.420000076293945,3.82,1.6000000762939455,-0.539999942779541,bull_steep,bull_steep,normal,65
1993-08-27,5.480000019073486,3.87,1.6100000190734862,-0.5400002098083494,bull_steep,bull_steep,normal,66
1993-08-30,5.440000057220459,3.86,1.580000057220459,-0.5199999237060546,bull_steep,bull_steep,normal,67
1993-08-31,5.449999809265137,3.88,1.5699998092651368,-0.4500003814697262,bull_steep,bull_steep,normal,68
1993-09-01,5.460000038146973,3.88,1.5800000381469728,-0.4499998855590821,bull_steep,bull_steep,normal,69
1993-09-02,5.409999847412109,3.83,1.5799998474121093,-0.4800000762939458,bull_steep,bull_steep,normal,70
1993-09-03,5.309999942779541,3.71,1.599999942779541,-0.5000000381469727,bull_steep,bull_steep,normal,71
1993-09-07,5.230000019073486,3.7,1.5300000190734862,-0.5499999618530271,bull_steep,bull_steep,normal,72
1993-09-08,5.230000019073486,3.78,1.4500000190734865,-0.6500002098083493,bull_steep,bull_steep,normal,73
1993-09-09,5.349999904632568,3.88,1.4699999046325685,-0.6000001335144045,bull_steep,bull_steep,normal,74
1993-09-10,5.289999961853027,3.8,1.4899999618530275,-0.5200001335144044,bull_steep,bull_steep,normal,75
1993-09-13,5.260000228881836,3.82,1.440000228881836,-0.6099995994567871,bull_steep,bull_steep,normal,76
1993-09-14,5.369999885559082,3.91,1.459999885559082,-0.6300001716613775,bull_steep,bull_steep,normal,77
1993-09-15,5.389999866485596,3.89,1.4999998664855956,-0.5799999237060551,bull_steep,bull_steep,normal,78
1993-09-16,5.369999885559082,3.88,1.4899998855590821,-0.5900001716613765,bull_steep,bull_steep,normal,79
1993-09-17,5.380000114440918,3.89,1.4900001144409178,-0.6499997138977052,bull_steep,bull_steep,normal,80
1993-09-20,5.420000076293945,3.92,1.5000000762939454,-0.6399997329711917,bull_steep,bull_steep,normal,81
1993-09-21,5.46999979019165,3.9,1.5699997901916505,-0.5500001144409175,bull_steep,bull_steep,normal,82
1993-09-22,5.449999809265137,3.9,1.5499998092651368,-0.5800003242492671,bull_steep,bull_steep,normal,83
1993-09-23,5.420000076293945,3.87,1.5500000762939452,-0.5600000381469732,bull_steep,bull_steep,normal,84
1993-09-24,5.420000076293945,3.9,1.5200000762939454,-0.6000001525878909,bull_steep,bull_steep,normal,85
1993-09-27,5.300000190734863,3.81,1.4900001907348632,-0.7599998092651368,bull_steep,bull_steep,normal,86
1993-09-28,5.28000020980835,3.79,1.4900002098083496,-0.7399998283386227,bull_steep,bull_steep,normal,87
1993-09-29,5.349999904632568,3.84,1.5099999046325685,-0.7299998855590815,bull_steep,bull_steep,normal,88
1993-09-30,5.400000095367432,3.89,1.5100000953674315,-0.7399999427795412,bull_steep,bull_steep,normal,89
1993-10-01,5.340000152587891,3.84,1.5000001525878908,-0.7499999427795405,bull_steep,bull_steep,normal,90
1993-10-04,5.340000152587891,3.85,1.4900001525878905,-0.7999997520446782,bull_steep,bull_steep,normal,91
1993-10-05,5.349999904632568,3.86,1.4899999046325685,-0.7100002479553225,bull_steep,bull_steep,normal,92
1993-10-06,5.349999904632568,3.85,1.4999999046325683,-0.7000002288818359,bull_steep,bull_steep,normal,93
1993-10-07,5.329999923706055,3.83,1.4999999237060546,-0.7399999809265134,bull_steep,bull_steep,normal,94
1993-10-08,5.260000228881836,3.78,1.4800002288818361,-0.789999942779541,bull_steep,bull_steep,normal,95
1993-10-12,5.269999980926514,3.82,1.4499999809265138,-0.7700000381469727,bull_steep,bull_steep,normal,96
1993-10-13,5.269999980926514,3.84,1.4299999809265138,-0.7700000190734864,bull_steep,bull_steep,normal,97
1993-10-14,5.230000019073486,3.82,1.4100000190734865,-0.8299999999999996,bull_steep,bull_steep,normal,98
1993-10-15,5.190000057220459,3.81,1.380000057220459,-0.8599999999999999,bull_steep,bull_steep,normal,99
1993-10-18,5.269999980926514,3.84,1.4299999809265138,-0.7599998855590817,bull_steep,bull_steep,normal,100
1993-10-19,5.269999980926514,3.86,1.4099999809265138,-0.7800001335144038,bull_steep,bull_steep,normal,101
1993-10-20,5.260000228881836,3.86,1.400000228881836,-0.8099998092651366,bull_steep,bull_steep,normal,102
1993-10-21,5.349999904632568,3.89,1.4599999046325682,-0.7199999046325689,bull_steep,bull_steep,normal,103
1993-10-22,5.420000076293945,3.91,1.5100000762939452,-0.6899997901916501,bull_steep,bull_steep,normal,104
1993-10-25,5.46999979019165,3.95,1.5199997901916502,-0.7300003814697265,bull_steep,bull_steep,normal,105
1993-10-26,5.429999828338623,3.93,1.4999998283386229,-0.710000057220459,bull_steep,bull_steep,normal,106
1993-10-27,5.440000057220459,3.99,1.4500000572204588,-0.7599997901916504,bull_steep,bull_steep,normal,107
1993-10-28,5.409999847412109,3.97,1.4399998474121092,-0.6900002479553229,bull_steep,bull_steep,normal,108
1993-10-29,5.388000011444092,3.99,1.3980000114440916,-0.7719998741149903,bull_steep,bull_steep,normal,109
1993-11-01,5.559999942779541,4.11,1.4499999427795407,-0.6999999618530275,bull_steep,bull_steep,normal,110
1993-11-02,5.605999946594238,4.16,1.4459999465942381,-0.7540002059936528,bull_steep,bull_steep,normal,111
1993-11-03,5.605999946594238,4.13,1.4759999465942384,-0.7440002632141116,bull_steep,bull_steep,normal,112
1993-11-04,5.664999961853027,4.13,1.5349999618530275,-0.6850001144409177,bull_steep,bull_steep,normal,113
1993-11-05,5.728000164031982,4.2,1.5280001640319822,-0.6319999313354492,bull_steep,bull_steep,normal,114
1993-11-08,5.669000148773193,4.13,1.5390001487731935,-0.561000003814697,bull_steep,bull_steep,normal,115
1993-11-09,5.623000144958496,4.12,1.503000144958496,-0.5169999313354494,bull_steep,bull_steep,normal,116
1993-11-10,5.681000232696533,4.17,1.5110002326965333,-0.5289999961853025,bull_steep,bull_steep,normal,117
1993-11-12,5.64300012588501,4.11,1.5330001258850094,-0.54700008392334,bull_steep,bull_steep,normal,118
1993-11-15,5.664000034332275,4.11,1.554000034332275,-0.5560001754760746,bull_steep,bull_steep,normal,119
1993-11-16,5.626999855041504,4.1,1.5269998550415043,-0.5330002021789548,bull_steep,bull_steep,normal,120
1993-11-17,5.622000217437744,4.09,1.5320002174377443,-0.5379995918273925,bull_steep,bull_steep,normal,121
1993-11-18,5.693999767303467,4.15,1.5439997673034664,-0.5260003471374515,bull_steep,bull_steep,normal,122
1993-11-19,5.828999996185303,4.22,1.608999996185303,-0.4709999275207517,bull_steep,bull_steep,normal,123
1993-11-22,5.863999843597412,4.26,1.6039998435974123,-0.3860002517700192,normal,bull_steep,normal,124
1993-11-23,5.787000179290772,4.19,1.597000179290772,-0.2829997253417962,normal,bull_steep,normal,125
1993-11-24,5.816999912261963,4.18,1.6369999122619632,-0.2529999351501466,normal,bull_steep,normal,126
1993-11-26,5.749000072479248,4.16,1.589000072479248,-0.33099971771240266,normal,bull_steep,normal,127
1993-11-29,5.73199987411499,4.17,1.5619998741149903,-0.38800016403198256,normal,normal,bull_steep,1
1993-11-30,5.795000076293945,4.22,1.5750000762939456,-0.4250000572204584,bull_steep,normal,bull_steep,2
1993-12-01,5.7829999923706055,4.2,1.5829999923706053,-0.4870000839233404,bull_steep,normal,bull_steep,3
1993-12-02,5.777999877929688,4.22,1.5579998779296886,-0.4820000648498528,bull_steep,normal,bull_steep,4
1993-12-03,5.7829999923706055,4.24,1.5429999923706053,-0.49699998855590843,bull_steep,normal,bull_steep,5
1993-12-06,5.681000232696533,4.19,1.4910002326965328,-0.5289995956420901,bull_steep,bull_steep,normal,1
1993-12-07,5.677000045776367,4.17,1.5070000457763673,-0.4929997634887693,bull_steep,bull_steep,normal,2
1993-12-08,5.671999931335449,4.18,1.4919999313354495,-0.5480001068115232,bull_steep,bull_steep,normal,3
1993-12-09,5.64300012588501,4.18,1.46300012588501,-0.5669997215270994,bull_steep,bull_steep,normal,4
1993-12-10,5.693999767303467,4.21,1.4839997673034668,-0.5360000419616697,bull_steep,bull_steep,normal,5
1993-12-13,5.749000072479248,4.23,1.5190000724792476,-0.5409999465942388,bull_steep,bull_steep,normal,6
1993-12-14,5.77899980545044,4.25,1.5289998054504403,-0.5410003471374507,bull_steep,bull_steep,normal,7
1993-12-15,5.790999889373779,4.22,1.5709998893737795,-0.5390000534057613,bull_steep,bull_steep,normal,8
1993-12-16,5.803999900817871,4.23,1.5739999008178707,-0.5360000801086429,bull_steep,bull_steep,normal,9
1993-12-17,5.77400016784668,4.2,1.5740001678466795,-0.49600004196167014,bull_steep,bull_steep,normal,10
1993-12-20,5.796000003814697,4.22,1.5760000038146975,-0.5439999389648436,bull_steep,bull_steep,normal,11
1993-12-21,5.822000026702881,4.26,1.562000026702881,-0.6079998207092281,bull_steep,bull_steep,normal,12
1993-12-22,5.715000152587891,4.19,1.5250001525878902,-0.6449999618530278,bull_steep,bull_steep,normal,13
1993-12-23,5.681000232696533,4.18,1.5010002326965335,-0.648999691009521,bull_steep,bull_steep,normal,14
1993-12-27,5.677000045776367,4.2,1.477000045776367,-0.6630001258850098,bull_steep,bull_steep,normal,15
1993-12-28,5.684999942779541,4.2,1.4849999427795408,-0.6349998474121095,bull_steep,bull_steep,normal,16
1993-12-29,5.693999767303467,4.2,1.4939997673034666,-0.6060003089904789,bull_steep,bull_steep,normal,17
1993-12-30,5.787000179290772,4.25,1.5370001792907724,-0.5729996490478508,bull_steep,bull_steep,normal,18
1993-12-31,5.7829999923706055,4.25,1.5329999923706055,-0.5870001029968264,bull_steep,bull_steep,normal,19
1994-01-03,5.88700008392334,4.3,1.58700008392334,-0.5030000305175779,bull_steep,bull_steep,normal,20
1994-01-04,5.861000061035156,4.29,1.5710000610351562,-0.5189998054504397,bull_steep,bull_steep,normal,21
1994-01-05,5.864999771118164,4.31,1.5549997711181645,-0.5350001144409178,bull_steep,bull_steep,normal,22
1994-01-06,5.804999828338623,4.24,1.5649998283386228,-0.5250000572204594,bull_steep,bull_steep,normal,23
1994-01-07,5.65500020980835,4.09,1.5650002098083498,-0.5249999237060545,bull_steep,bull_steep,normal,24
1994-01-10,5.620999813079834,4.08,1.540999813079834,-0.5590000915527344,bull_steep,bull_steep,normal,25
1994-01-11,5.620999813079834,4.08,1.540999813079834,-0.5990000534057618,bull_steep,bull_steep,normal,26
1994-01-12,5.553999900817871,4.05,1.5039999008178713,-0.6460001564025877,bull_steep,bull_steep,normal,27
1994-01-13,5.664000034332275,4.13,1.5340000343322755,-0.6059999465942383,bull_steep,bull_steep,normal,28
1994-01-14,5.728000164031982,4.17,1.5580001640319825,-0.6120000457763672,bull_steep,bull_steep,normal,29
1994-01-18,5.697999954223633,4.14,1.5579999542236331,-0.6419998168945309,bull_steep,bull_steep,normal,30
1994-01-19,5.705999851226807,4.12,1.5859998512268065,-0.6340003395080567,bull_steep,bull_steep,normal,31
1994-01-20,5.664000034332275,4.07,1.594000034332275,-0.6160000038146975,bull_steep,bull_steep,normal,32
1994-01-21,5.677000045776367,4.09,1.5870000457763673,-0.583000030517578,bull_steep,bull_steep,normal,33
1994-01-24,5.689000129699707,4.09,1.5990001296997072,-0.530999698638916,bull_steep,bull_steep,normal,34
1994-01-25,5.723999977111816,4.11,1.613999977111816,-0.4759998893737798,bull_steep,bull_steep,normal,35
1994-01-26,5.718999862670898,4.13,1.5889998626708985,-0.5410002136230467,bull_steep,bull_steep,normal,36
1994-01-27,5.671999931335449,4.11,1.561999931335449,-0.5379999351501468,bull_steep,bull_steep,normal,37
1994-01-28,5.617000102996826,4.08,1.537000102996826,-0.5629997634887696,bull_steep,bull_steep,normal,38
1994-01-31,5.638000011444092,4.12,1.5180000114440917,-0.6220000267028811,bull_steep,bull_steep,normal,39
1994-02-01,5.715000152587891,4.2,1.5150001525878904,-0.5949998283386231,bull_steep,bull_steep,normal,40
1994-02-02,5.715000152587891,4.2,1.5150001525878904,-0.545000057220459,bull_steep,bull_steep,normal,41
1994-02-03,5.757999897003174,4.28,1.4779998970031736,-0.5420002746582036,bull_steep,bull_steep,normal,42
1994-02-04,5.888000011444092,4.42,1.4680000114440919,-0.6020000839233397,bull_steep,bull_steep,normal,43
1994-02-07,5.909999847412109,4.41,1.4999998474121092,-0.5800002861022948,bull_steep,bull_steep,normal,44
1994-02-08,5.953999996185303,4.44,1.5139999961853023,-0.546000156402588,bull_steep,bull_steep,normal,45
1994-02-09,5.927999973297119,4.43,1.4979999732971194,-0.5219998741149903,bull_steep,bull_steep,normal,46
1994-02-10,5.90399980545044,4.45,1.4539998054504402,-0.5160000419616688,bull_steep,bull_steep,normal,47
1994-02-11,5.870999813079834,4.44,1.4309998130798336,-0.5490002632141113,bull_steep,bull_steep,normal,48
1994-02-14,5.882999897003174,4.44,1.4429998970031734,-0.4769999885559084,bull_steep,bull_steep,normal,49
1994-02-15,5.867000102996826,4.44,1.4270001029968258,-0.46300003051757876,bull_steep,bull_steep,normal,50
1994-02-16,5.875,4.44,1.4349999999999996,-0.48499984741210955,bull_steep,bull_steep,normal,51
1994-02-17,5.984000205993652,4.5,1.4840002059936523,-0.42599996566772447,bull_steep,bull_steep,normal,52
1994-02-18,6.077000141143799,4.57,1.5070001411437985,-0.37299980163574276,normal,bull_steep,normal,53
1994-02-22,6.039000034332275,4.57,1.469000034332275,-0.4109999465942389,bull_steep,bull_steep,normal,54
1994-02-23,6.124000072479248,4.67,1.4540000724792481,-0.34600006103515657,normal,bull_steep,normal,55
1994-02-24,6.202000141143799,4.72,1.482000141143799,-0.2979997825622558,normal,bull_steep,normal,56
1994-02-25,6.192999839782715,4.72,1.472999839782715,-0.28700031280517546,normal,bull_steep,normal,57
1994-02-28,6.150000095367432,4.67,1.4800000953674317,-0.3000000762939452,normal,bull_steep,normal,58
1994-03-01,6.28000020980835,4.81,1.47000020980835,-0.3099999618530269,normal,normal,bull_steep,1
1994-03-02,6.289000034332275,4.79,1.4990000343322754,-0.3209997558593747,normal,normal,bull_steep,2
1994-03-03,6.341000080108643,4.83,1.5110000801086425,-0.328999710083008,normal,normal,bull_steep,3
1994-03-04,6.36299991607666,4.88,1.4829999160766603,-0.3670001220703121,normal,normal,bull_steep,4
1994-03-07,6.307000160217285,4.87,1.437000160217285,-0.43299987792968775,bull_steep,normal,bull_steep,5
1994-03-08,6.359000205993652,4.92,1.4390002059936524,-0.41099962234497056,bull_steep,normal,bull_steep,6
1994-03-09,6.368000030517578,4.96,1.4080000305175782,-0.4019997596740721,bull_steep,normal,bull_steep,7
1994-03-10,6.473999977111816,4.96,1.5139999771118164,-0.24600009918212873,normal,normal,bull_steep,8
1994-03-11,6.452000141143799,4.95,1.5020001411437987,-0.25799970626831037,normal,normal,bull_steep,9
1994-03-14,6.479000091552734,4.99,1.4890000915527342,-0.22099975585937504,normal,normal,bull_steep,10
1994-03-15,6.456999778747559,4.99,1.4669997787475584,-0.26300033569335923,normal,normal,bull_steep,11
1994-03-16,6.376999855041504,4.96,1.416999855041504,-0.32300029754638704,normal,normal,bull_steep,12
1994-03-17,6.381999969482422,4.94,1.4419999694824215,-0.2980002212524422,normal,normal,bull_steep,13
1994-03-18,6.479000091552734,5.03,1.4490000915527341,-0.31099987030029297,normal,normal,bull_steep,14
1994-03-21,6.537000179290772,5.09,1.4470001792907725,-0.3230000114440905,normal,normal,bull_steep,15
1994-03-22,6.434999942779541,5.03,1.4049999427795408,-0.4050002479553223,bull_steep,normal,bull_steep,16
1994-03-23,6.418000221252441,5.0,1.4180002212524414,-0.41200000762939437,bull_steep,normal,bull_steep,17
1994-03-24,6.568999767303467,5.08,1.4889997673034667,-0.31100042343139656,normal,normal,bull_steep,18
1994-03-25,6.5920000076293945,5.1,1.4920000076293949,-0.3080001831054684,normal,normal,bull_steep,19
1994-03-28,6.605999946594238,5.12,1.4859999465942382,-0.29400026321411143,normal,normal,bull_steep,20
1994-03-29,6.701000213623047,5.19,1.5110002136230465,-0.26900001525878947,normal,normal,bull_steep,21
1994-03-30,6.764999866485596,5.19,1.5749998664855953,-0.18500013351440447,normal,normal,bull_steep,22
1994-03-31,6.77400016784668,5.21,1.5640001678466797,-0.17600004196166985,normal,normal,bull_steep,23
1994-04-04,7.151999950408936,5.57,1.5819999504089362,-0.16799983978271404,normal,normal,bull_steep,24
1994-04-05,6.949999809265137,5.45,1.4999998092651365,-0.22999998092651364,normal,normal,bull_steep,25
1994-04-06,6.90399980545044,5.4,1.50399980545044,-0.21600023269653246,normal,normal,bull_steep,26
1994-04-07,6.848999977111816,5.37,1.4789999771118163,-0.24100006103515614,normal,normal,bull_steep,27
1994-04-08,6.933000087738037,5.43,1.5030000877380374,-0.15699991226196275,normal,normal,bull_steep,28
1994-04-11,6.909999847412109,5.43,1.4799998474121097,-0.20000007629394467,normal,normal,bull_steep,29
1994-04-12,6.849999904632568,5.4,1.449999904632568,-0.23000019073486389,normal,normal,bull_steep,30
1994-04-13,6.914999961853027,5.43,1.4849999618530276,-0.2149998474121091,normal,normal,bull_steep,31
1994-04-14,6.960999965667725,5.49,1.4709999656677244,-0.2389998626708989,normal,normal,bull_steep,32
1994-04-15,6.947999954223633,5.51,1.437999954223633,-0.2320001220703123,normal,normal,bull_steep,33
1994-04-18,7.117000102996826,5.7,1.417000102996826,-0.2729999923706057,normal,normal,bull_steep,34
1994-04-19,7.085000038146973,5.7,1.3850000381469725,-0.30499990463256843,normal,normal,bull_steep,35
1994-04-20,7.041999816894531,5.67,1.3719998168945313,-0.3280001068115235,normal,normal,bull_steep,36
1994-04-21,6.883999824523926,5.59,1.293999824523926,-0.36600008010864205,normal,normal,bull_steep,37
1994-04-22,6.912000179290772,5.62,1.2920001792907723,-0.3679997444152825,normal,normal,bull_steep,38
1994-04-25,6.85699987411499,5.61,1.24699987411499,-0.463000011444092,bull_steep,normal,bull_steep,39
1994-04-26,6.828999996185303,5.59,1.2389999961853029,-0.5010001373291013,bull_steep,normal,bull_steep,40
1994-04-28,7.015999794006348,5.75,1.2659997940063477,-0.5040003395080568,bull_steep,normal,bull_steep,41
1994-04-29,7.034999847412109,5.73,1.304999847412109,-0.4550003242492684,bull_steep,normal,bull_steep,42
1994-05-02,7.078000068664551,5.81,1.2680000686645512,-0.45200010299682614,bull_steep,bull_steep,normal,1
1994-05-03,7.111999988555908,5.86,1.2519999885559079,-0.39800001144409247,normal,bull_steep,normal,2
1994-05-04,7.136000156402588,5.89,1.2460001564025882,-0.46399982452392585,bull_steep,bull_steep,normal,3
1994-05-05,7.0929999351501465,5.88,1.2129999351501466,-0.5069998550415038,bull_steep,bull_steep,normal,4
1994-05-06,7.334000110626221,6.12,1.2140001106262206,-0.48599971771240247,bull_steep,bull_steep,normal,5
1994-05-09,7.474999904632568,6.26,1.2149999046325686,-0.4649999046325686,bull_steep,bull_steep,normal,6
1994-05-10,7.281000137329102,6.13,1.1510001373291017,-0.5589999198913573,bull_steep,bull_steep,normal,7
1994-05-11,7.4120001792907715,6.2,1.2120001792907713,-0.49799968719482424,bull_steep,bull_steep,normal,8
1994-05-12,7.348000049591064,6.13,1.2180000495910637,-0.46200008392334047,bull_steep,bull_steep,normal,9
1994-05-13,7.276999950408935,6.05,1.2269999504089348,-0.4029999542236333,bull_steep,bull_steep,normal,10
1994-05-16,7.23199987411499,6.03,1.20199987411499,-0.44800008773803723,bull_steep,bull_steep,normal,11
1994-05-17,7.085999965667725,5.88,1.2059999656677247,-0.45400026321411113,bull_steep,bull_steep,normal,12
1994-05-18,7.015999794006348,5.83,1.1859997940063476,-0.4140002822875979,bull_steep,bull_steep,normal,13
1994-05-19,6.947000026702881,5.73,1.2170000267028804,-0.3929999923706058,normal,bull_steep,normal,14
1994-05-20,7.01200008392334,5.8,1.21200008392334,-0.3679999732971191,normal,bull_steep,normal,15
1994-05-23,7.178999900817871,5.94,1.2389999008178707,-0.3309999084472661,normal,bull_steep,normal,16
1994-05-24,7.1479997634887695,5.94,1.2079997634887691,-0.3720002746582036,normal,bull_steep,normal,17
1994-05-25,7.117000102996826,5.95,1.167000102996826,-0.4129997444152833,bull_steep,bull_steep,normal,18
1994-05-26,7.085999965667725,5.92,1.1659999656677247,-0.43399997711181637,bull_steep,bull_steep,normal,19
1994-05-27,7.10699987411499,5.97,1.1369998741149905,-0.39300014495849567,normal,bull_steep,normal,20
1994-05-31,7.151999950408936,6.01,1.1419999504089366,-0.3080000686645499,normal,bull_steep,normal,21
1994-06-01,7.10699987411499,5.98,1.1269998741149898,-0.34300003051757866,normal,bull_steep,normal,22
1994-06-02,7.059000015258789,5.93,1.1290000152587893,-0.3609999465942382,normal,bull_steep,normal,23
1994-06-03,6.9629998207092285,5.84,1.1229998207092287,-0.31700040817260744,normal,normal,bull_steep,1
1994-06-06,6.888999938964844,5.78,1.1089999389648435,-0.3509999465942384,normal,normal,bull_steep,2
1994-06-07,6.935999870300293,5.8,1.1359998703002931,-0.36399999618530243,normal,normal,bull_steep,3
1994-06-08,6.945000171661377,5.78,1.1650001716613767,-0.32499971389770543,normal,normal,bull_steep,4
1994-06-09,6.958000183105469,5.8,1.158000183105469,-0.3319999313354489,normal,normal,bull_steep,5
1994-06-10,7.013999938964844,5.85,1.163999938964844,-0.3360001373291013,normal,normal,bull_steep,6
1994-06-13,7.053999900817871,5.91,1.143999900817871,-0.42599988937377953,bull_steep,normal,bull_steep,7
1994-06-14,6.98799991607666,5.81,1.1779999160766605,-0.37199989318847626,normal,normal,bull_steep,8
1994-06-15,7.076000213623047,5.88,1.196000213623047,-0.3539998626708982,normal,normal,bull_steep,9
1994-06-16,7.058000087738037,5.83,1.228000087738037,-0.29199998855590836,normal,normal,bull_steep,10
1994-06-17,7.11899995803833,5.88,1.2389999580383302,-0.25100023269653304,normal,normal,bull_steep,11
1994-06-20,7.145999908447266,5.92,1.2259999084472657,-0.2640003013610839,normal,normal,bull_steep,12
1994-06-21,7.203999996185303,6.04,1.1639999961853027,-0.3459999084472658,normal,normal,bull_steep,13
1994-06-22,7.105999946594238,5.97,1.1359999465942385,-0.374000148773193,normal,normal,bull_steep,14
1994-06-23,7.084000110626221,5.94,1.1440001106262203,-0.35600004196167045,normal,normal,bull_steep,15
1994-06-24,7.198999881744385,6.06,1.1389998817443852,-0.3510002708435054,normal,normal,bull_steep,16
1994-06-27,7.150000095367432,6.05,1.1000000953674318,-0.38999980926513667,normal,normal,bull_steep,17
1994-06-28,7.24399995803833,6.13,1.1139999580383302,-0.3859999465942381,normal,normal,bull_steep,18
1994-06-29,7.230000019073486,6.12,1.1100000190734862,-0.3899999046325684,normal,normal,bull_steep,19
1994-06-30,7.328999996185303,6.19,1.1389999961853023,-0.3410002326965338,normal,normal,bull_steep,20
1994-07-01,7.320000171661377,6.19,1.1300001716613766,-0.31999980926513727,normal,normal,bull_steep,21
1994-07-05,7.297999858856201,6.14,1.1579998588562015,-0.2720001220703123,normal,normal,bull_steep,22
1994-07-06,7.302000045776367,6.11,1.1920000457763669,-0.21799997329711962,normal,normal,bull_steep,23
1994-07-07,7.275000095367432,6.11,1.1650000953674313,-0.2149999618530276,normal,normal,bull_steep,24
1994-07-08,7.401999950408935,6.25,1.1519999504089347,-0.27800003051757916,normal,normal,bull_steep,25
1994-07-11,7.456999778747559,6.29,1.1669997787475586,-0.24300020217895524,normal,normal,bull_steep,26
1994-07-12,7.410999774932861,6.24,1.1709997749328611,-0.22900045394897495,normal,normal,bull_steep,27
1994-07-13,7.396999835968018,6.22,1.1769998359680178,-0.2830000686645504,normal,normal,bull_steep,28
1994-07-14,7.230000019073486,6.05,1.1800000190734865,-0.33000005722045866,normal,normal,bull_steep,29
1994-07-15,7.230000019073486,6.04,1.1900000190734863,-0.3299997711181639,normal,normal,bull_steep,30
1994-07-18,7.181000232696533,5.99,1.191000232696533,-0.3089995956420899,normal,normal,bull_steep,31
1994-07-19,7.123000144958496,5.94,1.1830001449584957,-0.26699991226196307,normal,normal,bull_steep,32
1994-07-20,7.224999904632568,6.06,1.1649999046325688,-0.27499994277954043,normal,normal,bull_steep,33
1994-07-21,7.251999855041504,6.11,1.1419998550415036,-0.256000156402588,normal,normal,bull_steep,34
1994-07-22,7.269999980926514,6.15,1.1199999809265133,-0.3299999618530274,normal,normal,bull_steep,35
1994-07-25,7.243000030517578,6.13,1.1130000305175782,-0.3329999160766599,normal,normal,bull_steep,36
1994-07-26,7.251999855041504,6.16,1.0919998550415038,-0.3840000915527346,normal,normal,bull_steep,37
1994-07-27,7.320000171661377,6.22,1.1000001716613772,-0.43499979019165025,bull_steep,normal,bull_steep,38
1994-07-28,7.269999980926514,6.21,1.0599999809265137,-0.46800018310546854,bull_steep,normal,bull_steep,39
1994-07-29,7.09499979019165,5.99,1.1049997901916502,-0.4340003585815433,bull_steep,normal,bull_steep,40
1994-08-01,7.11299991607666,6.03,1.08299991607666,-0.4200002288818361,bull_steep,normal,bull_steep,41
1994-08-02,7.085999965667725,5.98,1.1059999656677242,-0.4050002670288091,bull_steep,bull_steep,normal,1
1994-08-03,7.081999778747559,5.96,1.1219997787475586,-0.4110003471374508,bull_steep,bull_steep,normal,2
1994-08-04,7.099999904632568,5.98,1.119999904632568,-0.43400012969970714,bull_steep,bull_steep,normal,3
1994-08-05,7.256999969482422,6.18,1.0769999694824222,-0.4499998855590821,bull_steep,bull_steep,normal,4
1994-08-08,7.256999969482422,6.22,1.0369999694824221,-0.49500024795532216,bull_steep,bull_steep,normal,5
1994-08-09,7.302000045776367,6.26,1.0420000457763674,-0.501999721527099,bull_steep,bull_steep,normal,6
1994-08-10,7.302000045776367,6.21,1.0920000457763672,-0.5169999504089358,bull_steep,bull_steep,normal,7
1994-08-11,7.343999862670898,6.26,1.0839998626708987,-0.5199999809265137,bull_steep,bull_steep,normal,8
1994-08-12,7.26800012588501,6.22,1.04800012588501,-0.549000053405762,bull_steep,bull_steep,normal,9
1994-08-15,7.285999774932861,6.26,1.0259997749328615,-0.6110001373291016,bull_steep,bull_steep,normal,10
1994-08-16,7.170000076293945,6.21,0.9600000762939453,-0.6289999961853026,bull_steep,bull_steep,normal,11
1994-08-17,7.135000228881836,6.14,0.9950002288818363,-0.566999645233154,bull_steep,bull_steep,normal,12
1994-08-18,7.26800012588501,6.23,1.0380001258850093,-0.5369999504089362,bull_steep,bull_steep,normal,13
1994-08-19,7.263000011444092,6.23,1.0330000114440914,-0.5499999809265139,bull_steep,bull_steep,normal,14
1994-08-22,7.308000087738037,6.27,1.0380000877380375,-0.5199997901916511,bull_steep,bull_steep,normal,15
1994-08-23,7.271999835968018,6.26,1.0119998359680178,-0.5310001564025875,bull_steep,bull_steep,normal,16
1994-08-24,7.196000099182129,6.18,1.0160000991821292,-0.4750001335144036,bull_steep,bull_steep,normal,17
1994-08-25,7.271999835968018,6.24,1.0319998359680174,-0.4750002098083499,bull_steep,bull_steep,normal,18
1994-08-26,7.23199987411499,6.21,1.0219998741149903,-0.47000005722045923,bull_steep,bull_steep,normal,19
1994-08-29,7.236000061035156,6.2,1.036000061035156,-0.427000064849854,bull_steep,bull_steep,normal,20
1994-08-30,7.190999984741211,6.18,1.0109999847412112,-0.4729997825622556,bull_steep,bull_steep,normal,21
1994-08-31,7.164999961853027,6.17,0.9949999618530274,-0.5240001106262202,bull_steep,bull_steep,normal,22
1994-09-01,7.173999786376953,6.15,1.0239997863769528,-0.5050000190734876,bull_steep,bull_steep,normal,23
1994-09-02,7.196000099182129,6.17,1.026000099182129,-0.5449997901916506,bull_steep,bull_steep,normal,24
1994-09-06,7.252999782562256,6.22,1.032999782562256,-0.5410001182556146,bull_steep,bull_steep,normal,25
1994-09-07,7.284999847412109,6.22,1.0649998474121096,-0.5090003204345699,bull_steep,bull_steep,normal,26
1994-09-08,7.284999847412109,6.22,1.0649998474121096,-0.5110001564025879,bull_steep,bull_steep,normal,27
1994-09-09,7.428999900817871,6.35,1.0789999008178714,-0.4830001258850096,bull_steep,bull_steep,normal,28
1994-09-12,7.442999839782715,6.37,1.0729998397827147,-0.4520003128051755,bull_steep,bull_steep,normal,29
1994-09-13,7.423999786376953,6.35,1.0739997863769535,-0.42700044631958,bull_steep,bull_steep,normal,30
1994-09-14,7.39300012588501,6.33,1.0630001258850097,-0.4139999198913573,bull_steep,bull_steep,normal,31
1994-09-15,7.3379998207092285,6.28,1.0579998207092283,-0.42700012207031257,bull_steep,bull_steep,normal,32
1994-09-16,7.506999969482422,6.42,1.086999969482422,-0.4069997978210447,bull_steep,bull_steep,normal,33
1994-09-19,7.474999904632568,6.39,1.0849999046325687,-0.4520002746582037,bull_steep,bull_steep,normal,34
1994-09-20,7.511000156402588,6.44,1.0710001564025875,-0.46199983596801797,bull_steep,bull_steep,normal,35
1994-09-21,7.552999973297119,6.52,1.0329999732971196,-0.5540001106262205,bull_steep,bull_steep,normal,36
1994-09-22,7.543000221252441,6.5,1.0430002212524414,-0.5279998397827148,bull_steep,bull_steep,normal,37
1994-09-23,7.552999973297119,6.52,1.0329999732971196,-0.5219997978210449,bull_steep,bull_steep,normal,38
1994-09-26,7.557000160217285,6.54,1.0170001602172851,-0.5479996681213377,bull_steep,bull_steep,normal,39
1994-09-27,7.590000152587891,6.52,1.070000152587891,-0.4950000572204587,bull_steep,bull_steep,normal,40
1994-09-28,7.552999973297119,6.51,1.0429999732971194,-0.49799983978271456,bull_steep,bull_steep,normal,41
1994-09-29,7.617000102996826,6.6,1.0170001029968265,-0.5239997100830074,bull_steep,bull_steep,normal,42
1994-09-30,7.598999977111816,6.62,0.9789999771118163,-0.524999923706055,bull_steep,bull_steep,normal,43
1994-10-03,7.650000095367432,6.69,0.9600000953674312,-0.5739999389648442,bull_steep,bull_steep,normal,44
1994-10-04,7.677999973297119,6.68,0.9979999732971194,-0.5600001907348631,bull_steep,bull_steep,normal,45
1994-10-05,7.748000144958496,6.73,1.0180001449584957,-0.5399998092651375,bull_steep,bull_steep,normal,46
1994-10-06,7.752999782562256,6.71,1.042999782562256,-0.5430000686645506,bull_steep,bull_steep,normal,47
1994-10-07,7.683000087738037,6.65,1.0330000877380368,-0.5609999465942384,bull_steep,bull_steep,normal,48
1994-10-11,7.623000144958496,6.63,0.9930001449584962,-0.5939999008178711,bull_steep,bull_steep,normal,49
1994-10-12,7.673999786376953,6.67,1.0039997863769532,-0.595000343322754,bull_steep,bull_steep,normal,50
1994-10-13,7.623000144958496,6.63,0.9930001449584962,-0.6209998321533199,bull_steep,bull_steep,normal,51
1994-10-14,7.590000152587891,6.57,1.0200001525878903,-0.5689997100830082,bull_steep,bull_steep,normal,52
1994-10-17,7.599999904632568,6.61,0.989999904632568,-0.5720000267028809,bull_steep,bull_steep,normal,53
1994-10-18,7.613999843597412,6.61,1.0039998435974118,-0.5330002593994143,bull_steep,bull_steep,normal,54
1994-10-19,7.651000022888184,6.66,0.9910000228881835,-0.5269999885559082,bull_steep,bull_steep,normal,55
1994-10-20,7.782999992370605,6.77,1.012999992370605,-0.5020001602172854,bull_steep,bull_steep,normal,56
1994-10-21,7.782999992370605,6.8,0.9829999923706048,-0.5320001602172857,bull_steep,bull_steep,normal,57
1994-10-24,7.829999923706055,6.84,0.9899999237060548,-0.48799997329711875,bull_steep,bull_steep,normal,58
1994-10-25,7.859000205993652,6.87,0.9890002059936522,-0.47899980545043963,bull_steep,bull_steep,normal,59
1994-10-26,7.859000205993652,6.9,0.959000205993652,-0.5409996414184572,bull_steep,bull_steep,normal,60
1994-10-27,7.859000205993652,6.89,0.9690002059936527,-0.5449997901916497,bull_steep,bull_steep,normal,61
1994-10-28,7.793000221252441,6.82,0.9730002212524411,-0.5249997520446783,bull_steep,bull_steep,normal,62
1994-10-31,7.793000221252441,6.84,0.9530002212524415,-0.5009995841979986,bull_steep,bull_steep,normal,63
1994-11-01,7.89300012588501,6.93,0.96300012588501,-0.46799968719482354,bull_steep,bull_steep,normal,64
1994-11-02,7.927000045776367,6.96,0.9670000457763672,-0.4759998512268062,bull_steep,bull_steep,normal,65
1994-11-03,7.946000099182129,6.98,0.9660000991821285,-0.4610000038146973,bull_steep,bull_steep,normal,66
1994-11-04,8.013999938964844,7.05,0.9639999389648439,-0.4710000610351557,bull_steep,bull_steep,normal,67
1994-11-07,8.02299976348877,7.06,0.9629997634887699,-0.5210004425048824,bull_steep,bull_steep,normal,68
1994-11-08,7.985000133514404,7.02,0.9650001335144047,-0.5420000076293938,bull_steep,bull_steep,normal,69
1994-11-09,7.922999858856201,7.01,0.9129998588562014,-0.5560001754760737,bull_steep,bull_steep,normal,70
1994-11-10,7.961999893188477,7.06,0.901999893188477,-0.5520001792907712,bull_steep,bull_steep,normal,71
1994-11-14,7.925000190734863,7.06,0.8650001907348637,-0.6169999504089354,bull_steep,bull_steep,normal,72
1994-11-15,7.89300012588501,7.1,0.7930001258850101,-0.679999713897705,bull_steep,bull_steep,normal,73
1994-11-16,7.961999893188477,7.15,0.8119998931884762,-0.6680002021789555,bull_steep,bull_steep,normal,74
1994-11-17,8.012999534606934,7.21,0.8029995346069336,-0.6670006752014164,bull_steep,bull_steep,normal,75
1994-11-18,8.003999710083008,7.23,0.7739997100830074,-0.725000324249268,bull_steep,bull_steep,normal,76
1994-11-21,8.017000198364258,7.3,0.717000198364258,-0.7939998817443845,bull_steep,bull_steep,normal,77
1994-11-22,7.985000133514404,7.29,0.6950001335144043,-0.787999782562256,bull_steep,bull_steep,normal,78
1994-11-23,7.801000118255615,7.18,0.6210001182556155,-0.8160000419616695,bull_steep,bull_steep,normal,79
1994-11-25,7.788000106811523,7.19,0.598000106811523,-0.8410000991821294,bull_steep,bull_steep,normal,80
1994-11-28,7.874000072479248,7.35,0.5240000724792484,-0.8839999580383298,bull_steep,bull_steep,normal,81
1994-11-29,7.939000129699707,7.44,0.49900012969970664,-1.0149998474121098,bull_steep,bull_steep,normal,82
1994-11-30,7.888000011444092,7.4,0.48800001144409144,-1.0140001296997072,bull_steep,bull_steep,normal,83
1994-12-01,7.910999774932861,7.42,0.4909997749328614,-0.9980003166198728,bull_steep,bull_steep,normal,84
1994-12-02,7.791999816894531,7.44,0.35199981689453086,-1.1149999618530275,bull_steep,bull_steep,normal,85
1994-12-05,7.822999954223633,7.58,0.24299995422363274,-1.1739999008178712,bull_steep,bull_steep,normal,86
1994-12-06,7.718999862670898,7.44,0.27899986267089805,-1.1630001068115234,bull_steep,bull_steep,normal,87
1994-12-07,7.801000118255615,7.48,0.3210001182556148,-1.1279999732971193,bull_steep,bull_steep,normal,88
1994-12-08,7.809999942779541,7.51,0.29999994277954123,-1.1470002365112313,bull_steep,bull_steep,normal,89
1994-12-09,7.777999877929687,7.53,0.24799987792968636,-1.1570000648498544,bull_steep,bull_steep,normal,90
1994-12-12,7.841000080108643,7.62,0.22100008010864247,-1.197000141143799,bull_steep,bull_steep,normal,91
1994-12-13,7.814000129699707,7.71,0.10400012969970707,-1.3849996376037597,bull_steep,bull_steep,normal,92
1994-12-14,7.7729997634887695,7.59,0.18299976348876967,-1.3090002441406252,bull_steep,bull_steep,normal,93
1994-12-15,7.776999950408935,7.54,0.23699995040893462,-1.2489999961853036,bull_steep,bull_steep,normal,94
1994-12-16,7.800000190734863,7.59,0.21000019073486342,-1.301000022888183,bull_steep,bull_steep,normal,95
1994-12-19,7.795000076293945,7.59,0.20500007629394545,-1.3699997901916499,bull_steep,bull_steep,normal,96
1994-12-20,7.800000190734863,7.56,0.24000019073486367,-1.323999977111816,bull_steep,bull_steep,normal,97
1994-12-21,7.785999774932861,7.58,0.20599977493286126,-1.376000175476075,bull_steep,bull_steep,normal,98
1994-12-22,7.827000141143799,7.7,0.12700014114379865,-1.372999668121338,bull_steep,bull_steep,normal,99
1994-12-23,7.827000141143799,7.74,0.08700014114379861,-1.4169996643066414,bull_steep,bull_steep,normal,100
1994-12-27,7.744999885559082,7.67,0.0749998855590821,-1.4040000915527342,bull_steep,bull_steep,normal,101
1994-12-28,7.785999774932861,7.71,0.07599977493286136,-1.427000312805176,bull_steep,bull_steep,normal,102
1994-12-29,7.798999786376953,7.69,0.10899978637695273,-1.371000061035157,bull_steep,bull_steep,normal,103
1994-12-30,7.827000141143799,7.69,0.13700014114379844,-1.3129997634887696,bull_steep,bull_steep,normal,104
1995-01-03,7.876999855041504,7.73,0.14699985504150348,-1.3380001068115241,bull_steep,bull_steep,normal,105
1995-01-04,7.813000202178955,7.62,0.19300020217895497,-1.2779997634887694,bull_steep,bull_steep,normal,106
1995-01-05,7.868000030517578,7.66,0.20800003051757798,-1.229999923706055,bull_steep,bull_steep,normal,107
1995-01-06,7.849999904632568,7.64,0.20999990463256868,-1.2070001983642573,bull_steep,bull_steep,normal,108
1995-01-09,7.881999969482422,7.68,0.20199996948242216,-1.1830000686645503,bull_steep,bull_steep,normal,109
1995-01-10,7.822000026702881,7.63,0.19200002670288097,-1.1799997901916504,bull_steep,bull_steep,normal,110
1995-01-11,7.776000022888184,7.58,0.19600002288818352,-1.0979998016357424,bull_steep,bull_steep,normal,111
1995-01-12,7.794000148773193,7.56,0.23400014877319375,-1.0580000305175785,bull_steep,bull_steep,normal,112
1995-01-13,7.679999828338623,7.39,0.28999982833862337,-0.9570000457763665,bull_steep,bull_steep,normal,113
1995-01-17,7.684000015258789,7.44,0.24400001525878867,-0.9949999809265142,bull_steep,bull_steep,normal,114
1995-01-18,7.697999954223633,7.48,0.2179999542236324,-1.0479998397827153,bull_steep,bull_steep,normal,115
1995-01-19,7.716000080108643,7.49,0.22600008010864236,-1.0789997673034666,bull_steep,bull_steep,normal,116
1995-01-20,7.808000087738037,7.5,0.3080000877380371,-0.9599999809265141,bull_steep,bull_steep,normal,117
1995-01-23,7.822000026702881,7.5,0.32200002670288086,-0.929999961853027,bull_steep,bull_steep,normal,118
1995-01-24,7.84499979019165,7.57,0.2749997901916501,-0.9710003662109381,bull_steep,bull_steep,normal,119
1995-01-25,7.784999847412109,7.5,0.2849998474121094,-0.9280000877380372,bull_steep,bull_steep,normal,120
1995-01-26,7.743000030517578,7.39,0.35300003051757844,-0.8610000801086422,bull_steep,bull_steep,normal,121
1995-01-27,7.616000175476074,7.29,0.3260001754760742,-0.8889997291564944,bull_steep,bull_steep,normal,122
1995-01-30,7.633999824523926,7.23,0.40399982452392535,-0.7470003128051763,bull_steep,bull_steep,normal,123
1995-01-31,7.592999935150146,7.26,0.3329999351501458,-0.8790002441406255,bull_steep,bull_steep,normal,124
1995-02-01,7.638000011444092,7.33,0.3080000114440917,-0.910000038146972,bull_steep,bull_steep,normal,125
1995-02-02,7.670000076293945,7.4,0.27000007629394496,-0.9569998741149899,bull_steep,bull_steep,normal,126
1995-02-03,7.456999778747559,7.14,0.3169997787475589,-0.8850000953674311,bull_steep,bull_steep,normal,127
1995-02-06,7.506999969482422,7.18,0.32699996948242216,-0.8789999961853026,bull_steep,bull_steep,normal,128
1995-02-07,7.511000156402588,7.19,0.3210001564025875,-0.8649996376037601,bull_steep,bull_steep,normal,129
1995-02-08,7.511000156402588,7.18,0.3310001564025882,-0.8859998703002923,bull_steep,bull_steep,normal,130
1995-02-09,7.572000026702881,7.23,0.34200002670288043,-0.8700000572204596,bull_steep,bull_steep,normal,131
1995-02-10,7.618000030517578,7.33,0.28800003051757805,-0.9509998703002926,bull_steep,bull_steep,normal,132
1995-02-13,7.59499979019165,7.32,0.2749997901916501,-0.932999973297119,bull_steep,bull_steep,normal,133
1995-02-14,7.504000186920166,7.21,0.29400018692016605,-0.8729999160766599,bull_steep,bull_steep,normal,134
1995-02-15,7.441999912261963,7.12,0.3219999122619628,-0.8440000534057619,bull_steep,bull_steep,normal,135
1995-02-16,7.388000011444092,7.02,0.3680000114440922,-0.7689998626708983,bull_steep,bull_steep,normal,136
1995-02-17,7.419000148773193,7.07,0.3490001487731931,-0.7929998016357436,bull_steep,bull_steep,normal,137
1995-02-21,7.432000160217285,7.09,0.3420001602172853,-0.7849997138977045,bull_steep,bull_steep,normal,138
1995-02-22,7.321000099182129,6.92,0.401000099182129,-0.7279999160766604,bull_steep,bull_steep,normal,139
1995-02-23,7.329999923706055,6.92,0.40999992370605476,-0.7129998970031739,bull_steep,bull_steep,normal,140
1995-02-24,7.324999809265137,6.89,0.43499980926513704,-0.6740001296997065,bull_steep,bull_steep,normal,141
1995-02-27,7.236000061035156,6.79,0.4460000610351562,-0.6899998092651369,bull_steep,bull_steep,normal,142
1995-02-28,7.210000038146973,6.79,0.4200000381469726,-0.7450001335144041,bull_steep,bull_steep,normal,143
1995-03-01,7.214000225067139,6.81,0.40400022506713906,-0.7539999580383299,bull_steep,bull_steep,normal,144
1995-03-02,7.289000034332275,6.88,0.4090000343322755,-0.7549999046325686,bull_steep,bull_steep,normal,145
1995-03-03,7.355999946594238,6.89,0.4659999465942386,-0.6779999542236324,bull_steep,bull_steep,normal,146
1995-03-06,7.400000095367432,6.96,0.4400000953674317,-0.7379998207092289,bull_steep,bull_steep,normal,147
1995-03-07,7.431000232696533,7.0,0.4310002326965332,-0.7649999809265138,bull_steep,bull_steep,normal,148
1995-03-08,7.355000019073486,6.93,0.4250000190734866,-0.8030000686645504,bull_steep,bull_steep,normal,149
1995-03-09,7.28000020980835,6.83,0.45000020980834954,-0.7889997482299806,bull_steep,bull_steep,normal,150
1995-03-10,7.217999935150146,6.83,0.3879999351501455,-0.8379999732971202,bull_steep,bull_steep,normal,151
1995-03-13,7.173999786376953,6.76,0.41399978637695334,-0.7500002098083494,bull_steep,bull_steep,normal,152
1995-03-14,7.077000141143799,6.69,0.38700014114379844,-0.7489998054504401,bull_steep,bull_steep,normal,153
1995-03-15,7.077000141143799,6.71,0.36700014114379886,-0.7769999694824214,bull_steep,bull_steep,normal,154
1995-03-16,7.038000106811523,6.68,0.3580001068115237,-0.7809997749328614,bull_steep,bull_steep,normal,155
1995-03-17,7.103000164031982,6.69,0.41300016403198203,-0.6869999313354498,bull_steep,bull_steep,normal,156
1995-03-20,7.111999988555908,6.69,0.4219999885559078,-0.6919999694824224,bull_steep,bull_steep,normal,157
1995-03-21,7.151000022888184,6.71,0.44100002288818363,-0.6689999961853026,bull_steep,bull_steep,normal,158
1995-03-22,7.195000171661377,6.75,0.44500017166137695,-0.6939998245239254,bull_steep,bull_steep,normal,159
1995-03-23,7.203000068664551,6.75,0.4530000686645508,-0.6770001029968258,bull_steep,bull_steep,normal,160
1995-03-24,7.085000038146973,6.64,0.445000038146973,-0.7129998207092285,bull_steep,bull_steep,normal,161
1995-03-27,7.0320000648498535,6.62,0.4120000648498534,-0.7799999809265135,bull_steep,bull_steep,normal,162
1995-03-28,7.140999794006348,6.73,0.41099979400634723,-0.7540003013610841,bull_steep,bull_steep,normal,163
1995-03-29,7.140999794006348,6.73,0.41099979400634723,-0.7410001564025874,bull_steep,bull_steep,normal,164
1995-03-30,7.158999919891357,6.76,0.39899991989135764,-0.7679998588562009,bull_steep,bull_steep,normal,165
1995-03-31,7.189000129699707,6.8,0.3890001296997072,-0.7819996452331539,bull_steep,bull_steep,normal,166
1995-04-03,7.131999969482422,6.75,0.3819999694824219,-0.794999866485596,bull_steep,bull_steep,normal,167
1995-04-04,7.105999946594238,6.71,0.3959999465942383,-0.7840000724792482,bull_steep,bull_steep,normal,168
1995-04-05,7.105999946594238,6.7,0.4059999465942381,-0.7840000724792482,bull_steep,bull_steep,normal,169
1995-04-06,7.074999809265137,6.66,0.4149998092651366,-0.7760004234313964,bull_steep,bull_steep,normal,170
1995-04-07,7.0920000076293945,6.65,0.4420000076293942,-0.7410001373291015,bull_steep,bull_steep,normal,171
1995-04-10,7.0960001945495605,6.66,0.4360001945495604,-0.7289997100830083,bull_steep,bull_steep,normal,172
1995-04-11,7.073999881744385,6.65,0.4239998817443844,-0.7179999732971192,bull_steep,bull_steep,normal,173
1995-04-12,7.047999858856201,6.61,0.43799985885620085,-0.6820001220703125,bull_steep,bull_steep,normal,174
1995-04-13,7.0,6.51,0.4900000000000002,-0.623000030517578,bull_steep,bull_steep,normal,175
1995-04-17,7.020999908447266,6.48,0.5409999084472652,-0.5509999465942386,bull_steep,bull_steep,normal,176
1995-04-18,7.020999908447266,6.44,0.5809999084472652,-0.519000263214112,bull_steep,bull_steep,normal,177
1995-04-19,7.033999919891357,6.51,0.5239999198913576,-0.5360000610351561,bull_steep,bull_steep,normal,178
1995-04-20,6.999000072479248,6.43,0.5690000724792483,-0.5359997177124018,bull_steep,bull_steep,normal,179
1995-04-21,6.99399995803833,6.44,0.5539999580383297,-0.5289999580383302,bull_steep,bull_steep,normal,180
1995-04-24,6.986000061035156,6.46,0.5260000610351563,-0.5799999046325679,bull_steep,bull_steep,normal,181
1995-04-25,6.986000061035156,6.48,0.5060000610351558,-0.6159997177124028,bull_steep,bull_steep,normal,182
1995-04-26,6.99399995803833,6.5,0.4939999580383301,-0.6259999465942379,bull_steep,bull_steep,normal,183
1995-04-27,7.025000095367432,6.55,0.4750000953674318,-0.6019998741149903,bull_steep,bull_steep,normal,184
1995-04-28,7.046000003814697,6.6,0.4460000038146976,-0.5909999656677245,bull_steep,bull_steep,normal,185
1995-05-01,7.072000026702881,6.62,0.45200002670288075,-0.5900000190734866,bull_steep,bull_steep,normal,186
1995-05-02,7.02400016784668,6.55,0.47400016784667987,-0.6179998779296874,bull_steep,bull_steep,normal,187
1995-05-03,6.940999984741211,6.47,0.4709999847412112,-0.6129998779296875,bull_steep,bull_steep,normal,188
1995-05-04,6.833000183105469,6.35,0.4830001831054691,-0.5649999427795409,bull_steep,bull_steep,normal,189
1995-05-05,6.665999889373779,6.16,0.5059998893737792,-0.5199998855590824,bull_steep,bull_steep,normal,190
1995-05-08,6.673999786376953,6.18,0.4939997863769534,-0.46600028991699194,bull_steep,bull_steep,normal,191
1995-05-09,6.580999851226807,6.08,0.5009998512268066,-0.4940003776550297,bull_steep,bull_steep,normal,192
1995-05-10,6.636000156402588,6.11,0.5260001564025876,-0.5119999694824218,bull_steep,bull_steep,normal,193
1995-05-11,6.672999858856201,6.2,0.472999858856201,-0.5600001525878904,bull_steep,bull_steep,normal,194
1995-05-12,6.664999961853027,6.2,0.46499996185302717,-0.5730001258850104,bull_steep,bull_steep,normal,195
1995-05-15,6.617000102996826,6.16,0.45700010299682603,-0.5549997329711918,bull_steep,bull_steep,normal,196
1995-05-16,6.552000045776367,6.11,0.44200004577636687,-0.5740000534057623,bull_steep,bull_steep,normal,197
1995-05-17,6.526000022888184,6.11,0.4160000228881833,-0.6159998130798341,bull_steep,bull_steep,normal,198
1995-05-18,6.604000091552734,6.18,0.42400009155273466,-0.5979997825622556,bull_steep,bull_steep,normal,199
1995-05-19,6.598999977111816,6.19,0.408999977111816,-0.6270000839233401,bull_steep,bull_steep,normal,200
1995-05-22,6.611999988555908,6.19,0.4219999885559078,-0.5889999961853034,bull_steep,bull_steep,normal,201
1995-05-23,6.551000118255615,6.15,0.4010001182556149,-0.5939998435974125,bull_steep,bull_steep,normal,202
1995-05-24,6.427000045776367,6.01,0.4170000457763674,-0.6069997406005854,bull_steep,bull_steep,normal,203
1995-05-25,6.380000114440918,5.99,0.39000011444091776,-0.6359999847412112,bull_steep,bull_steep,normal,204
1995-05-26,6.388000011444092,5.97,0.41800001144409205,-0.6149997711181641,bull_steep,bull_steep,normal,205
1995-05-30,6.294000148773193,5.89,0.4040001487731937,-0.660999698638916,bull_steep,bull_steep,normal,206
1995-05-31,6.285999774932861,5.89,0.39599977493286165,-0.669000072479248,bull_steep,bull_steep,normal,207
1995-06-01,6.184999942779541,5.71,0.47499994277954105,-0.6039999580383304,bull_steep,bull_steep,normal,208
1995-06-02,6.079999923706055,5.54,0.5399999237060547,-0.5329999160766601,bull_steep,bull_steep,normal,209
1995-06-05,6.059000015258789,5.54,0.519000015258789,-0.5549997711181645,bull_steep,bull_steep,normal,210
1995-06-06,6.076000213623047,5.57,0.5060002136230466,-0.5569999122619631,bull_steep,bull_steep,normal,211
1995-06-07,6.158999919891357,5.74,0.4189999198913572,-0.6389999008178711,bull_steep,bull_steep,normal,212
1995-06-08,6.201000213623047,5.82,0.3810002136230466,-0.7059997558593754,bull_steep,bull_steep,normal,213
1995-06-09,6.379000186920166,6.01,0.36900018692016623,-0.7159997177124025,bull_steep,bull_steep,normal,214
1995-06-12,6.366000175476074,5.96,0.40600017547607425,-0.6649999809265132,bull_steep,bull_steep,normal,215
1995-06-13,6.125,5.63,0.4950000000000001,-0.5379999732971195,bull_steep,bull_steep,normal,216
1995-06-14,6.129000186920166,5.67,0.4590001869201661,-0.5840000343322753,bull_steep,bull_steep,normal,217
1995-06-15,6.1579999923706055,5.73,0.42799999237060504,-0.6049999809265145,bull_steep,bull_steep,normal,218
1995-06-16,6.196000099182129,5.77,0.42600009918212933,-0.5910000610351558,bull_steep,bull_steep,normal,219
1995-06-19,6.107999801635742,5.65,0.45799980163574183,-0.6120003509521492,bull_steep,bull_steep,normal,220
1995-06-20,6.140999794006348,5.72,0.4209997940063479,-0.6220001792907714,bull_steep,bull_steep,normal,221
1995-06-21,6.116000175476074,5.68,0.4360001754760745,-0.580999927520752,bull_steep,bull_steep,normal,222
1995-06-22,6.015999794006348,5.61,0.40599979400634734,-0.573000183105469,bull_steep,bull_steep,normal,223
1995-06-23,6.045000076293945,5.64,0.40500007629394563,-0.5550000190734856,bull_steep,bull_steep,normal,224
1995-06-26,6.090000152587891,5.71,0.38000015258789066,-0.6179998207092288,bull_steep,bull_steep,normal,225
1995-06-27,6.131999969482422,5.7,0.4319999694824217,-0.586000175476074,bull_steep,bull_steep,normal,226
1995-06-28,6.093999862670898,5.67,0.4239998626708985,-0.6189999198913574,bull_steep,bull_steep,normal,227
1995-06-29,6.25,5.89,0.3600000000000003,-0.6730000877380364,bull_steep,bull_steep,normal,228
1995-06-30,6.203000068664551,5.79,0.41300006866455075,-0.5800000762939455,bull_steep,bull_steep,normal,229
1995-07-03,6.203000068664551,5.79,0.41300006866455075,-0.5909997177124025,bull_steep,bull_steep,normal,230
1995-07-05,6.177999973297119,5.78,0.3979999732971189,-0.5950001716613773,bull_steep,bull_steep,normal,231
1995-07-06,6.043000221252441,5.56,0.4830002212524418,-0.5369999313354485,bull_steep,bull_steep,normal,232
1995-07-07,6.01800012588501,5.54,0.47800012588500973,-0.5119997787475583,bull_steep,bull_steep,normal,233
1995-07-10,6.021999835968018,5.56,0.46199983596801797,-0.5420000076293938,bull_steep,bull_steep,normal,234
1995-07-11,6.089000225067139,5.59,0.4990002250671388,-0.49199979782104464,bull_steep,bull_steep,normal,235
1995-07-12,6.089000225067139,5.59,0.4990002250671388,-0.5139997673034662,bull_steep,bull_steep,normal,236
1995-07-13,6.072000026702881,5.61,0.46200002670288054,-0.5209999656677242,bull_steep,bull_steep,normal,237
1995-07-14,6.135000228881836,5.7,0.43500022888183576,-0.5549996948242191,bull_steep,bull_steep,normal,238
1995-07-17,6.202000141143799,5.77,0.43200014114379925,-0.557000064849853,bull_steep,bull_steep,normal,239
1995-07-18,6.256999969482422,5.77,0.4869999694824223,-0.4720002365112297,bull_steep,bull_steep,normal,240
1995-07-19,6.412000179290772,5.89,0.5220001792907727,-0.44700002670287997,bull_steep,bull_steep,normal,241
1995-07-20,6.4070000648498535,5.91,0.4970000648498534,-0.47600015640258775,bull_steep,bull_steep,normal,242
1995-07-21,6.49399995803833,5.95,0.5439999580383299,-0.40900026321411165,bull_steep,bull_steep,normal,243
1995-07-24,6.436999797821045,5.97,0.46699979782104517,-0.4960003280639649,bull_steep,bull_steep,normal,244
1995-07-25,6.410999774932861,5.94,0.47099977493286094,-0.4960002708435063,bull_steep,bull_steep,normal,245
1995-07-26,6.4629998207092285,5.97,0.49299982070922876,-0.4730002784728997,bull_steep,bull_steep,normal,246
1995-07-27,6.415999889373779,5.91,0.5059998893737792,-0.4580000495910648,bull_steep,bull_steep,normal,247
1995-07-28,6.4720001220703125,5.92,0.5520001220703126,-0.41099964141845735,bull_steep,bull_steep,normal,248
1995-07-31,6.428999900817871,5.88,0.5489999008178712,-0.4160002326965335,bull_steep,bull_steep,normal,249
1995-08-01,6.488999843597412,5.94,0.5489998435974117,-0.36400001525878967,normal,bull_steep,normal,250
1995-08-02,6.428999900817871,5.86,0.5689999008178708,-0.3329999923706062,normal,bull_steep,normal,251
1995-08-03,6.506999969482422,5.94,0.5669999694824215,-0.2980002212524422,normal,bull_steep,normal,252
1995-08-04,6.4720001220703125,5.91,0.5620001220703124,-0.23100000381469776,normal,bull_steep,normal,253
1995-08-07,6.454999923706055,5.9,0.5549999237060543,-0.2569999694824219,normal,normal,bull_steep,1
1995-08-08,6.449999809265137,5.9,0.5499998092651364,-0.25299972534179727,normal,normal,bull_steep,2
1995-08-09,6.47599983215332,5.93,0.5459998321533206,-0.2279998779296868,normal,normal,bull_steep,3
1995-08-10,6.513000011444092,5.95,0.5630000114440916,-0.15400018692016637,normal,normal,bull_steep,4
1995-08-11,6.585999965667725,6.05,0.5359999656677248,-0.15900016784667947,normal,normal,bull_steep,5
1995-08-14,6.578000068664551,6.05,0.528000068664551,-0.09300004959106456,normal,normal,bull_steep,6
1995-08-15,6.578000068664551,6.11,0.46800006866455046,-0.13000003814697259,normal,normal,bull_steep,7
1995-08-16,6.533999919891357,6.07,0.46399991989135714,-0.060000152587891264,normal,normal,bull_steep,8
1995-08-17,6.565000057220459,6.12,0.4450000572204589,-0.05400007247924776,normal,normal,bull_steep,9
1995-08-18,6.559999942779541,6.13,0.4299999427795411,-0.05800006866455032,normal,normal,bull_steep,10
1995-08-21,6.526000022888184,6.08,0.4460000228881835,-0.044999752044677876,normal,normal,bull_steep,11
1995-08-22,6.556000232696533,6.1,0.45600023269653356,0.1040004158020027,normal,normal,bull_steep,12
1995-08-23,6.577000141143799,6.11,0.4670001411437985,0.22400018692016577,normal,normal,bull_steep,13
1995-08-24,6.486999988555908,6.0,0.4869999885559082,0.20800012588501016,normal,normal,bull_steep,14
1995-08-25,6.380000114440918,5.9,0.4800001144409176,0.1589999961853028,normal,normal,bull_steep,15
1995-08-28,6.328000068664551,5.85,0.47800006866455114,0.1780001258850099,normal,normal,bull_steep,16
1995-08-29,6.357999801635742,5.93,0.42799980163574247,0.1799999237060561,normal,normal,bull_steep,17
1995-08-30,6.323999881744385,5.88,0.44399988174438487,0.2229998016357424,normal,normal,bull_steep,18
1995-08-31,6.2729997634887695,5.85,0.4229997634887699,0.3189996337890628,normal,normal,bull_steep,19
1995-09-01,6.210000038146973,5.78,0.4300000381469724,0.24700027465820273,normal,normal,bull_steep,20
1995-09-05,6.163000106811523,5.77,0.39300010681152386,0.15600015640258924,normal,normal,bull_steep,21
1995-09-06,6.168000221252441,5.76,0.4080002212524416,0.1980000305175782,normal,normal,bull_steep,22
1995-09-07,6.201000213623047,5.8,0.40100021362304705,0.1960001373291016,normal,normal,bull_steep,23
1995-09-08,6.234000205993652,5.85,0.3840002059936527,0.14400001525878903,normal,normal,bull_steep,24
1995-09-11,6.2220001220703125,5.83,0.39200012207031243,0.18600034713745117,normal,normal,bull_steep,25
1995-09-12,6.150000095367432,5.77,0.38000009536743207,0.2529999542236334,normal,normal,bull_steep,26
1995-09-13,6.175000190734863,5.8,0.37500019073486346,0.28800004959106484,normal,normal,bull_steep,27
1995-09-14,6.071000099182129,5.68,0.3910000991821292,0.3160002136230471,normal,normal,bull_steep,28
1995-09-15,6.104000091552734,5.71,0.3940000915527344,0.31800031661987305,normal,normal,bull_steep,29
1995-09-18,6.165999889373779,5.77,0.3959998893737797,0.287000102996827,normal,normal,bull_steep,30
1995-09-19,6.132999897003174,5.75,0.38299989700317383,0.2459997558593754,normal,normal,bull_steep,31
1995-09-20,6.09499979019165,5.73,0.36499979019164996,0.21799993515014648,normal,normal,bull_steep,32
1995-09-21,6.199999809265137,5.83,0.36999980926513665,0.17699960708618168,normal,normal,bull_steep,33
1995-09-22,6.232999801635742,5.85,0.38299980163574254,0.17499977111816456,normal,normal,bull_steep,34
1995-09-25,6.229000091552734,5.89,0.3390000915527347,0.12900018692016602,normal,normal,bull_steep,35
1995-09-26,6.258999824523926,5.88,0.3789998245239259,0.17699985504150373,normal,normal,bull_steep,36
1995-09-27,6.270999908447266,5.92,0.3509999084472657,0.15899988174438473,normal,normal,bull_steep,37
1995-09-28,6.258999824523926,5.92,0.33899982452392585,0.14299980163574233,normal,normal,bull_steep,38
1995-09-29,6.1570000648498535,5.83,0.32700006484985344,0.0929999160766597,normal,normal,bull_steep,39
1995-10-02,6.144000053405762,5.82,0.32400005340576143,0.03400022506713807,normal,normal,bull_steep,40
1995-10-03,6.114999771118164,5.8,0.31499977111816424,0.07099975585937557,normal,normal,bull_steep,41
1995-10-04,6.085000038146973,5.75,0.33500003814697266,0.11700008392334027,normal,normal,bull_steep,42
1995-10-05,6.068999767303467,5.72,0.34899976730346705,0.12299968719482468,normal,normal,bull_steep,43
1995-10-06,6.059999942779541,5.73,0.3299999427795406,0.02199985504150348,normal,normal,bull_steep,44
1995-10-10,6.064000129699707,5.74,0.3240001296997068,0.0020001029968259587,normal,normal,bull_steep,45
1995-10-11,6.076000213623047,5.75,0.3260002136230469,0.05100042343139677,normal,normal,bull_steep,46
1995-10-12,6.046999931335449,5.72,0.32699993133544947,0.04200008392334009,normal,normal,bull_steep,47
1995-10-13,5.939000129699707,5.67,0.2690001296997071,-0.08399990081787134,normal,normal,bull_steep,48
1995-10-16,5.954999923706055,5.67,0.28499992370605476,-0.041000251770019425,normal,normal,bull_steep,49
1995-10-17,5.942999839782715,5.65,0.2929998397827145,-0.11099998474121087,normal,normal,bull_steep,50
1995-10-18,5.9670000076293945,5.67,0.2970000076293946,-0.03599992752075121,normal,normal,bull_steep,51
1995-10-19,5.959000110626221,5.67,0.2890001106262208,-0.01899990081787095,normal,normal,bull_steep,52
1995-10-20,6.017000198364258,5.72,0.29700019836425806,0.027000122070313104,normal,normal,bull_steep,53
1995-10-23,6.050000190734863,5.76,0.2900001907348635,-0.02699958801269542,normal,normal,bull_steep,54
1995-10-24,5.995999813079834,5.68,0.31599981307983427,-0.01100015640258789,normal,normal,bull_steep,55
1995-10-25,5.991000175476074,5.64,0.35100017547607454,0.03000001907348704,normal,normal,bull_steep,56
1995-10-26,6.050000190734863,5.61,0.44000019073486296,0.10900003433227479,normal,normal,bull_steep,57
1995-10-27,6.02400016784668,5.64,0.38400016784668,0.042000141143799574,normal,normal,bull_steep,58
1995-10-30,6.02400016784668,5.62,0.4040001678466796,0.11600013732910153,normal,normal,bull_steep,59
1995-10-31,6.002999782562256,5.61,0.39299978256225554,0.11799999237060543,normal,normal,bull_steep,60
1995-11-01,5.961999893188477,5.52,0.441999893188477,0.14799970626831094,normal,normal,bull_steep,61
1995-11-02,5.902999877929688,5.46,0.4429998779296884,0.12099996566772564,normal,normal,bull_steep,62
1995-11-03,5.914999961853027,5.49,0.42499996185302713,0.05699995040893491,normal,normal,bull_steep,63
1995-11-06,5.940000057220459,5.51,0.4300000572204592,0.08099990844726612,normal,normal,bull_steep,64
1995-11-07,5.9730000495910645,5.54,0.4330000495910644,0.09099988937377912,normal,normal,bull_steep,65
1995-11-08,5.902999877929688,5.47,0.43299987792968864,0.03199977874755966,normal,normal,bull_steep,66
1995-11-09,5.952000141143799,5.49,0.4620001411437986,0.052000217437743856,normal,normal,bull_steep,67
1995-11-10,5.985000133514404,5.52,0.4650001335144047,0.030000324249267685,normal,normal,bull_steep,68
1995-11-13,5.955999851226807,5.49,0.4659998512268064,0.019999790191650213,normal,normal,bull_steep,69
1995-11-14,5.952000141143799,5.47,0.4820001411437991,0.062000102996826456,normal,normal,bull_steep,70
1995-11-15,5.980999946594238,5.53,0.45099994659423803,0.04699972152709897,normal,normal,bull_steep,71
1995-11-16,5.914000034332275,5.46,0.4540000343322754,0.04499999999999993,normal,normal,bull_steep,72
1995-11-17,5.896999835968018,5.46,0.4369998359680176,-0.029000110626220987,normal,normal,bull_steep,73
1995-11-20,5.914000034332275,5.46,0.4540000343322754,0.01399993896484375,normal,normal,bull_steep,74
1995-11-21,5.934000015258789,5.49,0.44400001525878885,0.012999782562255646,normal,normal,bull_steep,75
1995-11-22,5.925000190734863,5.51,0.4150001907348635,-0.009999828338623118,normal,normal,bull_steep,76
1995-11-24,5.895999908447266,5.49,0.4059999084472654,-0.044000301361084126,normal,normal,bull_steep,77
1995-11-27,5.869999885559082,5.46,0.40999988555908207,0.02199995040893654,normal,normal,bull_steep,78
1995-11-28,5.875,5.45,0.4249999999999998,0.011000213623046484,normal,normal,bull_steep,79
1995-11-29,5.836999893188477,5.42,0.41699989318847663,0.029999752044678196,normal,normal,bull_steep,80
1995-11-30,5.744999885559082,5.36,0.3849998855590817,0.017999744415282848,normal,normal,bull_steep,81
1995-12-01,5.703999996185303,5.32,0.38399999618530245,0.02599988937377873,normal,normal,bull_steep,82
1995-12-04,5.618000030517578,5.27,0.34800003051757855,-0.06500013351440348,normal,normal,bull_steep,83
1995-12-05,5.650000095367432,5.29,0.3600000953674316,-0.06199989318847621,normal,normal,bull_steep,84
1995-12-06,5.666999816894531,5.32,0.34699981689453097,-0.09400020599365266,normal,normal,bull_steep,85
1995-12-07,5.711999893188477,5.39,0.3219998931884769,-0.12300027847290007,normal,normal,bull_steep,86
1995-12-08,5.728000164031982,5.39,0.33800016403198274,-0.11499990463256804,normal,normal,bull_steep,87
1995-12-11,5.695000171661377,5.38,0.31500017166137706,-0.12999986648559592,normal,normal,bull_steep,88
1995-12-12,5.711999893188477,5.39,0.3219998931884769,-0.09000017166137653,normal,normal,bull_steep,89
1995-12-13,5.73199987411499,5.39,0.34199987411499055,-0.06899991989135668,normal,normal,bull_steep,90
1995-12-14,5.736000061035156,5.38,0.35600006103515636,-0.05499973297119087,normal,normal,bull_steep,91
1995-12-15,5.739999771118164,5.36,0.37999977111816374,-0.019000148773193892,normal,normal,bull_steep,92
1995-12-18,5.841000080108643,5.43,0.41100008010864286,0.021999950408935653,normal,normal,bull_steep,93
1995-12-19,5.73199987411499,5.36,0.3719998741149899,-0.01000009536743196,normal,normal,bull_steep,94
1995-12-20,5.739999771118164,5.33,0.409999771118164,0.013999824523925675,normal,normal,bull_steep,95
1995-12-21,5.749000072479248,5.33,0.419000072479248,0.013000125885009872,normal,normal,bull_steep,96
1995-12-22,5.690000057220459,5.28,0.41000005722045874,-0.004999752044677841,normal,normal,bull_steep,97
1995-12-26,5.677999973297119,5.27,0.40799997329711957,-0.03400003433227461,normal,normal,bull_steep,98
1995-12-27,5.644999980926514,5.23,0.41499998092651325,-0.02100021362304716,normal,normal,bull_steep,99
1995-12-28,5.619999885559082,5.2,0.41999988555908185,-0.003999996185302557,normal,normal,bull_steep,100
1995-12-29,5.574999809265137,5.18,0.394999809265137,-0.04300004959106385,normal,normal,bull_steep,101
1996-01-02,5.586999893188477,5.18,0.40699989318847685,-0.08300010681152337,normal,normal,bull_steep,102
1996-01-03,5.565999984741211,5.17,0.395999984741211,-0.1449999237060542,normal,normal,bull_steep,103
1996-01-04,5.61899995803833,5.17,0.44899995803833015,-0.13199995040893509,normal,normal,bull_steep,104
1996-01-05,5.677000045776367,5.2,0.477000045776367,-0.046999874114990625,normal,normal,bull_steep,105
1996-01-08,5.672999858856201,5.2,0.472999858856201,-0.09600021362304734,normal,normal,bull_steep,106
1996-01-09,5.672999858856201,5.18,0.49299985885620146,-0.06100009918212823,normal,normal,bull_steep,107
1996-01-10,5.738999843597412,5.22,0.5189998435974124,-0.0070002174377439275,normal,normal,bull_steep,108
1996-01-11,5.75600004196167,5.22,0.5360000419616702,0.029999980926514347,normal,normal,bull_steep,109
1996-01-12,5.751999855041504,5.17,0.581999855041504,0.0879998970031739,normal,normal,bull_steep,110
1996-01-16,5.656000137329102,5.08,0.5760001373291015,0.10100004196166967,normal,normal,bull_steep,111
1996-01-17,5.557000160217285,5.05,0.5070001602172853,0.06100015640258771,normal,normal,bull_steep,112
1996-01-18,5.515999794006348,5.01,0.5059997940063479,0.05399976730346712,normal,normal,bull_steep,113
1996-01-19,5.514999866485596,5.03,0.48499986648559545,0.01099969863891559,normal,normal,bull_steep,114
1996-01-22,5.589000225067139,5.08,0.5090002250671386,0.038000240325927415,normal,normal,bull_steep,115
1996-01-23,5.635000228881836,5.09,0.5450002288818361,0.062000045776366974,normal,normal,bull_steep,116
1996-01-24,5.5929999351501465,5.07,0.5229999351501462,0.017000045776367045,normal,normal,bull_steep,117
1996-01-25,5.679999828338623,5.11,0.5699998283386227,0.07600004196166932,normal,normal,bull_steep,118
1996-01-26,5.625999927520752,5.08,0.5459999275207519,0.04500007629394531,normal,normal,bull_steep,119
1996-01-29,5.671999931335449,5.1,0.5719999313354496,0.045999774932862,normal,normal,bull_steep,120
1996-01-30,5.613999843597412,5.02,0.5939998435974125,0.12099998474121154,normal,normal,bull_steep,121
1996-01-31,5.580999851226807,4.93,0.6509998512268069,0.18599988937377976,normal,normal,bull_steep,122
1996-02-01,5.60099983215332,4.93,0.6709998321533206,0.21399972915649457,normal,normal,bull_steep,123
1996-02-02,5.642000198364258,4.9,0.7420001983642575,0.3000001525878906,normal,normal,bull_steep,124
1996-02-05,5.679999828338623,4.95,0.7299998283386229,0.3139998054504396,normal,normal,bull_steep,125
1996-02-06,5.65500020980835,4.93,0.7250002098083499,0.30100011825561523,normal,normal,bull_steep,126
1996-02-07,5.658999919891357,4.92,0.7389999198913575,0.3299999427795415,normal,normal,bull_steep,127
1996-02-08,5.6579999923706055,4.9,0.7579999923706051,0.3360000038146973,normal,normal,bull_steep,128
1996-02-09,5.650000095367432,4.85,0.800000095367432,0.3989999771118171,normal,normal,bull_steep,129
1996-02-12,5.5960001945495605,4.83,0.7660001945495605,0.3490001487731931,normal,normal,bull_steep,130
1996-02-13,5.566999912261963,4.8,0.7669999122619631,0.3769997978210453,normal,normal,bull_steep,131
1996-02-14,5.61299991607666,4.82,0.7929999160766599,0.3749999046325678,normal,normal,bull_steep,132
1996-02-15,5.690999984741211,4.87,0.8209999847412108,0.41699983596801715,bear_steep,normal,bull_steep,133
1996-02-16,5.75,4.9,0.8499999999999996,0.454000225067138,bear_steep,normal,bull_steep,134
1996-02-20,5.991000175476074,5.18,0.8110001754760745,0.33600023269653345,normal,normal,bull_steep,135
1996-02-21,5.973999977111816,5.16,0.8139999771118163,0.2740000534057616,normal,normal,bull_steep,136
1996-02-22,5.909999847412109,5.11,0.799999847412109,0.28099983215332003,normal,normal,bull_steep,137
1996-02-23,5.965000152587891,5.13,0.8350001525878907,0.32899993896484414,normal,normal,bull_steep,138
1996-02-26,5.994999885559082,5.18,0.8149998855590823,0.3959999656677251,normal,normal,bull_steep,139
1996-02-27,6.046999931335449,5.28,0.766999931335449,0.3859997177124024,normal,normal,bull_steep,140
1996-02-28,6.10699987411499,5.43,0.6769998741149905,0.3079996871948243,normal,normal,bull_steep,141
1996-02-29,6.111999988555908,5.44,0.6719999885559078,0.26599981307983356,normal,normal,bull_steep,142
1996-03-01,5.978000164031982,5.26,0.7180001640319826,0.22300016403198253,normal,normal,bull_steep,143
1996-03-04,5.906000137329102,5.21,0.6960001373291016,0.2369999504089355,normal,normal,bull_steep,144
1996-03-05,5.953000068664551,5.28,0.6730000686645505,0.2450000762939455,normal,normal,bull_steep,145
1996-03-06,6.039000034332275,5.36,0.6790000343322751,0.25299993515014574,normal,normal,bull_steep,146
1996-03-07,6.059999942779541,5.4,0.6599999427795407,0.20200014114379883,normal,normal,bull_steep,147
1996-03-08,6.412000179290772,5.73,0.682000179290772,0.26100038528442404,normal,normal,bull_steep,148
1996-03-11,6.304999828338623,5.71,0.5949998283386231,0.15899965286254858,normal,normal,bull_steep,149
1996-03-12,6.341000080108643,5.78,0.5610000801086423,0.155000286102295,normal,normal,bull_steep,150
1996-03-13,6.335999965667725,5.73,0.6059999656677242,0.20099988937377855,normal,normal,bull_steep,151
1996-03-14,6.349999904632568,5.7,0.6499999046325682,0.2699997520446775,normal,normal,bull_steep,152
1996-03-15,6.453000068664551,5.87,0.5830000686645507,0.15100009918212898,normal,normal,bull_steep,153
1996-03-18,6.421999931335449,5.89,0.5319999313354495,0.10800006866455103,normal,normal,bull_steep,154
1996-03-19,6.394999980926514,5.85,0.544999980926514,0.1849999809265137,normal,normal,bull_steep,155
1996-03-20,6.328000068664551,5.76,0.568000068664551,0.15500000000000025,normal,normal,bull_steep,156
1996-03-21,6.270999908447266,5.72,0.5509999084472659,0.13799983978271513,normal,normal,bull_steep,157
1996-03-22,6.310999870300293,5.74,0.5709998703002928,0.17299989700317386,normal,normal,bull_steep,158
1996-03-25,6.227000236511231,5.69,0.537000236511231,0.05400001525878917,normal,normal,bull_steep,159
1996-03-26,6.23199987411499,5.72,0.5119998741149905,0.03399974822998075,normal,normal,bull_steep,160
1996-03-27,6.311999797821045,5.81,0.5019997978210453,0.039999961853027344,normal,normal,bull_steep,161
1996-03-28,6.40500020980835,5.88,0.5250002098083497,0.025999984741210902,normal,normal,bull_steep,162
1996-03-29,6.334000110626221,5.79,0.5440001106262207,0.044999885559081854,normal,normal,bull_steep,163
1996-04-01,6.308000087738037,5.79,0.5180000877380371,0.056000061035156534,normal,normal,bull_steep,164
1996-04-02,6.236999988555908,5.74,0.496999988555908,0.06199975967407223,normal,normal,bull_steep,165
1996-04-03,6.255000114440918,5.77,0.4850001144409184,0.05299997329711914,normal,normal,bull_steep,166
1996-04-04,6.326000213623047,5.83,0.4960002136230468,0.009000244140624503,normal,normal,bull_steep,167
1996-04-08,6.611000061035156,6.11,0.5010000610351559,-0.021000118255616762,normal,normal,bull_steep,168
1996-04-09,6.551000118255615,6.06,0.4910001182556156,-0.005999946594237748,normal,normal,bull_steep,169
1996-04-10,6.614999771118164,6.1,0.5149997711181644,-0.029000186920165483,normal,normal,bull_steep,170
1996-04-11,6.671000003814697,6.12,0.5510000038146972,0.08400020599365199,normal,normal,bull_steep,171
1996-04-12,6.498000144958496,5.96,0.5380001449584961,0.06700037002563519,normal,normal,bull_steep,172
1996-04-15,6.461999893188477,5.93,0.5319998931884768,0.03900007247924808,normal,normal,bull_steep,173
1996-04-16,6.458000183105469,5.91,0.5480001831054686,0.04200029373168945,normal,normal,bull_steep,174
1996-04-17,6.506999969482422,5.96,0.5469999694824219,-0.0050001525878906605,normal,normal,bull_steep,175
1996-04-18,6.558000087738037,6.02,0.5380000877380375,-0.010999813079833665,normal,normal,bull_steep,176
1996-04-19,6.513000011444092,5.95,0.5630000114440916,0.0140001678466799,normal,normal,bull_steep,177
1996-04-22,6.4679999351501465,5.92,0.5479999351501466,-0.02099996566772422,normal,normal,bull_steep,178
1996-04-23,6.494999885559082,5.93,0.5649998855590823,-0.0020000839233391687,normal,normal,bull_steep,179
1996-04-24,6.553999900817871,5.95,0.6039999008178709,0.04199977874755856,normal,normal,bull_steep,180
1996-04-25,6.540999889373779,5.99,0.5509998893737791,-0.0040000343322752485,normal,normal,bull_steep,181
1996-04-26,6.519000053405762,5.92,0.5990000534057618,0.049000244140625426,normal,normal,bull_steep,182
1996-04-29,6.568999767303467,5.98,0.5889997673034664,0.042999935150145774,normal,normal,bull_steep,183
1996-04-30,6.632999897003174,6.03,0.6029998970031736,0.03999988555908196,normal,normal,bull_steep,184
1996-05-01,6.665999889373779,6.03,0.635999889373779,0.09999992370605426,normal,normal,bull_steep,185
1996-05-02,6.833000183105469,6.16,0.6730001831054686,0.14500011444091765,normal,normal,bull_steep,186
1996-05-03,6.875999927520752,6.2,0.6759999275207518,0.20799985885620131,normal,normal,bull_steep,187
1996-05-06,6.839000225067139,6.15,0.6890002250671383,0.22500030517578118,normal,normal,bull_steep,188
1996-05-07,6.8480000495910645,6.2,0.6480000495910643,0.2029999923706054,normal,normal,bull_steep,189
1996-05-08,6.796999931335449,6.15,0.6469999313354489,0.21699998855590774,normal,normal,bull_steep,190
1996-05-09,6.830999851226807,6.14,0.690999851226807,0.24499982833862344,normal,normal,bull_steep,191
1996-05-10,6.739999771118164,6.04,0.699999771118164,0.24399953842163047,normal,normal,bull_steep,192
1996-05-13,6.705999851226807,6.06,0.645999851226807,0.17899971008300852,normal,normal,bull_steep,193
1996-05-14,6.645999908447266,6.01,0.6359999084472658,0.14899991989135764,normal,normal,bull_steep,194
1996-05-15,6.632999897003174,6.01,0.622999897003174,0.14299978256225643,normal,normal,bull_steep,195
1996-05-16,6.692999839782715,6.08,0.6129998397827148,0.13499977111816364,normal,normal,bull_steep,196
1996-05-17,6.644999980926514,6.04,0.6049999809265136,0.17700017929077116,normal,normal,bull_steep,197
1996-05-20,6.611000061035156,6.02,0.5910000610351567,0.1470001792907718,normal,normal,bull_steep,198
1996-05-21,6.636000156402588,6.03,0.6060001564025876,0.18300039291381776,normal,normal,bull_steep,199
1996-05-22,6.61899995803833,6.03,0.5889999580383298,0.15899991989135742,normal,normal,bull_steep,200
1996-05-23,6.675000190734863,6.05,0.6250001907348635,0.2320000839233396,normal,normal,bull_steep,201
1996-05-24,6.639999866485596,6.03,0.6099998664855955,0.20199964523315384,normal,normal,bull_steep,202
1996-05-28,6.6570000648498535,6.05,0.6070000648498537,0.20599985122680664,normal,normal,bull_steep,203
1996-05-29,6.764999866485596,6.16,0.6049998664855956,0.22099966049194286,normal,normal,bull_steep,204
1996-05-30,6.756999969482422,6.18,0.5769999694824222,0.18499984741210973,normal,normal,bull_steep,205
1996-05-31,6.843999862670898,6.27,0.5739998626708989,0.1939997673034668,normal,normal,bull_steep,206
1996-06-03,6.861000061035156,6.26,0.6010000610351565,0.225999870300293,normal,normal,bull_steep,207
1996-06-04,6.8429999351501465,6.24,0.6029999351501463,0.21199983596801708,normal,normal,bull_steep,208
1996-06-05,6.816999912261963,6.24,0.5769999122619627,0.18299982070922827,normal,normal,bull_steep,209
1996-06-06,6.747000217437744,6.16,0.587000217437744,0.19100032806396428,normal,normal,bull_steep,210
1996-06-07,6.918000221252441,6.4,0.518000221252441,0.13500032424926722,normal,normal,bull_steep,211
1996-06-10,6.958000183105469,6.4,0.5580001831054684,0.19300039291381843,normal,normal,bull_steep,212
1996-06-11,6.980000019073486,6.37,0.6100000190734862,0.24000020980834957,normal,normal,bull_steep,213
1996-06-12,7.014999866485596,6.39,0.624999866485596,0.24200006484985348,normal,normal,bull_steep,214
1996-06-13,7.001999855041504,6.36,0.6419998550415036,0.3029997634887689,normal,normal,bull_steep,215
1996-06-14,6.935999870300293,6.29,0.6459998703002929,0.26700004577636705,normal,normal,bull_steep,216
1996-06-17,6.88700008392334,6.27,0.6170000839233403,0.2660001754760746,normal,normal,bull_steep,217
1996-06-18,6.913000106811523,6.28,0.6330001068115232,0.29400028228759734,normal,normal,bull_steep,218
1996-06-19,6.953000068664551,6.31,0.6430000686645512,0.3160000038146977,normal,normal,bull_steep,219
1996-06-20,6.961999893188477,6.38,0.5819998931884767,0.25799983978271523,normal,normal,bull_steep,220
1996-06-21,6.943999767303467,6.35,0.5939997673034672,0.2789999961853029,normal,normal,bull_steep,221
1996-06-24,6.927000045776367,6.32,0.6070000457763669,0.27200000762939425,normal,normal,bull_steep,222
1996-06-25,6.895999908447266,6.3,0.5959999084472658,0.24700014114379876,normal,normal,bull_steep,223
1996-06-26,6.895999908447266,6.3,0.5959999084472658,0.2659999656677252,normal,normal,bull_steep,224
1996-06-27,6.815999984741211,6.21,0.605999984741211,0.28199985504150415,normal,normal,bull_steep,225
1996-06-28,6.710999965667725,6.11,0.6009999656677243,0.2749997520446774,normal,normal,bull_steep,226
1996-07-01,6.723999977111816,6.15,0.573999977111816,0.24700004577636658,normal,normal,bull_steep,227
1996-07-02,6.785999774932861,6.22,0.5659997749328616,0.2969996452331545,normal,normal,bull_steep,228
1996-07-03,6.755000114440918,6.2,0.5550001144409178,0.27000019073486303,normal,normal,bull_steep,229
1996-07-05,7.046999931335449,6.44,0.6069999313354488,0.31400009155273434,normal,normal,bull_steep,230
1996-07-08,7.046999931335449,6.43,0.6169999313354495,0.3199999237060549,normal,normal,bull_steep,231
1996-07-09,7.001999855041504,6.41,0.5919998550415038,0.302999744415283,normal,normal,bull_steep,232
1996-07-10,6.929999828338623,6.34,0.5899998283386232,0.29299962997436513,normal,normal,bull_steep,233
1996-07-11,6.886000156402588,6.28,0.6060001564025876,0.31599996566772415,normal,normal,bull_steep,234
1996-07-12,6.834000110626221,6.26,0.5740001106262209,0.25800029754638665,normal,normal,bull_steep,235
1996-07-15,6.873000144958496,6.32,0.5530001449584958,0.20199996948242127,normal,normal,bull_steep,236
1996-07-16,6.808000087738037,6.23,0.5780000877380367,0.13799989700317372,normal,normal,bull_steep,237
1996-07-17,6.821000099182129,6.23,0.5910000991821285,0.20699993133544847,normal,normal,bull_steep,238
1996-07-18,6.709000110626221,6.16,0.5490001106262206,0.14499994277954098,normal,normal,bull_steep,239
1996-07-19,6.7729997634887695,6.18,0.5929997634887698,0.19999998092651428,normal,normal,bull_steep,240
1996-07-22,6.824999809265137,6.23,0.5949998092651363,0.1529999160766593,normal,normal,bull_steep,241
1996-07-23,6.795000076293945,6.23,0.5650000762939449,0.12200019836425646,normal,normal,bull_steep,242
1996-07-24,6.863999843597412,6.26,0.6039998435974123,0.1789998817443852,normal,normal,bull_steep,243
1996-07-25,6.85099983215332,6.28,0.5709998321533201,0.14099977493286087,normal,normal,bull_steep,244
1996-07-26,6.836999893188477,6.25,0.5869998931884766,0.15399984359741214,normal,normal,bull_steep,245
1996-07-29,6.915999889373779,6.32,0.595999889373779,0.16300001144409038,normal,normal,bull_steep,246
1996-07-30,6.872000217437744,6.3,0.5720002174377443,0.1100000762939457,normal,normal,bull_steep,247
1996-07-31,6.789999961853027,6.22,0.5699999618530276,0.10499982833862287,normal,normal,bull_steep,248
1996-08-01,6.625999927520752,6.08,0.5459999275207519,0.08000007629394545,normal,normal,bull_steep,249
1996-08-02,6.49399995803833,5.91,0.5839999580383299,0.10199981689453086,normal,normal,bull_steep,250
1996-08-05,6.511000156402588,5.93,0.5810001564025882,0.13000020980835014,normal,normal,bull_steep,251
1996-08-06,6.5320000648498535,5.93,0.6020000648498538,0.14800003051757837,normal,normal,bull_steep,252
1996-08-07,6.539999961853027,5.97,0.5699999618530276,0.13300012588500998,normal,normal,bull_steep,253
1996-08-08,6.557000160217285,5.97,0.5870001602172854,0.13300012588500998,normal,normal,bull_steep,254
1996-08-09,6.488999843597412,5.93,0.5589998435974124,0.11499982833862354,normal,normal,bull_steep,255
1996-08-12,6.47599983215332,5.92,0.5559998321533204,0.1409996414184569,normal,normal,bull_steep,256
1996-08-13,6.565000057220459,5.97,0.5950000572204592,0.18900014877319382,normal,normal,bull_steep,257
1996-08-14,6.565000057220459,5.97,0.5950000572204592,0.18500017166137717,normal,normal,bull_steep,258
1996-08-15,6.607999801635742,6.0,0.6079998016357422,0.18299980163574237,normal,normal,bull_steep,259
1996-08-16,6.543000221252441,5.95,0.5930002212524412,0.1760003280639646,normal,normal,bull_steep,260
1996-08-19,6.572999954223633,5.97,0.6029999542236331,0.21800006866455135,normal,normal,bull_steep,261
1996-08-20,6.572999954223633,5.97,0.6029999542236331,0.2189999580383306,normal,normal,bull_steep,262
1996-08-21,6.603000164031982,5.99,0.6130001640319822,0.26500013351440366,normal,normal,bull_steep,263
1996-08-22,6.611000061035156,6.0,0.6110000610351562,0.25099996566772464,normal,normal,bull_steep,264
1996-08-23,6.701000213623047,6.09,0.611000213623047,0.26400039672851605,normal,normal,bull_steep,265
1996-08-26,6.791999816894531,6.18,0.6119998168945315,0.28999992370605465,normal,normal,bull_steep,266
1996-08-27,6.765999794006348,6.17,0.5959997940063477,0.257999629974365,normal,normal,bull_steep,267
1996-08-28,6.7829999923706055,6.17,0.6129999923706055,0.2979998207092285,normal,normal,bull_steep,268
1996-08-29,6.848999977111816,6.23,0.618999977111816,0.2970000839233391,normal,normal,bull_steep,269
1996-08-30,6.935999870300293,6.34,0.5959998703002931,0.25399999618530256,normal,normal,bull_steep,270
1996-09-03,6.892000198364258,6.35,0.5420001983642582,0.1860001373291018,normal,normal,bull_steep,271
1996-09-04,6.927000045776367,6.38,0.5470000457763673,0.16700027465820355,normal,normal,bull_steep,272
1996-09-05,6.9629998207092285,6.38,0.5829998207092286,0.17199974060058576,normal,normal,bull_steep,273
1996-09-06,6.922999858856201,6.33,0.5929998588562011,0.2209999847412112,normal,normal,bull_steep,274
1996-09-09,6.882999897003174,6.32,0.5629998970031735,0.15300012588500955,normal,normal,bull_steep,275
1996-09-10,6.918000221252441,6.34,0.5780002212524415,0.15900014877319357,normal,normal,bull_steep,276
1996-09-11,6.922999858856201,6.34,0.5829998588562013,0.17299980163574258,normal,normal,bull_steep,277
1996-09-12,6.861000061035156,6.27,0.5910000610351567,0.1830000877380371,normal,normal,bull_steep,278
1996-09-13,6.7210001945495605,6.1,0.6210001945495609,0.20600021362304766,normal,normal,bull_steep,279
1996-09-16,6.708000183105469,6.14,0.5680001831054691,0.14800029754638722,normal,normal,bull_steep,280
1996-09-17,6.790999889373779,6.22,0.5709998893737795,0.17600008010864254,normal,normal,bull_steep,281
1996-09-18,6.813000202178955,6.26,0.5530002021789553,0.14600030899047844,normal,normal,bull_steep,282
1996-09-19,6.8429999351501465,6.29,0.5529999351501464,0.15699995040893544,normal,normal,bull_steep,283
1996-09-20,6.826000213623047,6.26,0.5660002136230471,0.11700025558471694,normal,normal,bull_steep,284
1996-09-23,6.808000087738037,6.24,0.5680000877380369,0.09100004196166989,normal,normal,bull_steep,285
1996-09-24,6.742000102996826,6.16,0.582000102996826,0.10900024414062504,normal,normal,bull_steep,286
1996-09-25,6.685999870300293,6.08,0.6059998703002929,0.11300001144409144,normal,normal,bull_steep,287
1996-09-26,6.638000011444092,6.05,0.588000011444092,0.06900016784667962,normal,normal,bull_steep,288
1996-09-27,6.668000221252441,6.07,0.5980002212524411,0.06200017929077095,normal,normal,bull_steep,289
1996-09-30,6.698999881744385,6.1,0.5989998817443851,0.017000026702881144,normal,normal,bull_steep,290
1996-10-01,6.629000186920166,6.03,0.5990001869201658,0.023000049591064275,normal,normal,bull_steep,291
1996-10-02,6.590000152587891,5.98,0.6100001525878902,0.10299999237060486,normal,normal,bull_steep,292
1996-10-03,6.590000152587891,6.0,0.5900001525878906,0.08400035858154276,normal,normal,bull_steep,293
1996-10-04,6.460999965667725,5.85,0.610999965667725,0.1260000991821295,normal,normal,bull_steep,294
1996-10-07,6.513000011444092,5.89,0.6230000114440921,0.11399978637695352,normal,normal,bull_steep,295
1996-10-08,6.520999908447266,5.9,0.6209999084472653,0.07599967956542919,normal,normal,bull_steep,296
1996-10-09,6.543000221252441,5.96,0.5830002212524414,0.06000028610229524,normal,normal,bull_steep,297
1996-10-10,6.598999977111816,6.01,0.5889999771118166,0.019000148773193892,normal,normal,bull_steep,298
1996-10-11,6.546999931335449,5.92,0.6269999313354493,0.08100000381469741,normal,normal,bull_steep,299
1996-10-15,6.546999931335449,5.93,0.6169999313354495,0.04499999999999993,normal,normal,bull_steep,300
1996-10-16,6.565000057220459,5.94,0.6250000572204586,0.031000213623046058,normal,normal,bull_steep,301
1996-10-17,6.5,5.89,0.6100000000000003,-0.040999851226806605,normal,normal,bull_steep,302
1996-10-18,6.482999801635742,5.89,0.5929998016357425,-0.07800003051757809,normal,normal,bull_steep,303
1996-10-21,6.504000186920166,5.91,0.5940001869201659,-0.14800001144409158,normal,normal,bull_steep,304
1996-10-22,6.551000118255615,5.95,0.6010001182556151,-0.1289997100830078,normal,normal,bull_steep,305
1996-10-23,6.546999931335449,5.94,0.6069999313354488,-0.11800027847290107,normal,normal,bull_steep,306
1996-10-24,6.564000129699707,5.94,0.6240001296997066,-0.11499979019165085,normal,normal,bull_steep,307
1996-10-25,6.53000020980835,5.9,0.6300002098083493,-0.12799978256225586,normal,normal,bull_steep,308
1996-10-28,6.543000221252441,5.92,0.6230002212524415,-0.17699987411499052,normal,normal,bull_steep,309
1996-10-29,6.388000011444092,5.77,0.6180000114440922,-0.14800018310546825,normal,normal,bull_steep,310
1996-10-30,6.383999824523926,5.79,0.5939998245239257,-0.17300008773803732,normal,normal,bull_steep,311
1996-10-31,6.348999977111816,5.77,0.5789999771118168,-0.21399993896484304,normal,normal,bull_steep,312
1996-11-01,6.361999988555908,5.79,0.5719999885559082,-0.24899999618530266,normal,normal,bull_steep,313
1996-11-04,6.341000080108643,5.78,0.5610000801086423,-0.2889999198913573,normal,normal,bull_steep,314
1996-11-05,6.2729997634887695,5.74,0.5329997634887693,-0.2780004119873052,normal,normal,bull_steep,315
1996-11-06,6.281000137329102,5.76,0.5210001373291018,-0.2929998397827145,normal,normal,bull_steep,316
1996-11-07,6.243000030517578,5.75,0.4930000305175781,-0.30699981689453093,normal,normal,bull_steep,317
1996-11-08,6.255000114440918,5.76,0.4950001144409182,-0.34000003814697255,normal,normal,bull_steep,318
1996-11-12,6.171000003814697,5.73,0.44100000381469684,-0.3739998817443855,normal,normal,bull_steep,319
1996-11-13,6.188000202178955,5.71,0.4780002021789551,-0.28899972915649386,normal,normal,bull_steep,320
1996-11-14,6.142000198364258,5.66,0.48200019836425767,-0.19499967575073285,normal,normal,bull_steep,321
1996-11-15,6.166999816894531,5.68,0.48699981689453153,-0.18500017166137628,normal,normal,bull_steep,322
1996-11-18,6.183000087738037,5.7,0.48300008773803693,-0.2350000762939457,normal,normal,bull_steep,323
1996-11-19,6.15399980545044,5.68,0.4739998054504406,-0.22200033187866097,normal,normal,bull_steep,324
1996-11-20,6.116000175476074,5.65,0.46600017547607386,-0.20699989318847667,normal,normal,bull_steep,325
1996-11-21,6.119999885559082,5.67,0.4499998855590821,-0.22900014877319297,normal,normal,bull_steep,326
1996-11-22,6.127999782562256,5.69,0.43799978256225547,-0.2220001602172852,normal,normal,bull_steep,327
1996-11-25,6.114999771118164,5.67,0.44499977111816413,-0.2370004081726078,normal,normal,bull_steep,328
1996-11-26,6.114999771118164,5.66,0.4549997711181639,-0.14000005722045916,normal,normal,bull_steep,329
1996-11-27,6.11899995803833,5.66,0.45899995803832994,-0.1020001220703124,normal,normal,bull_steep,330
1996-11-29,6.039999961853027,5.59,0.4499999618530275,-0.1560000038146967,normal,normal,bull_steep,331
1996-12-02,6.052000045776367,5.61,0.44200004577636687,-0.20799985885620131,normal,normal,bull_steep,332
1996-12-03,6.044000148773193,5.61,0.43400014877319304,-0.14899991989135764,normal,normal,bull_steep,333
1996-12-04,6.0980000495910645,5.64,0.4580000495910648,-0.07399988174438477,normal,normal,bull_steep,334
1996-12-05,6.206999778747559,5.71,0.49699977874755863,-0.0480002021789554,normal,normal,bull_steep,335
1996-12-06,6.241000175476074,5.73,0.5110001754760738,-0.0569998931884772,normal,normal,bull_steep,336
1996-12-09,6.193999767303467,5.7,0.4939997673034666,-0.057000141143799254,normal,normal,bull_steep,337
1996-12-10,6.203000068664551,5.71,0.4930000686645508,-0.07799980163574194,normal,normal,bull_steep,338
1996-12-11,6.3470001220703125,5.82,0.5270001220703122,-0.01000011444091875,normal,normal,bull_steep,339
1996-12-12,6.376999855041504,5.84,0.536999855041504,0.024999980926513565,normal,normal,bull_steep,340
1996-12-13,6.313000202178955,5.77,0.5430002021789555,0.04100040435791019,normal,normal,bull_steep,341
1996-12-16,6.360000133514404,5.82,0.540000133514404,0.014999923706054297,normal,normal,bull_steep,342
1996-12-17,6.394000053405762,5.87,0.5240000534057616,-0.020000057220459055,normal,normal,bull_steep,343
1996-12-18,6.438000202178955,5.89,0.5480002021789554,0.030000114440918324,normal,normal,bull_steep,344
1996-12-19,6.3379998207092285,5.83,0.5079998207092284,0.010999832153320455,normal,normal,bull_steep,345
1996-12-20,6.334000110626221,5.83,0.5040001106262206,0.018999996185302237,normal,normal,bull_steep,346
1996-12-23,6.324999809265137,5.85,0.4749998092651371,-0.02100040435790973,normal,normal,bull_steep,347
1996-12-24,6.329999923706055,5.85,0.47999992370605504,-0.021000137329100887,normal,normal,bull_steep,348
1996-12-26,6.334000110626221,5.85,0.48400011062622106,-0.007000007629394567,normal,normal,bull_steep,349
1996-12-27,6.2820000648498535,5.81,0.4720000648498539,-0.04299970626831051,normal,normal,bull_steep,350
1996-12-30,6.285999774932861,5.8,0.4859997749328615,-0.06500022888183565,normal,normal,bull_steep,351
1996-12-31,6.4070000648498535,5.88,0.5270000648498536,-0.011000080108642507,normal,normal,bull_steep,352
1997-01-02,6.52400016784668,5.97,0.5540001678466799,0.02200027465820309,normal,normal,bull_steep,353
1997-01-03,6.498000144958496,5.95,0.5480001449584959,-3.814697269177714e-08,normal,normal,bull_steep,354
1997-01-06,6.519999980926514,5.97,0.5499999809265139,0.00300001144409201,normal,normal,bull_steep,355
1997-01-07,6.554999828338623,5.98,0.5749998283386226,0.036999740600585085,normal,normal,bull_steep,356
1997-01-08,6.567999839782715,6.01,0.5579998397827151,-0.005000171661376562,normal,normal,bull_steep,357
1997-01-09,6.506999969482422,5.94,0.5669999694824215,0.01900003433227493,normal,normal,bull_steep,358
1997-01-10,6.607999801635742,6.06,0.5479998016357426,-0.017000083923339737,normal,normal,bull_steep,359
1997-01-13,6.604000091552734,6.07,0.5340000915527341,-0.06999980926513683,normal,normal,bull_steep,360
1997-01-14,6.511000156402588,5.98,0.5310001564025875,-0.01999973297119162,normal,normal,bull_steep,361
1997-01-15,6.511000156402588,5.98,0.5310001564025875,-0.06799989700317433,normal,normal,bull_steep,362
1997-01-16,6.559999942779541,6.0,0.559999942779541,-0.028999824523925355,normal,normal,bull_steep,363
1997-01-17,6.52899980545044,6.0,0.5289998054504403,-0.07400009155273324,normal,normal,bull_steep,364
1997-01-21,6.49399995803833,5.99,0.5039999580383299,-0.13199993133544918,normal,normal,bull_steep,365
1997-01-22,6.52899980545044,6.0,0.5289998054504403,-0.14400037765502827,normal,normal,bull_steep,366
1997-01-23,6.564000129699707,6.06,0.5040001296997074,-0.17199979782104435,normal,normal,bull_steep,367
1997-01-24,6.61299991607666,6.07,0.5429999160766599,-0.14600030899047844,normal,normal,bull_steep,368
1997-01-27,6.6570000648498535,6.11,0.5470000648498532,-0.10099998474121108,normal,normal,bull_steep,369
1997-01-28,6.622000217437744,6.04,0.5820002174377441,-0.06499971389770476,normal,normal,bull_steep,370
1997-01-29,6.604000091552734,6.04,0.5640000915527343,-0.12699975967407262,normal,normal,bull_steep,371
1997-01-30,6.581999778747559,6.01,0.5719997787475588,-0.12799999237060522,normal,normal,bull_steep,372
1997-01-31,6.502999782562256,5.94,0.5629997825622555,-0.08300006866455156,normal,normal,bull_steep,373
1997-02-03,6.436999797821045,5.89,0.5469997978210452,-0.0890001106262206,normal,normal,bull_steep,374
1997-02-04,6.427999973297119,5.88,0.5479999732971192,-0.0749999237060548,normal,normal,bull_steep,375
1997-02-05,6.436999797821045,5.91,0.5269997978210448,-0.08600004196166999,normal,normal,bull_steep,376
1997-02-06,6.453999996185303,5.91,0.5439999961853026,-0.060999984741211044,normal,normal,bull_steep,377
1997-02-07,6.39300012588501,5.86,0.5330001258850094,-0.05799993515014723,normal,normal,bull_steep,378
1997-02-10,6.3979997634887695,5.87,0.5279997634887694,-0.07800039291381822,normal,normal,bull_steep,379
1997-02-11,6.401999950408936,5.88,0.5219999504089365,-0.06700000762939329,normal,normal,bull_steep,380
1997-02-12,6.414999961853027,5.9,0.514999961853027,-0.11000022888183647,normal,normal,bull_steep,381
1997-02-13,6.309999942779541,5.83,0.47999994277954094,-0.1299999237060545,normal,normal,bull_steep,382
1997-02-14,6.263000011444092,5.79,0.47300001144409176,-0.13400005340576193,normal,normal,bull_steep,383
1997-02-18,6.267000198364258,5.8,0.467000198364258,-0.13799966812133757,normal,normal,bull_steep,384
1997-02-19,6.283999919891357,5.82,0.46399991989135714,-0.11300004959106502,normal,normal,bull_steep,385
1997-02-20,6.340000152587891,5.85,0.490000152587891,-0.08399971008300788,normal,normal,bull_steep,386
1997-02-21,6.3480000495910645,5.85,0.4980000495910648,-0.10300001144409165,normal,normal,bull_steep,387
1997-02-24,6.377999782562256,5.89,0.4879997825622562,-0.11500015258789009,normal,normal,bull_steep,388
1997-02-25,6.382999897003174,5.9,0.4829998970031735,-0.0940000152587892,normal,normal,bull_steep,389
1997-02-26,6.552000045776367,6.06,0.4920000457763676,-0.09500017166137642,normal,normal,bull_steep,390
1997-02-27,6.560999870300293,6.09,0.4709998703002931,-0.04700035095214794,normal,normal,bull_steep,391
1997-02-28,6.534999847412109,6.09,0.4449998474121095,-0.11300033569335888,normal,normal,bull_steep,392
1997-03-03,6.557000160217285,6.11,0.44700016021728484,-0.16299985885620139,normal,normal,bull_steep,393
1997-03-04,6.583000183105469,6.11,0.47300018310546843,-0.1519996833801276,normal,normal,bull_steep,394
1997-03-05,6.578999996185303,6.13,0.44899999618530284,-0.19299985885620075,normal,normal,bull_steep,395
1997-03-06,6.605000019073486,6.15,0.455000019073486,-0.19099985122680696,normal,normal,bull_steep,396
1997-03-07,6.552000045776367,6.1,0.45200004577636754,-0.16500003814697273,normal,normal,bull_steep,397
1997-03-10,6.547999858856201,6.1,0.4479998588562015,-0.18500024795532166,normal,normal,bull_steep,398
1997-03-11,6.557000160217285,6.09,0.4670001602172853,-0.17599990844726587,normal,normal,bull_steep,399
1997-03-12,6.583000183105469,6.12,0.46300018310546864,-0.11899971008300803,normal,normal,bull_steep,400
1997-03-13,6.711999893188477,6.21,0.5019998931884766,-0.09199987411499055,normal,normal,bull_steep,401
1997-03-14,6.684999942779541,6.18,0.5049999427795413,-0.1020001029968256,normal,normal,bull_steep,402
1997-03-17,6.698999881744385,6.22,0.478999881744385,-0.11700002670288079,normal,normal,bull_steep,403
1997-03-18,6.711999893188477,6.22,0.4919998931884768,-0.10400001525878899,normal,normal,bull_steep,404
1997-03-19,6.72599983215332,6.24,0.4859998321533201,-0.12000015258789087,normal,normal,bull_steep,405
1997-03-20,6.72599983215332,6.27,0.45599983215332074,-0.14500013351440355,normal,normal,bull_steep,406
1997-03-21,6.730000019073486,6.29,0.4400000190734863,-0.13399995803832976,normal,normal,bull_steep,407
1997-03-24,6.708000183105469,6.29,0.4180001831054687,-0.14799959182739286,normal,normal,bull_steep,408
1997-03-25,6.748000144958496,6.33,0.418000144958496,-0.13699996948242177,normal,normal,bull_steep,409
1997-03-26,6.783999919891357,6.38,0.40399991989135753,-0.2030000114440913,normal,normal,bull_steep,410
1997-03-27,6.883999824523926,6.45,0.4339998245239256,-0.1830001068115239,normal,normal,bull_steep,411
1997-03-31,6.9070000648498535,6.45,0.45700006484985334,-0.13499979019165043,normal,normal,bull_steep,412
1997-04-01,6.880000114440918,6.42,0.46000011444091804,-0.12999971389770515,normal,normal,bull_steep,413
1997-04-02,6.861999988555908,6.42,0.4419999885559083,-0.16400016784667937,normal,normal,bull_steep,414
1997-04-03,6.853000164031982,6.4,0.45300016403198207,-0.12099994659423885,normal,normal,bull_steep,415
1997-04-04,6.9079999923706055,6.44,0.4679999923706051,-0.08500015258789073,normal,normal,bull_steep,416
1997-04-07,6.857999801635742,6.41,0.44799980163574205,-0.13000028610229464,normal,normal,bull_steep,417
1997-04-08,6.889999866485596,6.44,0.4499998664855953,-0.14100023269653317,normal,normal,bull_steep,418
1997-04-09,6.889999866485596,6.44,0.4499998664855953,-0.09900024414062525,normal,normal,bull_steep,419
1997-04-10,6.894000053405762,6.46,0.43400005340576175,-0.15899971008300806,normal,normal,bull_steep,420
1997-04-11,6.9629998207092285,6.53,0.43299982070922827,-0.16199998855590803,normal,normal,bull_steep,421
1997-04-14,6.964000225067139,6.54,0.42400022506713864,-0.14099985122680625,normal,normal,bull_steep,422
1997-04-15,6.868000030517578,6.45,0.41800003051757795,-0.18599981307983438,normal,normal,bull_steep,423
1997-04-16,6.886000156402588,6.49,0.3960001564025877,-0.1749996757507324,normal,normal,bull_steep,424
1997-04-17,6.84499979019165,6.44,0.40499979019165,-0.18200010299682656,normal,normal,bull_steep,425
1997-04-18,6.822999954223633,6.42,0.4029999542236329,-0.19299993515014613,normal,normal,bull_steep,426
1997-04-21,6.859000205993652,6.46,0.3990002059936524,-0.17300001144409194,normal,normal,bull_steep,427
1997-04-22,6.828000068664551,6.43,0.39800006866455107,-0.17199989318847653,normal,normal,bull_steep,428
1997-04-23,6.86899995803833,6.47,0.3989999580383303,-0.14699996948242156,normal,normal,bull_steep,429
1997-04-24,6.909999847412109,6.52,0.3899998474121098,-0.19400011062622013,normal,normal,bull_steep,430
1997-04-25,6.927999973297119,6.54,0.3879999732971191,-0.19300018310546907,normal,normal,bull_steep,431
1997-04-28,6.901000022888184,6.51,0.3910000228881838,-0.21100004196167,normal,normal,bull_steep,432
1997-04-29,6.750999927520752,6.34,0.4109999275207521,-0.1590000343322755,normal,normal,bull_steep,433
1997-04-30,6.702000141143799,6.29,0.4120001411437988,-0.1750000190734866,normal,normal,bull_steep,434
1997-05-01,6.679999828338623,6.27,0.4099998283386235,-0.14900001525878892,normal,normal,bull_steep,435
1997-05-02,6.665999889373779,6.26,0.4059998893737795,-0.14999994277954087,normal,normal,bull_steep,436
1997-05-05,6.652999877929688,6.28,0.37299987792968814,-0.2220001792907711,normal,normal,bull_steep,437
1997-05-06,6.64900016784668,6.29,0.35900016784667965,-0.23599988937377958,normal,normal,bull_steep,438
1997-05-07,6.724999904632568,6.36,0.36499990463256804,-0.24299989700317415,normal,normal,bull_steep,439
1997-05-08,6.706999778747559,6.33,0.3769997787475585,-0.2160004425048827,normal,normal,bull_steep,440
1997-05-09,6.651000022888184,6.24,0.4110000228881834,-0.19199993133544968,normal,normal,bull_steep,441
1997-05-12,6.633999824523926,6.23,0.40399982452392535,-0.1990001296997077,normal,normal,bull_steep,442
1997-05-13,6.698999881744385,6.3,0.39899988174438494,-0.21400028228759727,normal,normal,bull_steep,443
1997-05-14,6.672999858856201,6.26,0.4129998588562014,-0.19800020217895486,normal,normal,bull_steep,444
1997-05-15,6.65500020980835,6.25,0.4050002098083496,-0.2060000038146974,normal,normal,bull_steep,445
1997-05-16,6.690000057220459,6.28,0.41000005722045874,-0.2019997596740728,normal,normal,bull_steep,446
1997-05-19,6.693999767303467,6.28,0.41399976730346655,-0.18200002670288118,normal,normal,bull_steep,447
1997-05-20,6.690000057220459,6.25,0.440000057220459,-0.17299993515014656,normal,normal,bull_steep,448
1997-05-21,6.724999904632568,6.25,0.47499990463256836,-0.14400007247924762,normal,normal,bull_steep,449
1997-05-22,6.742000102996826,6.27,0.4720001029968266,-0.12399976730346651,normal,normal,bull_steep,450
1997-05-23,6.729000091552734,6.25,0.4790000915527344,-0.06300010681152379,normal,normal,bull_steep,451
1997-05-27,6.7820000648498535,6.3,0.4820000648498537,-0.0649999809265136,normal,normal,bull_steep,452
1997-05-28,6.7820000648498535,6.34,0.44200006484985366,-0.14099975585937496,normal,normal,bull_steep,453
1997-05-29,6.73799991607666,6.3,0.43799991607666033,-0.15499994277954077,normal,normal,bull_steep,454
1997-05-30,6.663000106811523,6.22,0.4430001068115237,-0.11999979019164986,normal,normal,bull_steep,455
1997-06-02,6.645999908447266,6.23,0.4159999084472652,-0.16200031280517635,normal,normal,bull_steep,456
1997-06-03,6.616000175476074,6.2,0.41600017547607404,-0.16699968338012727,normal,normal,bull_steep,457
1997-06-04,6.611000061035156,6.2,0.4110000610351561,-0.1800000000000006,normal,normal,bull_steep,458
1997-06-05,6.60699987411499,6.2,0.40699987411499006,-0.21400032043457085,normal,normal,bull_steep,459
1997-06-06,6.489999771118164,6.12,0.36999977111816396,-0.1980004119873051,normal,normal,bull_steep,460
1997-06-09,6.538000106811523,6.15,0.3880001068115231,-0.18299978256225646,normal,normal,bull_steep,461
1997-06-10,6.550000190734863,6.17,0.38000019073486335,-0.17300001144409194,normal,normal,bull_steep,462
1997-06-11,6.541999816894531,6.19,0.35199981689453086,-0.2010001182556156,normal,normal,bull_steep,463
1997-06-12,6.464000225067139,6.07,0.3940002250671384,-0.1719999885559087,normal,normal,bull_steep,464
1997-06-13,6.413000106811523,6.03,0.3830001068115232,-0.1849999809265137,normal,normal,bull_steep,465
1997-06-16,6.38700008392334,6.02,0.36700008392334027,-0.21500001907348576,normal,normal,bull_steep,466
1997-06-17,6.413000106811523,6.05,0.3630001068115236,-0.24299976348876928,normal,normal,bull_steep,467
1997-06-18,6.382999897003174,6.02,0.36299989700317425,-0.22500011444091772,normal,normal,bull_steep,468
1997-06-19,6.382999897003174,6.04,0.3429998970031738,-0.25500032424926733,normal,normal,bull_steep,469
1997-06-20,6.35699987411499,6.02,0.33699987411499066,-0.26200000762939446,normal,normal,bull_steep,470
1997-06-23,6.390999794006348,6.04,0.3509997940063476,-0.24800039291381815,normal,normal,bull_steep,471
1997-06-24,6.39900016784668,6.03,0.36900016784667944,-0.24099998474121076,normal,normal,bull_steep,472
1997-06-25,6.434000015258789,6.05,0.38400001525878924,-0.20600013732910138,normal,normal,bull_steep,473
1997-06-26,6.480999946594238,6.05,0.43099994659423846,-0.1800000190734865,normal,normal,bull_steep,474
1997-06-27,6.446000099182129,6.03,0.41600009918212866,-0.20699991226196346,normal,normal,bull_steep,475
1997-06-30,6.501999855041504,6.08,0.42199985504150384,-0.19900005340576143,normal,normal,bull_steep,476
1997-07-01,6.438000202178955,6.02,0.4180002021789555,-0.16500001907348594,normal,normal,bull_steep,477
1997-07-02,6.402999877929688,6.02,0.3829998779296888,-0.2060000991821278,normal,normal,bull_steep,478
1997-07-03,6.288000106811523,5.93,0.3580001068115237,-0.26899982452392557,normal,normal,bull_steep,479
1997-07-07,6.25,5.92,0.33000000000000007,-0.28699993133544943,normal,normal,bull_steep,480
1997-07-08,6.257999897003174,5.92,0.3379998970031739,-0.2870001602172847,normal,normal,bull_steep,481
1997-07-09,6.232999801635742,5.9,0.33299980163574183,-0.2770001983642585,normal,normal,bull_steep,482
1997-07-10,6.241000175476074,5.91,0.3310001754760741,-0.26199962615966843,normal,normal,bull_steep,483
1997-07-11,6.21999979019165,5.89,0.3299997901916507,-0.26400039672851516,normal,normal,bull_steep,484
1997-07-14,6.236999988555908,5.94,0.2969999885559078,-0.30400012969970724,normal,normal,bull_steep,485
1997-07-15,6.244999885559082,5.92,0.3249998855590821,-0.2820000457763667,normal,normal,bull_steep,486
1997-07-16,6.182000160217285,5.87,0.31200016021728505,-0.3119999694824216,normal,normal,bull_steep,487
1997-07-17,6.181000232696533,5.87,0.3110002326965331,-0.31899997711181616,normal,normal,bull_steep,488
1997-07-18,6.23199987411499,5.91,0.3219998741149901,-0.3010003471374514,normal,normal,bull_steep,489
1997-07-21,6.252999782562256,5.94,0.31299978256225547,-0.30500022888183675,normal,normal,bull_steep,490
1997-07-22,6.14300012588501,5.9,0.2430001258850094,-0.35099969863891634,normal,normal,bull_steep,491
1997-07-23,6.122000217437744,5.85,0.2720002174377445,-0.30699975967407234,normal,normal,bull_steep,492
1997-07-24,6.135000228881836,5.87,0.26500022888183583,-0.30699975967407234,normal,normal,bull_steep,493
1997-07-25,6.164000034332275,5.87,0.2940000343322753,-0.26700004577636705,normal,normal,bull_steep,494
1997-07-28,6.138000011444092,5.86,0.2780000114440915,-0.25499975204467784,normal,normal,bull_steep,495
1997-07-29,6.0879998207092285,5.79,0.2979998207092285,-0.2230003166198733,normal,normal,bull_steep,496
1997-07-30,6.041999816894531,5.76,0.28199981689453146,-0.21100021362304666,normal,normal,bull_steep,497
1997-07-31,6.004000186920166,5.74,0.2640001869201658,-0.23099992752075238,normal,normal,bull_steep,498
1997-08-01,6.179999828338623,5.89,0.28999982833862337,-0.15100017547607347,normal,normal,bull_steep,499
1997-08-04,6.214000225067139,5.91,0.30400022506713853,-0.17399997711181658,normal,normal,bull_steep,500
1997-08-05,6.2220001220703125,5.93,0.2920001220703128,-0.1900000762939449,normal,normal,bull_steep,501
1997-08-06,6.204999923706055,5.91,0.29499992370605455,-0.191999893188477,normal,normal,bull_steep,502
1997-08-07,6.2230000495910645,5.93,0.29300004959106474,-0.1900000381469722,normal,normal,bull_steep,503
1997-08-08,6.363999843597412,6.02,0.34399984359741254,-0.1299999618530281,normal,normal,bull_steep,504
1997-08-11,6.35099983215332,5.99,0.3609998321533201,-0.10500034332275376,normal,normal,bull_steep,505
1997-08-12,6.373000144958496,6.0,0.3730001449584961,-0.07699974060058601,normal,normal,bull_steep,506
1997-08-13,6.3429999351501465,5.95,0.3929999351501463,-0.04499984741210916,normal,normal,bull_steep,507
1997-08-14,6.261000156402588,5.92,0.34100015640258796,-0.10399961471557617,normal,normal,bull_steep,508
1997-08-15,6.248000144958496,5.87,0.378000144958496,-0.07699962615966793,normal,normal,bull_steep,509
1997-08-18,6.201000213623047,5.82,0.3810002136230466,-0.07799974441528335,normal,normal,bull_steep,510
1997-08-19,6.204999923706055,5.85,0.35499992370605504,-0.09500003814697244,normal,normal,bull_steep,511
1997-08-20,6.227000236511231,5.88,0.34700023651123146,-0.0949998092651354,normal,normal,bull_steep,512
1997-08-21,6.290999889373779,5.95,0.3409998893737791,-0.09300025939941392,normal,normal,bull_steep,513
1997-08-22,6.363999843597412,5.98,0.3839998435974117,-0.07400020599365309,normal,normal,bull_steep,514
1997-08-25,6.381999969482422,6.01,0.3719999694824221,-0.12499980926513654,normal,normal,bull_steep,515
1997-08-26,6.373000144958496,5.99,0.3830001449584959,-0.1280000305175779,normal,normal,bull_steep,516
1997-08-27,6.36899995803833,6.01,0.3589999580383303,-0.13499980926513633,normal,normal,bull_steep,517
1997-08-28,6.290999889373779,5.94,0.3509998893737789,-0.1420001792907719,normal,normal,bull_steep,518
1997-08-29,6.329999923706055,5.97,0.35999992370605494,-0.16700019836425728,normal,normal,bull_steep,519
1997-09-02,6.295000076293945,5.94,0.3550000762939449,-0.18199977874755913,normal,normal,bull_steep,520
1997-09-03,6.303999900817871,5.96,0.34399990081787113,-0.19900030136108438,normal,normal,bull_steep,521
1997-09-04,6.316999912261963,5.98,0.33699991226196246,-0.20300022125244155,normal,normal,bull_steep,522
1997-09-05,6.3429999351501465,5.98,0.36299993515014606,-0.16100011825561555,normal,normal,bull_steep,523
1997-09-08,6.316999912261963,5.98,0.33699991226196246,-0.21100028991699293,normal,normal,bull_steep,524
1997-09-09,6.326000213623047,5.98,0.34600021362304645,-0.161999607086182,normal,normal,bull_steep,525
1997-09-10,6.3429999351501465,6.0,0.3429999351501465,-0.16100017547607415,normal,normal,bull_steep,526
1997-09-11,6.373000144958496,6.0,0.3730001449584961,-0.10199966430664098,normal,normal,bull_steep,527
1997-09-12,6.277999877929688,5.93,0.3479998779296887,-0.13200004577636637,normal,normal,bull_steep,528
1997-09-15,6.264999866485596,5.93,0.334999866485596,-0.14900024414062507,normal,normal,bull_steep,529
1997-09-16,6.093999862670898,5.81,0.28399986267089883,-0.18800020217895508,normal,normal,bull_steep,530
1997-09-17,6.085999965667725,5.79,0.2959999656677246,-0.18999980926513693,normal,normal,bull_steep,531
1997-09-18,6.090000152587891,5.81,0.280000152587891,-0.2469999122619626,normal,normal,bull_steep,532
1997-09-19,6.077000141143799,5.81,0.2670001411437992,-0.2870000267028807,normal,normal,bull_steep,533
1997-09-22,6.047999858856201,5.79,0.25799985885620114,-0.2900002861022948,normal,normal,bull_steep,534
1997-09-23,6.080999851226807,5.8,0.2809998512268068,-0.2690001296997071,normal,normal,bull_steep,535
1997-09-24,6.034999847412109,5.78,0.2549998474121091,-0.3199999809265135,normal,normal,bull_steep,536
1997-09-25,6.114999771118164,5.85,0.2649997711181644,-0.29300006866455064,normal,normal,bull_steep,537
1997-09-26,6.072999954223633,5.8,0.272999954223633,-0.2940000152587885,normal,normal,bull_steep,538
1997-09-29,6.080999851226807,5.8,0.2809998512268068,-0.26699995040893576,normal,normal,bull_steep,539
1997-09-30,6.10699987411499,5.8,0.3069998741149904,-0.22700021743774368,normal,normal,bull_steep,540
1997-10-01,6.026000022888184,5.75,0.2760000228881836,-0.25500013351440387,normal,normal,bull_steep,541
1997-10-02,6.000999927520752,5.73,0.2709999275207515,-0.26000022888183594,normal,normal,bull_steep,542
1997-10-03,5.995999813079834,5.72,0.27599981307983423,-0.2840001296997068,normal,normal,bull_steep,543
1997-10-06,5.953999996185303,5.68,0.273999996185303,-0.2549998092651373,normal,normal,bull_steep,544
1997-10-07,5.925000190734863,5.67,0.25500019073486335,-0.2489997673034665,normal,normal,bull_steep,545
1997-10-08,6.072999954223633,5.79,0.2829999542236328,-0.24599985122680756,normal,normal,bull_steep,546
1997-10-09,6.080999851226807,5.8,0.2809998512268068,-0.2230002784729006,normal,normal,bull_steep,547
1997-10-10,6.136000156402588,5.86,0.27600015640258757,-0.2669997596740723,normal,normal,bull_steep,548
1997-10-14,6.059999942779541,5.81,0.2499999427795414,-0.2970001220703118,normal,normal,bull_steep,549
1997-10-15,6.093999862670898,5.84,0.2539998626708986,-0.3280003547668455,normal,normal,bull_steep,550
1997-10-16,6.080999851226807,5.84,0.24099985122680678,-0.32300024032592756,normal,normal,bull_steep,551
1997-10-17,6.144999980926514,5.91,0.23499998092651353,-0.3369997978210453,normal,normal,bull_steep,552
1997-10-20,6.131999969482422,5.9,0.23199996948242152,-0.33099981307983395,normal,normal,bull_steep,553
1997-10-21,6.127999782562256,5.92,0.20799978256225593,-0.3390000152587893,normal,normal,bull_steep,554
1997-10-22,6.114999771118164,5.91,0.20499977111816392,-0.3430002021789553,normal,normal,bull_steep,555
1997-10-23,6.017000198364258,5.79,0.22700019836425778,-0.299999599456787,normal,normal,bull_steep,556
1997-10-24,6.0,5.79,0.20999999999999996,-0.33399999618530263,normal,normal,bull_steep,557
1997-10-27,5.89900016784668,5.62,0.2790001678466796,-0.25399995803832986,normal,normal,bull_steep,558
1997-10-28,5.966000080108643,5.74,0.22600008010864236,-0.30199968338012706,normal,normal,bull_steep,559
1997-10-29,5.902999877929688,5.67,0.23299987792968846,-0.2890000724792481,normal,normal,bull_steep,560
1997-10-30,5.835999965667725,5.61,0.2259999656677243,-0.2889999961853027,normal,normal,bull_steep,561
1997-10-31,5.818999767303467,5.63,0.1889997673034669,-0.29100017547607404,normal,normal,bull_steep,562
1997-11-03,5.894000053405762,5.69,0.20400005340576133,-0.26899995803833043,normal,normal,bull_steep,563
1997-11-04,5.935999870300293,5.73,0.20599987030029254,-0.26100032806396545,normal,normal,bull_steep,564
1997-11-05,5.932000160217285,5.73,0.20200016021728473,-0.2619997596740724,normal,normal,bull_steep,565
1997-11-06,5.888999938964844,5.7,0.18899993896484357,-0.3010002136230474,normal,normal,bull_steep,566
1997-11-07,5.885000228881836,5.71,0.17500022888183597,-0.32299982070922884,normal,normal,bull_steep,567
1997-11-10,5.906000137329102,5.73,0.17600013732910114,-0.31199964523315504,normal,normal,bull_steep,568
1997-11-12,5.885000228881836,5.7,0.18500022888183576,-0.2979996681213377,normal,normal,bull_steep,569
1997-11-13,5.860000133514404,5.7,0.16000013351440412,-0.33199991226196346,normal,normal,bull_steep,570
1997-11-14,5.8470001220703125,5.7,0.14700012207031232,-0.3239997482299808,normal,normal,bull_steep,571
1997-11-17,5.834000110626221,5.7,0.13400011062622053,-0.310999736785889,normal,normal,bull_steep,572
1997-11-18,5.834000110626221,5.71,0.12400011062622074,-0.3230000495910641,normal,normal,bull_steep,573
1997-11-19,5.801000118255615,5.7,0.10100011825561506,-0.3720000648498534,normal,normal,bull_steep,574
1997-11-20,5.826000213623047,5.73,0.09600021362304645,-0.3529997825622564,normal,normal,bull_steep,575
1997-11-21,5.804999828338623,5.68,0.12499982833862333,-0.33000019073486264,normal,normal,bull_steep,576
1997-11-24,5.85099983215332,5.71,0.14099983215332035,-0.3110002136230472,normal,normal,bull_steep,577
1997-11-25,5.8379998207092285,5.71,0.12799982070922855,-0.320000038146973,normal,normal,bull_steep,578
1997-11-26,5.85099983215332,5.74,0.1109998321533201,-0.3560003280639652,normal,normal,bull_steep,579
1997-11-28,5.85099983215332,5.76,0.09099983215332053,-0.3720003509521481,normal,normal,bull_steep,580
1997-12-01,5.8460001945495605,5.78,0.0660001945495603,-0.4359996986389163,bull_steep,normal,bull_steep,581
1997-12-02,5.8460001945495605,5.78,0.0660001945495603,-0.438999748229981,bull_steep,normal,bull_steep,582
1997-12-03,5.824999809265137,5.74,0.0849998092651365,-0.3940000724792485,normal,normal,bull_steep,583
1997-12-04,5.834000110626221,5.71,0.12400011062622074,-0.3679997825622561,normal,normal,bull_steep,584
1997-12-05,5.892000198364258,5.8,0.09200019836425799,-0.3939996337890621,normal,normal,bull_steep,585
1997-12-08,5.942999839782715,5.85,0.0929998397827152,-0.36299999237060554,normal,normal,bull_steep,586
1997-12-09,5.939000129699707,5.81,0.12900012969970742,-0.31099988937377887,normal,normal,bull_steep,587
1997-12-10,5.892000198364258,5.75,0.1420001983642578,-0.2759999847412109,normal,normal,bull_steep,588
1997-12-11,5.811999797821045,5.68,0.1319997978210452,-0.2860003471374508,normal,normal,bull_steep,589
1997-12-12,5.73199987411499,5.63,0.10199987411499034,-0.3020000457763672,normal,normal,bull_steep,590
1997-12-15,5.765999794006348,5.68,0.08599979400634794,-0.34800003051757766,normal,normal,bull_steep,591
1997-12-16,5.761000156402588,5.68,0.08100015640258817,-0.37599990844726516,normal,normal,bull_steep,592
1997-12-17,5.790999889373779,5.7,0.09099988937377912,-0.3690002250671389,normal,normal,bull_steep,593
1997-12-18,5.749000072479248,5.68,0.06900007247924833,-0.37299991607665994,normal,normal,bull_steep,594
1997-12-19,5.710999965667725,5.66,0.05099996566772447,-0.4020001983642576,bull_steep,normal,bull_steep,595
1997-12-22,5.710999965667725,5.69,0.02099996566772422,-0.44700002670288086,bull_steep,normal,bull_steep,596
1997-12-23,5.718999862670898,5.69,0.028999862670898047,-0.418999938964844,bull_steep,normal,bull_steep,597
1997-12-24,5.727000236511231,5.67,0.05700023651123143,-0.3929996299743639,normal,normal,bull_steep,598
1997-12-26,5.735000133514404,5.69,0.045000133514403906,-0.4049997329711914,bull_steep,normal,bull_steep,599
1997-12-29,5.748000144958496,5.69,0.0580001449584957,-0.37599990844726605,normal,normal,bull_steep,600
1997-12-30,5.785999774932861,5.71,0.07599977493286136,-0.3570000457763669,normal,normal,bull_steep,601
1997-12-31,5.738999843597412,5.66,0.07899984359741197,-0.34500038146972667,normal,normal,bull_steep,602
1998-01-02,5.65500020980835,5.59,0.06500020980834975,-0.3529998207092282,normal,normal,bull_steep,603
1998-01-05,5.498000144958496,5.47,0.028000144958496342,-0.36800001144409134,normal,normal,bull_steep,604
1998-01-06,5.4730000495910645,5.39,0.08300004959106477,-0.3219997406005852,normal,normal,bull_steep,605
1998-01-07,5.526999950408936,5.42,0.1069999504089365,-0.2960000038146964,normal,normal,bull_steep,606
1998-01-08,5.465000152587891,5.31,0.15500015258789102,-0.24400005340576136,normal,normal,bull_steep,607
1998-01-09,5.379000186920166,5.17,0.2090001869201661,-0.18899988174438498,normal,normal,bull_steep,608
1998-01-12,5.369999885559082,5.2,0.16999988555908185,-0.22900007247924847,normal,normal,bull_steep,609
1998-01-13,5.39900016784668,5.25,0.1490001678466797,-0.2409996795654301,normal,normal,bull_steep,610
1998-01-14,5.439000129699707,5.29,0.149000129699707,-0.2389998435974121,normal,normal,bull_steep,611
1998-01-15,5.460000038146973,5.29,0.17000003814697262,-0.2209999847412112,normal,normal,bull_steep,612
1998-01-16,5.513000011444092,5.35,0.16300001144409215,-0.24799991607665994,normal,normal,bull_steep,613
1998-01-20,5.546000003814697,5.37,0.17600000381469716,-0.23600013732910163,normal,normal,bull_steep,614
1998-01-21,5.525000095367432,5.33,0.19500009536743157,-0.2149997329711919,normal,normal,bull_steep,615
1998-01-22,5.5329999923706055,5.3,0.23299999237060565,-0.17299989700317386,normal,normal,bull_steep,616
1998-01-23,5.683000087738037,5.42,0.2630000877380372,-0.10999979019165096,normal,normal,bull_steep,617
1998-01-26,5.616000175476074,5.39,0.22600017547607454,-0.1329999923706051,normal,normal,bull_steep,618
1998-01-27,5.683000087738037,5.46,0.22300008773803714,-0.1419998168945309,normal,normal,bull_steep,619
1998-01-28,5.678999900817871,5.46,0.21899990081787113,-0.1579998779296874,normal,normal,bull_steep,620
1998-01-29,5.557000160217285,5.36,0.19700016021728484,-0.21399986267089854,normal,normal,bull_steep,621
1998-01-30,5.51200008392334,5.32,0.19200008392333956,-0.2119997406005858,normal,normal,bull_steep,622
1998-02-02,5.557000160217285,5.36,0.19700016021728484,-0.2019997215271001,normal,normal,bull_steep,623
1998-02-03,5.545000076293945,5.34,0.20500007629394545,-0.20799978256225593,normal,normal,bull_steep,624
1998-02-04,5.548999786376953,5.32,0.22899978637695284,-0.17600042343139677,normal,normal,bull_steep,625
1998-02-05,5.598999977111816,5.36,0.2389999771118161,-0.17100008010864265,normal,normal,bull_steep,626
1998-02-06,5.602000236511231,5.38,0.22200023651123146,-0.19199953079223508,normal,normal,bull_steep,627
1998-02-09,5.639999866485596,5.41,0.22999986648559556,-0.21000019073486342,normal,normal,bull_steep,628
1998-02-10,5.623000144958496,5.41,0.21300014495849595,-0.2619997596740724,normal,normal,bull_steep,629
1998-02-11,5.572999954223633,5.39,0.18299995422363313,-0.28900014877319347,normal,normal,bull_steep,630
1998-02-12,5.525000095367432,5.39,0.13500009536743196,-0.3439999961853024,normal,normal,bull_steep,631
1998-02-13,5.474999904632568,5.36,0.11499990463256804,-0.36700016021728565,normal,normal,bull_steep,632
1998-02-17,5.429999828338623,5.34,0.08999982833862319,-0.35200023651123047,normal,normal,bull_steep,633
1998-02-18,5.474999904632568,5.37,0.10499990463256825,-0.3330000114440921,normal,normal,bull_steep,634
1998-02-19,5.495999813079834,5.39,0.1059998130798343,-0.3370002937316894,normal,normal,bull_steep,635
1998-02-20,5.52400016784668,5.41,0.11400016784667955,-0.30199974060058565,normal,normal,bull_steep,636
1998-02-23,5.570000171661377,5.46,0.11000017166137699,-0.30600000381469705,normal,normal,bull_steep,637
1998-02-24,5.673999786376953,5.57,0.10399978637695284,-0.30700027465820323,normal,normal,bull_steep,638
1998-02-25,5.616000175476074,5.55,0.0660001754760744,-0.34099969863891566,normal,normal,bull_steep,639
1998-02-26,5.640999794006348,5.58,0.060999794006347585,-0.30899997711181637,normal,normal,bull_steep,640
1998-02-27,5.616000175476074,5.55,0.0660001754760744,-0.3219999313354487,normal,normal,bull_steep,641
1998-03-02,5.703000068664551,5.6,0.10300006866455114,-0.2770001220703122,normal,normal,bull_steep,642
1998-03-03,5.754000186920166,5.64,0.11400018692016634,-0.23799962997436452,normal,normal,bull_steep,643
1998-03-04,5.75,5.63,0.1200000000000001,-0.2740002250671383,normal,normal,bull_steep,644
1998-03-05,5.767000198364258,5.62,0.1470001983642577,-0.23599990844726548,normal,normal,bull_steep,645
1998-03-06,5.711999893188477,5.58,0.1319998931884765,-0.23500019073486378,normal,normal,bull_steep,646
1998-03-09,5.6570000648498535,5.57,0.08700006484985323,-0.2760000419616704,normal,normal,bull_steep,647
1998-03-10,5.652999877929688,5.55,0.10299987792968857,-0.2600000190734857,normal,normal,bull_steep,648
1998-03-11,5.616000175476074,5.53,0.08600017547607397,-0.2569997215270998,normal,normal,bull_steep,649
1998-03-12,5.552999973297119,5.5,0.05299997329711914,-0.2839999008178715,normal,normal,bull_steep,650
1998-03-13,5.570000171661377,5.5,0.07000017166137695,-0.28099962234497067,normal,normal,bull_steep,651
1998-03-16,5.527999877929688,5.47,0.05799987792968864,-0.3110002899169908,normal,normal,bull_steep,652
1998-03-17,5.548999786376953,5.5,0.048999786376953125,-0.3350002288818361,normal,normal,bull_steep,653
1998-03-18,5.560999870300293,5.52,0.040999870300293395,-0.39000007629394506,normal,normal,bull_steep,654
1998-03-19,5.573999881744385,5.52,0.05399988174438519,-0.36200021743774347,normal,normal,bull_steep,655
1998-03-20,5.560999870300293,5.52,0.040999870300293395,-0.38099998474121044,normal,normal,bull_steep,656
1998-03-23,5.560999870300293,5.52,0.040999870300293395,-0.3770003318786621,normal,normal,bull_steep,657
1998-03-24,5.560999870300293,5.5,0.06099987030029297,-0.32200000762939585,normal,normal,bull_steep,658
1998-03-25,5.624000072479248,5.58,0.044000072479247976,-0.31400003433227575,normal,normal,bull_steep,659
1998-03-26,5.6579999923706055,5.62,0.03799999237060536,-0.2920000076293947,normal,normal,bull_steep,660
1998-03-27,5.670000076293945,5.63,0.04000007629394542,-0.2979998207092285,normal,normal,bull_steep,661
1998-03-30,5.703999996185303,5.65,0.05399999618530238,-0.27899980545043945,normal,normal,bull_steep,662
1998-03-31,5.662000179290772,5.6,0.06200017929077273,-0.26899999618530135,normal,normal,bull_steep,663
1998-04-01,5.603000164031982,5.55,0.0530001640319826,-0.2769996261596681,normal,normal,bull_steep,664
1998-04-02,5.545000076293945,5.52,0.02500007629394574,-0.2719999122619621,normal,normal,bull_steep,665
1998-04-03,5.453000068664551,5.42,0.03300006866455085,-0.29199981689453125,normal,normal,bull_steep,666
1998-04-06,5.494999885559082,5.45,0.044999885559081854,-0.2670002746582032,normal,normal,bull_steep,667
1998-04-07,5.515999794006348,5.45,0.06599979400634748,-0.24500043869018562,normal,normal,bull_steep,668
1998-04-08,5.570000171661377,5.49,0.08000017166137674,-0.24199970245361335,normal,normal,bull_steep,669
1998-04-09,5.573999881744385,5.5,0.07399988174438477,-0.2389999008178707,normal,normal,bull_steep,670
1998-04-13,5.64900016784668,5.59,0.05900016784667983,-0.18399995803832958,normal,normal,bull_steep,671
1998-04-14,5.616000175476074,5.57,0.046000175476073935,-0.22600004196167056,normal,normal,bull_steep,672
1998-04-15,5.59499979019165,5.55,0.04499979019165057,-0.22000043869018526,normal,normal,bull_steep,673
1998-04-16,5.573999881744385,5.53,0.04399988174438452,-0.25000015258789077,normal,normal,bull_steep,674
1998-04-17,5.578000068664551,5.54,0.038000068664550746,-0.23999994277954073,normal,normal,bull_steep,675
1998-04-20,5.629000186920166,5.57,0.05900018692016573,-0.23899963378906275,normal,normal,bull_steep,676
1998-04-21,5.666999816894531,5.6,0.0669998168945316,-0.21499999999999986,normal,normal,bull_steep,677
1998-04-22,5.671000003814697,5.6,0.07100000381469762,-0.19300018310546818,normal,normal,bull_steep,678
1998-04-23,5.675000190734863,5.61,0.06500019073486296,-0.2249996376037604,normal,normal,bull_steep,679
1998-04-24,5.65399980545044,5.61,0.04399980545044002,-0.2600004196166985,normal,normal,bull_steep,680
1998-04-27,5.789999961853027,5.71,0.07999996185302738,-0.2120001602172854,normal,normal,bull_steep,681
1998-04-28,5.794000148773193,5.69,0.10400014877319297,-0.19099977493286158,normal,normal,bull_steep,682
1998-04-29,5.798999786376953,5.71,0.08899978637695316,-0.20400026321411158,normal,normal,bull_steep,683
1998-04-30,5.666999816894531,5.59,0.07699981689453139,-0.26700002670288114,normal,normal,bull_steep,684
1998-05-01,5.65399980545044,5.59,0.06399980545044048,-0.2970000267028796,normal,normal,bull_steep,685
1998-05-04,5.65399980545044,5.59,0.06399980545044048,-0.3090003395080556,normal,normal,bull_steep,686
1998-05-05,5.684000015258789,5.61,0.07400001525878874,-0.31899991989135756,normal,normal,bull_steep,687
1998-05-06,5.658999919891357,5.56,0.09899991989135781,-0.24200023651123015,normal,normal,bull_steep,688
1998-05-07,5.658999919891357,5.56,0.09899991989135781,-0.2790002250671382,normal,normal,bull_steep,689
1998-05-08,5.697000026702881,5.61,0.08700002670288054,-0.29400018692016605,normal,normal,bull_steep,690
1998-05-11,5.769000053405762,5.66,0.10900005340576158,-0.24599987030029347,normal,normal,bull_steep,691
1998-05-12,5.688000202178955,5.59,0.09800020217895522,-0.24900003433227624,normal,normal,bull_steep,692
1998-05-13,5.666999816894531,5.59,0.07699981689453139,-0.2640000724792477,normal,normal,bull_steep,693
1998-05-14,5.665999889373779,5.63,0.0359998893737794,-0.3479999542236323,normal,normal,bull_steep,694
1998-05-15,5.670000076293945,5.63,0.04000007629394542,-0.33199989318847667,normal,normal,bull_steep,695
1998-05-18,5.629000186920166,5.59,0.03900018692016616,-0.3439999580383297,normal,normal,bull_steep,696
1998-05-19,5.645999908447266,5.59,0.05599990844726577,-0.3030000495910645,normal,normal,bull_steep,697
1998-05-20,5.599999904632568,5.57,0.029999904632568075,-0.32099998474121083,normal,normal,bull_steep,698
1998-05-21,5.640999794006348,5.63,0.010999794006347763,-0.3490001296997072,normal,normal,bull_steep,699
1998-05-22,5.625,5.63,-0.004999999999999893,-0.3600000762939448,normal,normal,bull_steep,700
1998-05-26,5.574999809265137,5.61,-0.0350001907348636,-0.37900009155273473,normal,normal,bull_steep,701
1998-05-27,5.546000003814697,5.53,0.016000003814697017,-0.32099990844726545,normal,normal,bull_steep,702
1998-05-28,5.571000099182129,5.57,0.001000099182128622,-0.36199983596801744,normal,normal,bull_steep,703
1998-05-29,5.546000003814697,5.53,0.016000003814697017,-0.32099990844726545,normal,normal,bull_steep,704
1998-06-01,5.520999908447266,5.52,0.0009999084472660513,-0.3450003051757804,normal,normal,bull_steep,705
1998-06-02,5.550000190734863,5.53,0.020000190734863033,-0.32299974441528345,normal,normal,bull_steep,706
1998-06-03,5.558000087738037,5.55,0.008000087738037287,-0.3650000572204588,normal,normal,bull_steep,707
1998-06-04,5.583000183105469,5.58,0.003000183105468679,-0.34499969482422,normal,normal,bull_steep,708
1998-06-05,5.571000099182129,5.58,-0.008999900817871165,-0.34399976730346715,normal,normal,bull_steep,709
1998-06-08,5.574999809265137,5.58,-0.005000190734863352,-0.2890000534057622,normal,normal,bull_steep,710
1998-06-09,5.574999809265137,5.6,-0.025000190734862926,-0.3210001564025875,normal,normal,bull_steep,711
1998-06-10,5.500999927520752,5.55,-0.04900007247924787,-0.3290002250671389,normal,normal,bull_steep,712
1998-06-11,5.431000232696533,5.45,-0.018999767303466975,-0.2859999084472662,normal,normal,bull_steep,713
1998-06-12,5.409999847412109,5.43,-0.02000015258789034,-0.2780000114440915,normal,normal,bull_steep,714
1998-06-15,5.369999885559082,5.43,-0.060000114440917685,-0.3409999656677245,normal,normal,bull_steep,715
1998-06-16,5.431000232696533,5.5,-0.0689997673034668,-0.3239996147155759,normal,normal,bull_steep,716
1998-06-17,5.52899980545044,5.55,-0.02100019454955948,-0.2859999656677239,normal,normal,bull_steep,717
1998-06-18,5.492000102996826,5.53,-0.03799989700317408,-0.31099985122680707,normal,normal,bull_steep,718
1998-06-19,5.459000110626221,5.52,-0.06099988937377887,-0.3419997406005857,normal,normal,bull_steep,719
1998-06-22,5.451000213623047,5.52,-0.0689997863769527,-0.3759996604919431,normal,normal,bull_steep,720
1998-06-23,5.438000202178955,5.49,-0.051999797821045135,-0.32799982070922873,normal,normal,bull_steep,721
1998-06-24,5.451000213623047,5.49,-0.03899978637695334,-0.30999971389770486,normal,normal,bull_steep,722
1998-06-25,5.459000110626221,5.53,-0.07099988937377955,-0.3469997024536138,normal,normal,bull_steep,723
1998-06-26,5.441999912261963,5.51,-0.0680000877380369,-0.3420000839233399,normal,normal,bull_steep,724
1998-06-29,5.459000110626221,5.51,-0.050999889373779084,-0.30600008010864244,normal,normal,bull_steep,725
1998-06-30,5.434000015258789,5.49,-0.05599998474121115,-0.3389999389648439,normal,normal,bull_steep,726
1998-07-01,5.426000118255615,5.46,-0.03399988174438473,-0.31499973297119155,normal,normal,bull_steep,727
1998-07-02,5.401000022888184,5.44,-0.0389999771118168,-0.31500013351440437,normal,normal,bull_steep,728
1998-07-06,5.38100004196167,5.43,-0.048999958038329794,-0.2989999008178712,normal,normal,bull_steep,729
1998-07-07,5.40500020980835,5.44,-0.03499979019165078,-0.28899965286254936,normal,normal,bull_steep,730
1998-07-08,5.421000003814697,5.44,-0.018999996185303125,-0.2599998474121099,normal,normal,bull_steep,731
1998-07-09,5.39300012588501,5.43,-0.03699987411498995,-0.2719998550415035,normal,normal,bull_steep,732
1998-07-10,5.40500020980835,5.41,-0.004999790191650533,-0.23699975967407205,normal,normal,bull_steep,733
1998-07-13,5.449999809265137,5.44,0.009999809265136328,-0.1979999732971196,normal,normal,bull_steep,734
1998-07-14,5.473999977111816,5.46,0.013999977111816442,-0.19099979400634748,normal,normal,bull_steep,735
1998-07-15,5.46999979019165,5.46,0.009999790191650426,-0.21700040817260735,normal,normal,bull_steep,736
1998-07-16,5.486999988555908,5.46,0.02699998855590824,-0.18300001144409173,normal,normal,bull_steep,737
1998-07-17,5.499000072479248,5.46,0.03900007247924808,-0.2400000953674315,normal,normal,bull_steep,738
1998-07-20,5.466000080108643,5.46,0.006000080108642614,-0.21999999999999975,normal,normal,bull_steep,739
1998-07-21,5.436999797821045,5.46,-0.023000202178955043,-0.2560000801086435,normal,normal,bull_steep,740
1998-07-22,5.445000171661377,5.48,-0.03499982833862347,-0.26099979400634776,normal,normal,bull_steep,741
1998-07-23,5.428999900817871,5.46,-0.03100009918212887,-0.21999986648559577,normal,normal,bull_steep,742
1998-07-24,5.440999984741211,5.48,-0.03900001525878949,-0.24300006866455082,normal,normal,bull_steep,743
1998-07-27,5.453000068664551,5.48,-0.026999931335449645,-0.2329998016357422,normal,normal,bull_steep,744
1998-07-28,5.478000164031982,5.46,0.018000164031982457,-0.18399999618530227,normal,normal,bull_steep,745
1998-07-29,5.511000156402588,5.49,0.021000156402587677,-0.1679997825622559,normal,normal,bull_steep,746
1998-07-30,5.489999771118164,5.49,-2.2888183615066282e-07,-0.17500045776367212,inverted_flat,normal,bull_steep,747
1998-07-31,5.49399995803833,5.49,0.003999958038329865,-0.17200017929077127,normal,normal,bull_steep,748
1998-08-03,5.445000171661377,5.46,-0.014999828338623011,-0.20000005722045877,normal,normal,bull_steep,749
1998-08-04,5.427999973297119,5.43,-0.002000026702880575,-0.1620001602172847,inverted_flat,normal,bull_steep,750
1998-08-05,5.420000076293945,5.39,0.030000076293945632,-0.11700004577636669,normal,normal,bull_steep,751
1998-08-06,5.432000160217285,5.39,0.042000160217285476,-0.09199995040893505,normal,normal,bull_steep,752
1998-08-07,5.38700008392334,5.34,0.047000083923339986,-0.07700002670288075,normal,normal,bull_steep,753
1998-08-10,5.39900016784668,5.34,0.05900016784667983,-0.04199995040893523,normal,normal,bull_steep,754
1998-08-11,5.361999988555908,5.31,0.051999988555908594,-0.044000225067137855,normal,normal,bull_steep,755
1998-08-12,5.38700008392334,5.32,0.06700008392333956,-0.05799974441528377,normal,normal,bull_steep,756
1998-08-13,5.423999786376953,5.37,0.05399978637695302,-0.08700004577636733,normal,normal,bull_steep,757
1998-08-14,5.386000156402588,5.34,0.04600015640258803,-0.08199966430664052,normal,normal,bull_steep,758
1998-08-17,5.389999866485596,5.34,0.049999866485595845,-0.060999965667724254,normal,normal,bull_steep,759
1998-08-18,5.402999877929688,5.36,0.04299987792968807,-0.04799995422363246,normal,normal,bull_steep,760
1998-08-19,5.410999774932861,5.34,0.07099977493286147,0.004999580383301172,normal,normal,bull_steep,761
1998-08-20,5.374000072479248,5.32,0.05400007247924776,-0.012000122070312536,normal,normal,bull_steep,762
1998-08-21,5.315999984741211,5.25,0.06599998474121094,-0.018999824523925568,normal,normal,bull_steep,763
1998-08-24,5.287000179290772,5.22,0.06700017929077262,-0.05699993133544812,normal,normal,bull_steep,764
1998-08-25,5.23799991607666,5.18,0.05799991607666044,-0.03400028228759755,normal,normal,bull_steep,765
1998-08-26,5.190000057220459,5.12,0.07000005722045888,-0.02299978256225632,normal,normal,bull_steep,766
1998-08-27,5.10099983215332,4.98,0.12099983215331989,-0.008000297546387536,normal,normal,bull_steep,767
1998-08-28,5.079999923706055,4.93,0.14999992370605497,0.00799972534179716,normal,normal,bull_steep,768
1998-08-31,5.0320000648498535,4.91,0.12200006484985337,-0.009999732971191833,normal,normal,bull_steep,769
1998-09-01,5.035999774932861,4.86,0.175999774932861,0.07399990081787067,normal,normal,bull_steep,770
1998-09-02,5.076000213623047,4.96,0.11600021362304691,0.03000041961669897,normal,normal,bull_steep,771
1998-09-03,5.019999980926514,4.91,0.10999998092651353,0.028999824523925355,normal,normal,bull_steep,772
1998-09-04,4.999000072479248,4.91,0.0890000724792479,-0.0019998168945312145,normal,normal,bull_steep,773
1998-09-08,5.031000137329102,4.91,0.12100013732910142,0.05200006484985309,normal,normal,bull_steep,774
1998-09-09,4.934999942779541,4.79,0.14499994277954098,0.09399997711181651,normal,normal,bull_steep,775
1998-09-10,4.73799991607666,4.57,0.16799991607665987,0.14699995040893565,normal,normal,bull_steep,776
1998-09-11,4.823999881744385,4.68,0.14399988174438505,0.115000019073487,normal,normal,bull_steep,777
1998-09-14,4.8470001220703125,4.72,0.12700012207031275,0.06999988555908132,normal,normal,bull_steep,778
1998-09-15,4.875,4.73,0.14499999999999957,0.09999986648559567,normal,normal,bull_steep,779
1998-09-16,4.85099983215332,4.75,0.10099983215332031,0.04299968719482461,normal,normal,bull_steep,780
1998-09-17,4.76800012588501,4.7,0.06800012588500959,-0.007999649047851776,normal,normal,bull_steep,781
1998-09-18,4.677999973297119,4.61,0.06799997329711882,-0.010999870300293146,normal,normal,bull_steep,782
1998-09-21,4.6579999923706055,4.63,0.027999992370605575,-0.037000217437744176,normal,normal,bull_steep,783
1998-09-22,4.7129998207092285,4.66,0.052999820709228374,0.02499967575073203,normal,normal,bull_steep,784
1998-09-23,4.6579999923706055,4.52,0.1379999923706059,0.05499994277954112,normal,normal,bull_steep,785
1998-09-24,4.60699987411499,4.43,0.17699987411499052,0.06999992370605401,normal,normal,bull_steep,786
1998-09-25,4.576000213623047,4.43,0.14600021362304716,-0.008999938964843857,normal,normal,bull_steep,787
1998-09-28,4.586999893188477,4.45,0.13699989318847638,-0.0720002937316897,normal,normal,bull_steep,788
1998-09-29,4.564000129699707,4.47,0.09400012969970728,-0.07599975585937457,normal,normal,bull_steep,789
1998-09-30,4.409999847412109,4.3,0.10999984741210955,-0.039000320434570135,normal,normal,bull_steep,790
1998-10-01,4.303999900817871,4.17,0.13399990081787116,-0.015000228881835831,normal,normal,bull_steep,791
1998-10-02,4.28000020980835,4.17,0.11000020980834968,-0.05999982833862294,normal,normal,bull_steep,792
1998-10-05,4.14900016784668,4.04,0.10900016784667965,-0.0539998435974125,normal,normal,bull_steep,793
1998-10-06,4.21999979019165,4.1,0.11999979019165075,-0.05600021362304641,normal,normal,bull_steep,794
1998-10-07,4.39300012588501,4.12,0.27300012588500966,0.07800003051757809,normal,normal,bull_steep,795
1998-10-08,4.546000003814697,4.1,0.4460000038146976,0.21300001144409197,normal,normal,bull_steep,796
1998-10-09,4.771999835968018,4.19,0.5819998359680172,0.31899974822998,normal,normal,bull_steep,797
1998-10-13,4.723999977111816,4.13,0.5939999771118165,0.367999801635742,normal,normal,bull_steep,798
1998-10-14,4.556000232696533,4.08,0.47600023269653313,0.253000144958496,normal,normal,bull_steep,799
1998-10-15,4.559999942779541,4.13,0.4299999427795411,0.21100004196167,normal,normal,bull_steep,800
1998-10-16,4.416999816894531,3.86,0.5569998168945314,0.35999965667724654,normal,normal,bull_steep,801
1998-10-19,4.435999870300293,3.9,0.5359998703002931,0.3439997863769535,normal,normal,bull_steep,802
1998-10-20,4.519999980926514,3.98,0.5399999809265137,0.34299982070922885,normal,normal,bull_steep,803
1998-10-21,4.551000118255615,4.12,0.43100011825561513,0.22600004196166967,normal,normal,bull_steep,804
1998-10-22,4.581999778747559,4.16,0.42199977874755845,0.1929999923706056,normal,normal,bull_steep,805
1998-10-23,4.663000106811523,4.2,0.46300010681152326,0.22400012969970717,normal,normal,bull_steep,806
1998-10-26,4.697999954223633,4.23,0.4679999542236324,0.24599971771240092,normal,normal,bull_steep,807
1998-10-27,4.589000225067139,4.12,0.46900022506713857,0.239000358581543,normal,normal,bull_steep,808
1998-10-28,4.577000141143799,4.01,0.567000141143799,0.3539999961853031,normal,normal,bull_steep,809
1998-10-29,4.506999969482422,4.0,0.5069999694824219,0.32400001525878874,normal,normal,bull_steep,810
1998-10-30,4.603000164031982,4.12,0.4830001640319823,0.34800006866455035,normal,normal,bull_steep,811
1998-11-02,4.74399995803833,4.26,0.4839999580383303,0.36900005340576225,normal,normal,bull_steep,812
1998-11-03,4.739999771118164,4.25,0.48999977111816406,0.3999999427795409,normal,normal,bull_steep,813
1998-11-04,4.879000186920166,4.43,0.4490001869201663,0.34400028228759805,normal,normal,bull_steep,814
1998-11-05,4.817999839782715,4.47,0.3479998397827151,0.2420000267028808,normal,normal,bull_steep,815
1998-11-06,4.921999931335449,4.59,0.33199993133544936,0.21799976348876982,normal,normal,bull_steep,816
1998-11-09,4.866000175476074,4.57,0.29600017547607393,0.18600000381469695,normal,normal,bull_steep,817
1998-11-10,4.817999839782715,4.5,0.31799983978271484,0.214000053405762,normal,normal,bull_steep,818
1998-11-12,4.769999980926514,4.47,0.2999999809265139,0.23399980545043952,normal,normal,bull_steep,819
1998-11-13,4.806000232696533,4.54,0.26600023269653317,0.20500043869018558,normal,normal,bull_steep,820
1998-11-16,4.8379998207092285,4.56,0.2779998207092289,0.2119996452331545,normal,normal,bull_steep,821
1998-11-17,4.849999904632568,4.58,0.2699999046325683,0.16699983596801715,normal,normal,bull_steep,822
1998-11-18,4.8420000076293945,4.63,0.21200000762939464,0.0979998207092283,normal,normal,bull_steep,823
1998-11-19,4.8460001945495605,4.66,0.1860001945495604,0.0660001945495603,normal,normal,bull_steep,824
1998-11-20,4.809999942779541,4.66,0.14999994277954087,0.0029997444152831676,normal,normal,bull_steep,825
1998-11-23,4.829999923706055,4.63,0.1999999237060548,0.0680000305175783,normal,normal,bull_steep,826
1998-11-24,4.8420000076293945,4.64,0.20200000762939485,0.11499994277954162,normal,normal,bull_steep,827
1998-11-25,4.822000026702881,4.66,0.16200002670288072,0.05900014877319215,normal,normal,bull_steep,828
1998-11-27,4.802000045776367,4.62,0.18200004577636708,0.09599987030029311,normal,normal,bull_steep,829
1998-11-30,4.72599983215332,4.54,0.18599983215332028,0.13299985885620114,normal,normal,bull_steep,830
1998-12-01,4.658999919891357,4.44,0.21899991989135703,0.14899974822998008,normal,normal,bull_steep,831
1998-12-02,4.567999839782715,4.36,0.20799983978271452,0.1499999618530259,normal,normal,bull_steep,832
1998-12-03,4.564000129699707,4.36,0.2040001296997067,0.1550003433227536,normal,normal,bull_steep,833
1998-12-04,4.60699987411499,4.46,0.14699987411499027,0.10600000381469687,normal,normal,bull_steep,834
1998-12-07,4.677999973297119,4.54,0.1379999732971191,0.08400009155273391,normal,normal,bull_steep,835
1998-12-08,4.59499979019165,4.46,0.13499979019165043,0.09399991989135703,normal,normal,bull_steep,836
1998-12-09,4.547999858856201,4.42,0.12799985885620124,0.08699998855590785,normal,normal,bull_steep,837
1998-12-10,4.520999908447266,4.39,0.13099990844726594,0.07000003814697298,normal,normal,bull_steep,838
1998-12-11,4.603000164031982,4.46,0.14300016403198246,0.09900009155273448,normal,normal,bull_steep,839
1998-12-14,4.576000213623047,4.42,0.15600021362304695,0.11800022125244158,normal,normal,bull_steep,840
1998-12-15,4.61899995803833,4.47,0.14899995803833033,0.10899988174438491,normal,normal,bull_steep,841
1998-12-16,4.571000099182129,4.4,0.17100009918212855,0.11700010299682617,normal,normal,bull_steep,842
1998-12-17,4.559999942779541,4.42,0.1399999427795411,0.07799976348876836,normal,normal,bull_steep,843
1998-12-18,4.571000099182129,4.45,0.12100009918212873,0.06799993515014613,normal,normal,bull_steep,844
1998-12-21,4.625999927520752,4.56,0.06599992752075234,0.040999851226806605,normal,normal,bull_steep,845
1998-12-22,4.690000057220459,4.59,0.10000005722045913,0.06699998855590827,normal,normal,bull_steep,846
1998-12-23,4.781000137329102,4.73,0.051000137329101136,0.0060002517700192826,normal,normal,bull_steep,847
1998-12-24,4.8460001945495605,4.78,0.0660001945495603,4.005432128195707e-07,normal,normal,bull_steep,848
1998-12-28,4.769000053405762,4.73,0.03900005340576129,-0.04100011825561545,normal,normal,bull_steep,849
1998-12-29,4.701000213623047,4.6,0.10100021362304723,0.027000331878662465,normal,normal,bull_steep,850
1998-12-30,4.642000198364258,4.56,0.0820001983642582,0.023000030517578374,normal,normal,bull_steep,851
1998-12-31,4.638000011444092,4.54,0.09800001144409176,0.05199983596801783,normal,normal,bull_steep,852
1999-01-04,4.677000045776367,4.58,0.09700004577636712,0.05200025558471655,normal,normal,bull_steep,853
1999-01-05,4.729000091552734,4.64,0.0890000915527347,0.04500020980835018,normal,normal,bull_steep,854
1999-01-06,4.7210001945495605,4.62,0.10100019454956044,0.0630001258850097,normal,normal,bull_steep,855
1999-01-07,4.764999866485596,4.63,0.1349998664855958,0.07599967956543008,normal,normal,bull_steep,856
1999-01-08,4.8420000076293945,4.71,0.13200000762939457,0.06500019073486296,normal,normal,bull_steep,857
1999-01-11,4.874000072479248,4.74,0.13400007247924783,0.06300006866455021,normal,normal,bull_steep,858
1999-01-12,4.809999942779541,4.68,0.1299999427795413,0.06499975204467834,normal,normal,bull_steep,859
1999-01-13,4.7210001945495605,4.61,0.11100019454956023,0.0670003890991202,normal,normal,bull_steep,860
1999-01-14,4.613999843597412,4.47,0.14399984359741236,0.06399988174438498,normal,normal,bull_steep,861
1999-01-15,4.669000148773193,4.56,0.10900014877319375,0.005000000000000782,normal,normal,bull_steep,862
1999-01-19,4.701000213623047,4.62,0.08100021362304677,-0.007999572753906392,normal,normal,bull_steep,863
1999-01-20,4.744999885559082,4.66,0.08499988555908189,0.008000068664550497,normal,normal,bull_steep,864
1999-01-21,4.689000129699707,4.63,0.05900012969970714,-0.004999675750733346,normal,normal,bull_steep,865
1999-01-22,4.629000186920166,4.59,0.03900018692016616,-0.024999618530274326,normal,normal,bull_steep,866
1999-01-25,4.652999877929688,4.59,0.06299987792968853,-0.011000137329100212,normal,normal,bull_steep,867
1999-01-26,4.681000232696533,4.63,0.05100023269653331,-0.0479996871948245,normal,normal,bull_steep,868
1999-01-27,4.672999858856201,4.57,0.10299985885620089,0.003999938964843075,normal,normal,bull_steep,869
1999-01-28,4.664999961853027,4.58,0.08499996185302727,-0.002000064849853267,normal,normal,bull_steep,870
1999-01-29,4.652999877929688,4.58,0.07299987792968832,-0.03600017547607326,normal,normal,bull_steep,871
1999-02-01,4.744999885559082,4.65,0.09499988555908168,-0.0030003166198735443,normal,normal,bull_steep,872
1999-02-02,4.784999847412109,4.7,0.0849998474121092,0.008000030517577805,normal,normal,bull_steep,873
1999-02-03,4.822000026702881,4.72,0.10200002670288111,0.0660001373291017,normal,normal,bull_steep,874
1999-02-04,4.88700008392334,4.77,0.11700008392334027,0.07700000762939485,normal,normal,bull_steep,875
1999-02-05,4.932000160217285,4.8,0.13200016021728533,0.09299997329711918,normal,normal,bull_steep,876
1999-02-08,4.923999786376953,4.8,0.1239997863769533,0.06799987792968754,normal,normal,bull_steep,877
1999-02-09,4.890999794006348,4.79,0.10099979400634762,0.07099988937377955,normal,normal,bull_steep,878
1999-02-10,4.900000095367432,4.77,0.13000009536743207,0.1190003013610843,normal,normal,bull_steep,879
1999-02-11,4.9079999923706055,4.8,0.10799999237060565,0.11299999237060554,normal,normal,bull_steep,880
1999-02-12,5.052000045776367,4.91,0.14200004577636705,0.17700023651123065,normal,normal,bull_steep,881
1999-02-16,5.027999877929688,4.93,0.09799987792968867,0.08199987411499166,normal,normal,bull_steep,882
1999-02-17,4.978000164031982,4.89,0.08800016403198274,0.08700006484985412,normal,normal,bull_steep,883
1999-02-18,5.027999877929688,4.93,0.09799987792968867,0.08199987411499166,normal,normal,bull_steep,884
1999-02-19,5.060999870300293,4.95,0.11099987030029279,0.10999996185302674,normal,normal,bull_steep,885
1999-02-22,5.015999794006348,4.91,0.10599979400634751,0.08599960327148448,normal,normal,bull_steep,886
1999-02-23,5.078000068664551,5.0,0.07800006866455078,0.0699999809265135,normal,normal,bull_steep,887
1999-02-24,5.162000179290772,5.05,0.11200017929077255,0.10899999618530387,normal,normal,bull_steep,888
1999-02-25,5.293000221252441,5.15,0.14300022125244105,0.15200012207031222,normal,normal,bull_steep,889
1999-02-26,5.271999835968018,5.13,0.14199983596801768,0.14700002670288104,normal,normal,bull_steep,890
1999-03-01,5.383999824523926,5.2,0.1839998245239256,0.20900001525878853,normal,normal,bull_steep,891
1999-03-02,5.341000080108643,5.18,0.16100008010864286,0.21000015258789073,normal,normal,bull_steep,892
1999-03-03,5.375999927520752,5.19,0.18599992752075156,0.20499969482421854,normal,normal,bull_steep,893
1999-03-04,5.401000022888184,5.2,0.20100002288818342,0.22100017547607376,normal,normal,bull_steep,894
1999-03-05,5.315999984741211,5.14,0.17599998474121126,0.23600009918212894,normal,normal,bull_steep,895
1999-03-08,5.277999877929688,5.12,0.15799987792968828,0.22699964523315508,normal,normal,bull_steep,896
1999-03-09,5.171999931335449,5.02,0.15199993133544965,0.17300012588500913,normal,normal,bull_steep,897
1999-03-10,5.189000129699707,5.04,0.149000129699707,0.18700002670288107,normal,normal,bull_steep,898
1999-03-11,5.197000026702881,5.05,0.14700002670288104,0.2079999160766599,normal,normal,bull_steep,899
1999-03-12,5.151000022888184,5.0,0.1510000228881836,0.2199998092651363,normal,normal,bull_steep,900
1999-03-15,5.130000114440918,4.99,0.14000011444091776,0.1919999122619629,normal,normal,bull_steep,901
1999-03-16,5.0970001220703125,4.97,0.12700012207031275,0.1659999084472661,normal,normal,bull_steep,902
1999-03-17,5.122000217437744,5.01,0.11200021743774435,0.1830001068115239,normal,normal,bull_steep,903
1999-03-18,5.10099983215332,4.99,0.1109998321533201,0.178999919891357,normal,normal,bull_steep,904
1999-03-19,5.1479997634887695,5.04,0.1079997634887695,0.15899965286254858,normal,normal,bull_steep,905
1999-03-22,5.193999767303467,5.08,0.11399976730346673,0.16999975204467788,normal,normal,bull_steep,906
1999-03-23,5.185999870300293,5.03,0.15599987030029272,0.18999975204467745,normal,normal,bull_steep,907
1999-03-24,5.156000137329102,4.98,0.17600013732910114,0.21500011444091793,normal,normal,bull_steep,908
1999-03-25,5.203000068664551,5.02,0.1830000686645512,0.232000026702881,normal,normal,bull_steep,909
1999-03-26,5.198999881744385,4.99,0.20899988174438455,0.24399967193603533,normal,normal,bull_steep,910
1999-03-29,5.258999824523926,5.02,0.2389998245239262,0.25799982070922933,normal,normal,bull_steep,911
1999-03-30,5.190999984741211,4.97,0.2209999847412112,0.25799985885620114,normal,normal,bull_steep,912
1999-03-31,5.234000205993652,4.99,0.24400020599365213,0.24899999618530266,normal,normal,bull_steep,913
1999-04-01,5.271999835968018,5.01,0.2619998359680178,0.25200002670288146,normal,normal,bull_steep,914
1999-04-05,5.183000087738037,4.96,0.22300008773803714,0.2090001106262207,normal,normal,bull_steep,915
1999-04-06,5.119999885559082,4.93,0.18999988555908232,0.1800000953674319,normal,normal,bull_steep,916
1999-04-07,5.124000072479248,4.93,0.19400007247924833,0.1670000839233401,normal,normal,bull_steep,917
1999-04-08,5.019000053405762,4.86,0.1590000534057614,0.11999998092651332,normal,normal,bull_steep,918
1999-04-09,5.035999774932861,4.88,0.15599977493286143,0.14999969482421882,normal,normal,bull_steep,919
1999-04-12,5.039999961853027,4.93,0.10999996185302763,0.13300016403198267,normal,normal,bull_steep,920
1999-04-13,5.098999977111816,4.94,0.15899997711181602,0.1939998054504395,normal,normal,bull_steep,921
1999-04-14,5.111999988555908,4.95,0.16199998855590803,0.1930000877380369,normal,normal,bull_steep,922
1999-04-15,5.150000095367432,4.97,0.1800000953674319,0.21900011062622138,normal,normal,bull_steep,923
1999-04-16,5.205999851226807,5.02,0.18599985122680707,0.2129997825622567,normal,normal,bull_steep,924
1999-04-19,5.168000221252441,4.99,0.1780002212524412,0.16000005722045874,normal,normal,bull_steep,925
1999-04-20,5.133999824523926,4.95,0.1839998245239256,0.16299966812133793,normal,normal,bull_steep,926
1999-04-21,5.133999824523926,4.99,0.14399982452392557,0.14400005340576172,normal,normal,bull_steep,927
1999-04-22,5.236000061035156,5.05,0.18600006103515643,0.18200010299682656,normal,normal,bull_steep,928
1999-04-23,5.236999988555908,5.04,0.19699998855590817,0.21199981689453118,normal,normal,bull_steep,929
1999-04-26,5.210999965667725,5.04,0.17099996566772457,0.17299999237060515,normal,normal,bull_steep,930
1999-04-27,5.206999778747559,5.04,0.16699977874755856,0.13699970245361293,normal,normal,bull_steep,931
1999-04-28,5.241000175476074,5.02,0.22100017547607465,0.17900001525878917,normal,normal,bull_steep,932
1999-04-29,5.190000057220459,4.95,0.2400000572204588,0.19299997329711882,normal,normal,bull_steep,933
1999-04-30,5.349999904632568,5.08,0.2699999046325683,0.21099973678588846,normal,normal,bull_steep,934
1999-05-03,5.359000205993652,5.08,0.2790002059936523,0.22700021743774368,normal,normal,bull_steep,935
1999-05-04,5.4070000648498535,5.12,0.2870000648498534,0.21999998092651385,normal,normal,bull_steep,936
1999-05-05,5.385000228881836,5.09,0.2950002288818361,0.24100044250488306,normal,normal,bull_steep,937
1999-05-06,5.494999885559082,5.19,0.30499988555908164,0.2589997291564936,normal,normal,bull_steep,938
1999-05-07,5.534999847412109,5.19,0.344999847412109,0.29499998092651314,normal,normal,bull_steep,939
1999-05-10,5.513999938964844,5.15,0.3639999389648434,0.3210000610351553,normal,normal,bull_steep,940
1999-05-11,5.571000099182129,5.19,0.3810000991821285,0.31000032424926705,normal,normal,bull_steep,941
1999-05-12,5.558000087738037,5.19,0.3680000877380367,0.31400001525878896,normal,normal,bull_steep,942
1999-05-13,5.389999866485596,5.12,0.2699998664855956,0.20399988174438466,normal,normal,bull_steep,943
1999-05-14,5.603000164031982,5.3,0.3030001640319826,0.23599998474120998,normal,normal,bull_steep,944
1999-05-17,5.64900016784668,5.31,0.3390001678466801,0.28100025177001964,normal,normal,bull_steep,945
1999-05-18,5.660999774932861,5.38,0.28099977493286143,0.21099971771240256,normal,normal,bull_steep,946
1999-05-19,5.59499979019165,5.37,0.22499979019165028,0.1039999580383304,normal,normal,bull_steep,947
1999-05-20,5.581999778747559,5.35,0.23199977874755895,0.08199985504150398,normal,normal,bull_steep,948
1999-05-21,5.515999794006348,5.3,0.21599979400634783,0.09399972915649446,normal,normal,bull_steep,949
1999-05-24,5.492000102996826,5.28,0.21200010299682592,0.036000328063964915,normal,normal,bull_steep,950
1999-05-25,5.479000091552734,5.3,0.17900009155273455,0.06299987792968764,normal,normal,bull_steep,951
1999-05-26,5.537000179290772,5.33,0.2070001792907723,0.09700019836425877,normal,normal,bull_steep,952
1999-05-27,5.611999988555908,5.43,0.1819999885559085,0.09299991607666058,normal,normal,bull_steep,953
1999-05-28,5.611000061035156,5.42,0.19100006103515632,0.0699999237060549,normal,normal,bull_steep,954
1999-06-01,5.765999794006348,5.54,0.22599979400634762,0.08099985122680664,normal,normal,bull_steep,955
1999-06-02,5.7829999923706055,5.55,0.23299999237060565,0.06500007629394577,normal,normal,bull_steep,956
1999-06-03,5.788000106811523,5.54,0.2480001068115234,0.10400022506713835,normal,normal,bull_steep,957
1999-06-04,5.809000015258789,5.56,0.24900001525878945,0.1219998931884767,normal,normal,bull_steep,958
1999-06-07,5.796000003814697,5.56,0.23600000381469766,0.09100000381469808,normal,normal,bull_steep,959
1999-06-08,5.817999839782715,5.57,0.24799983978271456,0.14700000762939425,normal,normal,bull_steep,960
1999-06-09,5.855999946594238,5.61,0.24599994659423796,0.17799982070922837,normal,normal,bull_steep,961
1999-06-10,5.915999889373779,5.66,0.25599988937377915,0.18799991607666033,normal,normal,bull_steep,962
1999-06-11,5.998000144958496,5.7,0.2980001449584959,0.27000015258789034,normal,normal,bull_steep,963
1999-06-14,5.9679999351501465,5.66,0.30799993515014634,0.25500011444091797,normal,normal,bull_steep,964
1999-06-15,5.959000110626221,5.66,0.29900011062622056,0.16100011825561467,normal,normal,bull_steep,965
1999-06-16,5.938000202178955,5.61,0.32800020217895476,0.15100032806396424,normal,normal,bull_steep,966
1999-06-17,5.776000022888184,5.49,0.2860000228881834,0.13999980926513622,normal,normal,bull_steep,967
1999-06-18,5.822000026702881,5.56,0.26200002670288125,0.12500013351440487,normal,normal,bull_steep,968
1999-06-21,5.890999794006348,5.62,0.27099979400634755,0.17699966430664027,normal,normal,bull_steep,969
1999-06-22,5.929999828338623,5.65,0.2799998283386227,0.16999998092651314,normal,normal,bull_steep,970
1999-06-23,6.002999782562256,5.7,0.3029997825622557,0.16899988174438452,normal,normal,bull_steep,971
1999-06-24,6.02899980545044,5.75,0.27899980545044034,0.16899959564209066,normal,normal,bull_steep,972
1999-06-25,6.01200008392334,5.73,0.2820000839233394,0.17299991607665977,normal,normal,bull_steep,973
1999-06-28,5.958000183105469,5.68,0.27800018310546903,0.1580003929138183,normal,normal,bull_steep,974
1999-06-29,5.926000118255615,5.68,0.24600011825561552,-0.02700000762939414,normal,normal,bull_steep,975
1999-06-30,5.809999942779541,5.53,0.27999994277954077,-0.16600006103515685,normal,normal,bull_steep,976
1999-07-01,5.840000152587891,5.58,0.26000015258789055,-0.32199968338012663,normal,normal,bull_steep,977
1999-07-02,5.822999954223633,5.58,0.24299995422363274,-0.35100002288818377,normal,normal,bull_steep,978
1999-07-06,5.866000175476074,5.64,0.22600017547607454,-0.2500000572204586,normal,normal,bull_steep,979
1999-07-07,5.892000198364258,5.64,0.25200019836425813,-0.177999744415283,normal,normal,bull_steep,980
1999-07-08,5.831999778747559,5.59,0.24199977874755874,-0.31500003814697264,normal,normal,bull_steep,981
1999-07-09,5.822999954223633,5.61,0.2129999542236325,-0.32299991607666056,normal,normal,bull_steep,982
1999-07-12,5.7210001945495605,5.53,0.1910001945495603,-0.3489997863769534,normal,normal,bull_steep,983
1999-07-13,5.691999912261963,5.5,0.1919999122619629,-0.23900020599365224,normal,normal,bull_steep,984
1999-07-14,5.7210001945495605,5.55,0.17100019454956072,-0.2509995841979977,normal,normal,bull_steep,985
1999-07-15,5.709000110626221,5.53,0.17900011062622045,-0.2839999961853028,normal,normal,bull_steep,986
1999-07-16,5.671000003814697,5.5,0.17100000381469727,-0.2969999504089351,normal,normal,bull_steep,987
1999-07-19,5.650000095367432,5.46,0.19000009536743168,-0.2790001296997069,normal,normal,bull_steep,988
1999-07-20,5.629000186920166,5.43,0.1990001869201663,-0.36799995422363274,normal,normal,bull_steep,989
1999-07-21,5.650000095367432,5.45,0.20000009536743146,-0.3069998741149904,normal,normal,bull_steep,990
1999-07-22,5.769000053405762,5.52,0.24900005340576215,-0.23400011062622017,normal,normal,bull_steep,991
1999-07-23,5.828999996185303,5.58,0.24899999618530266,-0.23499996185302763,normal,normal,bull_steep,992
1999-07-26,5.8460001945495605,5.61,0.23600019454956023,-0.25399957656860384,normal,normal,bull_steep,993
1999-07-27,5.798999786376953,5.56,0.23899978637695352,-0.21000040054321278,normal,normal,bull_steep,994
1999-07-28,5.785999774932861,5.54,0.2459997749328613,-0.1020000648498538,normal,normal,bull_steep,995
1999-07-29,5.86299991607666,5.62,0.24299991607666005,-0.08900001525878931,normal,normal,bull_steep,996
1999-07-30,5.9070000648498535,5.63,0.2770000648498536,-0.019000110626220312,normal,normal,bull_steep,997
1999-08-02,5.910999774932861,5.65,0.260999774932861,-0.05700006484985387,normal,normal,bull_steep,998
1999-08-03,5.941999912261963,5.65,0.29199991226196254,-0.008000068664551385,normal,normal,bull_steep,999
1999-08-04,5.946000099182129,5.64,0.3060000991821292,0.03999986648559606,normal,normal,bull_steep,1000
1999-08-05,5.876999855041504,5.55,0.3269998550415041,0.04900003433227518,normal,normal,bull_steep,1001
1999-08-06,6.006999969482422,5.69,0.3169999694824215,0.047000064849853196,normal,normal,bull_steep,1002
1999-08-09,6.118000030517578,5.79,0.3280000305175781,0.11600002288818345,normal,normal,bull_steep,1003
1999-08-10,6.144000053405762,5.79,0.3540000534057617,0.16799985885620128,normal,normal,bull_steep,1004
1999-08-11,6.109000205993652,5.76,0.34900020599365256,0.19900026321411168,normal,normal,bull_steep,1005
1999-08-12,6.066999912261963,5.78,0.28699991226196264,0.08699998855590785,normal,normal,bull_steep,1006
1999-08-13,5.974999904632568,5.71,0.2649999046325684,0.06299989700317354,normal,normal,bull_steep,1007
1999-08-16,5.966000080108643,5.75,0.21600008010864258,0.05400005340576186,normal,normal,bull_steep,1008
1999-08-17,5.874000072479248,5.68,0.19400007247924833,0.01200002670288125,normal,normal,bull_steep,1009
1999-08-18,5.866000175476074,5.66,0.20600017547607408,0.0200003433227538,normal,normal,bull_steep,1010
1999-08-19,5.882999897003174,5.66,0.22299989700317369,0.003999977111816655,normal,normal,bull_steep,1011
1999-08-20,5.869999885559082,5.65,0.21999988555908168,0.012000045776367152,normal,normal,bull_steep,1012
1999-08-23,5.882999897003174,5.66,0.22299989700317369,0.018999767303466975,normal,normal,bull_steep,1013
1999-08-24,5.836999893188477,5.65,0.1869998931884762,0.04000001907348594,normal,normal,bull_steep,1014
1999-08-25,5.7170000076293945,5.53,0.18700000762939428,0.04900003433227518,normal,normal,bull_steep,1015
1999-08-26,5.73799991607666,5.56,0.17799991607666055,0.04300012588501012,normal,normal,bull_steep,1016
1999-08-27,5.841000080108643,5.65,0.19100008010864222,0.06300022125244098,normal,normal,bull_steep,1017
1999-08-30,5.940999984741211,5.73,0.2109999847412105,0.08000007629394457,normal,normal,bull_steep,1018
1999-08-31,5.979000091552734,5.73,0.24900009155273395,0.10599992752075149,normal,normal,bull_steep,1019
1999-09-01,5.973999977111816,5.74,0.2339999771118162,0.07799976348876925,normal,normal,bull_steep,1020
1999-09-02,6.01200008392334,5.74,0.27200008392333963,0.1230001258850093,normal,normal,bull_steep,1021
1999-09-03,5.882999897003174,5.64,0.24299989700317415,0.0719997978210456,normal,normal,bull_steep,1022
1999-09-07,5.936999797821045,5.69,0.24699979782104453,0.10699985504150344,normal,normal,bull_steep,1023
1999-09-08,5.920000076293945,5.67,0.2500000762939454,0.12899997711181665,normal,normal,bull_steep,1024
1999-09-09,5.958000183105469,5.71,0.24800018310546879,0.18200025558471644,normal,normal,bull_steep,1025
1999-09-10,5.890999794006348,5.64,0.250999794006348,0.15099973678588885,normal,normal,bull_steep,1026
1999-09-13,5.9079999923706055,5.66,0.24799999237060533,0.1969998550415042,normal,normal,bull_steep,1027
1999-09-14,5.949999809265137,5.71,0.23999980926513675,0.17399961471557646,normal,normal,bull_steep,1028
1999-09-15,5.928999900817871,5.67,0.25899990081787116,0.21999984741210987,normal,normal,bull_steep,1029
1999-09-16,5.890999794006348,5.63,0.26099979400634776,0.15999958038330053,normal,normal,bull_steep,1030
1999-09-17,5.854000091552734,5.63,0.22400009155273448,0.14199989318847628,normal,normal,bull_steep,1031
1999-09-20,5.901999950408936,5.67,0.2319999504089365,0.13399993896484474,normal,normal,bull_steep,1032
1999-09-21,5.922999858856201,5.67,0.25299985885620124,0.15599981307983413,normal,normal,bull_steep,1033
1999-09-22,5.914999961853027,5.67,0.24499996185302741,0.15599987030029272,normal,normal,bull_steep,1034
1999-09-23,5.852000236511231,5.63,0.22200023651123146,0.12100004196167102,normal,normal,bull_steep,1035
1999-09-24,5.738999843597412,5.55,0.1889998435974123,0.05399997711181648,normal,normal,bull_steep,1036
1999-09-27,5.817999839782715,5.62,0.19799983978271474,0.06599983215332017,normal,normal,bull_steep,1037
1999-09-28,5.872000217437744,5.65,0.22200021743774379,0.08800014495849595,normal,normal,bull_steep,1038
1999-09-29,5.947999954223633,5.68,0.2679999542236331,0.1380000114440918,normal,normal,bull_steep,1039
1999-09-30,5.885000228881836,5.63,0.25500022888183604,0.14400003433227582,normal,normal,bull_steep,1040
1999-10-01,5.986000061035156,5.73,0.2560000610351558,0.11200021743774347,normal,normal,bull_steep,1041
1999-10-04,5.934999942779541,5.7,0.23499994277954084,0.1259997940063471,normal,normal,bull_steep,1042
1999-10-05,6.019999980926514,5.78,0.23999998092651342,0.15899976730346665,normal,normal,bull_steep,1043
1999-10-06,6.0329999923706055,5.81,0.22299999237060586,0.13800010681152397,normal,normal,bull_steep,1044
1999-10-07,6.0329999923706055,5.82,0.21299999237060518,0.15399986267089805,normal,normal,bull_steep,1045
1999-10-08,6.02400016784668,5.8,0.22400016784667987,0.1849999809265137,normal,normal,bull_steep,1046
1999-10-12,6.058000087738037,5.82,0.23800008773803683,0.1750002098083483,normal,normal,bull_steep,1047
1999-10-13,6.113999843597412,5.87,0.243999843597412,0.1929996109008787,normal,normal,bull_steep,1048
1999-10-14,6.1570000648498535,5.9,0.25700006484985316,0.15400020599365227,normal,normal,bull_steep,1049
1999-10-15,6.066999912261963,5.82,0.2469999122619626,0.16199995040893533,normal,normal,bull_steep,1050
1999-10-18,6.110000133514404,5.85,0.26000013351440465,0.18700025558471634,normal,normal,bull_steep,1051
1999-10-19,6.165999889373779,5.92,0.24599988937377937,0.1510000038146977,normal,normal,bull_steep,1052
1999-10-20,6.178999900817871,5.94,0.2389999008178707,0.1540000534057615,normal,normal,bull_steep,1053
1999-10-21,6.183000087738037,5.93,0.2530000877380374,0.15100006103515629,normal,normal,bull_steep,1054
1999-10-22,6.191999912261963,5.96,0.23199991226196293,0.11499982833862266,normal,normal,bull_steep,1055
1999-10-25,6.204999923706055,5.98,0.22499992370605426,0.09299976348876893,normal,normal,bull_steep,1056
1999-10-26,6.227000236511231,6.02,0.20700023651123178,0.08300045013427848,normal,normal,bull_steep,1057
1999-10-27,6.183000087738037,5.94,0.24300008773803672,0.1420002937316891,normal,normal,bull_steep,1058
1999-10-28,6.105999946594238,5.87,0.23599994659423817,0.10599985122680611,normal,normal,bull_steep,1059
1999-10-29,6.002999782562256,5.79,0.21299978256225582,0.10499979019165018,normal,normal,bull_steep,1060
1999-11-01,6.046000003814697,5.83,0.2160000038146972,0.07399995803833015,normal,normal,bull_steep,1061
1999-11-02,6.019999980926514,5.81,0.20999998092651406,0.11200010299682539,normal,normal,bull_steep,1062
1999-11-03,5.999000072479248,5.79,0.209000072479248,0.12099990844726527,normal,normal,bull_steep,1063
1999-11-04,5.942999839782715,5.74,0.20299983978271463,0.10499996185302596,normal,normal,bull_steep,1064
1999-11-05,5.90500020980835,5.72,0.18500020980834986,0.07400033950805707,normal,normal,bull_steep,1065
1999-11-08,5.934999942779541,5.74,0.1949999427795408,0.08900014877319329,normal,normal,bull_steep,1066
1999-11-09,5.947000026702881,5.77,0.17700002670288129,0.0989999580383305,normal,normal,bull_steep,1067
1999-11-10,5.980999946594238,5.81,0.17099994659423867,0.05899976730346612,normal,normal,bull_steep,1068
1999-11-12,5.913000106811523,5.78,0.1330001068115232,-0.010000114440917862,normal,normal,bull_steep,1069
1999-11-15,5.916999816894531,5.79,0.12699981689453121,-0.01500001907348647,normal,normal,bull_steep,1070
1999-11-16,5.952000141143799,5.85,0.10200014114379918,-0.08199968338012642,normal,normal,bull_steep,1071
1999-11-17,6.02400016784668,5.9,0.12400016784667933,-0.03699991226196353,normal,normal,bull_steep,1072
1999-11-18,6.050000190734863,5.9,0.15000019073486293,-0.035999736785888636,normal,normal,bull_steep,1073
1999-11-19,6.050000190734863,5.92,0.13000019073486335,-0.07099983215332006,normal,normal,bull_steep,1074
1999-11-22,6.085000038146973,5.95,0.13500003814697248,-0.04099994659423878,normal,normal,bull_steep,1075
1999-11-23,6.076000213623047,5.93,0.14600021362304716,-0.011999664306641122,normal,normal,bull_steep,1076
1999-11-24,6.076000213623047,5.97,0.10600021362304712,-0.04599971771240252,normal,normal,bull_steep,1077
1999-11-26,6.105999946594238,5.99,0.11599994659423807,-0.03300018310546893,normal,normal,bull_steep,1078
1999-11-29,6.189000129699707,6.04,0.149000129699707,0.0020001029968259587,normal,normal,bull_steep,1079
1999-11-30,6.163000106811523,6.01,0.15300010681152365,0.002000083923340057,normal,normal,bull_steep,1080
1999-12-01,6.192999839782715,6.04,0.1529998397827148,0.012999725341797053,normal,normal,bull_steep,1081
1999-12-02,6.223999977111816,6.06,0.1639999771118168,0.03699985504150405,normal,normal,bull_steep,1082
1999-12-03,6.163000106811523,5.99,0.17300010681152322,0.06099988937377887,normal,normal,bull_steep,1083
1999-12-06,6.140999794006348,5.98,0.16099979400634723,0.04999996185302713,normal,normal,bull_steep,1084
1999-12-07,6.0980000495910645,5.95,0.14800004959106428,0.04000028610229478,normal,normal,bull_steep,1085
1999-12-08,6.132999897003174,5.98,0.1529998970031734,0.039000129699706676,normal,normal,bull_steep,1086
1999-12-09,6.119999885559082,5.96,0.15999988555908207,0.004000015258789347,normal,normal,bull_steep,1087
1999-12-10,6.067999839782715,5.93,0.13799983978271513,-0.03800029754638601,normal,normal,bull_steep,1088
1999-12-13,6.089000225067139,5.96,0.1290002250671387,-0.0539998435974125,normal,normal,bull_steep,1089
1999-12-14,6.203000068664551,6.07,0.1330000686645505,-0.07599981307983406,normal,normal,bull_steep,1090
1999-12-15,6.242000102996826,6.1,0.14200010299682653,-0.09699972152709968,normal,normal,bull_steep,1091
1999-12-16,6.295000076293945,6.15,0.14500007629394496,-0.07599990844726623,normal,normal,bull_steep,1092
1999-12-17,6.287000179290772,6.15,0.13700017929077202,-0.10700002670288011,normal,normal,bull_steep,1093
1999-12-20,6.340000152587891,6.21,0.13000015258789066,-0.13199968338012713,normal,normal,bull_steep,1094
1999-12-21,6.357999801635742,6.21,0.14799980163574222,-0.07500028610229492,normal,normal,bull_steep,1095
1999-12-22,6.375999927520752,6.24,0.13599992752075174,-0.053999958038330576,normal,normal,bull_steep,1096
1999-12-23,6.394000053405762,6.24,0.1540000534057615,-0.040000019073486826,normal,normal,bull_steep,1097
1999-12-27,6.385000228881836,6.21,0.17500022888183597,0.016000175476074574,normal,normal,bull_steep,1098
1999-12-28,6.416999816894531,6.23,0.18699981689453082,0.03100004196166939,normal,normal,bull_steep,1099
1999-12-29,6.386000156402588,6.21,0.17600015640258793,0.0660001945495603,normal,normal,bull_steep,1100
1999-12-30,6.368000030517578,6.19,0.17800003051757773,0.01900005340576172,normal,normal,bull_steep,1101
1999-12-31,6.434999942779541,6.24,0.1949999427795408,0.03299995422363278,normal,normal,bull_steep,1102
2000-01-03,6.547999858856201,6.38,0.16799985885620128,-0.01200023651123061,normal,normal,bull_steep,1103
2000-01-04,6.485000133514404,6.3,0.18500013351440447,-0.0009997177124025924,normal,normal,bull_steep,1104
2000-01-05,6.598999977111816,6.38,0.2189999771118165,0.04099975585937532,normal,normal,bull_steep,1105
2000-01-06,6.548999786376953,6.35,0.19899978637695348,0.014999961853027877,normal,normal,bull_steep,1106
2000-01-07,6.504000186920166,6.31,0.1940001869201664,0.05000036239624084,normal,normal,bull_steep,1107
2000-01-10,6.558000087738037,6.38,0.17800008773803722,-0.007999973297119212,normal,normal,bull_steep,1108
2000-01-11,6.664000034332275,6.45,0.2140000343322752,0.017000045776367045,normal,normal,bull_steep,1109
2000-01-12,6.696000099182129,6.49,0.2060000991821287,0.03500013351440412,normal,normal,bull_steep,1110
2000-01-13,6.618000030517578,6.4,0.21800003051757777,0.05100025177001921,normal,normal,bull_steep,1111
2000-01-14,6.673999786376953,6.44,0.23399978637695273,0.012999610900878089,normal,normal,bull_steep,1112
2000-01-18,6.748000144958496,6.47,0.27800014495849634,0.038000087738037536,normal,normal,bull_steep,1113
2000-01-19,6.724999904632568,6.46,0.2649999046325684,-0.004999999999999893,normal,normal,bull_steep,1114
2000-01-20,6.748000144958496,6.49,0.2580001449584959,-0.021000061035156392,normal,normal,bull_steep,1115
2000-01-21,6.781000137329102,6.48,0.30100013732910114,0.014000072479247727,normal,normal,bull_steep,1116
2000-01-24,6.684000015258789,6.43,0.25400001525878935,-0.04100021362304673,normal,normal,bull_steep,1117
2000-01-25,6.684000015258789,6.44,0.24400001525878867,-0.06099987030029297,normal,normal,bull_steep,1118
2000-01-26,6.679999828338623,6.45,0.22999982833862287,-0.11500001907348611,normal,normal,bull_steep,1119
2000-01-27,6.684999942779541,6.51,0.17499994277954123,-0.18899999618530217,normal,normal,bull_steep,1120
2000-01-28,6.6479997634887695,6.58,0.06799976348876946,-0.31300033569335906,normal,normal,bull_steep,1121
2000-01-31,6.666999816894531,6.61,0.05699981689453093,-0.3110002708435058,normal,normal,bull_steep,1122
2000-02-01,6.617000102996826,6.6,0.017000102996826527,-0.25299976348876907,normal,normal,bull_steep,1123
2000-02-02,6.5980000495910645,6.63,-0.03199995040893544,-0.33500011444091804,normal,normal,bull_steep,1124
2000-02-03,6.474999904632568,6.56,-0.08500009536743125,-0.42400026321411133,bull_steep,normal,bull_steep,1125
2000-02-04,6.517000198364258,6.63,-0.11299980163574208,-0.3939995765686035,normal,normal,bull_steep,1126
2000-02-07,6.63100004196167,6.68,-0.048999958038329794,-0.2739997482299801,normal,normal,bull_steep,1127
2000-02-08,6.598999977111816,6.69,-0.09100002288818398,-0.32299980163574293,normal,normal,bull_steep,1128
2000-02-09,6.669000148773193,6.69,-0.02099985122680703,-0.23699964523315487,normal,normal,bull_steep,1129
2000-02-10,6.656000137329102,6.67,-0.013999862670898366,-0.2259999656677243,normal,normal,bull_steep,1130
2000-02-11,6.620999813079834,6.65,-0.02900018692016637,-0.20800027847290092,normal,normal,bull_steep,1131
2000-02-14,6.539000034332275,6.62,-0.08099996566772472,-0.288000144958497,normal,normal,bull_steep,1132
2000-02-15,6.552000045776367,6.66,-0.10799995422363295,-0.28999994277954144,normal,normal,bull_steep,1133
2000-02-16,6.546999931335449,6.63,-0.08300006866455067,-0.274000129699707,normal,normal,bull_steep,1134
2000-02-17,6.568999767303467,6.69,-0.1210002326965336,-0.3470000267028812,normal,normal,bull_steep,1135
2000-02-18,6.482999801635742,6.66,-0.17700019836425795,-0.4100001907348636,bull_steep,normal,bull_steep,1136
2000-02-22,6.3420000076293945,6.57,-0.22799999237060575,-0.47600009918212915,bull_steep,normal,bull_steep,1137
2000-02-23,6.427000045776367,6.61,-0.18299995422363313,-0.4319999694824226,bull_steep,normal,bull_steep,1138
2000-02-24,6.3460001945495605,6.52,-0.17399980545043903,-0.4099998092651367,bull_steep,normal,bull_steep,1139
2000-02-25,6.341000080108643,6.45,-0.1089999198913576,-0.35699975967407216,normal,normal,bull_steep,1140
2000-02-28,6.414000034332275,6.47,-0.05599996566772436,-0.3019999122619623,normal,normal,bull_steep,1141
2000-02-29,6.408999919891357,6.53,-0.12100008010864283,-0.376999969482422,normal,normal,bull_steep,1142
2000-03-01,6.379000186920166,6.52,-0.14099981307983356,-0.4389999580383295,bull_steep,normal,bull_steep,1143
2000-03-02,6.395999908447266,6.52,-0.12400009155273395,-0.4320000267028803,bull_steep,normal,bull_steep,1144
2000-03-03,6.370999813079834,6.5,-0.12900018692016602,-0.4280002975463866,bull_steep,normal,bull_steep,1145
2000-03-06,6.408999919891357,6.55,-0.1410000801086424,-0.46900028228759716,bull_steep,normal,bull_steep,1146
2000-03-07,6.382999897003174,6.48,-0.0970001029968266,-0.38300012588501,normal,normal,bull_steep,1147
2000-03-08,6.375,6.5,-0.125,-0.38700002670288125,normal,normal,bull_steep,1148
2000-03-09,6.341000080108643,6.48,-0.13899991989135785,-0.4099997138977054,bull_steep,normal,bull_steep,1149
2000-03-10,6.38700008392334,6.55,-0.16299991607665998,-0.44299974441528267,bull_steep,normal,bull_steep,1150
2000-03-13,6.361999988555908,6.52,-0.15800001144409137,-0.46099979400634705,bull_steep,normal,bull_steep,1151
2000-03-14,6.297999858856201,6.48,-0.18200014114379925,-0.4609999465942396,bull_steep,normal,bull_steep,1152
2000-03-15,6.276000022888184,6.5,-0.2239999771118164,-0.5060000610351558,bull_steep,bull_steep,normal,1
2000-03-16,6.23799991607666,6.5,-0.26200008392333984,-0.5400002670288089,bull_steep,bull_steep,normal,2
2000-03-17,6.188000202178955,6.5,-0.3119997978210449,-0.5579999160766604,bull_steep,bull_steep,normal,3
2000-03-20,6.171000003814697,6.52,-0.3489999961853023,-0.6289999389648431,bull_steep,bull_steep,normal,4
2000-03-21,6.13700008392334,6.5,-0.36299991607666016,-0.6230000686645507,bull_steep,bull_steep,normal,5
2000-03-22,6.119999885559082,6.5,-0.38000011444091797,-0.6230000686645507,bull_steep,bull_steep,normal,6
2000-03-23,6.070000171661377,6.52,-0.4499998283386226,-0.6760000038146972,bull_steep,bull_steep,normal,7
2000-03-24,6.173999786376953,6.64,-0.46600021362304656,-0.7180004119873047,bull_steep,bull_steep,normal,8
2000-03-27,6.195000171661377,6.66,-0.4649998283386232,-0.7069996070861819,bull_steep,bull_steep,normal,9
2000-03-28,6.170000076293945,6.6,-0.42999992370605433,-0.6429998779296868,bull_steep,bull_steep,normal,10
2000-03-29,6.14900016784668,6.59,-0.44099983215332017,-0.6320000267028805,bull_steep,bull_steep,normal,11
2000-03-30,6.065000057220459,6.52,-0.4549999427795406,-0.6469998550415035,bull_steep,bull_steep,normal,12
2000-03-31,6.0229997634887695,6.5,-0.47700023651123047,-0.6480004310607912,bull_steep,bull_steep,normal,13
2000-04-03,5.986000061035156,6.45,-0.4639999389648439,-0.6430000495910644,bull_steep,bull_steep,normal,14
2000-04-04,5.841000080108643,6.35,-0.5089999198913571,-0.6799999237060543,bull_steep,bull_steep,normal,15
2000-04-05,5.881999969482422,6.35,-0.46800003051757777,-0.6580001258850094,bull_steep,bull_steep,normal,16
2000-04-06,5.914999961853027,6.38,-0.46500003814697255,-0.6640002250671388,bull_steep,bull_steep,normal,17
2000-04-07,5.848999977111816,6.38,-0.5310000228881835,-0.731000118255615,bull_steep,bull_steep,normal,18
2000-04-10,5.791999816894531,6.31,-0.5180001831054684,-0.7670002365112305,bull_steep,bull_steep,normal,19
2000-04-11,5.876999855041504,6.36,-0.4830001449584964,-0.7320001411437991,bull_steep,bull_steep,normal,20
2000-04-12,5.9679999351501465,6.4,-0.43200006484985387,-0.6680002593994141,bull_steep,bull_steep,normal,21
2000-04-13,5.914000034332275,6.4,-0.48599996566772496,-0.7249997520446785,bull_steep,bull_steep,normal,22
2000-04-14,5.885000228881836,6.27,-0.38499977111816364,-0.6309995460510249,bull_steep,bull_steep,normal,23
2000-04-17,5.992000102996826,6.33,-0.3379998970031739,-0.580999813079834,bull_steep,bull_steep,normal,24
2000-04-18,6.046000003814697,6.33,-0.2839999961853028,-0.5610000610351564,bull_steep,bull_steep,normal,25
2000-04-19,5.974999904632568,6.33,-0.3550000953674317,-0.6159998703002927,bull_steep,bull_steep,normal,26
2000-04-20,5.98799991607666,6.38,-0.39200008392333974,-0.6839999961853023,bull_steep,bull_steep,normal,27
2000-04-24,5.986999988555908,6.36,-0.3730000114440921,-0.6790001106262213,bull_steep,bull_steep,normal,28
2000-04-25,6.117000102996826,6.48,-0.36299989700317425,-0.6899997520446783,bull_steep,bull_steep,normal,29
2000-04-26,6.130000114440918,6.5,-0.36999988555908203,-0.6869998550415035,bull_steep,bull_steep,normal,30
2000-04-27,6.235000133514404,6.63,-0.3949998664855956,-0.7229998970031737,bull_steep,bull_steep,normal,31
2000-04-28,6.214000225067139,6.68,-0.46599977493286104,-0.8199998283386227,bull_steep,bull_steep,normal,32
2000-05-01,6.255000114440918,6.73,-0.47499988555908246,-0.824000091552735,bull_steep,bull_steep,normal,33
2000-05-02,6.311999797821045,6.72,-0.40800020217895483,-0.6950001144409175,bull_steep,bull_steep,normal,34
2000-05-03,6.402999877929688,6.73,-0.32700012207031204,-0.5920000267028804,bull_steep,bull_steep,normal,35
2000-05-04,6.446000099182129,6.77,-0.32399990081787067,-0.5399999809265132,bull_steep,bull_steep,normal,36
2000-05-05,6.506999969482422,6.84,-0.333000030517578,-0.5270001029968263,bull_steep,bull_steep,normal,37
2000-05-08,6.559999942779541,6.87,-0.3100000572204591,-0.5160002326965332,bull_steep,bull_steep,normal,38
2000-05-09,6.52400016784668,6.86,-0.33599983215332063,-0.5589997291564943,bull_steep,bull_steep,normal,39
2000-05-10,6.436999797821045,6.84,-0.40300020217895494,-0.6230000877380366,bull_steep,bull_steep,normal,40
2000-05-11,6.4070000648498535,6.82,-0.41299993515014677,-0.6359998321533205,bull_steep,bull_steep,normal,41
2000-05-12,6.498000144958496,6.91,-0.41199985504150405,-0.5989997482299803,bull_steep,bull_steep,normal,42
2000-05-15,6.459000110626221,6.88,-0.4209998893737792,-0.6079998970031735,bull_steep,bull_steep,normal,43
2000-05-16,6.401999950408936,6.89,-0.48800004959106325,-0.6659999656677238,bull_steep,bull_steep,normal,44
2000-05-17,6.4629998207092285,6.9,-0.43700017929077184,-0.6280002593994141,bull_steep,bull_steep,normal,45
2000-05-18,6.546000003814697,6.93,-0.38399999618530245,-0.594999980926513,bull_steep,bull_steep,normal,46
2000-05-19,6.511000156402588,6.86,-0.34899984359741243,-0.5979999351501464,bull_steep,bull_steep,normal,47
2000-05-22,6.420000076293945,6.81,-0.3899999237060543,-0.6239999008178705,bull_steep,bull_steep,normal,48
2000-05-23,6.446000099182129,6.83,-0.38399990081787116,-0.6559999847412108,bull_steep,bull_steep,normal,49
2000-05-24,6.459000110626221,6.79,-0.33099988937377933,-0.5739997863769535,bull_steep,bull_steep,normal,50
2000-05-25,6.372000217437744,6.71,-0.3379997825622558,-0.5849995803833004,bull_steep,bull_steep,normal,51
2000-05-26,6.320000171661377,6.69,-0.36999982833862344,-0.6199999046325688,bull_steep,bull_steep,normal,52
2000-05-30,6.367000102996826,6.74,-0.37299989700317404,-0.6210000801086428,bull_steep,bull_steep,normal,53
2000-05-31,6.284999847412109,6.69,-0.405000152587891,-0.655999946594239,bull_steep,bull_steep,normal,54
2000-06-01,6.195000171661377,6.61,-0.41499982833862337,-0.6629998207092287,bull_steep,bull_steep,normal,55
2000-06-02,6.1479997634887695,6.52,-0.37200023651123004,-0.6120000457763668,bull_steep,bull_steep,normal,56
2000-06-05,6.10099983215332,6.49,-0.3890001678466799,-0.6480000686645511,bull_steep,bull_steep,normal,57
2000-06-06,6.126999855041504,6.51,-0.3830001449584959,-0.6439999389648436,bull_steep,bull_steep,normal,58
2000-06-07,6.113999843597412,6.52,-0.40600015640258746,-0.630000247955322,bull_steep,bull_steep,normal,59
2000-06-08,6.105000019073486,6.56,-0.4549999809265133,-0.6869999313354498,bull_steep,bull_steep,normal,60
2000-06-09,6.11299991607666,6.56,-0.44700008392333945,-0.6999999427795407,bull_steep,bull_steep,normal,61
2000-06-12,6.074999809265137,6.52,-0.44500019073486285,-0.6900001525878903,bull_steep,bull_steep,normal,62
2000-06-13,6.10099983215332,6.49,-0.3890001678466799,-0.6110004043579114,bull_steep,bull_steep,normal,63
2000-06-14,6.040999889373779,6.44,-0.3990001106262211,-0.5879999542236334,bull_steep,bull_steep,normal,64
2000-06-15,6.037000179290772,6.44,-0.402999820709228,-0.6009996604919428,bull_steep,bull_steep,normal,65
2000-06-16,5.968999862670898,6.38,-0.41100013732910146,-0.6330003547668452,bull_steep,bull_steep,normal,66
2000-06-19,5.989999771118164,6.4,-0.4100002288818363,-0.6780001831054694,bull_steep,bull_steep,normal,67
2000-06-20,6.014999866485596,6.43,-0.415000133514404,-0.6700003623962401,bull_steep,bull_steep,normal,68
2000-06-21,6.0960001945495605,6.5,-0.40399980545043945,-0.6599998664855953,bull_steep,bull_steep,normal,69
2000-06-22,6.11299991607666,6.5,-0.38700008392333984,-0.6220000267028807,bull_steep,bull_steep,normal,70
2000-06-23,6.177000045776367,6.55,-0.37299995422363263,-0.6129999351501461,bull_steep,bull_steep,normal,71
2000-06-26,6.09499979019165,6.5,-0.4050002098083496,-0.6280002021789555,bull_steep,bull_steep,normal,72
2000-06-27,6.078000068664551,6.5,-0.4219999313354492,-0.6349999237060544,bull_steep,bull_steep,normal,73
2000-06-28,6.104000091552734,6.43,-0.32599990844726534,-0.5500000762939452,bull_steep,bull_steep,normal,74
2000-06-29,6.031000137329102,6.37,-0.33899986267089854,-0.5769999504089354,bull_steep,bull_steep,normal,75
2000-06-30,6.01800012588501,6.38,-0.36199987411499013,-0.6059997177124021,bull_steep,bull_steep,normal,76
2000-07-03,5.980000019073486,6.31,-0.3299999809265133,-0.5870000457763664,bull_steep,bull_steep,normal,77
2000-07-05,5.97599983215332,6.29,-0.3140001678466797,-0.5610000801086423,bull_steep,bull_steep,normal,78
2000-07-06,6.031000137329102,6.34,-0.3089998626708983,-0.568999996185303,bull_steep,bull_steep,normal,79
2000-07-07,5.997000217437744,6.29,-0.2929997825622559,-0.5389996719360353,bull_steep,bull_steep,normal,80
2000-07-10,6.026000022888184,6.31,-0.283999977111816,-0.5229998779296867,bull_steep,bull_steep,normal,81
2000-07-11,6.047999858856201,6.32,-0.2720001411437991,-0.5250002288818365,bull_steep,bull_steep,normal,82
2000-07-12,6.077000141143799,6.34,-0.26299985885620103,-0.49499977111816396,bull_steep,bull_steep,normal,83
2000-07-13,5.992000102996826,6.31,-0.31799989700317344,-0.5429998207092277,bull_steep,bull_steep,normal,84
2000-07-14,6.093999862670898,6.41,-0.3160001373291017,-0.5230003738403335,bull_steep,bull_steep,normal,85
2000-07-17,6.145999908447266,6.46,-0.31400009155273434,-0.5570001792907711,bull_steep,bull_steep,normal,86
2000-07-18,6.140999794006348,6.44,-0.29900020599365273,-0.5350001525878909,bull_steep,bull_steep,normal,87
2000-07-19,6.150000095367432,6.46,-0.3099999046325683,-0.5229996871948241,bull_steep,bull_steep,normal,88
2000-07-20,6.013000011444092,6.32,-0.3069999885559085,-0.5229999923706057,bull_steep,bull_steep,normal,89
2000-07-21,6.0,6.32,-0.3200000000000003,-0.5299999809265143,bull_steep,bull_steep,normal,90
2000-07-24,6.025000095367432,6.35,-0.324999904632568,-0.533999977111816,bull_steep,bull_steep,normal,91
2000-07-25,6.020999908447266,6.35,-0.329000091552734,-0.5319999313354487,bull_steep,bull_steep,normal,92
2000-07-26,6.020999908447266,6.29,-0.2690000915527344,-0.45400030136108427,bull_steep,bull_steep,normal,93
2000-07-27,6.0,6.27,-0.2699999999999996,-0.4649999427795404,bull_steep,bull_steep,normal,94
2000-07-28,6.025000095367432,6.3,-0.2749999046325682,-0.45199993133544947,bull_steep,bull_steep,normal,95
2000-07-31,6.02899980545044,6.3,-0.2710001945495595,-0.44200014114379815,bull_steep,bull_steep,normal,96
2000-08-01,5.991000175476074,6.27,-0.27899982452392535,-0.41199993133544854,bull_steep,bull_steep,normal,97
2000-08-02,5.968999862670898,6.23,-0.261000137329102,-0.3879999542236332,normal,bull_steep,normal,98
2000-08-03,5.943999767303467,6.22,-0.27600023269653295,-0.37800037384033214,normal,bull_steep,normal,99
2000-08-04,5.901000022888184,6.15,-0.24899997711181676,-0.3730001449584961,normal,bull_steep,normal,100
2000-08-07,5.947999954223633,6.2,-0.25200004577636737,-0.4020002365112303,bull_steep,bull_steep,normal,101
2000-08-08,5.914000034332275,6.16,-0.24599996566772475,-0.3760001564025881,normal,bull_steep,normal,102
2000-08-09,5.908999919891357,6.18,-0.2710000801086423,-0.4060001182556148,bull_steep,bull_steep,normal,103
2000-08-10,5.75,6.16,-0.41000000000000014,-0.5560002136230473,bull_steep,bull_steep,normal,104
2000-08-11,5.787000179290772,6.25,-0.4629998207092276,-0.5690000343322748,bull_steep,bull_steep,normal,105
2000-08-14,5.770999908447266,6.25,-0.4790000915527344,-0.5950000381469724,bull_steep,bull_steep,normal,106
2000-08-15,5.800000190734863,6.28,-0.47999980926513697,-0.628999938964844,bull_steep,bull_steep,normal,107
2000-08-16,5.816999912261963,6.3,-0.48300008773803693,-0.6360001945495606,bull_steep,bull_steep,normal,108
2000-08-17,5.803999900817871,6.3,-0.49600009918212873,-0.6489999389648435,bull_steep,bull_steep,normal,109
2000-08-18,5.765999794006348,6.27,-0.5040002059936519,-0.6680001831054687,bull_steep,bull_steep,normal,110
2000-08-21,5.770999908447266,6.28,-0.5090000915527346,-0.6820001983642578,bull_steep,bull_steep,normal,111
2000-08-22,5.76200008392334,6.27,-0.5079999160766597,-0.668999710083007,bull_steep,bull_steep,normal,112
2000-08-23,5.724999904632568,6.2,-0.4750000953674318,-0.6230001449584961,bull_steep,bull_steep,normal,113
2000-08-24,5.716000080108643,6.19,-0.4739999198913578,-0.6269998168945312,bull_steep,bull_steep,normal,114
2000-08-25,5.7210001945495605,6.19,-0.46899980545043984,-0.6289996910095219,bull_steep,bull_steep,normal,115
2000-08-28,5.765999794006348,6.23,-0.46400020599365277,-0.6020000457763679,bull_steep,bull_steep,normal,116
2000-08-29,5.808000087738037,6.26,-0.4519999122619627,-0.5810001373291014,bull_steep,bull_steep,normal,117
2000-08-30,5.800000190734863,6.24,-0.43999980926513693,-0.5729998779296874,bull_steep,bull_steep,normal,118
2000-08-31,5.729000091552734,6.18,-0.45099990844726534,-0.5930000114440919,bull_steep,bull_steep,normal,119
2000-09-01,5.675000190734863,6.09,-0.4149998092651366,-0.5599998855590815,bull_steep,bull_steep,normal,120
2000-09-05,5.683000087738037,6.09,-0.40699991226196275,-0.5440000915527348,bull_steep,bull_steep,normal,121
2000-09-06,5.711999893188477,6.11,-0.39800010681152376,-0.5280002593994144,bull_steep,bull_steep,normal,122
2000-09-07,5.749000072479248,6.14,-0.39099992752075163,-0.5389997291564939,bull_steep,bull_steep,normal,123
2000-09-08,5.723999977111816,6.11,-0.3860000228881839,-0.5219999504089357,bull_steep,bull_steep,normal,124
2000-09-11,5.757999897003174,6.12,-0.3620001029968263,-0.5160001564025878,bull_steep,bull_steep,normal,125
2000-09-12,5.769999980926514,6.12,-0.35000001907348643,-0.5250002479553224,bull_steep,bull_steep,normal,126
2000-09-13,5.728000164031982,6.09,-0.36199983596801744,-0.5489996528625483,bull_steep,bull_steep,normal,127
2000-09-14,5.77400016784668,6.11,-0.33599983215332063,-0.5119999885559086,bull_steep,bull_steep,normal,128
2000-09-15,5.833000183105469,6.07,-0.23699981689453153,-0.41499984741210927,bull_steep,bull_steep,normal,129
2000-09-18,5.870999813079834,6.04,-0.16900018692016605,-0.36400012969970685,normal,bull_steep,normal,130
2000-09-19,5.849999904632568,6.05,-0.20000009536743146,-0.36799995422363274,normal,bull_steep,normal,131
2000-09-20,5.892000198364258,6.11,-0.2179998016357425,-0.402999935150147,bull_steep,bull_steep,normal,132
2000-09-21,5.870999813079834,6.11,-0.23900018692016634,-0.45800016403198285,bull_steep,bull_steep,normal,133
2000-09-22,5.828999996185303,6.09,-0.2610000038146971,-0.4599997901916506,bull_steep,bull_steep,normal,134
2000-09-25,5.833000183105469,6.11,-0.27699981689453157,-0.471000003814698,bull_steep,bull_steep,normal,135
2000-09-26,5.798999786376953,6.07,-0.27100021362304716,-0.4490003013610844,bull_steep,bull_steep,normal,136
2000-09-27,5.820000171661377,6.0,-0.17999982833862305,-0.39399986267089826,normal,bull_steep,normal,137
2000-09-28,5.811999797821045,6.02,-0.20800020217895465,-0.41400030136108334,bull_steep,bull_steep,normal,138
2000-09-29,5.777999877929688,5.98,-0.20200012207031204,-0.4200001525878898,bull_steep,bull_steep,normal,139
2000-10-02,5.820000171661377,5.98,-0.15999982833862347,-0.3939996147155762,normal,bull_steep,normal,140
2000-10-03,5.867000102996826,6.0,-0.13299989700317383,-0.41100004196167017,bull_steep,bull_steep,normal,141
2000-10-04,5.892000198364258,6.03,-0.13799980163574244,-0.40299970626831083,bull_steep,bull_steep,normal,142
2000-10-05,5.854000091552734,6.02,-0.1659999084472652,-0.4240000534057611,bull_steep,bull_steep,normal,143
2000-10-06,5.815999984741211,5.98,-0.1640000152587895,-0.4650001525878906,bull_steep,bull_steep,normal,144
2000-10-10,5.795000076293945,5.98,-0.1849999237060551,-0.43899993896484446,bull_steep,bull_steep,normal,145
2000-10-11,5.769999980926514,5.93,-0.16000001907348604,-0.4040000343322747,bull_steep,bull_steep,normal,146
2000-10-12,5.715000152587891,5.86,-0.1449998474121097,-0.37499967575073256,normal,bull_steep,normal,147
2000-10-13,5.715000152587891,5.84,-0.12499984741210923,-0.29999979019165046,normal,bull_steep,normal,148
2000-10-16,5.739999771118164,5.89,-0.15000022888183562,-0.21799999237060508,normal,bull_steep,normal,149
2000-10-17,5.664999961853027,5.83,-0.16500003814697273,-0.22199985504150366,normal,bull_steep,normal,150
2000-10-18,5.6570000648498535,5.82,-0.16299993515014677,-0.1800000381469733,inverted_flat,bull_steep,normal,151
2000-10-19,5.651999950408936,5.86,-0.20800004959106388,-0.17600009918212844,inverted_flat,bull_steep,normal,152
2000-10-20,5.636000156402588,5.84,-0.20399984359741197,-0.11899974822998072,inverted_flat,bull_steep,normal,153
2000-10-23,5.581999778747559,5.82,-0.2380002212524417,-0.1250004196166996,inverted_flat,bull_steep,normal,154
2000-10-24,5.623000144958496,5.86,-0.23699985504150423,-0.18799989700317443,inverted_flat,inverted_flat,bull_steep,1
2000-10-25,5.685999870300293,5.87,-0.18400012969970714,-0.09300010681152315,inverted_flat,inverted_flat,bull_steep,2
2000-10-26,5.672999858856201,5.9,-0.22700014114379918,-0.20600028991699215,normal,inverted_flat,bull_steep,3
2000-10-27,5.710999965667725,5.94,-0.22900003433227578,-0.21500017166137741,normal,inverted_flat,bull_steep,4
2000-10-30,5.728000164031982,5.97,-0.24199983596801733,-0.21299964904785096,normal,inverted_flat,bull_steep,5
2000-10-31,5.756999969482422,5.94,-0.18300003051757852,-0.1020000648498538,inverted_flat,inverted_flat,bull_steep,6
2000-11-01,5.736000061035156,5.88,-0.14399993896484364,-0.03599998474121069,inverted_flat,inverted_flat,bull_steep,7
2000-11-02,5.739999771118164,5.87,-0.13000022888183604,-0.04700016021728537,inverted_flat,inverted_flat,bull_steep,8
2000-11-03,5.803999900817871,5.94,-0.1360000991821293,-0.014999866485595703,inverted_flat,inverted_flat,bull_steep,9
2000-11-06,5.855000019073486,5.99,-0.13499998092651389,0.04200021743774407,inverted_flat,inverted_flat,bull_steep,10
2000-11-07,5.859000205993652,5.99,-0.13099979400634787,0.09700019836425788,inverted_flat,inverted_flat,bull_steep,11
2000-11-08,5.849999904632568,5.99,-0.14000009536743185,0.04299985885620128,inverted_flat,inverted_flat,bull_steep,12
2000-11-09,5.808000087738037,5.94,-0.13199991226196328,0.041999893188475745,inverted_flat,inverted_flat,bull_steep,13
2000-11-10,5.795000076293945,5.92,-0.12499992370605462,-0.016000003814697017,inverted_flat,inverted_flat,bull_steep,14
2000-11-13,5.761000156402588,5.9,-0.13899984359741246,-0.0829998779296881,inverted_flat,inverted_flat,bull_steep,15
2000-11-14,5.74399995803833,5.92,-0.17600004196166985,-0.054999961853027024,inverted_flat,inverted_flat,bull_steep,16
2000-11-15,5.697999954223633,5.9,-0.20200004577636754,-0.061000232696533985,inverted_flat,inverted_flat,bull_steep,17
2000-11-16,5.669000148773193,5.87,-0.20099985122680675,-0.0769997596740728,inverted_flat,inverted_flat,bull_steep,18
2000-11-17,5.693999767303467,5.88,-0.1860002326965331,-0.05700004577636708,inverted_flat,inverted_flat,bull_steep,19
2000-11-20,5.664000034332275,5.87,-0.20599996566772472,-0.06499988555908232,inverted_flat,inverted_flat,bull_steep,20
2000-11-21,5.659999847412109,5.86,-0.20000015258789094,-0.10300004959106435,inverted_flat,inverted_flat,bull_steep,21
2000-11-22,5.5929999351501465,5.85,-0.25700006484985316,-0.13200006484985316,inverted_flat,inverted_flat,bull_steep,22
2000-11-24,5.622000217437744,5.86,-0.23799978256225618,-0.09899986267089833,inverted_flat,inverted_flat,bull_steep,23
2000-11-27,5.625999927520752,5.86,-0.23400007247924837,-0.07100015640258839,inverted_flat,inverted_flat,bull_steep,24
2000-11-28,5.589000225067139,5.79,-0.20099977493286136,-0.04299976348876999,inverted_flat,inverted_flat,bull_steep,25
2000-11-29,5.543000221252441,5.69,-0.14699977874755898,0.03500036239624027,inverted_flat,inverted_flat,bull_steep,26
2000-11-30,5.439000129699707,5.61,-0.1709998703002933,0.05300010681152312,inverted_flat,inverted_flat,bull_steep,27
2000-12-01,5.513000011444092,5.62,-0.10699998855590831,0.15500009536743153,inverted_flat,inverted_flat,bull_steep,28
2000-12-04,5.521999835968018,5.59,-0.06800016403198228,0.24399963378906264,normal,inverted_flat,bull_steep,29
2000-12-05,5.429999828338623,5.49,-0.060000171661377166,0.28899982452392514,normal,inverted_flat,bull_steep,30
2000-12-06,5.318999767303467,5.42,-0.10100023269653313,0.261999683380127,normal,inverted_flat,bull_steep,31
2000-12-07,5.298999786376953,5.45,-0.15100021362304705,0.22899990081787092,normal,inverted_flat,bull_steep,32
2000-12-08,5.343999862670898,5.5,-0.15600013732910156,0.29399969100952106,normal,normal,inverted_flat,1
2000-12-11,5.360000133514404,5.52,-0.15999986648559528,0.3060003471374513,normal,normal,inverted_flat,2
2000-12-12,5.3429999351501465,5.54,-0.19700006484985355,0.26799976348876964,normal,normal,inverted_flat,3
2000-12-13,5.277999877929688,5.45,-0.1720001220703118,0.25799980163574254,normal,normal,inverted_flat,4
2000-12-14,5.2129998207092285,5.43,-0.2170001792907712,0.22399965286254897,normal,normal,inverted_flat,5
2000-12-15,5.176000118255615,5.38,-0.20399988174438466,0.25100006103515593,normal,normal,inverted_flat,6
2000-12-18,5.156000137329102,5.33,-0.1739998626708985,0.30300037384033196,normal,normal,inverted_flat,7
2000-12-19,5.184000015258789,5.35,-0.16599998474121058,0.29799995422363335,normal,normal,inverted_flat,8
2000-12-20,5.074999809265137,5.24,-0.1650001907348635,0.34399972915649357,normal,normal,inverted_flat,9
2000-12-21,5.0229997634887695,5.14,-0.11700023651123015,0.3509997940063476,normal,normal,inverted_flat,10
2000-12-22,5.001999855041504,5.1,-0.09800014495849574,0.3669998931884768,normal,normal,inverted_flat,11
2000-12-26,5.021999835968018,5.1,-0.07800016403198207,0.4529998588562014,normal,normal,inverted_flat,12
2000-12-27,5.085999965667725,5.1,-0.014000034332275035,0.5040001487731933,normal,normal,inverted_flat,13
2000-12-28,5.113999843597412,5.18,-0.0660001564025876,0.4169999885559088,normal,normal,inverted_flat,14
2000-12-29,5.110000133514404,5.11,1.3351440397713077e-07,0.43200019836425785,bear_steep,normal,inverted_flat,15
2001-01-02,4.916999816894531,4.87,0.04699981689453114,0.5329997825622561,bear_steep,normal,inverted_flat,16
2001-01-03,5.0970001220703125,4.92,0.17700012207031257,0.5619998931884762,bear_steep,normal,inverted_flat,17
2001-01-04,5.013000011444092,4.77,0.24300001144409222,0.5809999084472661,bear_steep,normal,inverted_flat,18
2001-01-05,4.947999954223633,4.56,0.3879999542236332,0.671999950408936,bear_steep,bear_steep,normal,1
2001-01-08,4.896999835968018,4.54,0.35699983596801754,0.7119999313354493,bear_steep,bear_steep,normal,2
2001-01-09,4.964000225067139,4.64,0.324000225067139,0.7160003089904787,bear_steep,bear_steep,normal,3
2001-01-10,5.084000110626221,4.76,0.3240001106262209,0.697000122070313,bear_steep,bear_steep,normal,4
2001-01-11,5.116000175476074,4.77,0.34600017547607465,0.7090000724792489,bear_steep,bear_steep,normal,5
2001-01-12,5.230000019073486,4.9,0.330000019073486,0.699999904632568,bear_steep,bear_steep,normal,6
2001-01-16,5.234000205993652,4.89,0.34400020599365266,0.7390000724792483,bear_steep,bear_steep,normal,7
2001-01-17,5.156000137329102,4.84,0.3160001373291017,0.7819999122619627,bear_steep,bear_steep,normal,8
2001-01-18,5.09499979019165,4.72,0.37499979019165064,0.8499996757507331,bear_steep,bear_steep,normal,9
2001-01-19,5.173999786376953,4.75,0.4239997863769531,0.831999988555908,bear_steep,bear_steep,normal,10
2001-01-22,5.2210001945495605,4.75,0.47100019454956055,0.7980003166198726,bear_steep,bear_steep,normal,11
2001-01-23,5.27400016784668,4.82,0.4540001678466794,0.7780000686645501,bear_steep,bear_steep,normal,12
2001-01-24,5.302999973297119,4.81,0.49299997329711953,0.8260000038146975,bear_steep,bear_steep,normal,13
2001-01-25,5.269999980926514,4.78,0.4899999809265134,0.8000000381469725,bear_steep,bear_steep,normal,14
2001-01-26,5.252999782562256,4.78,0.4729997825622556,0.8089996147155762,bear_steep,bear_steep,normal,15
2001-01-29,5.295000076293945,4.77,0.5250000762939457,0.9280002784729007,bear_steep,bear_steep,normal,16
2001-01-30,5.211999893188477,4.7,0.5119998931884764,0.9249998283386232,bear_steep,bear_steep,normal,17
2001-01-31,5.178999900817871,4.62,0.558999900817871,0.970999755859375,bear_steep,bear_steep,normal,18
2001-02-01,5.060999870300293,4.55,0.5109998703002931,0.9319997596740723,bear_steep,bear_steep,normal,19
2001-02-02,5.138000011444092,4.65,0.48800001144409144,0.9760000610351547,bear_steep,bear_steep,normal,20
2001-02-05,5.145999908447266,4.68,0.4659999084472659,0.9030000877380377,bear_steep,bear_steep,normal,21
2001-02-06,5.195000171661377,4.72,0.4750001716613772,0.8590001678466797,bear_steep,bear_steep,normal,22
2001-02-07,5.178999900817871,4.7,0.4789999008178709,0.8279997444152833,bear_steep,bear_steep,normal,23
2001-02-08,5.098999977111816,4.73,0.368999977111816,0.7589999008178703,bear_steep,bear_steep,normal,24
2001-02-09,5.015999794006348,4.67,0.3459997940063477,0.7299996948242189,bear_steep,bear_steep,normal,25
2001-02-12,5.047999858856201,4.67,0.37799985885620124,0.7089997482299806,bear_steep,bear_steep,normal,26
2001-02-13,5.067999839782715,4.75,0.31799983978271484,0.6559996223449707,bear_steep,bear_steep,normal,27
2001-02-14,5.105000019073486,4.84,0.26500001907348647,0.6349998474121099,bear_steep,bear_steep,normal,28
2001-02-15,5.177999973297119,4.89,0.28799997329711946,0.6609998703002935,bear_steep,bear_steep,normal,29
2001-02-16,5.0929999351501465,4.75,0.3429999351501465,0.7480000877380375,bear_steep,bear_steep,normal,30
2001-02-20,5.0970001220703125,4.73,0.3670001220703121,0.7819999504089354,bear_steep,bear_steep,normal,31
2001-02-21,5.129000186920166,4.68,0.4490001869201663,0.8210004234313963,bear_steep,bear_steep,normal,32
2001-02-22,5.15399980545044,4.63,0.5239998054504404,0.9129999732971203,bear_steep,bear_steep,normal,33
2001-02-23,5.079999923706055,4.53,0.5499999237060544,0.9330000686645503,bear_steep,bear_steep,normal,34
2001-02-26,5.035999774932861,4.46,0.5759997749328614,0.9819999313354488,bear_steep,bear_steep,normal,35
2001-02-27,4.955999851226807,4.44,0.5159998512268062,0.9709998321533195,bear_steep,bear_steep,normal,36
2001-02-28,4.9079999923706055,4.41,0.4979999923706053,0.9450000762939448,bear_steep,bear_steep,normal,37
2001-03-01,4.855999946594238,4.41,0.44599994659423814,0.891000137329101,bear_steep,bear_steep,normal,38
2001-03-02,4.942999839782715,4.48,0.4629998397827144,0.8520000076293943,bear_steep,bear_steep,normal,39
2001-03-05,4.9629998207092285,4.49,0.4729998207092283,0.8719999313354494,bear_steep,bear_steep,normal,40
2001-03-06,4.9710001945495605,4.49,0.48100019454956033,0.8840000152587884,bear_steep,bear_steep,normal,41
2001-03-07,4.919000148773193,4.43,0.48900014877319364,0.9000002861022951,bear_steep,bear_steep,normal,42
2001-03-08,4.88700008392334,4.43,0.45700008392334013,0.8670003128051764,bear_steep,bear_steep,normal,43
2001-03-09,4.931000232696533,4.47,0.46100023269653345,0.8760003662109375,bear_steep,bear_steep,normal,44
2001-03-12,4.919000148773193,4.46,0.4590001487731934,0.8629999542236328,bear_steep,bear_steep,normal,45
2001-03-13,4.931000232696533,4.46,0.47100023269653324,0.8580003166198731,bear_steep,bear_steep,normal,46
2001-03-14,4.85099983215332,4.32,0.53099983215332,0.9039997863769527,bear_steep,bear_steep,normal,47
2001-03-15,4.803999900817871,4.22,0.5839999008178713,0.989000110626221,bear_steep,bear_steep,normal,48
2001-03-16,4.751999855041504,4.26,0.4919998550415041,0.9139997863769533,bear_steep,bear_steep,normal,49
2001-03-19,4.815000057220459,4.32,0.4950000572204587,0.820999965667724,bear_steep,bear_steep,normal,50
2001-03-20,4.790999889373779,4.24,0.5509998893737791,0.8899997520446776,bear_steep,bear_steep,normal,51
2001-03-21,4.76800012588501,4.21,0.5580001258850098,0.9199999999999999,bear_steep,bear_steep,normal,52
2001-03-22,4.708000183105469,4.17,0.5380001831054688,0.8680001640319821,bear_steep,bear_steep,normal,53
2001-03-23,4.798999786376953,4.24,0.5589997863769529,0.8729999542236326,bear_steep,bear_steep,normal,54
2001-03-26,4.8470001220703125,4.27,0.5770001220703129,0.8859999847412112,bear_steep,bear_steep,normal,55
2001-03-27,4.982999801635742,4.41,0.572999801635742,0.8659995841979979,bear_steep,bear_steep,normal,56
2001-03-28,4.9710001945495605,4.3,0.6710001945495607,0.9550001716613767,bear_steep,bear_steep,normal,57
2001-03-29,4.9629998207092285,4.27,0.6929998207092289,0.964999961853028,bear_steep,bear_steep,normal,58
2001-03-30,4.914999961853027,4.18,0.7349999618530276,0.9979998207092287,bear_steep,bear_steep,normal,59
2001-04-02,4.9710001945495605,4.22,0.7510001945495608,1.0690000915527342,bear_steep,bear_steep,normal,60
2001-04-03,4.934999942779541,4.15,0.7849999427795407,1.1010000801086424,bear_steep,bear_steep,normal,61
2001-04-04,4.922999858856201,4.12,0.8029998588562011,1.1169999504089354,bear_steep,bear_steep,normal,62
2001-04-05,4.9629998207092285,4.19,0.7729998207092281,1.0720000267028809,bear_steep,bear_steep,normal,63
2001-04-06,4.874000072479248,4.07,0.8040000724792478,1.113999977111816,bear_steep,bear_steep,normal,64
2001-04-09,4.906000137329102,4.1,0.8060001373291019,1.1130001258850104,bear_steep,bear_steep,normal,65
2001-04-10,5.067999839782715,4.24,0.8279998397827146,1.147999839782715,bear_steep,bear_steep,normal,66
2001-04-11,5.109000205993652,4.29,0.8190002059936523,1.1440001106262203,bear_steep,bear_steep,normal,67
2001-04-12,5.145999908447266,4.36,0.7859999084472653,1.1149999999999993,bear_steep,bear_steep,normal,68
2001-04-16,5.275000095367432,4.49,0.7850000953674314,1.0540001869201658,bear_steep,bear_steep,normal,69
2001-04-17,5.188000202178955,4.41,0.7780002021789549,1.0480002021789545,bear_steep,bear_steep,normal,70
2001-04-18,5.118000030517578,4.26,0.8580000305175783,1.1329999351501465,bear_steep,bear_steep,normal,71
2001-04-19,5.232999801635742,4.29,0.9429998016357422,1.2139999961853016,bear_steep,bear_steep,normal,72
2001-04-20,5.263000011444092,4.26,1.003000011444092,1.2819998359680174,bear_steep,bear_steep,normal,73
2001-04-23,5.188000202178955,4.15,1.0380002021789547,1.2990003395080567,bear_steep,bear_steep,normal,74
2001-04-24,5.188000202178955,4.16,1.028000202178955,1.304000434875488,bear_steep,bear_steep,normal,75
2001-04-25,5.254000186920166,4.2,1.0540001869201658,1.3030001640319826,bear_steep,bear_steep,normal,76
2001-04-26,5.191999912261963,4.14,1.0519999122619632,1.3039999580383306,bear_steep,bear_steep,normal,77
2001-04-27,5.313000202178955,4.28,1.0330002021789548,1.2790001678466796,bear_steep,bear_steep,normal,78
2001-04-30,5.3379998207092285,4.3,1.0379998207092287,1.308999900817871,bear_steep,bear_steep,normal,79
2001-05-01,5.288000106811523,4.23,1.058000106811523,1.4680001068115232,bear_steep,bear_steep,normal,80
2001-05-02,5.283999919891357,4.27,1.0139999198913578,1.4769997406005855,bear_steep,bear_steep,normal,81
2001-05-03,5.201000213623047,4.22,0.9810002136230471,1.4600003051757815,bear_steep,bear_steep,normal,82
2001-05-04,5.184000015258789,4.14,1.0440000152587894,1.5239998245239263,bear_steep,bear_steep,normal,83
2001-05-07,5.204999923706055,4.12,1.0849999237060546,1.5680000114440915,bear_steep,bear_steep,normal,84
2001-05-08,5.2170000076293945,4.1,1.1170000076293949,1.6130001068115236,bear_steep,bear_steep,normal,85
2001-05-09,5.168000221252441,4.07,1.0980002212524411,1.602000427246093,bear_steep,bear_steep,normal,86
2001-05-10,5.271999835968018,4.17,1.1019998359680176,1.6109999275207523,bear_steep,bear_steep,normal,87
2001-05-11,5.484000205993652,4.36,1.124000205993652,1.6320001220703118,bear_steep,bear_steep,normal,88
2001-05-14,5.415999889373779,4.29,1.1259998893737793,1.600999984741211,bear_steep,bear_steep,normal,89
2001-05-15,5.480000019073486,4.28,1.200000019073486,1.673999938964844,bear_steep,bear_steep,normal,90
2001-05-16,5.4670000076293945,4.25,1.2170000076293945,1.6859998130798344,bear_steep,bear_steep,normal,91
2001-05-17,5.4670000076293945,4.33,1.1370000076293945,1.6010002136230472,bear_steep,bear_steep,normal,92
2001-05-18,5.390999794006348,4.37,1.0209997940063475,1.4729997062683102,bear_steep,bear_steep,normal,93
2001-05-21,5.386000156402588,4.37,1.0160001564025878,1.4559999656677247,bear_steep,bear_steep,normal,94
2001-05-22,5.39900016784668,4.34,1.0590001678466798,1.5100000762939452,bear_steep,bear_steep,normal,95
2001-05-23,5.390999794006348,4.29,1.1009997940063476,1.5159996032714842,bear_steep,bear_steep,normal,96
2001-05-24,5.488999843597412,4.32,1.1689998435974118,1.5759997558593746,bear_steep,bear_steep,normal,97
2001-05-25,5.485000133514404,4.31,1.1750001335144047,1.5730002403259284,bear_steep,bear_steep,normal,98
2001-05-29,5.506999969482422,4.33,1.1769999694824218,1.5679998970031734,bear_steep,bear_steep,normal,99
2001-05-30,5.502999782562256,4.34,1.162999782562256,1.54899980545044,bear_steep,bear_steep,normal,100
2001-05-31,5.413000106811523,4.22,1.1930001068115237,1.55500020980835,bear_steep,bear_steep,normal,101
2001-06-01,5.354000091552734,4.22,1.1340000915527346,1.484000110626221,bear_steep,bear_steep,normal,102
2001-06-04,5.323999881744385,4.19,1.1339998817443844,1.4959997177124018,bear_steep,bear_steep,normal,103
2001-06-05,5.261000156402588,4.12,1.1410001564025878,1.4769999885559084,bear_steep,bear_steep,normal,104
2001-06-06,5.264999866485596,4.12,1.1449998664855956,1.3819996833801271,bear_steep,bear_steep,normal,105
2001-06-07,5.295000076293945,4.14,1.1550000762939456,1.3240002632141117,bear_steep,bear_steep,normal,106
2001-06-08,5.333000183105469,4.17,1.1630001831054688,1.3630002784729003,bear_steep,bear_steep,normal,107
2001-06-11,5.287000179290772,4.11,1.177000179290772,1.3949999809265146,bear_steep,bear_steep,normal,108
2001-06-12,5.239999771118164,4.09,1.1499997711181642,1.3889999580383305,bear_steep,bear_steep,normal,109
2001-06-13,5.256999969482422,4.08,1.1769999694824218,1.437999973297119,bear_steep,bear_steep,normal,110
2001-06-14,5.215000152587891,4.04,1.1750001525878906,1.4519999694824222,bear_steep,bear_steep,normal,111
2001-06-15,5.228000164031982,4.01,1.2180001640319826,1.4890003776550298,bear_steep,bear_steep,normal,112
2001-06-18,5.241000175476074,3.98,1.2610001754760742,1.4410000038146973,bear_steep,bear_steep,normal,113
2001-06-19,5.228000164031982,3.99,1.2380001640319822,1.4460003662109369,bear_steep,bear_steep,normal,114
2001-06-20,5.198999881744385,3.98,1.2189998817443848,1.4210000038146968,bear_steep,bear_steep,normal,115
2001-06-21,5.177999973297119,3.99,1.187999973297119,1.3479998016357424,bear_steep,bear_steep,normal,116
2001-06-22,5.124000072479248,3.93,1.1940000724792479,1.3269999694824217,bear_steep,bear_steep,normal,117
2001-06-25,5.131999969482422,3.96,1.171999969482422,1.3099997711181643,bear_steep,bear_steep,normal,118
2001-06-26,5.223999977111816,4.03,1.1939999771118162,1.3599998855590814,bear_steep,bear_steep,normal,119
2001-06-27,5.232999801635742,4.06,1.1729998016357426,1.336999816894532,bear_steep,bear_steep,normal,120
2001-06-28,5.326000213623047,4.22,1.1060002136230471,1.2910001373291022,bear_steep,bear_steep,normal,121
2001-06-29,5.389999866485596,4.25,1.1399998664855957,1.2999998855590817,bear_steep,bear_steep,normal,122
2001-07-02,5.330999851226807,4.21,1.1209998512268067,1.2659996986389164,bear_steep,bear_steep,normal,123
2001-07-03,5.377999782562256,4.24,1.1379997825622556,1.2629996299743649,bear_steep,bear_steep,normal,124
2001-07-05,5.412000179290772,4.24,1.1720001792907722,1.3220004081726078,bear_steep,bear_steep,normal,125
2001-07-06,5.374000072479248,4.16,1.214000072479248,1.3790001106262206,bear_steep,bear_steep,normal,126
2001-07-09,5.340000152587891,4.15,1.1900001525878903,1.353000087738037,bear_steep,bear_steep,normal,127
2001-07-10,5.271999835968018,4.08,1.1919998359680175,1.3999998855590814,bear_steep,bear_steep,normal,128
2001-07-11,5.284999847412109,4.07,1.214999847412109,1.418999691009521,bear_steep,bear_steep,normal,129
2001-07-12,5.230000019073486,4.07,1.160000019073486,1.3980002403259277,bear_steep,bear_steep,normal,130
2001-07-13,5.234000205993652,4.12,1.1140002059936522,1.3510000610351565,bear_steep,bear_steep,normal,131
2001-07-16,5.175000190734863,4.07,1.105000190734863,1.2890003204345701,bear_steep,bear_steep,normal,132
2001-07-17,5.178999900817871,4.09,1.0889999008178712,1.3160000419616704,bear_steep,bear_steep,normal,133
2001-07-18,5.086999893188477,3.96,1.1269998931884766,1.3559999275207524,bear_steep,bear_steep,normal,134
2001-07-19,5.104000091552734,3.98,1.1240000915527344,1.3659999275207517,bear_steep,bear_steep,normal,135
2001-07-20,5.111999988555908,3.98,1.1319999885559082,1.3150000190734867,bear_steep,bear_steep,normal,136
2001-07-23,5.107999801635742,3.98,1.1279998016357422,1.2719997406005858,bear_steep,bear_steep,normal,137
2001-07-24,5.086999893188477,3.97,1.1169998931884764,1.2470001220703124,bear_steep,bear_steep,normal,138
2001-07-25,5.107999801635742,3.98,1.1279998016357422,1.2639999008178715,bear_steep,bear_steep,normal,139
2001-07-26,5.150000095367432,3.94,1.2100000953674317,1.3450000762939456,bear_steep,bear_steep,normal,140
2001-07-27,5.0960001945495605,3.87,1.2260001945495604,1.3569999885559083,bear_steep,bear_steep,normal,141
2001-07-30,5.0960001945495605,3.86,1.2360001945495607,1.3760002899169925,bear_steep,bear_steep,normal,142
2001-07-31,5.037000179290772,3.79,1.2470001792907723,1.3790000915527356,bear_steep,bear_steep,normal,143
2001-08-01,5.065999984741211,3.83,1.2359999847412109,1.3609999084472655,bear_steep,bear_steep,normal,144
2001-08-02,5.125,3.89,1.2349999999999999,1.3739998435974123,bear_steep,bear_steep,normal,145
2001-08-03,5.158999919891357,3.91,1.2489999198913573,1.4249999618530271,bear_steep,bear_steep,normal,146
2001-08-06,5.176000118255615,3.88,1.2960001182556153,1.4980001640319829,bear_steep,bear_steep,normal,147
2001-08-07,5.171999931335449,3.9,1.2719999313354493,1.472999782562256,bear_steep,bear_steep,normal,148
2001-08-08,5.053999900817871,3.77,1.283999900817871,1.4700001335144042,bear_steep,bear_steep,normal,149
2001-08-09,5.027999877929688,3.77,1.2579998779296884,1.463999843597413,bear_steep,bear_steep,normal,150
2001-08-10,5.015999794006348,3.73,1.2859997940063477,1.4859999465942386,bear_steep,bear_steep,normal,151
2001-08-13,4.960000038146973,3.7,1.2600000381469725,1.5170001029968256,bear_steep,bear_steep,normal,152
2001-08-14,4.9679999351501465,3.74,1.2279999351501463,1.4659997177124025,bear_steep,bear_steep,normal,153
2001-08-15,4.992000102996826,3.8,1.1920001029968263,1.4260001754760747,bear_steep,bear_steep,normal,154
2001-08-16,4.935999870300293,3.75,1.185999870300293,1.3869996452331543,bear_steep,bear_steep,normal,155
2001-08-17,4.841000080108643,3.67,1.1710000801086426,1.3179998588562016,bear_steep,bear_steep,normal,156
2001-08-20,4.895999908447266,3.74,1.1559999084472654,1.3269997787475587,bear_steep,bear_steep,normal,157
2001-08-21,4.875999927520752,3.69,1.185999927520752,1.2929999160766603,bear_steep,bear_steep,normal,158
2001-08-22,4.895999908447266,3.76,1.1359999084472658,1.2040000724792481,bear_steep,bear_steep,normal,159
2001-08-23,4.875999927520752,3.72,1.1559999275207518,1.216000099182129,bear_steep,bear_steep,normal,160
2001-08-24,4.912000179290772,3.76,1.1520001792907726,1.2530004119873057,bear_steep,bear_steep,normal,161
2001-08-27,4.932000160217285,3.78,1.1520001602172854,1.3030003738403324,bear_steep,bear_steep,normal,162
2001-08-28,4.8480000495910645,3.71,1.1380000495910645,1.294000186920166,bear_steep,bear_steep,normal,163
2001-08-29,4.776999950408936,3.67,1.1069999504089365,1.2669998168945318,bear_steep,bear_steep,normal,164
2001-08-30,4.781000137329102,3.61,1.1710001373291017,1.3680002021789552,bear_steep,bear_steep,normal,165
2001-08-31,4.815999984741211,3.64,1.1759999847412108,1.3480001068115226,bear_steep,bear_steep,normal,166
2001-09-04,4.979000091552734,3.83,1.1490000915527343,1.3660002708435055,bear_steep,bear_steep,normal,167
2001-09-05,4.9670000076293945,3.79,1.1770000076293945,1.3809998893737792,bear_steep,bear_steep,normal,168
2001-09-06,4.855999946594238,3.65,1.2059999465942384,1.3799998092651369,bear_steep,bear_steep,normal,169
2001-09-07,4.796000003814697,3.53,1.2660000038146975,1.431999988555908,bear_steep,bear_steep,normal,170
2001-09-10,4.835000038146973,3.53,1.3050000381469729,1.4700002288818363,bear_steep,bear_steep,normal,171
2001-09-17,4.611000061035156,2.96,1.6510000610351563,1.7680002975463864,bear_steep,bear_steep,normal,172
2001-09-18,4.704999923706055,2.96,1.7449999237060547,1.8430000686645505,bear_steep,bear_steep,normal,173
2001-09-19,4.681000232696533,2.81,1.8710002326965331,1.9490003967285152,bear_steep,bear_steep,normal,174
2001-09-20,4.728000164031982,2.91,1.8180001640319823,1.8320001983642573,bear_steep,bear_steep,normal,175
2001-09-21,4.689000129699707,2.91,1.779000129699707,1.8450002861022945,bear_steep,bear_steep,normal,176
2001-09-24,4.699999809265137,2.94,1.7599998092651368,1.7599996757507328,bear_steep,bear_steep,normal,177
2001-09-25,4.699999809265137,2.88,1.8199998092651368,1.7729999923706057,bear_steep,bear_steep,normal,178
2001-09-26,4.63700008392334,2.82,1.81700008392334,1.6399999618530274,bear_steep,bear_steep,normal,179
2001-09-27,4.559000015258789,2.78,1.7790000152587893,1.536000003814697,bear_steep,bear_steep,normal,180
2001-09-28,4.574999809265137,2.86,1.7149998092651368,1.3269998550415036,bear_steep,bear_steep,normal,181
2001-10-01,4.543000221252441,2.82,1.7230002212524416,1.366000385284424,bear_steep,bear_steep,normal,182
2001-10-02,4.51200008392334,2.77,1.7420000839233398,1.4179998588562008,bear_steep,bear_steep,normal,183
2001-10-03,4.458000183105469,2.77,1.6880001831054687,1.3640000724792478,bear_steep,bear_steep,normal,184
2001-10-04,4.507999897003174,2.75,1.7579998970031738,1.4119997215270992,bear_steep,bear_steep,normal,185
2001-10-05,4.504000186920166,2.71,1.794000186920166,1.46400016784668,bear_steep,bear_steep,normal,186
2001-10-09,4.573999881744385,2.74,1.8339998817443846,1.4899996757507319,bear_steep,bear_steep,normal,187
2001-10-10,4.589000225067139,2.78,1.8090002250671389,1.4930000877380372,bear_steep,bear_steep,normal,188
2001-10-11,4.664000034332275,2.88,1.7840000343322755,1.4090002441406249,bear_steep,bear_steep,normal,189
2001-10-12,4.658999919891357,2.81,1.8489999198913574,1.4250001335144042,bear_steep,bear_steep,normal,190
2001-10-15,4.607999801635742,2.78,1.8279998016357424,1.3569996070861818,bear_steep,bear_steep,normal,191
2001-10-16,4.568999767303467,2.77,1.7989997673034668,1.3449995994567874,bear_steep,bear_steep,normal,192
2001-10-17,4.560999870300293,2.8,1.7609998703002931,1.2679998970031736,bear_steep,bear_steep,normal,193
2001-10-18,4.560999870300293,2.77,1.790999870300293,1.3009998893737795,bear_steep,bear_steep,normal,194
2001-10-19,4.599999904632568,2.77,1.8299999046325683,1.3570001220703127,bear_steep,bear_steep,normal,195
2001-10-22,4.604000091552734,2.79,1.8140000915527343,1.2890000152587886,bear_steep,bear_steep,normal,196
2001-10-23,4.635000228881836,2.81,1.8250002288818359,1.3130003356933595,bear_steep,bear_steep,normal,197
2001-10-24,4.584000110626221,2.72,1.8640001106262205,1.3050002098083495,bear_steep,bear_steep,normal,198
2001-10-25,4.537000179290772,2.63,1.9070001792907725,1.3960003089904793,bear_steep,bear_steep,normal,199
2001-10-26,4.520999908447266,2.63,1.8909999084472657,1.4029998970031743,bear_steep,bear_steep,normal,200
2001-10-29,4.4670000076293945,2.55,1.9170000076293947,1.4510000991821288,bear_steep,bear_steep,normal,201
2001-10-30,4.412000179290772,2.48,1.9320001792907724,1.4570000076293952,bear_steep,bear_steep,normal,202
2001-10-31,4.263000011444092,2.44,1.8230000114440919,1.344000110626221,bear_steep,bear_steep,normal,203
2001-11-01,4.2170000076293945,2.49,1.7270000076293943,1.3580000305175783,bear_steep,bear_steep,normal,204
2001-11-02,4.3460001945495605,2.48,1.8660001945495606,1.5200004005432128,bear_steep,bear_steep,normal,205
2001-11-05,4.296000003814697,2.46,1.8360000038146973,1.458000144958496,bear_steep,bear_steep,normal,206
2001-11-06,4.269000053405762,2.37,1.8990000534057616,1.5810002136230468,bear_steep,bear_steep,normal,207
2001-11-07,4.201000213623047,2.32,1.881000213623047,1.6160001945495606,bear_steep,bear_steep,normal,208
2001-11-08,4.302999973297119,2.42,1.8829999732971192,1.5949999999999998,bear_steep,bear_steep,normal,209
2001-11-09,4.307000160217285,2.45,1.857000160217285,1.5140002250671385,bear_steep,bear_steep,normal,210
2001-11-13,4.368000030517578,2.54,1.828000030517578,1.460999908447266,bear_steep,bear_steep,normal,211
2001-11-14,4.514999866485596,2.7,1.8149998664855955,1.3659996795654292,bear_steep,bear_steep,normal,212
2001-11-15,4.728000164031982,2.98,1.7480001640319824,1.224000358581542,bear_steep,bear_steep,normal,213
2001-11-16,4.885000228881836,3.09,1.795000228881836,1.2450003051757816,bear_steep,bear_steep,normal,214
2001-11-19,4.75600004196167,2.92,1.83600004196167,1.2600002670288086,bear_steep,bear_steep,normal,215
2001-11-20,4.86899995803833,2.96,1.9089999580383301,1.3930001068115239,bear_steep,bear_steep,normal,216
2001-11-21,4.966000080108643,3.11,1.8560000801086427,1.3580000877380374,bear_steep,bear_steep,normal,217
2001-11-23,4.991000175476074,3.2,1.791000175476074,1.345000228881836,bear_steep,bear_steep,normal,218
2001-11-26,5.002999782562256,3.22,1.7829997825622557,1.3199999427795412,bear_steep,bear_steep,normal,219
2001-11-27,4.949999809265137,3.11,1.8399998092651368,1.3669999885559085,bear_steep,bear_steep,normal,220
2001-11-28,4.946000099182129,3.12,1.8260000991821288,1.3449999046325685,bear_steep,bear_steep,normal,221
2001-11-29,4.75600004196167,2.87,1.8860000419616698,1.3969998931884762,bear_steep,bear_steep,normal,222
2001-11-30,4.74399995803833,2.84,1.9039999580383302,1.44699987411499,bear_steep,bear_steep,normal,223
2001-12-03,4.703000068664551,2.82,1.883000068664551,1.4219998359680175,bear_steep,bear_steep,normal,224
2001-12-04,4.6479997634887695,2.81,1.8379997634887695,1.378999614715576,bear_steep,bear_steep,normal,225
2001-12-05,4.901000022888184,3.07,1.8310000228881838,1.3599997901916505,bear_steep,bear_steep,normal,226
2001-12-06,5.002999782562256,3.19,1.812999782562256,1.2819999504089359,bear_steep,bear_steep,normal,227
2001-12-07,5.1479997634887695,3.19,1.9579997634887696,1.3739998626708982,bear_steep,bear_steep,normal,228
2001-12-10,5.136000156402588,3.1,2.036000156402588,1.5440003013610837,bear_steep,bear_steep,normal,229
2001-12-11,5.077000141143799,3.03,2.047000141143799,1.5520000839233403,bear_steep,bear_steep,normal,230
2001-12-12,4.973999977111816,2.97,2.003999977111816,1.4530000877380371,bear_steep,bear_steep,normal,231
2001-12-13,5.090000152587891,3.09,2.0000001525878908,1.442000026702881,bear_steep,bear_steep,normal,232
2001-12-14,5.160999774932861,3.2,1.9609997749328612,1.4229995918273923,bear_steep,bear_steep,normal,233
2001-12-17,5.27400016784668,3.21,2.0640001678466797,1.5050003814697268,bear_steep,bear_steep,normal,234
2001-12-18,5.131999969482422,3.13,2.001999969482422,1.424999847412109,bear_steep,bear_steep,normal,235
2001-12-19,5.035999774932861,3.11,1.9259997749328615,1.3529999732971194,bear_steep,bear_steep,normal,236
2001-12-20,5.048999786376953,3.15,1.8989997863769532,1.2279995918273925,bear_steep,bear_steep,normal,237
2001-12-21,5.078000068664551,3.17,1.9080000686645509,1.215000247955322,bear_steep,bear_steep,normal,238
2001-12-24,5.131999969482422,3.22,1.9119999694824217,1.177000007629394,bear_steep,bear_steep,normal,239
2001-12-26,5.177999973297119,3.26,1.9179999732971194,1.1669997787475586,bear_steep,bear_steep,normal,240
2001-12-27,5.09499979019165,3.19,1.9049997901916504,1.1199998474121098,bear_steep,bear_steep,normal,241
2001-12-28,5.10699987411499,3.16,1.94699987411499,1.144000015258789,bear_steep,bear_steep,normal,242
2001-12-31,5.0320000648498535,3.07,1.9620000648498537,1.1890002441406256,bear_steep,bear_steep,normal,243
2002-01-02,5.1570000648498535,3.22,1.9370000648498533,1.1329999923706056,bear_steep,bear_steep,normal,244
2002-01-03,5.119999885559082,3.19,1.929999885559082,1.1239997482299802,bear_steep,bear_steep,normal,245
2002-01-04,5.140999794006348,3.19,1.9509997940063477,1.122999954223633,bear_steep,bear_steep,normal,246
2002-01-07,5.057000160217285,3.08,1.977000160217285,1.1579999542236328,bear_steep,bear_steep,normal,247
2002-01-08,5.057000160217285,3.07,1.9870001602172853,1.20100025177002,bear_steep,bear_steep,normal,248
2002-01-09,5.061999797821045,3.03,2.031999797821045,1.2469997024536137,bear_steep,bear_steep,normal,249
2002-01-10,4.961999893188477,2.94,2.0219998931884766,1.2439996910095217,bear_steep,bear_steep,normal,250
2002-01-11,4.859000205993652,2.76,2.0990002059936526,1.2410001754760742,bear_steep,bear_steep,normal,251
2002-01-14,4.868000030517578,2.79,2.078000030517578,1.135000228881836,bear_steep,bear_steep,normal,252
2002-01-15,4.830999851226807,2.79,2.0409998512268066,1.0379998397827146,bear_steep,bear_steep,normal,253
2002-01-16,4.839000225067139,2.84,1.9990002250671388,0.9610000228881841,bear_steep,bear_steep,normal,254
2002-01-17,4.933000087738037,2.96,1.9730000877380371,0.9449998855590822,bear_steep,bear_steep,normal,255
2002-01-18,4.888000011444092,2.91,1.9780000114440917,0.9239998245239258,bear_steep,bear_steep,normal,256
2002-01-22,4.900000095367432,2.97,1.9300000953674314,0.8780001831054682,bear_steep,bear_steep,normal,257
2002-01-23,5.0,3.07,1.9300000000000002,0.8969997978210453,bear_steep,bear_steep,normal,258
2002-01-24,5.02899980545044,3.15,1.8789998054504404,0.8409999847412117,bear_steep,bear_steep,normal,259
2002-01-25,5.071000099182129,3.17,1.901000099182129,0.842999992370606,bear_steep,bear_steep,normal,260
2002-01-28,5.078999996185303,3.19,1.8889999961853028,0.8750000762939449,bear_steep,bear_steep,normal,261
2002-01-29,4.974999904632568,3.05,1.9249999046325685,0.9439996910095214,bear_steep,bear_steep,normal,262
2002-01-30,4.9710001945495605,3.06,1.9110001945495605,0.8670001792907711,bear_steep,bear_steep,normal,263
2002-01-31,5.025000095367432,3.16,1.8650000953674315,0.7800001716613769,bear_steep,bear_steep,normal,264
2002-02-01,4.979000091552734,3.08,1.8990000915527343,0.7820000839233394,bear_steep,bear_steep,normal,265
2002-02-04,4.895999908447266,2.99,1.9059999084472654,0.8079996871948243,bear_steep,bear_steep,normal,266
2002-02-05,4.925000190734863,2.99,1.935000190734863,0.8330003547668454,bear_steep,bear_steep,normal,267
2002-02-06,4.928999900817871,2.98,1.9489999008178711,0.8249996948242191,bear_steep,bear_steep,normal,268
2002-02-07,4.931000232696533,2.99,1.941000232696533,0.8150003433227537,bear_steep,bear_steep,normal,269
2002-02-08,4.879000186920166,2.95,1.9290001869201658,0.7290001678466798,bear_steep,bear_steep,normal,270
2002-02-11,4.89900016784668,2.95,1.9490001678466795,0.732000160217285,bear_steep,bear_steep,normal,271
2002-02-12,4.9670000076293945,3.04,1.9270000076293945,0.79,bear_steep,bear_steep,normal,272
2002-02-13,5.002999782562256,3.09,1.912999782562256,0.8919999885559085,bear_steep,bear_steep,normal,273
2002-02-14,4.959000110626221,3.07,1.8890001106262209,0.8729999542236331,bear_steep,bear_steep,normal,274
2002-02-15,4.86299991607666,2.97,1.89299991607666,0.8339997482299801,bear_steep,bear_steep,normal,275
2002-02-19,4.882999897003174,2.98,1.9029998970031738,0.8020001029968262,bear_steep,bear_steep,normal,276
2002-02-20,4.879000186920166,3.0,1.879000186920166,0.7100003433227542,bear_steep,bear_steep,normal,277
2002-02-21,4.870999813079834,3.0,1.870999813079834,0.6959996795654293,bear_steep,bear_steep,normal,278
2002-02-22,4.827000141143799,2.97,1.8570001411437986,0.6800001716613768,bear_steep,bear_steep,normal,279
2002-02-25,4.85099983215332,3.01,1.8409998321533205,0.6780000495910645,bear_steep,bear_steep,normal,280
2002-02-26,4.914999961853027,3.08,1.8349999618530273,0.6419998550415036,bear_steep,bear_steep,normal,281
2002-02-27,4.8470001220703125,3.09,1.7570001220703126,0.623000030517578,bear_steep,bear_steep,normal,282
2002-02-28,4.859000205993652,3.06,1.7990002059936523,0.6650003242492679,bear_steep,bear_steep,normal,283
2002-03-01,4.9710001945495605,3.18,1.7910001945495604,0.6500000381469726,bear_steep,bear_steep,normal,284
2002-03-04,4.999000072479248,3.24,1.7590000724792478,0.6140002059936522,bear_steep,bear_steep,normal,285
2002-03-05,5.007999897003174,3.25,1.7579998970031738,0.6029998207092282,bear_steep,bear_steep,normal,286
2002-03-06,5.0320000648498535,3.26,1.7720000648498537,0.6089998817443849,bear_steep,bear_steep,normal,287
2002-03-07,5.211999893188477,3.36,1.8519998931884767,0.6749997138977046,bear_steep,bear_steep,normal,288
2002-03-08,5.315999984741211,3.6,1.7159999847412108,0.5660002136230466,bear_steep,bear_steep,normal,289
2002-03-11,5.320000171661377,3.59,1.730000171661377,0.5530002021789553,bear_steep,bear_steep,normal,290
2002-03-12,5.303999900817871,3.56,1.743999900817871,0.5689997482299805,bear_steep,bear_steep,normal,291
2002-03-13,5.26200008392334,3.49,1.7720000839233396,0.553999919891357,bear_steep,bear_steep,normal,292
2002-03-14,5.395999908447266,3.63,1.7659999084472657,0.5049997329711915,bear_steep,bear_steep,normal,293
2002-03-15,5.36299991607666,3.63,1.7329999160766603,0.49499975204467805,bear_steep,bear_steep,normal,294
2002-03-18,5.303999900817871,3.67,1.6339999008178712,0.4150000190734864,bear_steep,bear_steep,normal,295
2002-03-19,5.324999809265137,3.64,1.6849998092651366,0.49699983596801767,bear_steep,bear_steep,normal,296
2002-03-20,5.396999835968018,3.71,1.6869998359680176,0.4929997634887697,bear_steep,bear_steep,normal,297
2002-03-21,5.383999824523926,3.73,1.6539998245239258,0.4819998550415039,bear_steep,bear_steep,normal,298
2002-03-22,5.388999938964844,3.77,1.6189999389648437,0.4249999618530276,bear_steep,bear_steep,normal,299
2002-03-25,5.406000137329102,3.78,1.6260001373291018,0.4530003356933592,bear_steep,bear_steep,normal,300
2002-03-26,5.334000110626221,3.68,1.6540001106262205,0.5479998970031734,bear_steep,bear_steep,normal,301
2002-03-27,5.329999923706055,3.66,1.6699999237060545,0.5300000572204588,bear_steep,bear_steep,normal,302
2002-03-28,5.406000137329102,3.72,1.6860001373291014,0.5650002861022947,bear_steep,bear_steep,normal,303
2002-04-01,5.427999973297119,3.74,1.687999973297119,0.5500001907348633,bear_steep,bear_steep,normal,304
2002-04-02,5.3480000495910645,3.63,1.7180000495910646,0.5459998703002924,bear_steep,bear_steep,normal,305
2002-04-03,5.284999847412109,3.55,1.7349998474121096,0.5209997749328616,bear_steep,bear_steep,normal,306
2002-04-04,5.271999835968018,3.57,1.7019998359680177,0.5119996833801275,bear_steep,bear_steep,normal,307
2002-04-05,5.210000038146973,3.49,1.7200000381469724,0.5280002021789549,bear_steep,bear_steep,normal,308
2002-04-08,5.235000133514404,3.51,1.7250001335144045,0.5100002861022954,bear_steep,bear_steep,normal,309
2002-04-09,5.210000038146973,3.48,1.7300000381469727,0.5700000190734866,bear_steep,bear_steep,normal,310
2002-04-10,5.2230000495910645,3.48,1.7430000495910645,0.6289998435974122,bear_steep,bear_steep,normal,311
2002-04-11,5.202000141143799,3.47,1.7320001411437986,0.6269999504089356,bear_steep,bear_steep,normal,312
2002-04-12,5.156000137329102,3.41,1.7460001373291014,0.6570002365112302,bear_steep,bear_steep,normal,313
2002-04-15,5.126999855041504,3.38,1.746999855041504,0.6199999618530274,bear_steep,bear_steep,normal,314
2002-04-16,5.177000045776367,3.43,1.747000045776367,0.6229999542236326,bear_steep,bear_steep,normal,315
2002-04-17,5.218999862670898,3.41,1.8089998626708983,0.6769998741149901,bear_steep,bear_steep,normal,316
2002-04-18,5.215000152587891,3.38,1.8350001525878907,0.7070003509521485,bear_steep,bear_steep,normal,317
2002-04-19,5.190000057220459,3.36,1.830000057220459,0.7130001640319827,bear_steep,bear_steep,normal,318
2002-04-22,5.169000148773193,3.37,1.7990001487731933,0.671000347137451,bear_steep,bear_steep,normal,319
2002-04-23,5.164999961853027,3.39,1.7749999618530272,0.5649998664855955,bear_steep,bear_steep,normal,320
2002-04-24,5.09499979019165,3.28,1.8149997901916506,0.5889995956420901,bear_steep,bear_steep,normal,321
2002-04-25,5.091000080108643,3.25,1.8410000801086426,0.6049998855590819,bear_steep,bear_steep,normal,322
2002-04-26,5.058000087738037,3.22,1.838000087738037,0.5909999084472646,bear_steep,bear_steep,normal,323
2002-04-29,5.098999977111816,3.26,1.8389999771118166,0.6029999923706058,bear_steep,bear_steep,normal,324
2002-04-30,5.091000080108643,3.24,1.8510000801086424,0.6160000801086425,bear_steep,bear_steep,normal,325
2002-05-01,5.058000087738037,3.21,1.8480000877380371,0.5990001678466799,bear_steep,bear_steep,normal,326
2002-05-02,5.098999977111816,3.25,1.8489999771118164,0.5529998588562011,bear_steep,bear_steep,normal,327
2002-05-03,5.061999797821045,3.17,1.891999797821045,0.6199998664855957,bear_steep,bear_steep,normal,328
2002-05-06,5.078999996185303,3.19,1.8889999961853028,0.6050000953674317,bear_steep,bear_steep,normal,329
2002-05-07,5.072999954223633,3.14,1.9329999542236327,0.6750000762939443,bear_steep,bear_steep,normal,330
2002-05-08,5.210000038146973,3.32,1.8900000381469728,0.6040002441406251,bear_steep,bear_steep,normal,331
2002-05-09,5.186999797821045,3.27,1.916999797821045,0.6569997596740724,bear_steep,bear_steep,normal,332
2002-05-10,5.126999855041504,3.19,1.936999855041504,0.7089999198913577,bear_steep,bear_steep,normal,333
2002-05-13,5.21999979019165,3.28,1.9399997901916506,0.7479996871948242,bear_steep,bear_steep,normal,334
2002-05-14,5.294000148773193,3.4,1.8940001487731934,0.7080002784729005,bear_steep,bear_steep,normal,335
2002-05-15,5.251999855041504,3.37,1.8819998550415038,0.7109997749328612,bear_steep,bear_steep,normal,336
2002-05-16,5.186999797821045,3.28,1.9069997978210451,0.7509998893737797,bear_steep,bear_steep,normal,337
2002-05-17,5.241000175476074,3.41,1.831000175476074,0.6450002479553221,bear_steep,bear_steep,normal,338
2002-05-20,5.189000129699707,3.33,1.859000129699707,0.7230002212524411,bear_steep,bear_steep,normal,339
2002-05-21,5.1479997634887695,3.28,1.8679997634887697,0.711999835968018,bear_steep,bear_steep,normal,340
2002-05-22,5.099999904632568,3.23,1.8699999046325684,0.7179997253417958,bear_steep,bear_steep,normal,341
2002-05-23,5.1479997634887695,3.28,1.8679997634887697,0.7159996032714844,bear_steep,bear_steep,normal,342
2002-05-24,5.138000011444092,3.28,1.858000011444092,0.7199999618530275,bear_steep,bear_steep,normal,343
2002-05-28,5.133999824523926,3.3,1.833999824523926,0.7269998741149895,bear_steep,bear_steep,normal,344
2002-05-29,5.077000141143799,3.24,1.8370001411437986,0.6660000038146969,bear_steep,bear_steep,normal,345
2002-05-30,5.0320000648498535,3.17,1.8620000648498536,0.6860000801086428,bear_steep,bear_steep,normal,346
2002-05-31,5.043000221252441,3.22,1.8230002212524412,0.6740001296997069,bear_steep,bear_steep,normal,347
2002-06-03,5.039999961853027,3.19,1.8499999618530274,0.6729999542236329,bear_steep,bear_steep,normal,348
2002-06-04,5.01200008392334,3.13,1.88200008392334,0.6760001373291016,bear_steep,bear_steep,normal,349
2002-06-05,5.040999889373779,3.16,1.8809998893737792,0.6149998855590817,bear_steep,bear_steep,normal,350
2002-06-06,5.010000228881836,3.13,1.880000228881836,0.5750001907348632,bear_steep,bear_steep,normal,351
2002-06-07,5.061999797821045,3.16,1.9019997978210448,0.2509997367858885,normal,bear_steep,normal,352
2002-06-10,5.043000221252441,3.15,1.8930002212524415,0.14800029754638677,normal,bear_steep,normal,353
2002-06-11,4.991000175476074,3.09,1.9010001754760744,0.02999994277954121,normal,bear_steep,normal,354
2002-06-12,4.949999809265137,3.05,1.899999809265137,0.08199964523315462,normal,bear_steep,normal,355
2002-06-13,4.9070000648498535,3.0,1.9070000648498535,0.12799993515014663,normal,normal,bear_steep,1
2002-06-14,4.806000232696533,2.92,1.8860002326965333,0.1260004234313965,normal,normal,bear_steep,2
2002-06-17,4.855999946594238,2.96,1.8959999465942383,0.07600013732910149,normal,normal,bear_steep,3
2002-06-18,4.8480000495910645,2.93,1.9180000495910643,0.10099996566772429,normal,normal,bear_steep,4
2002-06-19,4.72599983215332,2.81,1.9159998321533203,0.136999816894531,normal,normal,bear_steep,5
2002-06-20,4.826000213623047,2.93,1.8960002136230467,0.18100040435790987,normal,normal,bear_steep,6
2002-06-21,4.755000114440918,2.88,1.875000114440918,0.1519998931884765,normal,normal,bear_steep,7
2002-06-24,4.843999862670898,2.93,1.9139998626708983,0.17199977874755845,normal,normal,bear_steep,8
2002-06-25,4.841000080108643,2.92,1.9210000801086426,0.23299989700317392,normal,normal,bear_steep,9
2002-06-26,4.706999778747559,2.77,1.9369997787475586,0.17899988174438475,normal,normal,bear_steep,10
2002-06-27,4.809999942779541,2.85,1.959999942779541,0.16599975585937488,normal,normal,bear_steep,11
2002-06-28,4.823999881744385,2.9,1.9239998817443849,0.0900000000000003,normal,normal,bear_steep,12
2002-07-01,4.815000057220459,2.88,1.935000057220459,0.12599983215332022,normal,normal,bear_steep,13
2002-07-02,4.739999771118164,2.78,1.9599997711181643,0.17599973678588876,normal,normal,bear_steep,14
2002-07-03,4.74399995803833,2.78,1.9639999580383303,0.1150000381469729,normal,normal,bear_steep,15
2002-07-05,4.863999843597412,2.9,1.9639998435974122,0.13600004196166982,normal,normal,bear_steep,16
2002-07-08,4.811999797821045,2.84,1.971999797821045,0.17300003051757828,normal,normal,bear_steep,17
2002-07-09,4.741000175476074,2.74,2.001000175476074,0.24000030517578086,normal,normal,bear_steep,18
2002-07-10,4.645999908447266,2.61,2.0359999084472657,0.2450000381469728,normal,normal,bear_steep,19
2002-07-11,4.617000102996826,2.61,2.0070001029968263,0.17700019836425795,normal,normal,bear_steep,20
2002-07-12,4.59499979019165,2.56,2.0349997901916503,0.220999698638916,normal,normal,bear_steep,21
2002-07-15,4.620999813079834,2.55,2.070999813079834,0.24599958419799828,normal,normal,bear_steep,22
2002-07-16,4.709000110626221,2.66,2.0490001106262206,0.18500000000000005,normal,normal,bear_steep,23
2002-07-17,4.664999961853027,2.63,2.0349999618530275,0.12799978256225497,normal,normal,bear_steep,24
2002-07-18,4.610000133514404,2.55,2.0600001335144045,0.16900022506713874,normal,normal,bear_steep,25
2002-07-19,4.565000057220459,2.48,2.085000057220459,0.1680000495910643,normal,normal,bear_steep,26
2002-07-22,4.4670000076293945,2.4,2.0670000076293946,0.13499982833862223,normal,normal,bear_steep,27
2002-07-23,4.426000118255615,2.34,2.0860001182556154,0.2630001068115235,normal,normal,bear_steep,28
2002-07-24,4.402999877929688,2.38,2.0229998779296885,0.2959998703002942,normal,normal,bear_steep,29
2002-07-25,4.388000011444092,2.28,2.108000011444092,0.24199981689453143,normal,normal,bear_steep,30
2002-07-26,4.367000102996826,2.2,2.167000102996826,0.3310000991821287,normal,normal,bear_steep,31
2002-07-29,4.5329999923706055,2.41,2.1229999923706053,0.22399993896484371,normal,normal,bear_steep,32
2002-07-30,4.580999851226807,2.44,2.1409998512268067,0.25999963760375966,normal,normal,bear_steep,33
2002-07-31,4.465000152587891,2.23,2.2350001525878906,0.35200017929077143,normal,normal,bear_steep,34
2002-08-01,4.401000022888184,2.15,2.2510000228881837,0.3939998626708987,normal,normal,bear_steep,35
2002-08-02,4.261000156402588,1.99,2.2710001564025877,0.4430001258850096,bear_steep,normal,bear_steep,36
2002-08-05,4.23799991607666,1.93,2.3079999160766604,0.4930000495910649,bear_steep,normal,bear_steep,37
2002-08-06,4.36899995803833,2.11,2.25899995803833,0.5109997940063478,bear_steep,normal,bear_steep,38
2002-08-07,4.291999816894531,1.98,2.3119998168945313,0.5169995880126952,bear_steep,normal,bear_steep,39
2002-08-08,4.414999961853027,2.1,2.3149999618530273,0.47899991989135726,bear_steep,bear_steep,normal,1
2002-08-09,4.267000198364258,2.1,2.1670001983642577,0.2580002403259276,normal,bear_steep,normal,2
2002-08-12,4.2170000076293945,2.1,2.1170000076293944,0.26099992752075174,normal,bear_steep,normal,3
2002-08-13,4.116000175476074,2.0,2.116000175476074,0.3250000000000002,normal,bear_steep,normal,4
2002-08-14,4.063000202178955,2.12,1.943000202178955,0.1600004196166993,normal,bear_steep,normal,5
2002-08-15,4.163000106811523,2.22,1.9430001068115232,0.1030002975463864,normal,normal,bear_steep,1
2002-08-16,4.316999912261963,2.28,2.036999912261963,0.2109998130798343,normal,normal,bear_steep,2
2002-08-19,4.297999858856201,2.25,2.047999858856201,0.16199981689453136,normal,normal,bear_steep,3
2002-08-20,4.158999919891357,2.12,2.0389999198913573,0.1349999618530271,normal,normal,bear_steep,4
2002-08-21,4.190000057220459,2.12,2.070000057220459,0.18699998855590794,normal,normal,bear_steep,5
2002-08-22,4.289999961853027,2.22,2.069999961853027,0.23200019836425767,normal,normal,bear_steep,6
2002-08-23,4.228000164031982,2.19,2.0380001640319825,0.20700014114379872,normal,normal,bear_steep,7
2002-08-26,4.205999851226807,2.19,2.0159998512268067,0.20300006866455078,normal,normal,bear_steep,8
2002-08-27,4.2820000648498535,2.26,2.0220000648498537,0.06400030136108414,normal,normal,bear_steep,9
2002-08-28,4.2179999351501465,2.23,1.9879999351501465,-0.0480002212524413,normal,normal,bear_steep,10
2002-08-29,4.160999774932861,2.14,2.020999774932861,-0.02600036621093782,normal,normal,bear_steep,11
2002-08-30,4.13700008392334,2.14,1.9970000839233397,-0.0069998931884764914,normal,normal,bear_steep,12
2002-09-03,3.9800000190734863,2.01,1.9700000190734865,-0.030000133514404226,normal,normal,bear_steep,13
2002-09-04,3.953000068664551,2.02,1.9330000686645508,-0.027999706268310387,normal,normal,bear_steep,14
2002-09-05,3.910000085830689,1.95,1.960000085830689,-0.10400008201599076,normal,normal,bear_steep,15
2002-09-06,4.035999774932861,2.08,1.9559997749328613,-0.046000194549560725,normal,normal,bear_steep,16
2002-09-09,4.046999931335449,2.13,1.9169999313354493,-0.008999843597412127,normal,normal,bear_steep,17
2002-09-10,3.98799991607666,2.12,1.86799991607666,-0.030999870300293164,normal,normal,bear_steep,18
2002-09-11,4.058000087738037,2.18,1.878000087738037,-0.029999980926513903,normal,normal,bear_steep,19
2002-09-12,3.9670000076293945,2.12,1.8470000076293944,-0.06499996185302725,normal,normal,bear_steep,20
2002-09-13,3.900000095367432,2.07,1.8300000953674322,-0.08799987792968711,normal,normal,bear_steep,21
2002-09-16,3.874000072479248,2.07,1.8040000724792482,-0.10099971771240224,normal,normal,bear_steep,22
2002-09-17,3.86299991607666,2.06,1.80299991607666,-0.14399995803833,normal,normal,bear_steep,23
2002-09-18,3.848999977111816,2.04,1.808999977111816,-0.15300008773803775,normal,normal,bear_steep,24
2002-09-19,3.7799999713897705,1.93,1.8499999713897706,-0.08700009346008275,normal,normal,bear_steep,25
2002-09-20,3.776000022888184,1.94,1.836000022888184,-0.093999862670898,normal,normal,bear_steep,26
2002-09-23,3.680999994277954,1.93,1.7509999942779542,-0.19999979972839355,normal,normal,bear_steep,27
2002-09-24,3.6459999084472656,1.93,1.7159999084472657,-0.2610002517700194,normal,normal,bear_steep,28
2002-09-25,3.759000062942505,2.0,1.7590000629425049,-0.22800009727478043,normal,normal,bear_steep,29
2002-09-26,3.766000032424927,1.97,1.7960000324249272,-0.2359997653961179,normal,normal,bear_steep,30
2002-09-27,3.688999891281128,1.82,1.8689998912811279,-0.15300000190734875,normal,normal,bear_steep,31
2002-09-30,3.607000112533569,1.72,1.887000112533569,-0.21200009346008364,normal,normal,bear_steep,32
2002-10-01,3.6989998817443848,1.8,1.8989998817443847,-0.17900014877319337,normal,normal,bear_steep,33
2002-10-02,3.700000047683716,1.75,1.9500000476837158,-0.09099980354309078,normal,normal,bear_steep,34
2002-10-03,3.684000015258789,1.75,1.934000015258789,-0.06500020980834975,normal,normal,bear_steep,35
2002-10-04,3.684999942779541,1.78,1.904999942779541,-0.06800014495849616,normal,normal,bear_steep,36
2002-10-07,3.630000114440918,1.77,1.860000114440918,-0.1179998970031737,normal,normal,bear_steep,37
2002-10-08,3.635999917984009,1.8,1.8359999179840087,-0.0940001773834227,normal,normal,bear_steep,38
2002-10-09,3.5799999237060547,1.72,1.8599999237060547,-0.07000007629394545,normal,normal,bear_steep,39
2002-10-10,3.6549999713897705,1.75,1.9049999713897705,0.026000165939330078,normal,normal,bear_steep,40
2002-10-11,3.812999963760376,1.85,1.9629999637603759,0.06199986457824691,normal,normal,bear_steep,41
2002-10-15,3.996000051498413,2.08,1.916000051498413,0.027000055313110227,normal,normal,bear_steep,42
2002-10-16,4.033999919891357,2.02,2.0139999198913574,0.08900001525878887,normal,normal,bear_steep,43
2002-10-17,4.136000156402588,2.1,2.036000156402588,0.12499996185302731,normal,normal,bear_steep,44
2002-10-18,4.133999824523926,2.09,2.043999824523926,0.17899972915649442,normal,normal,bear_steep,45
2002-10-21,4.2210001945495605,2.23,1.9910001945495606,0.09200010299682626,normal,normal,bear_steep,46
2002-10-22,4.251999855041504,2.21,2.041999855041504,0.13599994659423853,normal,normal,bear_steep,47
2002-10-23,4.236000061035156,2.2,2.036000061035156,0.100999870300293,normal,normal,bear_steep,48
2002-10-24,4.142000198364258,2.09,2.052000198364258,0.10300029754638684,normal,normal,bear_steep,49
2002-10-25,4.09499979019165,1.98,2.1149997901916504,0.17399955749511742,normal,normal,bear_steep,50
2002-10-28,4.084000110626221,1.88,2.204000110626221,0.27499992370605497,normal,normal,bear_steep,51
2002-10-29,3.934000015258789,1.79,2.144000015258789,0.19499984741210952,normal,normal,bear_steep,52
2002-10-30,3.9660000801086426,1.74,2.2260000801086424,0.29900007247924787,normal,normal,bear_steep,53
2002-10-31,3.91100001335144,1.68,2.23100001335144,0.3180002307891838,normal,normal,bear_steep,54
2002-11-01,3.9769999980926514,1.76,2.2169999980926516,0.3279998874664307,normal,normal,bear_steep,55
2002-11-04,4.045000076293945,1.79,2.2550000762939453,0.3620001602172853,normal,normal,bear_steep,56
2002-11-05,4.080999851226807,1.82,2.2609998512268064,0.3579999542236325,normal,normal,bear_steep,57
2002-11-06,4.034999847412109,1.87,2.1649998474121093,0.28599966049194325,normal,normal,bear_steep,58
2002-11-07,3.881999969482422,1.86,2.0219999694824216,0.15100015640258757,normal,normal,bear_steep,59
2002-11-08,3.8519999980926514,1.87,1.9819999980926513,0.12499985694885263,normal,normal,bear_steep,60
2002-11-12,3.8510000705718994,1.79,2.0610000705718994,0.22000023841857885,normal,normal,bear_steep,61
2002-11-13,3.838000059127808,1.76,2.078000059127808,0.24300009727478056,normal,normal,bear_steep,62
2002-11-14,4.020999908447266,1.89,2.130999908447266,0.3739997863769533,normal,normal,bear_steep,63
2002-11-15,4.051000118255615,1.91,2.141000118255615,0.3419999122619628,normal,normal,bear_steep,64
2002-11-18,4.019000053405762,1.91,2.1090000534057616,0.3179998588562012,normal,normal,bear_steep,65
2002-11-19,3.9800000190734863,1.91,2.070000019073486,0.31099994659423835,normal,normal,bear_steep,66
2002-11-20,4.074999809265137,1.98,2.0949998092651367,0.3369999122619629,normal,normal,bear_steep,67
2002-11-21,4.14300012588501,2.05,2.09300012588501,0.3210000610351562,normal,normal,bear_steep,68
2002-11-22,4.175000190734863,2.1,2.075000190734863,0.2230002975463865,normal,normal,bear_steep,69
2002-11-25,4.184000015258789,2.09,2.094000015258789,0.37800003051757836,normal,normal,bear_steep,70
2002-11-26,4.078999996185303,1.97,2.108999996185303,0.3789998245239259,normal,normal,bear_steep,71
2002-11-27,4.260000228881836,2.13,2.130000228881836,0.386000328063965,normal,normal,bear_steep,72
2002-11-29,4.2129998207092285,2.08,2.1329998207092284,0.3609997367858888,normal,normal,bear_steep,73
2002-12-02,4.218999862670898,2.07,2.1489998626708986,0.38299995422363287,normal,normal,bear_steep,74
2002-12-03,4.232999801635742,2.08,2.152999801635742,0.41999988555908185,bear_steep,normal,bear_steep,75
2002-12-04,4.171999931335449,2.02,2.151999931335449,0.518000030517578,bear_steep,normal,bear_steep,76
2002-12-05,4.113999843597412,1.97,2.1439998435974124,0.45900003433227576,bear_steep,normal,bear_steep,77
2002-12-06,4.0929999351501465,1.89,2.202999935150147,0.5160000991821292,bear_steep,normal,bear_steep,78
2002-12-09,4.050000190734863,1.88,2.1700001907348634,0.5160003662109376,bear_steep,bear_steep,normal,1
2002-12-10,4.048999786376953,1.9,2.148999786376953,0.5299998474121095,bear_steep,bear_steep,normal,2
2002-12-11,3.99399995803833,1.85,2.14399995803833,0.5179998207092282,bear_steep,bear_steep,normal,3
2002-12-12,4.00600004196167,1.85,2.15600004196167,0.5019999313354493,bear_steep,bear_steep,normal,4
2002-12-13,4.061999797821045,1.87,2.191999797821045,0.5219998741149903,bear_steep,bear_steep,normal,5
2002-12-16,4.130000114440918,1.94,2.190000114440918,0.5039999771118167,bear_steep,bear_steep,normal,6
2002-12-17,4.113999843597412,1.89,2.2239998435974124,0.5359998703002935,bear_steep,bear_steep,normal,7
2002-12-18,4.053999900817871,1.81,2.243999900817871,0.5259998512268065,bear_steep,bear_steep,normal,8
2002-12-19,3.9489998817443848,1.74,2.2089998817443846,0.474000034332275,bear_steep,bear_steep,normal,9
2002-12-20,3.953000068664551,1.76,2.193000068664551,0.49100023269653326,bear_steep,bear_steep,normal,10
2002-12-23,3.9670000076293945,1.79,2.1770000076293945,0.45699996948242205,bear_steep,bear_steep,normal,11
2002-12-24,3.936000108718872,1.73,2.206000108718872,0.4809999752044676,bear_steep,bear_steep,normal,12
2002-12-26,3.9140000343322754,1.7,2.214000034332275,0.48399999618530254,bear_steep,bear_steep,normal,13
2002-12-27,3.812999963760376,1.6,2.212999963760376,0.4699999141693114,bear_steep,bear_steep,normal,14
2002-12-30,3.783999919891357,1.61,2.173999919891357,0.44199977874755847,bear_steep,bear_steep,normal,15
2002-12-31,3.818000078201294,1.61,2.2080000782012936,0.4619999408721922,bear_steep,bear_steep,normal,16
2003-01-02,4.0320000648498535,1.8,2.2320000648498537,0.4850002098083497,bear_steep,bear_steep,normal,17
2003-01-03,4.038000106811523,1.79,2.2480001068115234,0.5010000610351564,bear_steep,bear_steep,normal,18
2003-01-06,4.065999984741211,1.84,2.225999984741211,0.4170001220703128,bear_steep,bear_steep,normal,19
2003-01-07,4.025000095367432,1.77,2.2550000953674316,0.4199999427795409,bear_steep,bear_steep,normal,20
2003-01-08,3.9809999465942383,1.71,2.2709999465942383,0.4409998893737792,bear_steep,bear_steep,normal,21
2003-01-09,4.1479997634887695,1.87,2.2779997634887694,0.47899961471557617,bear_steep,bear_steep,normal,22
2003-01-10,4.151999950408936,1.79,2.3619999504089364,0.5869999885559092,bear_steep,bear_steep,normal,23
2003-01-13,4.127999782562256,1.81,2.317999782562256,0.5029999923706052,bear_steep,bear_steep,normal,24
2003-01-14,4.085000038146973,1.76,2.325000038146973,0.4839999580383303,bear_steep,bear_steep,normal,25
2003-01-15,4.072000026702881,1.75,2.322000026702881,0.48399993896484395,bear_steep,bear_steep,normal,26
2003-01-16,4.067999839782715,1.75,2.317999839782715,0.4789998626708982,bear_steep,bear_steep,normal,27
2003-01-17,4.014999866485596,1.7,2.3149998664855955,0.46399978637695316,bear_steep,bear_steep,normal,28
2003-01-21,3.989000082015991,1.67,2.3190000820159913,0.47099999427795414,bear_steep,bear_steep,normal,29
2003-01-22,3.92300009727478,1.66,2.26300009727478,0.4140001201629637,bear_steep,bear_steep,normal,30
2003-01-23,3.947000026702881,1.69,2.257000026702881,0.3650002288818359,normal,bear_steep,normal,31
2003-01-24,3.9030001163482666,1.66,2.2430001163482665,0.35400012016296367,normal,bear_steep,normal,32
2003-01-27,3.9570000171661377,1.7,2.2570000171661375,0.32400006294250483,normal,bear_steep,normal,33
2003-01-28,3.9779999256134033,1.7,2.277999925613403,0.3879998874664303,normal,bear_steep,normal,34
2003-01-29,4.0329999923706055,1.77,2.2629999923706055,0.34600019454956055,normal,normal,bear_steep,1
2003-01-30,3.990000009536743,1.7,2.290000009536743,0.353000154495239,normal,normal,bear_steep,2
2003-01-31,3.974999904632568,1.72,2.2549999046325677,0.31500011444091713,normal,normal,bear_steep,3
2003-02-03,3.992000102996826,1.72,2.2720001029968264,0.377999954223633,normal,normal,bear_steep,4
2003-02-04,3.930999994277954,1.68,2.2509999942779544,0.3690001392364506,normal,normal,bear_steep,5
2003-02-05,4.000999927520752,1.73,2.270999927520752,0.36400012969970685,normal,normal,bear_steep,6
2003-02-06,3.944999933242798,1.68,2.264999933242798,0.43399975776672406,bear_steep,normal,bear_steep,7
2003-02-07,3.924000024795532,1.63,2.294000024795532,0.43499989509582493,bear_steep,normal,bear_steep,8
2003-02-10,3.9769999980926514,1.68,2.2969999980926517,0.4290002346038819,bear_steep,normal,bear_steep,9
2003-02-11,3.9570000171661377,1.65,2.307000017166138,0.4370001125335694,bear_steep,normal,bear_steep,10
2003-02-12,3.911999940872192,1.62,2.291999940872192,0.4240001773834221,bear_steep,bear_steep,normal,1
2003-02-13,3.871000051498413,1.57,2.301000051498413,0.4430000400543208,bear_steep,bear_steep,normal,2
2003-02-14,3.95199990272522,1.62,2.33199990272522,0.4980000782012941,bear_steep,bear_steep,normal,3
2003-02-18,3.947999954223633,1.66,2.2879999542236327,0.45099981307983406,bear_steep,bear_steep,normal,4
2003-02-19,3.88100004196167,1.61,2.2710000419616696,0.408999977111816,bear_steep,bear_steep,normal,5
2003-02-20,3.845999956130981,1.59,2.2559999561309807,0.4329997348785395,bear_steep,bear_steep,normal,6
2003-02-21,3.892999887466431,1.63,2.262999887466431,0.4129999256134038,bear_steep,bear_steep,normal,7
2003-02-24,3.8440001010894775,1.6,2.2440001010894775,0.3620000171661375,normal,bear_steep,normal,8
2003-02-25,3.808000087738037,1.58,2.228000087738037,0.3470001983642579,normal,bear_steep,normal,9
2003-02-26,3.7730000019073486,1.57,2.2030000019073483,0.3229997730255123,normal,bear_steep,normal,10
2003-02-27,3.752000093460083,1.58,2.172000093460083,0.27000029563903816,normal,bear_steep,normal,11
2003-02-28,3.696000099182129,1.53,2.1660000991821287,0.27299987792968716,normal,normal,bear_steep,1
2003-03-03,3.6760001182556152,1.52,2.156000118255615,0.25499994277954086,normal,normal,bear_steep,2
2003-03-04,3.6449999809265137,1.49,2.1549999809265135,0.25500017166137656,normal,normal,bear_steep,3
2003-03-05,3.619999885559082,1.46,2.159999885559082,0.25299982070922855,normal,normal,bear_steep,4
2003-03-06,3.651999950408936,1.47,2.181999950408936,0.2959997177124025,normal,normal,bear_steep,5
2003-03-07,3.619999885559082,1.39,2.2299998855590824,0.33399993896484403,normal,normal,bear_steep,6
2003-03-10,3.5739998817443848,1.35,2.2239998817443847,0.3059998321533204,normal,normal,bear_steep,7
2003-03-11,3.5859999656677246,1.38,2.2059999656677247,0.29000013351440446,normal,normal,bear_steep,8
2003-03-12,3.58899998664856,1.45,2.1389999866485603,0.24299977302551357,normal,normal,bear_steep,9
2003-03-13,3.732000112533569,1.59,2.1420001125335686,0.2669999980926505,normal,normal,bear_steep,10
2003-03-14,3.7070000171661377,1.56,2.1470000171661376,0.23300015449523936,normal,normal,bear_steep,11
2003-03-17,3.815999984741211,1.63,2.185999984741211,0.2649999046325684,normal,normal,bear_steep,12
2003-03-18,3.8980000019073486,1.72,2.178000001907349,0.2410002231597903,normal,normal,bear_steep,13
2003-03-19,3.964999914169312,1.72,2.2449999141693118,0.28499997138977085,normal,normal,bear_steep,14
2003-03-20,4.00600004196167,1.75,2.25600004196167,0.33200016021728507,normal,normal,bear_steep,15
2003-03-21,4.09499979019165,1.8,2.2949997901916506,0.3599997329711915,normal,normal,bear_steep,16
2003-03-24,3.973000049591065,1.71,2.263000049591065,0.3030002784729007,normal,normal,bear_steep,17
2003-03-25,3.9609999656677246,1.69,2.2709999656677247,0.3070000076293944,normal,normal,bear_steep,18
2003-03-26,3.944000005722046,1.68,2.264000005722046,0.300000162124634,normal,normal,bear_steep,19
2003-03-27,3.9260001182556152,1.62,2.306000118255615,0.33400032043457006,normal,normal,bear_steep,20
2003-03-28,3.8959999084472656,1.56,2.3359999084472656,0.33499973297119157,normal,normal,bear_steep,21
2003-03-31,3.822999954223633,1.51,2.312999954223633,0.2770000457763673,normal,normal,bear_steep,22
2003-04-01,3.82699990272522,1.5,2.32699990272522,0.3199997997283939,normal,normal,bear_steep,23
2003-04-02,3.931999921798706,1.6,2.331999921798706,0.29700013160705563,normal,normal,bear_steep,24
2003-04-03,3.9159998893737793,1.55,2.3659998893737795,0.2950000762939453,normal,normal,bear_steep,25
2003-04-04,3.944000005722046,1.55,2.394000005722046,0.3449998950958255,normal,normal,bear_steep,26
2003-04-07,4.013999938964844,1.65,2.363999938964844,0.3289999771118164,normal,normal,bear_steep,27
2003-04-08,3.936000108718872,1.59,2.346000108718872,0.28599997520446774,normal,normal,bear_steep,28
2003-04-09,3.901000022888184,1.55,2.3510000228881838,0.26599996566772477,normal,normal,bear_steep,29
2003-04-10,3.934000015258789,1.6,2.334000015258789,0.26700000762939435,normal,normal,bear_steep,30
2003-04-11,3.9809999465942383,1.65,2.3309999465942384,0.244999828338623,normal,normal,bear_steep,31
2003-04-14,4.020999908447266,1.74,2.2809999084472654,0.2580000305175769,normal,normal,bear_steep,32
2003-04-15,3.970999956130981,1.69,2.280999956130981,0.17299994468688906,normal,normal,bear_steep,33
2003-04-16,3.937999963760376,1.67,2.267999963760376,0.10099986076355005,normal,normal,bear_steep,34
2003-04-17,3.9570000171661377,1.71,2.2470000171661377,0.1240000247955324,normal,normal,bear_steep,35
2003-04-21,3.9790000915527344,1.71,2.2690000915527344,0.12800024032592772,normal,normal,bear_steep,36
2003-04-22,3.983000040054321,1.7,2.283000040054321,0.04799988746643047,normal,normal,bear_steep,37
2003-04-23,3.994999885559082,1.7,2.294999885559082,0.04399986267089817,normal,normal,bear_steep,38
2003-04-24,3.9049999713897705,1.62,2.2849999713897704,0.013999814987182724,normal,normal,bear_steep,39
2003-04-25,3.885999917984009,1.57,2.3159999179840085,0.008000001907348064,normal,normal,bear_steep,40
2003-04-28,3.900000095367432,1.59,2.310000095367432,0.05100013732910158,normal,normal,bear_steep,41
2003-04-29,3.928999900817871,1.62,2.308999900817871,-0.0029999160766602806,normal,normal,bear_steep,42
2003-04-30,3.857000112533569,1.51,2.3470001125335687,0.032000150680541406,normal,normal,bear_steep,43
2003-05-01,3.8559999465942383,1.5,2.3559999465942383,0.18899974822998056,normal,normal,bear_steep,44
2003-05-02,3.913000106811523,1.56,2.353000106811523,0.2360000991821285,normal,normal,bear_steep,45
2003-05-05,3.88700008392334,1.55,2.33700008392334,0.2209999084472658,normal,normal,bear_steep,46
2003-05-06,3.808000087738037,1.45,2.358000087738037,0.41499988555908196,bear_steep,normal,bear_steep,47
2003-05-07,3.693000078201294,1.45,2.2430000782012938,0.2999999713897705,normal,normal,bear_steep,48
2003-05-08,3.671000003814697,1.49,2.181000003814697,0.14400009155273397,normal,normal,bear_steep,49
2003-05-09,3.690999984741211,1.45,2.2409999847412108,0.1930001258850096,normal,normal,bear_steep,50
2003-05-12,3.638999938964844,1.46,2.1789999389648442,0.14000001907348691,normal,normal,bear_steep,51
2003-05-13,3.622999906539917,1.47,2.1529999065399172,0.08299984931945836,normal,normal,bear_steep,52
2003-05-14,3.5369999408721924,1.41,2.1269999408721922,0.05699997901916509,normal,normal,bear_steep,53
2003-05-15,3.5369999408721924,1.46,2.0769999408721924,0.03899977684020994,normal,normal,bear_steep,54
2003-05-16,3.461999893188477,1.38,2.081999893188477,0.06600004196167042,normal,normal,bear_steep,55
2003-05-19,3.45199990272522,1.35,2.10199990272522,0.07999983787536635,normal,normal,bear_steep,56
2003-05-20,3.374000072479248,1.31,2.064000072479248,0.07600013732910149,normal,normal,bear_steep,57
2003-05-21,3.390000104904175,1.38,2.010000104904175,-0.010999670028686293,normal,normal,bear_steep,58
2003-05-22,3.33899998664856,1.36,1.97899998664856,-0.018000097274779803,normal,normal,bear_steep,59
2003-05-23,3.3329999446868896,1.38,1.9529999446868898,-0.017000074386596786,normal,normal,bear_steep,60
2003-05-27,3.401000022888184,1.33,2.071000022888184,0.1379999542236332,normal,normal,bear_steep,61
2003-05-28,3.430999994277954,1.35,2.080999994277954,0.12099990844726505,normal,normal,bear_steep,62
2003-05-29,3.33899998664856,1.3,2.0389999866485597,0.08300021171569849,normal,normal,bear_steep,63
2003-05-30,3.3499999046325684,1.33,2.0199999046325683,0.10299997329711896,normal,normal,bear_steep,64
2003-06-02,3.428999900817871,1.33,2.098999900817871,0.23099998474121097,normal,normal,bear_steep,65
2003-06-03,3.3420000076293945,1.2,2.1420000076293944,0.2639999198913574,normal,normal,bear_steep,66
2003-06-04,3.2909998893737797,1.2,2.09099988937378,0.24399988174438558,normal,normal,bear_steep,67
2003-06-05,3.3310000896453857,1.25,2.0810000896453857,0.2509999942779535,normal,normal,bear_steep,68
2003-06-06,3.351999998092652,1.27,2.081999998092652,0.2779999256134036,normal,normal,bear_steep,69
2003-06-09,3.2790000438690186,1.19,2.0890000438690186,0.2860001277923585,normal,normal,bear_steep,70
2003-06-10,3.194000005722046,1.13,2.064000005722046,0.2550000286102301,normal,normal,bear_steep,71
2003-06-11,3.187999963760376,1.16,2.027999963760376,0.17799999237060526,normal,normal,bear_steep,72
2003-06-12,3.1679999828338623,1.13,2.0379999828338624,0.20199995994567832,normal,normal,bear_steep,73
2003-06-13,3.1040000915527344,1.1,2.0040000915527343,0.2530000972747801,normal,normal,bear_steep,74
2003-06-16,3.1700000762939453,1.18,1.9900000762939454,0.2740001678466797,normal,normal,bear_steep,75
2003-06-17,3.2660000324249268,1.25,2.0160000324249268,0.2569999694824219,normal,normal,bear_steep,76
2003-06-18,3.359999895095825,1.27,2.089999895095825,0.29399986267089795,normal,normal,bear_steep,77
2003-06-19,3.3410000801086426,1.17,2.1710000801086426,0.3020001888275148,normal,normal,bear_steep,78
2003-06-20,3.3959999084472656,1.22,2.175999908447266,0.28899979591369696,normal,normal,bear_steep,79
2003-06-23,3.315000057220459,1.17,2.145000057220459,0.24600017547607433,normal,normal,bear_steep,80
2003-06-24,3.265000104904175,1.14,2.125000104904175,0.1750000572204593,normal,normal,bear_steep,81
2003-06-25,3.361000061035156,1.3,2.0610000610351555,0.12700004577636648,normal,normal,bear_steep,82
2003-06-26,3.5339999198913574,1.41,2.1239999198913573,0.2189999771118163,normal,normal,bear_steep,83
2003-06-27,3.5810000896453857,1.38,2.201000089645386,0.3409999752044679,normal,normal,bear_steep,84
2003-06-30,3.5280001163482666,1.32,2.2080001163482663,0.3720001983642576,normal,normal,bear_steep,85
2003-07-01,3.549000024795532,1.3,2.2490000247955315,0.3890001010894768,normal,normal,bear_steep,86
2003-07-02,3.5360000133514404,1.3,2.2360000133514406,0.3310000419616701,normal,normal,bear_steep,87
2003-07-03,3.6549999713897705,1.32,2.3349999713897702,0.37200000762939434,normal,normal,bear_steep,88
2003-07-07,3.7070000171661377,1.36,2.3470000171661374,0.43099996566772436,bear_steep,normal,bear_steep,89
2003-07-08,3.733000040054321,1.39,2.3430000400543207,0.3290001201629633,normal,normal,bear_steep,90
2003-07-09,3.7060000896453857,1.37,2.3360000896453856,0.29999993324279783,normal,normal,bear_steep,91
2003-07-10,3.677000045776367,1.33,2.347000045776367,0.3030002212524412,normal,normal,bear_steep,92
2003-07-11,3.640000104904175,1.29,2.3500001049041748,0.3589999103546142,normal,normal,bear_steep,93
2003-07-14,3.71399998664856,1.35,2.36399998664856,0.322000131607056,normal,normal,bear_steep,94
2003-07-15,3.9140000343322754,1.45,2.464000034332275,0.42799997329711914,bear_steep,normal,bear_steep,95
2003-07-16,3.944999933242798,1.49,2.4549999332427976,0.4029997348785397,bear_steep,normal,bear_steep,96
2003-07-17,3.953999996185303,1.47,2.483999996185303,0.3690002059936526,normal,normal,bear_steep,97
2003-07-18,3.9690001010894775,1.51,2.4590001010894778,0.25499999046325694,normal,normal,bear_steep,98
2003-07-21,4.173999786376953,1.61,2.563999786376953,0.4199997711181638,bear_steep,normal,bear_steep,99
2003-07-22,4.150000095367432,1.57,2.5800000953674314,0.354000015258789,normal,normal,bear_steep,100
2003-07-23,4.102000236511231,1.54,2.5620002365112313,0.3310002231597915,normal,normal,bear_steep,101
2003-07-24,4.166999816894531,1.54,2.626999816894531,0.40999981880187963,bear_steep,normal,bear_steep,102
2003-07-25,4.177999973297119,1.52,2.657999973297119,0.40299989700317385,bear_steep,normal,bear_steep,103
2003-07-28,4.283999919891357,1.61,2.673999919891357,0.41300006866455075,bear_steep,normal,bear_steep,104
2003-07-29,4.3979997634887695,1.67,2.7279997634887696,0.5629999160766603,bear_steep,normal,bear_steep,105
2003-07-30,4.315000057220459,1.64,2.6750000572204593,0.6530000877380377,bear_steep,bear_steep,normal,1
2003-07-31,4.473999977111816,1.8,2.6739999771118166,0.6919999790191653,bear_steep,bear_steep,normal,2
2003-08-01,4.414999961853027,1.85,2.5649999618530273,0.5039998912811279,bear_steep,bear_steep,normal,3
2003-08-04,4.320000171661377,1.71,2.610000171661377,0.5320001125335692,bear_steep,bear_steep,normal,4
2003-08-05,4.440999984741211,1.88,2.560999984741211,0.4300000762939451,bear_steep,bear_steep,normal,5
2003-08-06,4.288000106811523,1.78,2.508000106811523,0.3669999885559081,normal,bear_steep,normal,6
2003-08-07,4.229000091552734,1.74,2.489000091552734,0.3800000381469726,normal,bear_steep,normal,7
2003-08-08,4.289000034332275,1.72,2.5690000343322756,0.49900001525878945,bear_steep,bear_steep,normal,8
2003-08-11,4.370999813079834,1.81,2.560999813079834,0.4660000038146972,bear_steep,bear_steep,normal,9
2003-08-12,4.35699987411499,1.71,2.6469998741149903,0.5539997482299803,bear_steep,bear_steep,normal,10
2003-08-13,4.559999942779541,1.86,2.6999999427795407,0.6249997520446775,bear_steep,bear_steep,normal,11
2003-08-14,4.585999965667725,1.86,2.7259999656677243,0.6319999504089351,bear_steep,bear_steep,normal,12
2003-08-15,4.527999877929688,1.85,2.6779998779296883,0.5689998817443853,bear_steep,bear_steep,normal,13
2003-08-18,4.477000236511231,1.87,2.6070002365112313,0.4770000076293952,bear_steep,bear_steep,normal,14
2003-08-19,4.38100004196167,1.81,2.57100004196167,0.4380002212524414,bear_steep,bear_steep,normal,15
2003-08-20,4.440999984741211,1.84,2.600999984741211,0.4520001220703125,bear_steep,bear_steep,normal,16
2003-08-21,4.506999969482422,1.98,2.526999969482422,0.3740001678466798,normal,bear_steep,normal,17
2003-08-22,4.459000110626221,1.97,2.489000110626221,0.33700017929077175,normal,bear_steep,normal,18
2003-08-25,4.526999950408936,2.02,2.5069999504089364,0.36300010681152406,normal,bear_steep,normal,19
2003-08-26,4.486000061035156,1.96,2.5260000610351563,0.3230001258850095,normal,bear_steep,normal,20
2003-08-27,4.535999774932861,2.05,2.4859997749328615,0.3159995841979981,normal,normal,bear_steep,1
2003-08-28,4.429999828338623,1.93,2.4999998283386233,0.3510000419616701,normal,normal,bear_steep,2
2003-08-29,4.453999996185303,1.95,2.5039999961853026,0.36000003814697257,normal,normal,bear_steep,3
2003-09-02,4.60099983215332,2.04,2.5609998321533203,0.40499979019165044,bear_steep,normal,bear_steep,4
2003-09-03,4.598999977111816,2.02,2.5789999771118164,0.3870001792907716,normal,normal,bear_steep,5
2003-09-04,4.513000011444092,1.91,2.6030000114440917,0.41299989700317363,bear_steep,normal,bear_steep,6
2003-09-05,4.354000091552734,1.72,2.6340000915527346,0.4100002479553222,bear_steep,normal,bear_steep,7
2003-09-08,4.388999938964844,1.75,2.6389999389648438,0.3950000381469727,normal,normal,bear_steep,8
2003-09-09,4.370999813079834,1.71,2.660999813079834,0.45199993133544947,bear_steep,normal,bear_steep,9
2003-09-10,4.269000053405762,1.64,2.629000053405762,0.43599998474121104,bear_steep,normal,bear_steep,10
2003-09-11,4.334000110626221,1.71,2.6240001106262207,0.44700010299682624,bear_steep,normal,bear_steep,11
2003-09-12,4.269000053405762,1.66,2.6090000534057616,0.4029999446868895,bear_steep,normal,bear_steep,12
2003-09-15,4.244999885559082,1.63,2.614999885559082,0.4009998512268069,bear_steep,bear_steep,normal,1
2003-09-16,4.290999889373779,1.63,2.6609998893737794,0.4479999256134035,bear_steep,bear_steep,normal,2
2003-09-17,4.190999984741211,1.63,2.560999984741211,0.38700006484985394,normal,bear_steep,normal,3
2003-09-18,4.184000015258789,1.68,2.5040000152587893,0.2959999370574957,normal,bear_steep,normal,4
2003-09-19,4.162000179290772,1.7,2.462000179290772,0.2300001144409185,normal,bear_steep,normal,5
2003-09-22,4.241000175476074,1.7,2.541000175476074,0.29300006866455064,normal,bear_steep,normal,6
2003-09-23,4.214000225067139,1.68,2.534000225067139,0.3080002403259279,normal,normal,bear_steep,1
2003-09-24,4.135000228881836,1.66,2.475000228881836,0.22000013351440417,normal,normal,bear_steep,2
2003-09-25,4.102000236511231,1.65,2.4520002365112314,0.18100028991699313,normal,normal,bear_steep,3
2003-09-26,4.0229997634887695,1.6,2.4229997634887694,0.14500000000000002,normal,normal,bear_steep,4
2003-09-29,4.077000141143799,1.61,2.4670001411437985,0.10500019073486211,normal,normal,bear_steep,5
2003-09-30,3.937000036239624,1.5,2.437000036239624,0.11900025367736822,normal,normal,bear_steep,6
2003-10-01,3.931999921798706,1.47,2.4619999217987063,0.13699988365173343,normal,normal,bear_steep,7
2003-10-02,4.008999824523926,1.48,2.528999824523926,0.20699979782104494,normal,normal,bear_steep,8
2003-10-03,4.195000171661377,1.65,2.545000171661377,0.2270003318786622,normal,normal,bear_steep,9
2003-10-06,4.151000022888184,1.6,2.5510000228881835,0.23600015640258798,normal,normal,bear_steep,10
2003-10-07,4.24399995803833,1.67,2.57399995803833,0.25499987602233887,normal,normal,bear_steep,11
2003-10-08,4.242000102996826,1.65,2.5920001029968263,0.32900000572204613,normal,normal,bear_steep,12
2003-10-09,4.302000045776367,1.69,2.6120000457763672,0.35500001907348633,normal,normal,bear_steep,13
2003-10-10,4.248000144958496,1.65,2.598000144958496,0.3550000286102297,normal,normal,bear_steep,14
2003-10-14,4.349999904632568,1.73,2.6199999046325684,0.36299988746643086,normal,normal,bear_steep,15
2003-10-15,4.396999835968018,1.79,2.6069998359680175,0.3289999103546144,normal,normal,bear_steep,16
2003-10-16,4.454999923706055,1.96,2.4949999237060547,0.23199993133544927,normal,normal,bear_steep,17
2003-10-17,4.388000011444092,1.9,2.488000011444092,0.1980000019073489,normal,normal,bear_steep,18
2003-10-20,4.380000114440918,1.88,2.500000114440918,0.24500020980835036,normal,normal,bear_steep,19
2003-10-21,4.366000175476074,1.89,2.4760001754760745,0.20400007247924812,normal,normal,bear_steep,20
2003-10-22,4.2729997634887695,1.8,2.4729997634887697,0.22199976921081532,normal,normal,bear_steep,21
2003-10-23,4.315999984741211,1.84,2.475999984741211,0.2050000572204591,normal,normal,bear_steep,22
2003-10-24,4.211999893188477,1.76,2.4519998931884768,0.18699995994567864,normal,normal,bear_steep,23
2003-10-27,4.264999866485596,1.83,2.4349998664855956,0.14099984169006374,normal,normal,bear_steep,24
2003-10-28,4.189000129699707,1.71,2.479000129699707,0.18200013160705542,normal,normal,bear_steep,25
2003-10-29,4.275000095367432,1.79,2.4850000953674316,0.17800007820129382,normal,normal,bear_steep,26
2003-10-30,4.339000225067139,1.86,2.4790002250671384,0.18700028419494652,normal,normal,bear_steep,27
2003-10-31,4.301000118255615,1.85,2.451000118255615,0.15000006675720234,normal,normal,bear_steep,28
2003-11-03,4.368000030517578,1.9,2.468000030517578,0.13600012779235815,normal,normal,bear_steep,29
2003-11-04,4.304999828338623,1.86,2.4449998283386227,0.15699987411499006,normal,normal,bear_steep,30
2003-11-05,4.349999904632568,1.94,2.4099999046325684,0.1389998626708988,normal,normal,bear_steep,31
2003-11-06,4.418000221252441,2.01,2.4080002212524416,0.15200026512146092,normal,normal,bear_steep,32
2003-11-07,4.449999809265137,2.04,2.4099998092651367,0.14699992179870547,normal,normal,bear_steep,33
2003-11-10,4.460000038146973,2.06,2.4000000381469726,0.15599993705749515,normal,normal,bear_steep,34
2003-11-12,4.412000179290772,2.05,2.3620001792907726,0.1340000915527355,normal,normal,bear_steep,35
2003-11-13,4.270999908447266,1.92,2.3509999084472657,0.14799990653991735,normal,normal,bear_steep,36
2003-11-14,4.232999801635742,1.84,2.3929998016357423,0.2209997081756594,normal,normal,bear_steep,37
2003-11-17,4.188000202178955,1.8,2.3880002021789553,0.2220001029968266,normal,normal,bear_steep,38
2003-11-18,4.166999816894531,1.83,2.336999816894531,0.18099969863891596,normal,normal,bear_steep,39
2003-11-19,4.235000133514404,1.9,2.3350001335144044,0.18000015258789093,normal,normal,bear_steep,40
2003-11-20,4.15399980545044,1.83,2.3239998054504403,0.1639999198913582,normal,normal,bear_steep,41
2003-11-21,4.146999835968018,1.84,2.3069998359680177,0.12499988555908192,normal,normal,bear_steep,42
2003-11-24,4.227000236511231,1.94,2.2870002365112314,0.05700035095214906,normal,normal,bear_steep,43
2003-11-25,4.185999870300293,1.89,2.2959998703002933,0.07199998855590861,normal,normal,bear_steep,44
2003-11-26,4.242000102996826,1.97,2.2720001029968264,0.0660001373291017,normal,normal,bear_steep,45
2003-11-28,4.320000171661377,2.06,2.260000171661377,0.12100018501281662,normal,normal,bear_steep,46
2003-12-01,4.392000198364258,2.12,2.2720001983642577,0.13000008583068912,normal,normal,bear_steep,47
2003-12-02,4.380000114440918,2.07,2.310000114440918,0.1630000972747805,normal,normal,bear_steep,48
2003-12-03,4.409999847412109,2.09,2.3199998474121095,0.13399986267089847,normal,normal,bear_steep,49
2003-12-04,4.36899995803833,2.06,2.30899995803833,0.13099995613098114,normal,normal,bear_steep,50
2003-12-05,4.215000152587891,1.88,2.3350001525878907,0.09000023841857896,normal,normal,bear_steep,51
2003-12-08,4.277999877929688,1.94,2.3379998779296884,0.08199983596801852,normal,normal,bear_steep,52
2003-12-09,4.352000236511231,1.97,2.3820002365112316,0.08700044631958104,normal,normal,bear_steep,53
2003-12-10,4.317999839782715,1.94,2.377999839782715,0.11499979019164996,normal,normal,bear_steep,54
2003-12-11,4.23799991607666,1.83,2.40799991607666,0.13699995040893542,normal,normal,bear_steep,55
2003-12-12,4.242000102996826,1.84,2.4020001029968263,0.13800009727478013,normal,normal,bear_steep,56
2003-12-15,4.275000095367432,1.88,2.3950000953674317,0.08899997711181662,normal,normal,bear_steep,57
2003-12-16,4.234000205993652,1.83,2.4040002059936523,0.0680002975463867,normal,normal,bear_steep,58
2003-12-17,4.189000129699707,1.83,2.359000129699707,0.046000175476073935,normal,normal,bear_steep,59
2003-12-18,4.140999794006348,1.85,2.2909997940063476,-0.0360001087188726,normal,normal,bear_steep,60
2003-12-19,4.132999897003174,1.82,2.3129998970031735,-0.019000024795532422,normal,normal,bear_steep,61
2003-12-22,4.164000034332275,1.84,2.3240000343322755,-0.04199985504150394,normal,normal,bear_steep,62
2003-12-23,4.269000053405762,1.96,2.3090000534057618,-0.08499995231628432,normal,normal,bear_steep,63
2003-12-24,4.186999797821045,1.83,2.356999797821045,-0.007000141143798988,normal,normal,bear_steep,64
2003-12-26,4.1479997634887695,1.82,2.3279997634887692,-0.018000345230102965,normal,normal,bear_steep,65
2003-12-29,4.230000019073486,1.86,2.370000019073486,0.018999996185302237,normal,normal,bear_steep,66
2003-12-30,4.27899980545044,1.86,2.41899980545044,0.08499979019165105,normal,normal,bear_steep,67
2003-12-31,4.256999969482422,1.84,2.416999969482422,0.08600002288818365,normal,normal,bear_steep,68
2004-01-02,4.373000144958496,1.94,2.433000144958496,0.15200023651123074,normal,normal,bear_steep,69
2004-01-05,4.38700008392334,1.95,2.4370000839233397,0.1560001277923586,normal,normal,bear_steep,70
2004-01-06,4.276999950408936,1.84,2.4369999504089366,0.16899998664856053,normal,normal,bear_steep,71
2004-01-07,4.245999813079834,1.84,2.405999813079834,0.1589997959136964,normal,normal,bear_steep,72
2004-01-08,4.249000072479248,1.85,2.399000072479248,0.12999998092651355,normal,normal,bear_steep,73
2004-01-09,4.085999965667725,1.68,2.405999965667725,0.12299992561340378,normal,normal,bear_steep,74
2004-01-12,4.083000183105469,1.68,2.403000183105469,0.10800029754638718,normal,normal,bear_steep,75
2004-01-13,4.027999877929688,1.63,2.3979998779296885,0.1129999065399181,normal,normal,bear_steep,76
2004-01-14,3.986000061035156,1.65,2.336000061035156,0.02000014305114739,normal,normal,bear_steep,77
2004-01-15,3.970999956130981,1.67,2.300999956130981,-0.00900013923645071,normal,normal,bear_steep,78
2004-01-16,4.013999938964844,1.7,2.3139999389648436,0.005000038146972585,normal,normal,bear_steep,79
2004-01-20,4.057000160217285,1.69,2.367000160217285,0.02000004768371655,normal,normal,bear_steep,80
2004-01-21,4.037000179290772,1.69,2.3470001792907724,-0.008999767303465855,normal,normal,bear_steep,81
2004-01-22,3.9690001010894775,1.66,2.3090001010894774,-0.04400000572204554,normal,normal,bear_steep,82
2004-01-23,4.065999984741211,1.71,2.355999984741211,0.01899990081787095,normal,normal,bear_steep,83
2004-01-26,4.139999866485596,1.75,2.3899998664855957,0.03199977874755877,normal,normal,bear_steep,84
2004-01-27,4.086999893188477,1.7,2.3869998931884764,0.14399981498718262,normal,normal,bear_steep,85
2004-01-28,4.195000171661377,1.87,2.325000171661377,0.1440001678466798,normal,normal,bear_steep,86
2004-01-29,4.197000026702881,1.88,2.317000026702881,0.0760000419616702,normal,normal,bear_steep,87
2004-01-30,4.138000011444092,1.84,2.298000011444092,0.11900007247924771,normal,normal,bear_steep,88
2004-02-02,4.151000022888184,1.83,2.3210000228881835,0.16800011634826628,normal,normal,bear_steep,89
2004-02-03,4.099999904632568,1.78,2.319999904632568,0.19299996376037587,normal,normal,bear_steep,90
2004-02-04,4.124000072479248,1.8,2.3240000724792482,0.2470001316070558,normal,normal,bear_steep,91
2004-02-05,4.173999786376953,1.85,2.323999786376953,0.24199989318847592,normal,normal,bear_steep,92
2004-02-06,4.089000225067139,1.77,2.3190002250671387,0.21700032234191857,normal,normal,bear_steep,93
2004-02-09,4.065000057220459,1.76,2.305000057220459,0.2409999847412112,normal,normal,bear_steep,94
2004-02-10,4.102000236511231,1.82,2.282000236511231,0.27200013160705616,normal,normal,bear_steep,95
2004-02-11,4.020999908447266,1.73,2.2909999084472656,0.3119999217987057,normal,normal,bear_steep,96
2004-02-12,4.058000087738037,1.75,2.308000087738037,0.35500014305114735,normal,normal,bear_steep,97
2004-02-13,4.047999858856201,1.7,2.347999858856201,0.276999835968017,normal,normal,bear_steep,98
2004-02-17,4.047999858856201,1.7,2.347999858856201,0.266999864578247,normal,normal,bear_steep,99
2004-02-18,4.048999786376953,1.72,2.3289997863769534,0.2899997997283936,normal,normal,bear_steep,100
2004-02-19,4.052000045776367,1.7,2.352000045776367,0.3320001411437987,normal,normal,bear_steep,101
2004-02-20,4.0980000495910645,1.75,2.3480000495910645,0.24900014877319343,normal,normal,bear_steep,102
2004-02-23,4.050000190734863,1.69,2.3600001907348633,0.21800018310546898,normal,normal,bear_steep,103
2004-02-24,4.02899980545044,1.69,2.3389998054504404,0.2479999160766604,normal,normal,bear_steep,104
2004-02-25,4.014999866485596,1.67,2.3449998664855958,0.26399977684021003,normal,normal,bear_steep,105
2004-02-26,4.046000003814697,1.69,2.3560000038146973,0.2740000057220455,normal,normal,bear_steep,106
2004-02-27,3.983999967575073,1.66,2.323999967575073,0.2349999237060545,normal,normal,bear_steep,107
2004-03-01,3.992000102996826,1.67,2.3220001029968262,0.25800009727478024,normal,normal,bear_steep,108
2004-03-02,4.046000003814697,1.74,2.306000003814697,0.2780000400543212,normal,normal,bear_steep,109
2004-03-03,4.059999942779541,1.74,2.319999942779541,0.2819999599456784,normal,normal,bear_steep,110
2004-03-04,4.02899980545044,1.73,2.2989998054504404,0.2949997138977061,normal,normal,bear_steep,111
2004-03-05,3.8310000896453857,1.57,2.2610000896453855,0.2710000133514401,normal,normal,bear_steep,112
2004-03-08,3.776000022888184,1.52,2.256000022888184,0.23999999046325726,normal,normal,bear_steep,113
2004-03-09,3.7190001010894775,1.51,2.2090001010894778,0.11900020599365257,normal,normal,bear_steep,114
2004-03-10,3.734999895095825,1.54,2.194999895095825,0.02399981498718251,normal,normal,bear_steep,115
2004-03-11,3.746999979019165,1.52,2.226999979019165,0.05100007057189915,normal,normal,bear_steep,116
2004-03-12,3.759999990463257,1.54,2.219999990463257,0.07499993324279774,normal,normal,bear_steep,117
2004-03-15,3.767999887466431,1.56,2.207999887466431,0.08299978256225593,normal,normal,bear_steep,118
2004-03-16,3.687999963760376,1.51,2.177999963760376,0.11699990272522065,normal,normal,bear_steep,119
2004-03-17,3.683000087738037,1.53,2.153000087738037,0.02900016784667958,normal,normal,bear_steep,120
2004-03-18,3.749000072479248,1.55,2.1990000724792482,-0.0020000171661376243,normal,normal,bear_steep,121
2004-03-19,3.788000106811523,1.56,2.228000106811523,0.019999990463256623,normal,normal,bear_steep,122
2004-03-22,3.723999977111816,1.52,2.203999977111816,-0.04500004768371557,normal,normal,bear_steep,123
2004-03-23,3.7109999656677246,1.52,2.1909999656677246,-0.045000047683716016,normal,normal,bear_steep,124
2004-03-24,3.71399998664856,1.5,2.21399998664856,-0.12099998474121021,normal,normal,bear_steep,125
2004-03-25,3.739000082015991,1.51,2.2290000820159914,-0.11799993515014595,normal,normal,bear_steep,126
2004-03-26,3.8429999351501465,1.59,2.2529999351501466,-0.0900001049041741,normal,normal,bear_steep,127
2004-03-29,3.890000104904175,1.63,2.260000104904175,-0.07599998474121072,normal,normal,bear_steep,128
2004-03-30,3.901999950408936,1.63,2.271999950408936,-0.07500009536743102,normal,normal,bear_steep,129
2004-03-31,3.836999893188477,1.6,2.236999893188477,-0.11300021171569785,normal,normal,bear_steep,130
2004-04-01,3.8980000019073486,1.65,2.2480000019073487,-0.1159999847412112,normal,normal,bear_steep,131
2004-04-02,4.139999866485596,1.86,2.2799998664855954,-0.18400016784667983,normal,normal,bear_steep,132
2004-04-05,4.21999979019165,1.91,2.3099997901916502,-0.1450001430511474,normal,normal,bear_steep,133
2004-04-06,4.171000003814697,1.86,2.311000003814697,-0.17299999237060604,normal,normal,bear_steep,134
2004-04-07,4.166999816894531,1.87,2.296999816894531,-0.1620002841949466,normal,normal,bear_steep,135
2004-04-08,4.197000026702881,1.88,2.317000026702881,-0.24699975967407184,normal,normal,bear_steep,136
2004-04-12,4.230000019073486,1.91,2.320000019073486,-0.26000007629394517,normal,normal,bear_steep,137
2004-04-13,4.340000152587891,2.01,2.330000152587891,-0.23200008392334048,normal,normal,bear_steep,138
2004-04-14,4.381999969482422,2.13,2.251999969482422,-0.37499984741210923,normal,normal,bear_steep,139
2004-04-15,4.40500020980835,2.1,2.3050002098083495,-0.3529997634887696,normal,normal,bear_steep,140
2004-04-16,4.352000236511231,2.03,2.3220002365112316,-0.35199968338012555,normal,normal,bear_steep,141
2004-04-19,4.372000217437744,2.07,2.3020002174377443,-0.4259995460510253,bull_steep,normal,bear_steep,142
2004-04-20,4.414999961853027,2.11,2.3049999618530275,-0.37000009536743184,normal,normal,bear_steep,143
2004-04-21,4.422999858856201,2.22,2.202999858856201,-0.4710001182556156,bull_steep,normal,bear_steep,144
2004-04-22,4.370999813079834,2.15,2.220999813079834,-0.3440001487731932,normal,normal,bear_steep,145
2004-04-23,4.452000141143799,2.29,2.162000141143799,-0.4480000305175782,bull_steep,normal,bear_steep,146
2004-04-26,4.433000087738037,2.28,2.1530000877380373,-0.40799989700317374,bull_steep,normal,bear_steep,147
2004-04-27,4.40399980545044,2.21,2.1939998054504404,-0.3140003013610828,normal,normal,bear_steep,148
2004-04-28,4.4670000076293945,2.3,2.1670000076293947,-0.32200008392333945,normal,normal,bear_steep,149
2004-04-29,4.539999961853027,2.34,2.1999999618530275,-0.36900007247924815,normal,normal,bear_steep,150
2004-04-30,4.500999927520752,2.31,2.190999927520752,-0.36999988555908203,normal,normal,bear_steep,151
2004-05-03,4.500999927520752,2.34,2.160999927520752,-0.4859999465942382,bull_steep,normal,bear_steep,152
2004-05-04,4.543000221252441,2.32,2.2230002212524416,-0.47699972152709913,bull_steep,normal,bear_steep,153
2004-05-05,4.571000099182129,2.34,2.231000099182129,-0.49499986648559524,bull_steep,normal,bear_steep,154
2004-05-06,4.602000236511231,2.39,2.2120002365112312,-0.46599964141845707,bull_steep,normal,bear_steep,155
2004-05-07,4.765999794006348,2.64,2.1259997940063475,-0.4810004425048837,bull_steep,bull_steep,normal,1
2004-05-10,4.781000137329102,2.61,2.1710001373291017,-0.3999999046325682,normal,bull_steep,normal,2
2004-05-11,4.76800012588501,2.61,2.15800012588501,-0.4429998588562012,bull_steep,bull_steep,normal,3
2004-05-12,4.796999931335449,2.62,2.176999931335449,-0.3500000381469728,normal,bull_steep,normal,4
2004-05-13,4.85099983215332,2.67,2.1809998321533204,-0.30800027847290057,normal,bull_steep,normal,5
2004-05-14,4.788000106811523,2.59,2.1980001068115236,-0.30899984359741284,normal,bull_steep,normal,6
2004-05-17,4.698999881744385,2.51,2.188999881744385,-0.3370001792907713,normal,bull_steep,normal,7
2004-05-18,4.736000061035156,2.58,2.156000061035156,-0.3299997138977053,normal,normal,bull_steep,1
2004-05-19,4.794000148773193,2.61,2.1840001487731935,-0.31599967956542985,normal,normal,bull_steep,2
2004-05-20,4.7179999351501465,2.55,2.1679999351501467,-0.3360000610351559,normal,normal,bull_steep,3
2004-05-21,4.763999938964844,2.6,2.1639999389648437,-0.3969998931884766,normal,normal,bull_steep,4
2004-05-24,4.739999771118164,2.59,2.149999771118164,-0.4290002059936522,bull_steep,normal,bull_steep,5
2004-05-25,4.723999977111816,2.58,2.1439999771118163,-0.4590000343322753,bull_steep,normal,bull_steep,6
2004-05-26,4.671000003814697,2.52,2.1510000038146972,-0.4830000877380374,bull_steep,normal,bull_steep,7
2004-05-27,4.5879998207092285,2.46,2.1279998207092286,-0.5110001182556152,bull_steep,normal,bull_steep,8
2004-05-28,4.65500020980835,2.54,2.1150002098083496,-0.5459996032714844,bull_steep,bull_steep,normal,1
2004-06-01,4.703999996185303,2.6,2.1039999961853026,-0.5250000572204594,bull_steep,bull_steep,normal,2
2004-06-02,4.730000019073486,2.65,2.0800000190734864,-0.5440000915527343,bull_steep,bull_steep,normal,3
2004-06-03,4.711999893188477,2.63,2.0819998931884767,-0.5270001602172849,bull_steep,bull_steep,normal,4
2004-06-04,4.77400016784668,2.7,2.0740001678466795,-0.5409997177124026,bull_steep,bull_steep,normal,5
2004-06-07,4.764999866485596,2.67,2.0949998664855958,-0.5660000228881836,bull_steep,bull_steep,normal,6
2004-06-08,4.770999908447266,2.73,2.0409999084472656,-0.5200000762939454,bull_steep,bull_steep,normal,7
2004-06-09,4.811999797821045,2.79,2.021999797821045,-0.48200021743774446,bull_steep,bull_steep,normal,8
2004-06-10,4.790999889373779,2.81,1.9809998893737792,-0.48100028991699295,bull_steep,bull_steep,normal,9
2004-06-14,4.869999885559082,2.97,1.8999998855590818,-0.6410002899169922,bull_steep,bull_steep,normal,10
2004-06-15,4.685999870300293,2.77,1.915999870300293,-0.618000354766846,bull_steep,bull_steep,normal,11
2004-06-16,4.73199987411499,2.84,1.8919998741149904,-0.5830003547668454,bull_steep,bull_steep,normal,12
2004-06-17,4.691999912261963,2.81,1.8819999122619628,-0.5700003242492686,bull_steep,bull_steep,normal,13
2004-06-18,4.710000038146973,2.81,1.9000000381469726,-0.5229997253417968,bull_steep,bull_steep,normal,14
2004-06-21,4.690000057220459,2.8,1.8900000572204592,-0.5770000839233393,bull_steep,bull_steep,normal,15
2004-06-22,4.703999996185303,2.8,1.903999996185303,-0.5330000400543211,bull_steep,bull_steep,normal,16
2004-06-23,4.697999954223633,2.78,1.917999954223633,-0.5439999675750733,bull_steep,bull_steep,normal,17
2004-06-24,4.645999908447266,2.74,1.9059999084472654,-0.6229999160766604,bull_steep,bull_steep,normal,18
2004-06-25,4.644999980926514,2.74,1.9049999809265135,-0.6400001907348636,bull_steep,bull_steep,normal,19
2004-06-28,4.738999843597412,2.86,1.8789998435974122,-0.6720001792907713,bull_steep,bull_steep,normal,20
2004-06-29,4.695000171661377,2.83,1.8650001716613769,-0.7089997863769533,bull_steep,bull_steep,normal,21
2004-06-30,4.617000102996826,2.7,1.917000102996826,-0.6750000000000003,bull_steep,bull_steep,normal,22
2004-07-01,4.564000129699707,2.64,1.924000129699707,-0.6879999160766603,bull_steep,bull_steep,normal,23
2004-07-02,4.458000183105469,2.54,1.9180001831054687,-0.6799999618530275,bull_steep,bull_steep,normal,24
2004-07-06,4.480000019073486,2.56,1.9200000190734863,-0.6999998855590821,bull_steep,bull_steep,normal,25
2004-07-07,4.4720001220703125,2.56,1.9120001220703124,-0.6949997138977051,bull_steep,bull_steep,normal,26
2004-07-08,4.46999979019165,2.55,1.9199997901916506,-0.5750001335144042,bull_steep,bull_steep,normal,27
2004-07-09,4.466000080108643,2.55,1.9160000801086428,-0.5719999313354491,bull_steep,bull_steep,normal,28
2004-07-12,4.442999839782715,2.53,1.912999839782715,-0.587000274658203,bull_steep,bull_steep,normal,29
2004-07-13,4.479000091552734,2.58,1.8990000915527343,-0.5770000839233402,bull_steep,bull_steep,normal,30
2004-07-14,4.484000205993652,2.62,1.8640002059936522,-0.6089995574951175,bull_steep,bull_steep,normal,31
2004-07-15,4.485000133514404,2.64,1.8450001335144042,-0.6309998512268069,bull_steep,bull_steep,normal,32
2004-07-16,4.361000061035156,2.54,1.8210000610351562,-0.6309998321533206,bull_steep,bull_steep,normal,33
2004-07-19,4.361000061035156,2.56,1.8010000610351562,-0.6339998054504394,bull_steep,bull_steep,normal,34
2004-07-20,4.447999954223633,2.67,1.7779999542236329,-0.7010001754760742,bull_steep,bull_steep,normal,35
2004-07-21,4.486999988555908,2.71,1.7769999885559082,-0.7080001068115234,bull_steep,bull_steep,normal,36
2004-07-22,4.461999893188477,2.69,1.7719998931884766,-0.7070003318786617,bull_steep,bull_steep,normal,37
2004-07-23,4.432000160217285,2.69,1.7420001602172852,-0.7089999580383299,bull_steep,bull_steep,normal,38
2004-07-26,4.474999904632568,2.75,1.7249999046325684,-0.7430001258850099,bull_steep,bull_steep,normal,39
2004-07-27,4.59499979019165,2.82,1.7749997901916506,-0.6700000381469722,bull_steep,bull_steep,normal,40
2004-07-28,4.585000038146973,2.78,1.8050000381469729,-0.6049998664855956,bull_steep,bull_steep,normal,41
2004-07-29,4.572999954223633,2.75,1.8229999542236328,-0.5850002670288088,bull_steep,bull_steep,normal,42
2004-07-30,4.474999904632568,2.68,1.7949999046325682,-0.6149999046325685,bull_steep,bull_steep,normal,43
2004-08-02,4.454999923706055,2.66,1.7949999237060545,-0.6050001144409181,bull_steep,bull_steep,normal,44
2004-08-03,4.421999931335449,2.66,1.761999931335449,-0.6000002479553235,bull_steep,bull_steep,normal,45
2004-08-04,4.428999900817871,2.66,1.768999900817871,-0.5820000076293947,bull_steep,bull_steep,normal,46
2004-08-05,4.400000095367432,2.64,1.7600000953674315,-0.6329997062683108,bull_steep,bull_steep,normal,47
2004-08-06,4.218999862670898,2.4,1.8189998626708985,-0.5690003395080567,bull_steep,bull_steep,normal,48
2004-08-09,4.24399995803833,2.45,1.79399995803833,-0.5429998588562013,bull_steep,bull_steep,normal,49
2004-08-10,4.287000179290772,2.55,1.7370001792907726,-0.5979999542236318,bull_steep,bull_steep,normal,50
2004-08-11,4.275000095367432,2.54,1.7350000953674316,-0.5889997100830087,bull_steep,bull_steep,normal,51
2004-08-12,4.25,2.52,1.73,-0.5769998359680177,bull_steep,bull_steep,normal,52
2004-08-13,4.2129998207092285,2.47,1.7429998207092283,-0.5440004158020031,bull_steep,bull_steep,normal,53
2004-08-16,4.257999897003174,2.51,1.747999897003174,-0.5479999732971192,bull_steep,bull_steep,normal,54
2004-08-17,4.205999851226807,2.44,1.7659998512268067,-0.5060002517700197,bull_steep,bull_steep,normal,55
2004-08-18,4.227000236511231,2.44,1.7870002365112314,-0.4729999351501455,bull_steep,bull_steep,normal,56
2004-08-19,4.210999965667725,2.43,1.7809999656677244,-0.49100023269653326,bull_steep,bull_steep,normal,57
2004-08-20,4.230999946594238,2.46,1.7709999465942383,-0.5390001678466798,bull_steep,bull_steep,normal,58
2004-08-23,4.27899980545044,2.5,1.7789998054504403,-0.5410000419616692,bull_steep,bull_steep,normal,59
2004-08-24,4.2829999923706055,2.5,1.7829999923706055,-0.5259999656677246,bull_steep,bull_steep,normal,60
2004-08-25,4.261000156402588,2.51,1.751000156402588,-0.5839999961853026,bull_steep,bull_steep,normal,61
2004-08-26,4.227000236511231,2.48,1.7470002365112314,-0.5909996414184571,bull_steep,bull_steep,normal,62
2004-08-27,4.227000236511231,2.48,1.7470002365112314,-0.6350000000000002,bull_steep,bull_steep,normal,63
2004-08-30,4.188000202178955,2.47,1.7180002021789549,-0.65999963760376,bull_steep,bull_steep,normal,64
2004-08-31,4.131999969482422,2.41,1.7219999694824217,-0.6859999465942384,bull_steep,bull_steep,normal,65
2004-09-01,4.123000144958496,2.41,1.713000144958496,-0.6889999580383304,bull_steep,bull_steep,normal,66
2004-09-02,4.193999767303467,2.46,1.7339997673034668,-0.6610003280639649,bull_steep,bull_steep,normal,67
2004-09-03,4.293000221252441,2.61,1.6830002212524415,-0.7209999847412107,bull_steep,bull_steep,normal,68
2004-09-07,4.245999813079834,2.58,1.665999813079834,-0.693000316619873,bull_steep,bull_steep,normal,69
2004-09-08,4.163000106811523,2.5,1.6630001068115234,-0.6279996871948241,bull_steep,bull_steep,normal,70
2004-09-09,4.198999881744385,2.5,1.6989998817443848,-0.6140000152587888,bull_steep,bull_steep,normal,71
2004-09-10,4.179999828338623,2.5,1.679999828338623,-0.6440002059936525,bull_steep,bull_steep,normal,72
2004-09-13,4.151000022888184,2.5,1.6510000228881836,-0.6580000305175782,bull_steep,bull_steep,normal,73
2004-09-14,4.132999897003174,2.47,1.6629998970031736,-0.6939999008178712,bull_steep,bull_steep,normal,74
2004-09-15,4.170000076293945,2.51,1.6600000762939455,-0.6679996871948237,bull_steep,bull_steep,normal,75
2004-09-16,4.068999767303467,2.44,1.6289997673034669,-0.7410002517700192,bull_steep,bull_steep,normal,76
2004-09-17,4.126999855041504,2.53,1.596999855041504,-0.8219999504089359,bull_steep,bull_steep,normal,77
2004-09-20,4.058000087738037,2.46,1.5980000877380371,-0.8189998817443849,bull_steep,bull_steep,normal,78
2004-09-21,4.037000179290772,2.49,1.5470001792907722,-0.885999965667724,bull_steep,bull_steep,normal,79
2004-09-22,3.989000082015991,2.5,1.4890000820159912,-0.9480000019073485,bull_steep,bull_steep,normal,80
2004-09-23,4.027999877929688,2.57,1.4579998779296885,-0.979000072479248,bull_steep,bull_steep,normal,81
2004-09-24,4.031000137329102,2.62,1.4110001373291015,-0.9949996757507327,bull_steep,bull_steep,normal,82
2004-09-27,3.996999979019165,2.59,1.4069999790191652,-0.9920000934600828,bull_steep,bull_steep,normal,83
2004-09-28,4.01200008392334,2.55,1.46200008392334,-0.9439998817443849,bull_steep,bull_steep,normal,84
2004-09-29,4.090000152587891,2.61,1.4800001525878907,-0.9230000305175783,bull_steep,bull_steep,normal,85
2004-09-30,4.11899995803833,2.63,1.4889999580383302,-0.9089999198913583,bull_steep,bull_steep,normal,86
2004-10-01,4.190999984741211,2.63,1.560999984741211,-0.7750000762939449,bull_steep,bull_steep,normal,87
2004-10-04,4.172999858856201,2.65,1.5229998588562013,-0.7780000972747798,bull_steep,bull_steep,normal,88
2004-10-05,4.172999858856201,2.65,1.5229998588562013,-0.7910000801086423,bull_steep,bull_steep,normal,89
2004-10-06,4.223999977111816,2.7,1.5239999771118162,-0.843000183105469,bull_steep,bull_steep,normal,90
2004-10-07,4.24399995803833,2.72,1.5239999580383299,-0.8230002212524425,bull_steep,bull_steep,normal,91
2004-10-08,4.132999897003174,2.61,1.522999897003174,-0.7860002040863034,bull_steep,bull_steep,normal,92
2004-10-12,4.102000236511231,2.56,1.5420002365112313,-0.8139997482299797,bull_steep,bull_steep,normal,93
2004-10-13,4.078000068664551,2.53,1.548000068664551,-0.8419997978210447,bull_steep,bull_steep,normal,94
2004-10-14,4.014999866485596,2.48,1.5349998664855957,-0.8520000267028807,bull_steep,bull_steep,normal,95
2004-10-15,4.052999973297119,2.53,1.5229999732971193,-0.8020001983642575,bull_steep,bull_steep,normal,96
2004-10-18,4.052999973297119,2.55,1.5029999732971193,-0.8140000534057616,bull_steep,bull_steep,normal,97
2004-10-19,4.038000106811523,2.57,1.4680001068115236,-0.8299999046325683,bull_steep,bull_steep,normal,98
2004-10-20,3.990999937057495,2.53,1.4609999370574953,-0.8600000858306882,bull_steep,bull_steep,normal,99
2004-10-21,3.996999979019165,2.57,1.4269999790191652,-0.8929999256134029,bull_steep,bull_steep,normal,100
2004-10-22,3.983999967575073,2.55,1.433999967575073,-0.8900001049041752,bull_steep,bull_steep,normal,101
2004-10-25,3.970999956130981,2.54,1.430999956130981,-0.8929998302459721,bull_steep,bull_steep,normal,102
2004-10-26,3.989000082015991,2.54,1.4490000820159912,-0.8700001430511475,bull_steep,bull_steep,normal,103
2004-10-27,4.0879998207092285,2.63,1.4579998207092286,-0.8470002365112306,bull_steep,bull_steep,normal,104
2004-10-28,4.079999923706055,2.59,1.4899999237060548,-0.7920003128051762,bull_steep,bull_steep,normal,105
2004-10-29,4.02899980545044,2.56,1.4689998054504403,-0.8220001029968254,bull_steep,bull_steep,normal,106
2004-11-01,4.090000152587891,2.61,1.4800001525878907,-0.8279999351501464,bull_steep,bull_steep,normal,107
2004-11-02,4.074999809265137,2.6,1.4749998092651366,-0.8730000495910644,bull_steep,bull_steep,normal,108
2004-11-03,4.070000171661377,2.6,1.4700001716613769,-0.8779996871948241,bull_steep,bull_steep,normal,109
2004-11-04,4.067999839782715,2.63,1.437999839782715,-0.8909999465942384,bull_steep,bull_steep,normal,110
2004-11-05,4.185999870300293,2.8,1.3859998703002931,-0.9660001754760739,bull_steep,bull_steep,normal,111
2004-11-08,4.215000152587891,2.8,1.4150001525878908,-0.9329998970031737,bull_steep,bull_steep,normal,112
2004-11-09,4.2179999351501465,2.8,1.4179999351501467,-0.9420002555847167,bull_steep,bull_steep,normal,113
2004-11-10,4.252999782562256,2.82,1.432999782562256,-0.9060000228881844,bull_steep,bull_steep,normal,114
2004-11-12,4.197999954223633,2.86,1.337999954223633,-1.0069999122619628,bull_steep,bull_steep,normal,115
2004-11-15,4.190000057220459,2.89,1.3000000572204589,-1.0559999465942385,bull_steep,bull_steep,normal,116
2004-11-16,4.208000183105469,2.91,1.2980001831054686,-1.0259997844696045,bull_steep,bull_steep,normal,117
2004-11-17,4.144000053405762,2.85,1.2940000534057616,-1.0280000495910646,bull_steep,bull_steep,normal,118
2004-11-18,4.117000102996826,2.86,1.2570001029968263,-1.0489999008178708,bull_steep,bull_steep,normal,119
2004-11-19,4.196000099182129,2.95,1.2460000991821287,-1.073999843597412,bull_steep,bull_steep,normal,120
2004-11-22,4.164999961853027,2.95,1.2149999618530272,-1.0839998435974132,bull_steep,bull_steep,normal,121
2004-11-23,4.184000015258789,2.98,1.204000015258789,-1.0570000743865964,bull_steep,bull_steep,normal,122
2004-11-24,4.195000171661377,3.01,1.1850001716613772,-1.0709998512268069,bull_steep,bull_steep,normal,123
2004-11-26,4.23799991607666,3.03,1.2079999160766604,-1.0010001850128174,bull_steep,bull_steep,normal,124
2004-11-29,4.329999923706055,3.07,1.2599999237060548,-0.9349999713897703,bull_steep,bull_steep,normal,125
2004-11-30,4.357999801635742,3.02,1.3379998016357422,-0.8890001773834229,bull_steep,bull_steep,normal,126
2004-12-01,4.375,3.01,1.3650000000000002,-0.8549999904632566,bull_steep,bull_steep,normal,127
2004-12-02,4.396999835968018,3.04,1.3569998359680175,-0.8510000514984135,bull_steep,bull_steep,normal,128
2004-12-03,4.269999980926514,2.94,1.3299999809265137,-0.8479999828338625,bull_steep,bull_steep,normal,129
2004-12-06,4.239999771118164,2.93,1.309999771118164,-0.843000316619873,bull_steep,bull_steep,normal,130
2004-12-07,4.227000236511231,2.95,1.2770002365112312,-0.921999835968017,bull_steep,bull_steep,normal,131
2004-12-08,4.133999824523926,2.91,1.2239998245239256,-1.0040002822875973,bull_steep,bull_steep,normal,132
2004-12-09,4.160999774932861,2.93,1.2309997749328612,-0.9730002021789548,bull_steep,bull_steep,normal,133
2004-12-10,4.156000137329102,2.95,1.2060001373291014,-0.9849998283386232,bull_steep,bull_steep,normal,134
2004-12-13,4.151000022888184,2.98,1.1710000228881836,-1.0429999637603764,bull_steep,bull_steep,normal,135
2004-12-14,4.131999969482422,2.99,1.1419999694824217,-1.0870001125335698,bull_steep,bull_steep,normal,136
2004-12-15,4.076000213623047,2.97,1.1060002136230467,-1.1469997215271,bull_steep,bull_steep,normal,137
2004-12-16,4.184999942779541,3.01,1.1749999427795412,-1.0850001621246337,bull_steep,bull_steep,normal,138
2004-12-17,4.206999778747559,3.03,1.1769997787475588,-1.0950001716613773,bull_steep,bull_steep,normal,139
2004-12-20,4.198999881744385,3.06,1.1389998817443847,-1.0980000114440922,bull_steep,bull_steep,normal,140
2004-12-21,4.168000221252441,3.05,1.1180002212524416,-1.1299997806549071,bull_steep,bull_steep,normal,141
2004-12-22,4.201000213623047,3.04,1.1610002136230468,-1.1189996528625485,bull_steep,bull_steep,normal,142
2004-12-23,4.2179999351501465,3.02,1.1979999351501465,-1.1119998550415038,bull_steep,bull_steep,normal,143
2004-12-27,4.290999889373779,3.07,1.2209998893737795,-1.0900001144409175,bull_steep,bull_steep,normal,144
2004-12-28,4.290999889373779,3.08,1.2109998893737792,-1.085999927520752,bull_steep,bull_steep,normal,145
2004-12-29,4.322000026702881,3.12,1.2020000267028808,-1.1150000000000002,bull_steep,bull_steep,normal,146
2004-12-30,4.263000011444092,3.1,1.1630000114440917,-1.1570000076293945,bull_steep,bull_steep,normal,147
2004-12-31,4.216000080108643,3.08,1.1360000801086425,-1.1940000724792483,bull_steep,bull_steep,normal,148
2005-01-03,4.21999979019165,3.1,1.1199997901916503,-1.1320001792907717,bull_steep,bull_steep,normal,149
2005-01-04,4.2829999923706055,3.2,1.0829999923706053,-1.2220002174377442,bull_steep,bull_steep,normal,150
2005-01-05,4.276999950408936,3.22,1.0569999504089362,-1.2650002861022953,bull_steep,bull_steep,normal,151
2005-01-06,4.271999835968018,3.18,1.0919998359680174,-1.2100003814697269,bull_steep,bull_steep,normal,152
2005-01-07,4.284999847412109,3.2,1.0849998474121092,-1.2200001144409183,bull_steep,bull_steep,normal,153
2005-01-10,4.277999877929688,3.23,1.0479998779296884,-1.1549999809265126,bull_steep,bull_steep,normal,154
2005-01-11,4.24399995803833,3.24,1.0039999580383299,-1.2169998550415042,bull_steep,bull_steep,normal,155
2005-01-12,4.236000061035156,3.22,1.016000061035156,-1.1460000801086427,bull_steep,bull_steep,normal,156
2005-01-13,4.186999797821045,3.21,0.976999797821045,-1.1760002899169923,bull_steep,bull_steep,normal,157
2005-01-14,4.216000080108643,3.24,0.9760000801086424,-1.217999725341798,bull_steep,bull_steep,normal,158
2005-01-18,4.195000171661377,3.26,0.9350001716613772,-1.2319998359680175,bull_steep,bull_steep,normal,159
2005-01-19,4.186999797821045,3.26,0.9269997978210451,-1.2730001640319824,bull_steep,bull_steep,normal,160
2005-01-20,4.164999961853027,3.21,0.9549999618530274,-1.2359999656677245,bull_steep,bull_steep,normal,161
2005-01-21,4.142000198364258,3.16,0.9820001983642577,-1.1789997291564944,bull_steep,bull_steep,normal,162
2005-01-24,4.122000217437744,3.2,0.922000217437744,-1.3010000038146976,bull_steep,bull_steep,normal,163
2005-01-25,4.189000129699707,3.23,0.959000129699707,-1.271999969482422,bull_steep,bull_steep,normal,164
2005-01-26,4.191999912261963,3.27,0.9219999122619629,-1.2900003242492684,bull_steep,bull_steep,normal,165
2005-01-27,4.206999778747559,3.28,0.9269997787475588,-1.1990000152587887,bull_steep,bull_steep,normal,166
2005-01-28,4.138000011444092,3.25,0.8880000114440918,-1.28300012588501,bull_steep,bull_steep,normal,167
2005-01-31,4.132999897003174,3.29,0.8429998970031738,-1.315000228881836,bull_steep,bull_steep,normal,168
2005-02-01,4.136000156402588,3.29,0.8460001564025879,-1.3309997749328613,bull_steep,bull_steep,normal,169
2005-02-02,4.139999866485596,3.32,0.8199998664855959,-1.3609999656677245,bull_steep,bull_steep,normal,170
2005-02-03,4.163000106811523,3.34,0.8230001068115236,-1.375,bull_steep,bull_steep,normal,171
2005-02-04,4.072999954223633,3.29,0.7829999542236328,-1.4059999275207522,bull_steep,bull_steep,normal,172
2005-02-07,4.052000045776367,3.31,0.7420000457763671,-1.414000015258789,bull_steep,bull_steep,normal,173
2005-02-08,4.037000179290772,3.33,0.7070001792907723,-1.4769999694824212,bull_steep,bull_steep,normal,174
2005-02-09,3.9769999980926514,3.24,0.7369999980926512,-1.4309999370574955,bull_steep,bull_steep,normal,175
2005-02-10,4.072999954223633,3.29,0.7829999542236328,-1.3809999847412109,bull_steep,bull_steep,normal,176
2005-02-11,4.09499979019165,3.34,0.7549997901916505,-1.3949999809265137,bull_steep,bull_steep,normal,177
2005-02-14,4.072999954223633,3.38,0.6929999542236329,-1.4510000228881834,bull_steep,bull_steep,normal,178
2005-02-15,4.0980000495910645,3.37,0.7280000495910643,-1.422999954223633,bull_steep,bull_steep,normal,179
2005-02-16,4.1579999923706055,3.41,0.7479999923706053,-1.3799998283386232,bull_steep,bull_steep,normal,180
2005-02-17,4.184999942779541,3.38,0.8049999427795411,-1.3100002670288085,bull_steep,bull_steep,normal,181
2005-02-18,4.260000228881836,3.45,0.8100002288818358,-1.2939997673034669,bull_steep,bull_steep,normal,182
2005-02-22,4.284999847412109,3.46,0.8249998474121094,-1.255000171661377,bull_steep,bull_steep,normal,183
2005-02-23,4.26800012588501,3.46,0.8080001258850098,-1.2739997673034669,bull_steep,bull_steep,normal,184
2005-02-24,4.281000137329102,3.52,0.7610001373291015,-1.313000030517578,bull_steep,bull_steep,normal,185
2005-02-25,4.271999835968018,3.54,0.7319998359680175,-1.3630000305175782,bull_steep,bull_steep,normal,186
2005-02-28,4.359000205993652,3.59,0.7690002059936525,-1.2719997024536132,bull_steep,bull_steep,normal,187
2005-03-01,4.372000217437744,3.59,0.7820002174377443,-1.2399995803833006,bull_steep,bull_steep,normal,188
2005-03-02,4.379000186920166,3.57,0.8090001869201662,-1.171999702453613,bull_steep,bull_steep,normal,189
2005-03-03,4.382999897003174,3.59,0.792999897003174,-1.1069999885559079,bull_steep,bull_steep,normal,190
2005-03-04,4.309999942779541,3.57,0.7399999427795412,-1.1759999275207518,bull_steep,bull_steep,normal,191
2005-03-07,4.303999900817871,3.61,0.6939999008178712,-1.1979999732971192,bull_steep,bull_steep,normal,192
2005-03-08,4.375,3.62,0.7549999999999999,-1.126999912261963,bull_steep,bull_steep,normal,193
2005-03-09,4.513999938964844,3.66,0.8539999389648436,-1.046000099182129,bull_steep,bull_steep,normal,194
2005-03-10,4.459000110626221,3.68,0.7790001106262205,-1.1109999465942386,bull_steep,bull_steep,normal,195
2005-03-11,4.534999847412109,3.73,0.8049998474121094,-1.0990001487731935,bull_steep,bull_steep,normal,196
2005-03-14,4.515999794006348,3.75,0.7659997940063477,-1.1520001602172854,bull_steep,bull_steep,normal,197
2005-03-15,4.541999816894531,3.75,0.7919998168945312,-1.1140000915527342,bull_steep,bull_steep,normal,198
2005-03-16,4.51800012588501,3.72,0.7980001258850096,-1.1069998550415039,bull_steep,bull_steep,normal,199
2005-03-17,4.46999979019165,3.7,0.7699997901916502,-1.109000053405762,bull_steep,bull_steep,normal,200
2005-03-18,4.511000156402588,3.72,0.7910001564025877,-1.0740000152587892,bull_steep,bull_steep,normal,201
2005-03-21,4.525000095367432,3.72,0.8050000953674314,-1.1120000076293945,bull_steep,bull_steep,normal,202
2005-03-22,4.610000133514404,3.86,0.7500001335144044,-1.1739999961853025,bull_steep,bull_steep,normal,203
2005-03-23,4.60699987411499,3.84,0.7669998741149904,-1.1510003089904783,bull_steep,bull_steep,normal,204
2005-03-24,4.591000080108643,3.88,0.7110000801086427,-1.2089999389648436,bull_steep,bull_steep,normal,205
2005-03-28,4.624000072479248,3.9,0.7240000724792481,-1.1880000495910643,bull_steep,bull_steep,normal,206
2005-03-29,4.591000080108643,3.87,0.7210000801086425,-1.198999710083008,bull_steep,bull_steep,normal,207
2005-03-30,4.558000087738037,3.86,0.6980000877380372,-1.2179999923706055,bull_steep,bull_steep,normal,208
2005-03-31,4.495999813079834,3.8,0.6959998130798342,-1.2170000267028809,bull_steep,bull_steep,normal,209
2005-04-01,4.451000213623047,3.75,0.7010002136230469,-1.1979998779296874,bull_steep,bull_steep,normal,210
2005-04-04,4.455999851226807,3.74,0.7159998512268064,-1.1480003547668458,bull_steep,bull_steep,normal,211
2005-04-05,4.46999979019165,3.75,0.7199997901916504,-1.1250003433227538,bull_steep,bull_steep,normal,212
2005-04-06,4.435999870300293,3.7,0.7359998703002928,-1.0850001907348634,bull_steep,bull_steep,normal,213
2005-04-07,4.4720001220703125,3.72,0.7520001220703123,-1.048999938964844,bull_steep,bull_steep,normal,214
2005-04-08,4.491000175476074,3.77,0.7210001754760742,-1.0569997787475587,bull_steep,bull_steep,normal,215
2005-04-11,4.445000171661377,3.75,0.695000171661377,-1.0819998168945313,bull_steep,bull_steep,normal,216
2005-04-12,4.360000133514404,3.71,0.6500001335144043,-1.1219997596740723,bull_steep,bull_steep,normal,217
2005-04-13,4.374000072479248,3.66,0.7140000724792479,-1.0280000877380373,bull_steep,bull_steep,normal,218
2005-04-14,4.357999801635742,3.6,0.7579998016357421,-0.9670001029968263,bull_steep,bull_steep,normal,219
2005-04-15,4.270999908447266,3.54,0.7309999084472656,-1.043999881744385,bull_steep,bull_steep,normal,220
2005-04-18,4.249000072479248,3.55,0.6990000724792482,-1.1059999656677246,bull_steep,bull_steep,normal,221
2005-04-19,4.203000068664551,3.5,0.7030000686645508,-1.119999885559082,bull_steep,bull_steep,normal,222
2005-04-20,4.210999965667725,3.52,0.6909999656677246,-1.1039999389648436,bull_steep,bull_steep,normal,223
2005-04-21,4.300000190734863,3.65,0.6500001907348634,-1.1449997329711912,bull_steep,bull_steep,normal,224
2005-04-22,4.255000114440918,3.62,0.6350001144409179,-1.1269998168945312,bull_steep,bull_steep,normal,225
2005-04-25,4.250999927520752,3.64,0.6109999275207518,-1.1579999732971191,bull_steep,bull_steep,normal,226
2005-04-26,4.267000198364258,3.67,0.5970001983642579,-1.1629998970031736,bull_steep,bull_steep,normal,227
2005-04-27,4.236999988555908,3.64,0.5969999885559081,-1.2219998741149904,bull_steep,bull_steep,normal,228
2005-04-28,4.172999858856201,3.59,0.5829998588562013,-1.2110000991821286,bull_steep,bull_steep,normal,229
2005-04-29,4.201000213623047,3.66,0.5410002136230467,-1.1959999656677258,bull_steep,bull_steep,normal,230
2005-05-02,4.193999767303467,3.64,0.5539997673034667,-1.181000328063965,bull_steep,bull_steep,normal,231
2005-05-03,4.185999870300293,3.68,0.5059998703002928,-1.2240001296997072,bull_steep,bull_steep,normal,232
2005-05-04,4.185999870300293,3.63,0.5559998703002931,-1.1869999504089352,bull_steep,bull_steep,normal,233
2005-05-05,4.162000179290772,3.58,0.5820001792907723,-1.1659997177124017,bull_steep,bull_steep,normal,234
2005-05-06,4.265999794006348,3.73,0.5359997940063477,-1.230000057220459,bull_steep,bull_steep,normal,235
2005-05-09,4.277999877929688,3.76,0.5179998779296886,-1.2690003585815428,bull_steep,bull_steep,normal,236
2005-05-10,4.2220001220703125,3.69,0.5320001220703126,-1.248999843597412,bull_steep,bull_steep,normal,237
2005-05-11,4.202000141143799,3.68,0.5220001411437987,-1.2489998054504396,bull_steep,bull_steep,normal,238
2005-05-12,4.184000015258789,3.66,0.5240000152587889,-1.2549997901916514,bull_steep,bull_steep,normal,239
2005-05-13,4.120999813079834,3.61,0.5109998130798341,-1.2720001792907714,bull_steep,bull_steep,normal,240
2005-05-16,4.125,3.61,0.5150000000000001,-1.236000156402588,bull_steep,bull_steep,normal,241
2005-05-17,4.117000102996826,3.61,0.5070001029968263,-1.240000133514405,bull_steep,bull_steep,normal,242
2005-05-18,4.067999839782715,3.56,0.5079998397827148,-1.2390003967285166,bull_steep,bull_steep,normal,243
2005-05-19,4.107999801635742,3.64,0.46799980163574206,-1.2500004005432128,bull_steep,bull_steep,normal,244
2005-05-20,4.125,3.69,0.43500000000000005,-1.2869999694824217,bull_steep,bull_steep,normal,245
2005-05-23,4.072000026702881,3.65,0.42200002670288095,-1.291000118255615,bull_steep,bull_steep,normal,246
2005-05-24,4.037000179290772,3.61,0.4270001792907725,-1.3069995880126943,bull_steep,bull_steep,normal,247
2005-05-25,4.072000026702881,3.61,0.462000026702881,-1.2210001945495605,bull_steep,bull_steep,normal,248
2005-05-26,4.080999851226807,3.64,0.4409998512268065,-1.2249999618530274,bull_steep,bull_steep,normal,249
2005-05-27,4.072999954223633,3.64,0.4329999542236327,-1.2300001525878907,bull_steep,bull_steep,normal,250
2005-05-31,4.00600004196167,3.6,0.40600004196166983,-1.292999839782715,bull_steep,bull_steep,normal,251
2005-06-01,3.9070000648498535,3.5,0.4070000648498535,-1.2729997634887695,bull_steep,bull_steep,normal,252
2005-06-02,3.890000104904175,3.52,0.3700001049041748,-1.2809999179840088,bull_steep,bull_steep,normal,253
2005-06-03,3.9790000915527344,3.57,0.40900009155273453,-1.253999805450439,bull_steep,bull_steep,normal,254
2005-06-06,3.961999893188477,3.59,0.37199989318847715,-1.2880001831054684,bull_steep,bull_steep,normal,255
2005-06-07,3.91100001335144,3.57,0.34100001335144015,-1.2879997539520267,bull_steep,bull_steep,normal,256
2005-06-08,3.940000057220459,3.6,0.3400000572204589,-1.2569997978210452,bull_steep,bull_steep,normal,257
2005-06-09,3.964999914169312,3.64,0.32499991416931184,-1.2730001735687253,bull_steep,bull_steep,normal,258
2005-06-10,4.046999931335449,3.71,0.33699993133544925,-1.210000247955323,bull_steep,bull_steep,normal,259
2005-06-13,4.085999965667725,3.71,0.37599996566772464,-1.1130001163482666,bull_steep,bull_steep,normal,260
2005-06-14,4.126999855041504,3.71,0.41699985504150394,-1.0410000228881846,bull_steep,bull_steep,normal,261
2005-06-15,4.114999771118164,3.72,0.39499977111816387,-1.0160003662109376,bull_steep,bull_steep,normal,262
2005-06-16,4.076000213623047,3.7,0.3760002136230467,-1.0309997653961185,bull_steep,bull_steep,normal,263
2005-06-17,4.078000068664551,3.72,0.3580000686645506,-1.1040000152587894,bull_steep,bull_steep,normal,264
2005-06-20,4.103000164031982,3.72,0.3830001640319822,-1.0969999885559085,bull_steep,bull_steep,normal,265
2005-06-21,4.048999786376953,3.71,0.33899978637695316,-1.150000171661377,bull_steep,bull_steep,normal,266
2005-06-22,3.944999933242798,3.62,0.32499993324279774,-1.2360000514984133,bull_steep,bull_steep,normal,267
2005-06-23,3.9590001106262207,3.63,0.3290001106262208,-1.1939997482299805,bull_steep,bull_steep,normal,268
2005-06-24,3.9140000343322754,3.59,0.32400003433227553,-1.1989998245239257,bull_steep,bull_steep,normal,269
2005-06-27,3.901999950408936,3.6,0.3019999504089359,-1.2220000267028803,bull_steep,bull_steep,normal,270
2005-06-28,3.9760000705718994,3.65,0.3260000705718995,-1.1979998874664304,bull_steep,bull_steep,normal,271
2005-06-29,3.990000009536743,3.65,0.34000000953674325,-1.1829998874664307,bull_steep,bull_steep,normal,272
2005-06-30,3.944999933242798,3.66,0.2849999332427977,-1.2570003032684336,bull_steep,bull_steep,normal,273
2005-07-01,4.048999786376953,3.76,0.28899978637695334,-1.2590002822875976,bull_steep,bull_steep,normal,274
2005-07-05,4.098999977111816,3.79,0.30899997711181637,-1.2259998893737794,bull_steep,bull_steep,normal,275
2005-07-06,4.074999809265137,3.77,0.3049998092651367,-1.2180001640319826,bull_steep,bull_steep,normal,276
2005-07-07,4.031000137329102,3.71,0.3210001373291016,-1.1819998359680177,bull_steep,bull_steep,normal,277
2005-07-08,4.109000205993652,3.78,0.32900020599365254,-1.138999900817871,bull_steep,bull_steep,normal,278
2005-07-11,4.102000236511231,3.81,0.2920002365112313,-1.168999700546264,bull_steep,bull_steep,normal,279
2005-07-12,4.140999794006348,3.82,0.3209997940063478,-1.1060001850128174,bull_steep,bull_steep,normal,280
2005-07-13,4.163000106811523,3.84,0.3230001068115236,-1.1109998607635494,bull_steep,bull_steep,normal,281
2005-07-14,4.179999828338623,3.86,0.31999982833862317,-1.1110001277923578,bull_steep,bull_steep,normal,282
2005-07-15,4.175000190734863,3.86,0.3150001907348634,-1.1339998912811278,bull_steep,bull_steep,normal,283
2005-07-18,4.2230000495910645,3.89,0.33300004959106433,-1.1249997711181643,bull_steep,bull_steep,normal,284
2005-07-19,4.189000129699707,3.88,0.30900012969970714,-1.1809997940063477,bull_steep,bull_steep,normal,285
2005-07-20,4.177000045776367,3.9,0.2770000457763673,-1.191999759674073,bull_steep,bull_steep,normal,286
2005-07-21,4.2820000648498535,3.96,0.32200006484985355,-1.1580000877380372,bull_steep,bull_steep,normal,287
2005-07-22,4.2230000495910645,3.92,0.3030000495910645,-1.171999759674072,bull_steep,bull_steep,normal,288
2005-07-25,4.247000217437744,3.95,0.29700021743774396,-1.172999954223633,bull_steep,bull_steep,normal,289
2005-07-26,4.238999843597412,3.95,0.28899984359741193,-1.148999996185303,bull_steep,bull_steep,normal,290
2005-07-27,4.261000156402588,3.99,0.2710001564025877,-1.1149997138977055,bull_steep,bull_steep,normal,291
2005-07-28,4.196000099182129,3.96,0.23600009918212894,-1.1790000534057619,bull_steep,bull_steep,normal,292
2005-07-29,4.285999774932861,4.02,0.26599977493286175,-1.152000160217285,bull_steep,bull_steep,normal,293
2005-08-01,4.318999767303467,4.04,0.27899976730346676,-1.1540000152587893,bull_steep,bull_steep,normal,294
2005-08-02,4.335999965667725,4.06,0.275999965667725,-1.061999988555908,bull_steep,bull_steep,normal,295
2005-08-03,4.300000190734863,4.02,0.2800001907348637,-1.0199998664855952,bull_steep,bull_steep,normal,296
2005-08-04,4.318999767303467,4.04,0.27899976730346676,-1.0190004158020018,bull_steep,bull_steep,normal,297
2005-08-05,4.392000198364258,4.11,0.2820001983642575,-1.0119998550415041,bull_steep,bull_steep,normal,298
2005-08-08,4.419000148773193,4.16,0.2590001487731932,-0.9979999542236331,bull_steep,bull_steep,normal,299
2005-08-09,4.394000053405762,4.13,0.2640000534057618,-0.9820000457763669,bull_steep,bull_steep,normal,300
2005-08-10,4.40399980545044,4.13,0.27399980545044045,-0.9410001564025867,bull_steep,bull_steep,normal,301
2005-08-11,4.334000110626221,4.1,0.23400011062622106,-0.969999904632568,bull_steep,bull_steep,normal,302
2005-08-12,4.23799991607666,4.05,0.18799991607666033,-0.9970002555847168,bull_steep,bull_steep,normal,303
2005-08-15,4.269999980926514,4.08,0.1899999809265136,-1.0179999351501468,bull_steep,bull_steep,normal,304
2005-08-16,4.227000236511231,4.03,0.1970002365112311,-1.0629996871948237,bull_steep,bull_steep,normal,305
2005-08-17,4.2729997634887695,4.07,0.20299976348876925,-1.135000038146973,bull_steep,bull_steep,normal,306
2005-08-18,4.216000080108643,4.01,0.2060000801086428,-1.1589999198913574,bull_steep,bull_steep,normal,307
2005-08-19,4.210999965667725,4.03,0.18099996566772436,-1.1759998703002932,bull_steep,bull_steep,normal,308
2005-08-22,4.218999862670898,4.03,0.1889998626708982,-1.1410001182556155,bull_steep,bull_steep,normal,309
2005-08-23,4.186999797821045,4.01,0.17699979782104514,-1.1329999732971188,bull_steep,bull_steep,normal,310
2005-08-24,4.178999900817871,3.99,0.18899990081787088,-1.0880003356933603,bull_steep,bull_steep,normal,311
2005-08-25,4.159999847412109,4.0,0.15999984741210938,-1.0639999771118163,bull_steep,bull_steep,normal,312
2005-08-26,4.189000129699707,4.06,0.12900012969970742,-1.1019996452331537,bull_steep,bull_steep,normal,313
2005-08-29,4.172999858856201,4.06,0.11299985885620156,-1.0930002784728998,bull_steep,bull_steep,normal,314
2005-08-30,4.090000152587891,3.97,0.12000015258789043,-1.0509998703002932,bull_steep,bull_steep,normal,315
2005-08-31,4.019999980926514,3.84,0.17999998092651381,-0.9619999885559078,bull_steep,bull_steep,normal,316
2005-09-01,4.019000053405762,3.72,0.2990000534057615,-0.8070001602172852,bull_steep,bull_steep,normal,317
2005-09-02,4.02899980545044,3.75,0.27899980545044034,-0.8960001373291009,bull_steep,bull_steep,normal,318
2005-09-06,4.085000038146973,3.8,0.28500003814697283,-0.891999740600586,bull_steep,bull_steep,normal,319
2005-09-07,4.138000011444092,3.87,0.2680000114440917,-0.870999870300293,bull_steep,bull_steep,normal,320
2005-09-08,4.138999938964844,3.87,0.26899993896484364,-0.8490002822875979,bull_steep,bull_steep,normal,321
2005-09-09,4.123000144958496,3.88,0.2430001449584962,-0.9180000686645506,bull_steep,bull_steep,normal,322
2005-09-12,4.169000148773193,3.92,0.24900014877319343,-0.948999786376953,bull_steep,bull_steep,normal,323
2005-09-13,4.133999824523926,3.88,0.2539998245239259,-0.9670000648498536,bull_steep,bull_steep,normal,324
2005-09-14,4.168000221252441,3.9,0.2680002212524415,-0.9429996681213377,bull_steep,bull_steep,normal,325
2005-09-15,4.214000225067139,3.9,0.31400022506713876,-0.887999801635742,bull_steep,bull_steep,normal,326
2005-09-16,4.26200008392334,3.97,0.29200008392333965,-0.8709999275207521,bull_steep,bull_steep,normal,327
2005-09-19,4.247000217437744,3.93,0.317000217437744,-0.8189998626708985,bull_steep,bull_steep,normal,328
2005-09-20,4.243000030517578,4.0,0.24300003051757812,-0.8769997596740722,bull_steep,bull_steep,normal,329
2005-09-21,4.188000202178955,3.96,0.2280002021789551,-0.8549997901916502,bull_steep,bull_steep,normal,330
2005-09-22,4.176000118255615,3.95,0.22600011825561506,-0.8309998321533212,bull_steep,bull_steep,normal,331
2005-09-23,4.248000144958496,4.02,0.22800014495849652,-0.8639996910095209,bull_steep,bull_steep,normal,332
2005-09-26,4.294000148773193,4.07,0.22400014877319308,-0.8609996986389161,bull_steep,bull_steep,normal,333
2005-09-27,4.301000118255615,4.08,0.22100011825561516,-0.8269997596740732,bull_steep,bull_steep,normal,334
2005-09-28,4.26200008392334,4.09,0.17200008392333999,-0.8319998741149899,bull_steep,bull_steep,normal,335
2005-09-29,4.289000034332275,4.13,0.1590000343322755,-0.8570000267028806,bull_steep,bull_steep,normal,336
2005-09-30,4.328000068664551,4.18,0.14800006866455107,-0.8289997291564939,bull_steep,bull_steep,normal,337
2005-10-03,4.386000156402588,4.21,0.17600015640258793,-0.7999999237060544,bull_steep,bull_steep,normal,338
2005-10-04,4.375999927520752,4.22,0.1559999275207522,-0.779000244140625,bull_steep,bull_steep,normal,339
2005-10-05,4.361000061035156,4.21,0.15100006103515629,-0.7759997367858888,bull_steep,bull_steep,normal,340
2005-10-06,4.366000175476074,4.2,0.16600017547607404,-0.7889997863769533,bull_steep,bull_steep,normal,341
2005-10-07,4.361000061035156,4.18,0.18100006103515653,-0.8010001373291011,bull_steep,bull_steep,normal,342
2005-10-11,4.383999824523926,4.22,0.16399982452392603,-0.7580003929138179,bull_steep,bull_steep,normal,343
2005-10-12,4.440999984741211,4.24,0.20099998474121072,-0.7580001449584963,bull_steep,bull_steep,normal,344
2005-10-13,4.474999904632568,4.24,0.23499990463256815,-0.6870000076293947,bull_steep,bull_steep,normal,345
2005-10-14,4.491000175476074,4.27,0.22100017547607465,-0.7059996032714841,bull_steep,bull_steep,normal,346
2005-10-17,4.488999843597412,4.29,0.19899984359741207,-0.6890001678466797,bull_steep,bull_steep,normal,347
2005-10-18,4.480999946594238,4.27,0.2109999465942387,-0.6319999504089351,bull_steep,bull_steep,normal,348
2005-10-19,4.4629998207092285,4.25,0.21299982070922852,-0.6330003356933593,bull_steep,bull_steep,normal,349
2005-10-20,4.459000110626221,4.27,0.18900011062622113,-0.6309997558593747,bull_steep,bull_steep,normal,350
2005-10-21,4.389999866485596,4.22,0.16999986648559595,-0.6530002403259276,bull_steep,bull_steep,normal,351
2005-10-24,4.446000099182129,4.25,0.1960000991821289,-0.5869998550415039,bull_steep,bull_steep,normal,352
2005-10-25,4.507999897003174,4.34,0.16799989700317397,-0.5740001487731932,bull_steep,bull_steep,normal,353
2005-10-26,4.591000080108643,4.38,0.21100008010864268,-0.4960000991821296,bull_steep,bull_steep,normal,354
2005-10-27,4.558000087738037,4.36,0.1980000877380368,-0.5389999103546144,bull_steep,bull_steep,normal,355
2005-10-28,4.566999912261963,4.4,0.16699991226196254,-0.6160000419616702,bull_steep,bull_steep,normal,356
2005-10-31,4.559000015258789,4.4,0.1590000152587887,-0.5959997749328618,bull_steep,bull_steep,normal,357
2005-11-01,4.577000141143799,4.42,0.1570001411437989,-0.535999813079834,bull_steep,bull_steep,normal,358
2005-11-02,4.610000133514404,4.43,0.18000013351440458,-0.5479999160766598,bull_steep,bull_steep,normal,359
2005-11-03,4.644000053405762,4.47,0.17400005340576197,-0.5739999389648434,bull_steep,bull_steep,normal,360
2005-11-04,4.6570000648498535,4.47,0.18700006484985376,-0.6179998779296874,bull_steep,bull_steep,normal,361
2005-11-07,4.638999938964844,4.47,0.168999938964844,-0.6410002899169918,bull_steep,bull_steep,normal,362
2005-11-08,4.565000057220459,4.43,0.13500005722045927,-0.6899997901916501,bull_steep,bull_steep,normal,363
2005-11-09,4.635000228881836,4.49,0.14500022888183572,-0.6629998970031741,bull_steep,bull_steep,normal,364
2005-11-10,4.564000129699707,4.44,0.12400012969970664,-0.6370000076293949,bull_steep,bull_steep,normal,365
2005-11-14,4.604000091552734,4.5,0.10400009155273438,-0.6279997444152832,bull_steep,bull_steep,normal,366
2005-11-15,4.557000160217285,4.47,0.0870001602172854,-0.6820000457763671,bull_steep,bull_steep,normal,367
2005-11-16,4.484000205993652,4.42,0.06400020599365241,-0.7180000114440919,bull_steep,bull_steep,normal,368
2005-11-17,4.459000110626221,4.37,0.0890001106262206,-0.7200000762939456,bull_steep,bull_steep,normal,369
2005-11-18,4.501999855041504,4.4,0.10199985504150355,-0.6910000419616704,bull_steep,bull_steep,normal,370
2005-11-21,4.460999965667725,4.39,0.07099996566772493,-0.6689999771118162,bull_steep,bull_steep,normal,371
2005-11-22,4.427999973297119,4.32,0.10799997329711886,-0.5859999275207524,bull_steep,bull_steep,normal,372
2005-11-23,4.473999977111816,4.36,0.11399997711181609,-0.6410000228881838,bull_steep,bull_steep,normal,373
2005-11-25,4.431000232696533,4.33,0.10100023269653313,-0.7529997062683105,bull_steep,bull_steep,normal,374
2005-11-28,4.406000137329102,4.33,0.07600013732910149,-0.702999973297119,bull_steep,bull_steep,normal,375
2005-11-29,4.48199987411499,4.4,0.08199987411498988,-0.7229999732971195,bull_steep,bull_steep,normal,376
2005-11-30,4.5,4.42,0.08000000000000007,-0.6859997940063476,bull_steep,bull_steep,normal,377
2005-12-01,4.520999908447266,4.45,0.07099990844726545,-0.7209999084472658,bull_steep,bull_steep,normal,378
2005-12-02,4.519000053405762,4.43,0.089000053405762,-0.7090000724792476,bull_steep,bull_steep,normal,379
2005-12-05,4.566999912261963,4.47,0.09699991226196314,-0.6729998779296871,bull_steep,bull_steep,normal,380
2005-12-06,4.49399995803833,4.42,0.07399995803833015,-0.7170001983642575,bull_steep,bull_steep,normal,381
2005-12-07,4.517000198364258,4.42,0.09700019836425788,-0.7079998970031736,bull_steep,bull_steep,normal,382
2005-12-08,4.464000225067139,4.37,0.09400022506713857,-0.6559999084472659,bull_steep,bull_steep,normal,383
2005-12-09,4.537000179290772,4.43,0.10700017929077266,-0.6599996948242177,bull_steep,bull_steep,normal,384
2005-12-12,4.546999931335449,4.45,0.09699993133544904,-0.6140001487731936,bull_steep,bull_steep,normal,385
2005-12-13,4.534999847412109,4.43,0.10499984741210966,-0.6190002250671385,bull_steep,bull_steep,normal,386
2005-12-14,4.449999809265137,4.37,0.07999980926513661,-0.6410002708435059,bull_steep,bull_steep,normal,387
2005-12-15,4.4679999351501465,4.37,0.09799993515014638,-0.6000001525878909,bull_steep,bull_steep,normal,388
2005-12-16,4.447999954223633,4.37,0.0779999542236327,-0.6179998588562015,bull_steep,bull_steep,normal,389
2005-12-19,4.441999912261963,4.38,0.061999912261963,-0.6390003013610839,bull_steep,bull_steep,normal,390
2005-12-20,4.466000080108643,4.42,0.04600008010864265,-0.6699997711181638,bull_steep,bull_steep,normal,391
2005-12-21,4.486000061035156,4.43,0.056000061035156534,-0.6639997291564939,bull_steep,bull_steep,normal,392
2005-12-22,4.433000087738037,4.4,0.033000087738036754,-0.702999782562256,bull_steep,bull_steep,normal,393
2005-12-23,4.380000114440918,4.37,0.010000114440917862,-0.7420000076293944,bull_steep,bull_steep,normal,394
2005-12-27,4.341000080108643,4.35,-0.008999919891357067,-0.7300000953674313,bull_steep,bull_steep,normal,395
2005-12-28,4.377999782562256,4.37,0.007999782562255753,-0.6870003890991212,bull_steep,bull_steep,normal,396
2005-12-29,4.375999927520752,4.38,-0.00400007247924794,-0.6540002059936523,bull_steep,bull_steep,normal,397
2005-12-30,4.394999980926514,4.41,-0.01500001907348647,-0.7290000915527344,bull_steep,bull_steep,normal,398
2006-01-03,4.369999885559082,4.34,0.029999885559082173,-0.7279999160766599,bull_steep,bull_steep,normal,399
2006-01-04,4.355999946594238,4.31,0.04599994659423867,-0.6849999618530269,bull_steep,bull_steep,normal,400
2006-01-05,4.355999946594238,4.32,0.035999946594238,-0.6630001258850102,bull_steep,bull_steep,normal,401
2006-01-06,4.379000186920166,4.36,0.019000186920165696,-0.6839998817443851,bull_steep,bull_steep,normal,402
2006-01-09,4.379000186920166,4.36,0.019000186920165696,-0.6719997787475589,bull_steep,bull_steep,normal,403
2006-01-10,4.427999973297119,4.41,0.017999973297119,-0.6320002174377444,bull_steep,bull_steep,normal,404
2006-01-11,4.458000183105469,4.44,0.01800018310546836,-0.6169999313354495,bull_steep,bull_steep,normal,405
2006-01-12,4.409999847412109,4.39,0.019999847412109695,-0.5910000801086421,bull_steep,bull_steep,normal,406
2006-01-13,4.349999904632568,4.34,0.009999904632568501,-0.5870002937316894,bull_steep,bull_steep,normal,407
2006-01-17,4.331999778747559,4.33,0.0019997787475585227,-0.5950002098083496,bull_steep,bull_steep,normal,408
2006-01-18,4.340000152587891,4.33,0.010000152587890554,-0.5729997062683108,bull_steep,bull_steep,normal,409
2006-01-19,4.379000186920166,4.37,0.009000186920165909,-0.5320000267028808,bull_steep,bull_steep,normal,410
2006-01-20,4.361000061035156,4.37,-0.008999938964843857,-0.5629997062683105,bull_steep,bull_steep,normal,411
2006-01-23,4.35699987411499,4.35,0.00699987411499059,-0.4989999961853022,bull_steep,bull_steep,normal,412
2006-01-24,4.389999866485596,4.37,0.019999866485595597,-0.5360000038146975,bull_steep,bull_steep,normal,413
2006-01-25,4.479000091552734,4.46,0.01900009155273441,-0.5630000877380379,bull_steep,bull_steep,normal,414
2006-01-26,4.5229997634887695,4.49,0.03299976348876932,-0.5030000305175784,bull_steep,bull_steep,normal,415
2006-01-27,4.502999782562256,4.51,-0.0070002174377439275,-0.5250000953674325,bull_steep,bull_steep,normal,416
2006-01-30,4.534999847412109,4.52,0.014999847412109801,-0.5170002746582028,bull_steep,bull_steep,normal,417
2006-01-31,4.526999950408936,4.54,-0.0130000495910636,-0.5350001907348623,bull_steep,bull_steep,normal,418
2006-02-01,4.560999870300293,4.59,-0.02900012969970689,-0.5530001449584958,bull_steep,bull_steep,normal,419
2006-02-02,4.560999870300293,4.59,-0.02900012969970689,-0.539999942779541,bull_steep,bull_steep,normal,420
2006-02-03,4.5329999923706055,4.59,-0.05700000762939439,-0.5720000076293945,bull_steep,bull_steep,normal,421
2006-02-06,4.545000076293945,4.62,-0.0749999237060548,-0.5820000267028811,bull_steep,bull_steep,normal,422
2006-02-07,4.566999912261963,4.61,-0.04300008773803743,-0.5509999275207522,bull_steep,bull_steep,normal,423
2006-02-08,4.59499979019165,4.64,-0.04500020980834929,-0.5130000114440914,bull_steep,bull_steep,normal,424
2006-02-09,4.540999889373779,4.66,-0.11900011062622085,-0.5540001106262209,bull_steep,bull_steep,normal,425
2006-02-10,4.580999851226807,4.69,-0.10900014877319375,-0.5310001754760747,bull_steep,bull_steep,normal,426
2006-02-13,4.583000183105469,4.68,-0.09699981689453097,-0.5239999961853035,bull_steep,bull_steep,normal,427
2006-02-14,4.613999843597412,4.69,-0.07600015640258828,-0.5380001831054693,bull_steep,bull_steep,normal,428
2006-02-15,4.605999946594238,4.71,-0.10400005340576168,-0.5449999046325682,bull_steep,bull_steep,normal,429
2006-02-16,4.5960001945495605,4.69,-0.09399980545043984,-0.5269997596740725,bull_steep,bull_steep,normal,430
2006-02-17,4.540999889373779,4.66,-0.11900011062622085,-0.5250001525878907,bull_steep,bull_steep,normal,431
2006-02-21,4.563000202178955,4.71,-0.1469997978210449,-0.5539998626708984,bull_steep,bull_steep,normal,432
2006-02-22,4.531000137329102,4.68,-0.14899986267089815,-0.5189999675750729,bull_steep,bull_steep,normal,433
2006-02-23,4.566999912261963,4.72,-0.15300008773803686,-0.5620001792907714,bull_steep,bull_steep,normal,434
2006-02-24,4.566999912261963,4.74,-0.17300008773803732,-0.5449999809265145,bull_steep,bull_steep,normal,435
2006-02-27,4.590000152587891,4.74,-0.1499998474121096,-0.49099986076354973,bull_steep,bull_steep,normal,436
2006-02-28,4.546999931335449,4.69,-0.14300006866455117,-0.48300012588501007,bull_steep,bull_steep,normal,437
2006-03-01,4.589000225067139,4.71,-0.12099977493286129,-0.44599968910217314,bull_steep,bull_steep,normal,438
2006-03-02,4.638000011444092,4.72,-0.08199998855590795,-0.4189999198913572,bull_steep,bull_steep,normal,439
2006-03-03,4.684000015258789,4.76,-0.07599998474121072,-0.45199995040893537,bull_steep,bull_steep,normal,440
2006-03-06,4.73799991607666,4.77,-0.03200008392333942,-0.44899993896484336,bull_steep,bull_steep,normal,441
2006-03-07,4.736000061035156,4.77,-0.033999938964843324,-0.4289997100830072,bull_steep,bull_steep,normal,442
2006-03-08,4.734000205993652,4.72,0.014000205993652592,-0.3620000076293941,normal,bull_steep,normal,443
2006-03-09,4.730000019073486,4.72,0.010000019073486577,-0.348000049591064,normal,bull_steep,normal,444
2006-03-10,4.755000114440918,4.74,0.015000114440917756,-0.36800004959106447,normal,bull_steep,normal,445
2006-03-13,4.775000095367432,4.74,0.03500009536743143,-0.30399969100952173,normal,bull_steep,normal,446
2006-03-14,4.696000099182129,4.66,0.036000099182128764,-0.288999834060669,normal,normal,bull_steep,1
2006-03-15,4.730999946594238,4.69,0.04099994659423789,-0.2880001640319829,normal,normal,bull_steep,2
2006-03-16,4.645999908447266,4.62,0.02599990844726552,-0.29800012588501,normal,normal,bull_steep,3
2006-03-17,4.673999786376953,4.65,0.02399978637695277,-0.27800016403198313,normal,normal,bull_steep,4
2006-03-20,4.656000137329102,4.65,0.006000137329101207,-0.3199999332427983,normal,normal,bull_steep,5
2006-03-21,4.7170000076293945,4.72,-0.00299999237060522,-0.3430000019073485,normal,normal,bull_steep,6
2006-03-22,4.703000068664551,4.74,-0.03699993133544943,-0.32199986457824714,normal,normal,bull_steep,7
2006-03-23,4.738999843597412,4.77,-0.031000156402587464,-0.3199999427795408,normal,normal,bull_steep,8
2006-03-24,4.675000190734863,4.72,-0.04499980926513647,-0.35399978637695284,normal,normal,bull_steep,9
2006-03-27,4.701000213623047,4.72,-0.018999786376952876,-0.3239995956420896,normal,normal,bull_steep,10
2006-03-28,4.777999877929688,4.81,-0.03200012207031122,-0.3530002593994128,normal,normal,bull_steep,11
2006-03-29,4.809999942779541,4.82,-0.010000057220459269,-0.3390002632141118,normal,normal,bull_steep,12
2006-03-30,4.855000019073486,4.84,0.01500001907348647,-0.27700021743774483,normal,normal,bull_steep,13
2006-03-31,4.853000164031982,4.82,0.03300016403198214,-0.2879996299743657,normal,normal,bull_steep,14
2006-04-03,4.874000072479248,4.86,0.014000072479247727,-0.30900003433227585,normal,normal,bull_steep,15
2006-04-04,4.872000217437744,4.84,0.03200021743774428,-0.2879996109008789,normal,normal,bull_steep,16
2006-04-05,4.839000225067139,4.81,0.029000225067139063,-0.28599996566772434,normal,normal,bull_steep,17
2006-04-06,4.89300012588501,4.84,0.05300012588500991,-0.2799999237060544,normal,normal,bull_steep,18
2006-04-07,4.9629998207092285,4.89,0.07299982070922884,-0.2360003089904783,normal,normal,bull_steep,19
2006-04-10,4.9629998207092285,4.89,0.07299982070922884,-0.20400022506713844,normal,normal,bull_steep,20
2006-04-11,4.932000160217285,4.88,0.05200016021728526,-0.2699999046325683,normal,normal,bull_steep,21
2006-04-12,4.97599983215332,4.91,0.06599983215332017,-0.23700021743774435,normal,normal,bull_steep,22
2006-04-13,5.035999774932861,4.96,0.07599977493286136,-0.2210004425048826,normal,normal,bull_steep,23
2006-04-17,5.006999969482422,4.91,0.09699996948242173,-0.1919998741149902,normal,normal,bull_steep,24
2006-04-18,4.973999977111816,4.84,0.13399997711181655,-0.13700017929077113,normal,normal,bull_steep,25
2006-04-19,5.027999877929688,4.86,0.16799987792968807,-0.06800022125244087,normal,normal,bull_steep,26
2006-04-20,5.039000034332275,4.89,0.1490000343322757,-0.11699974060058604,normal,normal,bull_steep,27
2006-04-21,5.01200008392334,4.9,0.11200008392333949,-0.16699968338012727,normal,normal,bull_steep,28
2006-04-24,4.985000133514404,4.89,0.09500013351440462,-0.18099983215332038,normal,normal,bull_steep,29
2006-04-25,5.071000099182129,4.95,0.12100009918212873,-0.15900009155273498,normal,normal,bull_steep,30
2006-04-26,5.105000019073486,4.99,0.11500001907348611,-0.16399974822998065,normal,normal,bull_steep,31
2006-04-27,5.084000110626221,4.91,0.17400011062622056,-0.10800008773803693,normal,normal,bull_steep,32
2006-04-28,5.068999767303467,4.87,0.1989997673034667,-0.06000038146972653,normal,normal,bull_steep,33
2006-05-01,5.13100004196167,4.94,0.19100004196166953,-0.0730000114440923,normal,normal,bull_steep,34
2006-05-02,5.110000133514404,4.92,0.19000013351440437,-0.08399967193603608,normal,normal,bull_steep,35
2006-05-03,5.144000053405762,4.94,0.20400005340576133,-0.03000005722045973,normal,normal,bull_steep,36
2006-05-04,5.150000095367432,4.97,0.1800000953674319,-0.007999820709228445,normal,normal,bull_steep,37
2006-05-05,5.107999801635742,4.94,0.1679998016357418,-0.022000179290771804,normal,normal,bull_steep,38
2006-05-08,5.11899995803833,4.97,0.14899995803833033,-0.04800027847290078,normal,normal,bull_steep,39
2006-05-09,5.125,4.97,0.15500000000000025,-0.047999763488769,normal,normal,bull_steep,40
2006-05-10,5.125,5.01,0.11500000000000021,-0.09100008010864258,normal,normal,bull_steep,41
2006-05-11,5.15500020980835,4.99,0.1650002098083494,-0.015999755859374964,normal,normal,bull_steep,42
2006-05-12,5.185999870300293,5.01,0.17599987030029318,-0.012999992370605007,normal,normal,bull_steep,43
2006-05-15,5.152999877929688,4.99,0.16299987792968818,-0.01399991989135696,normal,normal,bull_steep,44
2006-05-16,5.105000019073486,4.96,0.14500001907348636,-0.04399988174438452,normal,normal,bull_steep,45
2006-05-17,5.152999877929688,4.97,0.18299987792968864,0.023000030517579262,normal,normal,bull_steep,46
2006-05-18,5.072999954223633,4.94,0.13299995422363242,0.003999824523925,normal,normal,bull_steep,47
2006-05-19,5.053999900817871,4.96,0.09399990081787113,-0.018999958038330433,normal,normal,bull_steep,48
2006-05-22,5.035999774932861,4.94,0.09599977493286094,-0.024000377655029492,normal,normal,bull_steep,49
2006-05-23,5.065999984741211,4.97,0.09599998474121119,-0.08399999618530263,normal,normal,bull_steep,50
2006-05-24,5.033999919891357,4.94,0.09399991989135703,-0.2050001335144045,normal,normal,bull_steep,51
2006-05-25,5.073999881744385,4.98,0.09399988174438434,-0.184999923706056,normal,normal,bull_steep,52
2006-05-26,5.052000045776367,4.96,0.09200004577636722,-0.1929999923706056,normal,normal,bull_steep,53
2006-05-30,5.085999965667725,4.99,0.0959999656677244,-0.1720000457763673,normal,normal,bull_steep,54
2006-05-31,5.11299991607666,5.04,0.07299991607666012,-0.19600002288818352,normal,normal,bull_steep,55
2006-06-01,5.107999801635742,5.04,0.06799980163574215,-0.17500034332275405,normal,normal,bull_steep,56
2006-06-02,4.99399995803833,4.92,0.07399995803833015,-0.17500019073486328,normal,normal,bull_steep,57
2006-06-05,5.026000022888184,4.99,0.03600002288818338,-0.2179998016357425,normal,normal,bull_steep,58
2006-06-06,5.00600004196167,4.99,0.01600004196166971,-0.2520001792907718,normal,normal,bull_steep,59
2006-06-07,5.026000022888184,5.02,0.00600002288818402,-0.30800020217895474,normal,normal,bull_steep,60
2006-06-08,4.992000102996826,5.01,-0.017999897003173615,-0.30999998092651326,normal,normal,bull_steep,61
2006-06-09,4.980999946594238,5.01,-0.029000053405761506,-0.3460002708435055,normal,normal,bull_steep,62
2006-06-12,4.986999988555908,5.02,-0.03300001144409137,-0.2760000419616695,normal,normal,bull_steep,63
2006-06-13,4.960999965667725,5.02,-0.059000034332274964,-0.2870002365112301,normal,normal,bull_steep,64
2006-06-14,5.050000190734863,5.11,-0.05999980926513704,-0.2859999275207521,normal,normal,bull_steep,65
2006-06-15,5.0980000495910645,5.14,-0.04199995040893523,-0.27000009536743175,normal,normal,bull_steep,66
2006-06-16,5.127999782562256,5.16,-0.03200021743774428,-0.25600036621093736,normal,normal,bull_steep,67
2006-06-19,5.144999980926514,5.19,-0.04500001907348672,-0.2660001373291019,normal,normal,bull_steep,68
2006-06-20,5.1570000648498535,5.19,-0.032999935150146875,-0.20500001907348686,normal,normal,bull_steep,69
2006-06-21,5.15500020980835,5.2,-0.04499979019165057,-0.20399982452392607,normal,normal,bull_steep,70
2006-06-22,5.197999954223633,5.23,-0.032000045776367614,-0.18000011444091868,inverted_flat,normal,bull_steep,71
2006-06-23,5.228000164031982,5.27,-0.04199983596801715,-0.21799999237060508,normal,normal,bull_steep,72
2006-06-26,5.238999843597412,5.27,-0.031000156402587464,-0.18700008392333967,inverted_flat,normal,bull_steep,73
2006-06-27,5.210000038146973,5.24,-0.029999961853027557,-0.18100002288818384,inverted_flat,normal,bull_steep,74
2006-06-28,5.244999885559082,5.29,-0.045000114440918004,-0.21100028991699205,normal,normal,bull_steep,75
2006-06-29,5.199999809265137,5.21,-0.010000190734863246,-0.19100025177001978,inverted_flat,normal,bull_steep,76
2006-06-30,5.138000011444092,5.16,-0.021999988555908345,-0.18599981307983438,inverted_flat,normal,bull_steep,77
2006-07-03,5.151000022888184,5.17,-0.018999977111816335,-0.21999996185302706,normal,normal,bull_steep,78
2006-07-05,5.227000236511231,5.24,-0.012999763488768856,-0.247999668121337,normal,normal,bull_steep,79
2006-07-06,5.184999942779541,5.22,-0.035000057220458736,-0.2560002326965334,normal,normal,bull_steep,80
2006-07-07,5.131999969482422,5.17,-0.038000030517578054,-0.23699987411499013,normal,normal,bull_steep,81
2006-07-10,5.130000114440918,5.17,-0.03999988555908196,-0.25099983215332067,normal,normal,bull_steep,82
2006-07-11,5.099999904632568,5.17,-0.07000009536743157,-0.2829999160766601,normal,normal,bull_steep,83
2006-07-12,5.099999904632568,5.17,-0.07000009536743157,-0.2590002059936527,normal,normal,bull_steep,84
2006-07-13,5.071000099182129,5.12,-0.0489999008178712,-0.21899976730346715,normal,normal,bull_steep,85
2006-07-14,5.059000015258789,5.08,-0.02099998474121101,-0.21700008392333991,normal,normal,bull_steep,86
2006-07-17,5.068999767303467,5.12,-0.05100023269653331,-0.21900012969970728,normal,normal,bull_steep,87
2006-07-18,5.130000114440918,5.19,-0.05999988555908242,-0.2709999656677251,normal,normal,bull_steep,88
2006-07-19,5.059000015258789,5.12,-0.060999984741211044,-0.25900007247924783,normal,normal,bull_steep,89
2006-07-20,5.027999877929688,5.06,-0.03200012207031122,-0.19900003433227376,inverted_flat,normal,bull_steep,90
2006-07-21,5.045000076293945,5.08,-0.03499992370605476,-0.19399993896484347,inverted_flat,normal,bull_steep,91
2006-07-24,5.044000148773193,5.1,-0.055999851226806285,-0.21299999237060518,normal,normal,bull_steep,92
2006-07-25,5.065000057220459,5.11,-0.044999942779541335,-0.22500007629394592,normal,normal,bull_steep,93
2006-07-26,5.035999774932861,5.06,-0.02400022506713828,-0.19800027847290025,inverted_flat,normal,bull_steep,94
2006-07-27,5.039999961853027,5.07,-0.03000003814697294,-0.2170001029968267,normal,normal,bull_steep,95
2006-07-28,4.989999771118164,4.98,0.009999771118163636,-0.15900016784668036,normal,normal,bull_steep,96
2006-07-31,4.98799991607666,4.97,0.017999916076660405,-0.11700014114379886,normal,normal,bull_steep,97
2006-08-01,4.982999801635742,4.97,0.012999801635742436,-0.1320004272460933,normal,normal,bull_steep,98
2006-08-02,4.960999965667725,4.97,-0.009000034332275142,-0.13300016403198178,inverted_flat,normal,bull_steep,99
2006-08-03,4.951000213623047,4.98,-0.02899978637695355,-0.13299987792968793,inverted_flat,normal,bull_steep,100
2006-08-04,4.901000022888184,4.91,-0.008999977111816548,-0.09600013732910195,inverted_flat,normal,bull_steep,101
2006-08-07,4.921000003814697,4.96,-0.0389999961853027,-0.10300020217895511,inverted_flat,normal,bull_steep,102
2006-08-08,4.922999858856201,4.91,0.01299985885620103,-0.07600025177001957,normal,normal,bull_steep,103
2006-08-09,4.936999797821045,4.91,0.02699979782104478,-0.07500005722045877,normal,normal,bull_steep,104
2006-08-10,4.927000045776367,4.93,-0.0029999542236325283,-0.07399991989135746,inverted_flat,normal,bull_steep,105
2006-08-11,4.9670000076293945,4.96,0.007000007629394567,-0.10099996566772429,normal,normal,bull_steep,106
2006-08-14,5.000999927520752,5.01,-0.009000072479247834,-0.12300004959106392,inverted_flat,normal,bull_steep,107
2006-08-15,4.931000232696533,4.94,-0.008999767303467188,-0.11000000000000032,inverted_flat,normal,bull_steep,108
2006-08-16,4.870999813079834,4.87,0.0009998130798338778,-0.07500032424926761,normal,normal,bull_steep,109
2006-08-17,4.867000102996826,4.89,-0.02299989700317351,-0.10499977111816339,inverted_flat,normal,bull_steep,110
2006-08-18,4.835000038146973,4.87,-0.03499996185302745,-0.11499996185302752,inverted_flat,normal,bull_steep,111
2006-08-21,4.818999767303467,4.85,-0.031000232696532848,-0.1020001411437983,inverted_flat,normal,bull_steep,112
2006-08-22,4.810999870300293,4.87,-0.05900012969970714,-0.14800018310546914,inverted_flat,normal,bull_steep,113
2006-08-23,4.818999767303467,4.87,-0.05100023269653331,-0.14800014495849645,inverted_flat,inverted_flat,normal,1
2006-08-24,4.802999973297119,4.88,-0.07700002670288075,-0.1509999847412109,inverted_flat,inverted_flat,normal,2
2006-08-25,4.790999889373779,4.86,-0.06900011062622102,-0.1660003089904789,inverted_flat,inverted_flat,normal,3
2006-08-28,4.796999931335449,4.88,-0.08300006866455067,-0.17700029373168924,inverted_flat,inverted_flat,normal,4
2006-08-29,4.7829999923706055,4.87,-0.08700000762939464,-0.1940001869201673,inverted_flat,inverted_flat,normal,5
2006-08-30,4.763000011444092,4.83,-0.06699998855590827,-0.16399991989135732,inverted_flat,inverted_flat,normal,6
2006-08-31,4.73199987411499,4.79,-0.0580001258850098,-0.16299997329711946,inverted_flat,inverted_flat,normal,7
2006-09-01,4.72599983215332,4.77,-0.04400016784667926,-0.12399997711181587,inverted_flat,inverted_flat,normal,8
2006-09-05,4.781000137329102,4.8,-0.01899986267089826,-0.11699979782104464,inverted_flat,inverted_flat,normal,9
2006-09-06,4.801000118255615,4.82,-0.01899988174438505,-0.09699983596801776,inverted_flat,inverted_flat,normal,10
2006-09-07,4.795000076293945,4.82,-0.02499992370605497,-0.08699983596801797,inverted_flat,inverted_flat,normal,11
2006-09-08,4.770999908447266,4.8,-0.029000091552734197,-0.07500017166137685,inverted_flat,inverted_flat,normal,12
2006-09-11,4.798999786376953,4.83,-0.031000213623046946,-0.08700027465820348,inverted_flat,inverted_flat,normal,13
2006-09-12,4.7729997634887695,4.82,-0.04700023651123075,-0.08000032424926751,inverted_flat,inverted_flat,normal,14
2006-09-13,4.764999866485596,4.8,-0.03500013351440412,-0.04500024795532198,inverted_flat,inverted_flat,normal,15
2006-09-14,4.793000221252441,4.83,-0.036999778747558665,-0.027999858856201598,inverted_flat,inverted_flat,normal,16
2006-09-15,4.797999858856201,4.87,-0.07200014114379893,-0.07999992370605469,inverted_flat,inverted_flat,normal,17
2006-09-18,4.809999942779541,4.88,-0.07000005722045888,-0.06599998474121094,inverted_flat,inverted_flat,normal,18
2006-09-19,4.736999988555908,4.79,-0.05300001144409183,-0.03799999237060536,inverted_flat,inverted_flat,normal,19
2006-09-20,4.729000091552734,4.81,-0.08099990844726523,-0.11099979400634741,inverted_flat,inverted_flat,normal,20
2006-09-21,4.6479997634887695,4.71,-0.06200023651123043,-0.1080001831054691,inverted_flat,inverted_flat,normal,21
2006-09-22,4.5970001220703125,4.67,-0.07299987792968743,-0.10899982452392543,inverted_flat,inverted_flat,normal,22
2006-09-25,4.554999828338623,4.63,-0.07500017166137685,-0.09400035858154254,inverted_flat,inverted_flat,normal,23
2006-09-26,4.585000038146973,4.68,-0.09499996185302706,-0.11400014877319276,inverted_flat,inverted_flat,normal,24
2006-09-27,4.593999862670898,4.66,-0.0660001373291017,-0.0840001106262207,inverted_flat,inverted_flat,normal,25
2006-09-28,4.625999927520752,4.68,-0.05400007247924776,-0.07200025558471612,inverted_flat,inverted_flat,normal,26
2006-09-29,4.632999897003174,4.71,-0.07700010299682614,-0.09699995040893583,inverted_flat,inverted_flat,normal,27
2006-10-02,4.618000030517578,4.66,-0.04199996948242202,-0.05199987411499052,inverted_flat,inverted_flat,normal,28
2006-10-03,4.616000175476074,4.67,-0.05399982452392571,-0.05599960327148423,inverted_flat,inverted_flat,normal,29
2006-10-04,4.565000057220459,4.6,-0.03499994277954066,-0.045000095367431214,inverted_flat,inverted_flat,normal,30
2006-10-05,4.607999801635742,4.65,-0.04200019836425817,-0.05100038528442408,inverted_flat,inverted_flat,normal,31
2006-10-06,4.696000099182129,4.74,-0.04399990081787131,-0.03499996185302745,inverted_flat,inverted_flat,normal,32
2006-10-10,4.748000144958496,4.82,-0.07199985504150419,-0.07899972915649478,inverted_flat,inverted_flat,normal,33
2006-10-11,4.783999919891357,4.85,-0.06600008010864222,-0.08599994659423782,inverted_flat,inverted_flat,normal,34
2006-10-12,4.777999877929688,4.85,-0.07200012207031126,-0.09100021362304567,inverted_flat,inverted_flat,normal,35
2006-10-13,4.806000232696533,4.87,-0.0639997673034669,-0.09699953079223622,inverted_flat,inverted_flat,normal,36
2006-10-16,4.788000106811523,4.85,-0.06199989318847621,-0.05499967575073228,inverted_flat,inverted_flat,normal,37
2006-10-17,4.777999877929688,4.83,-0.05200012207031168,-0.06699996948242148,inverted_flat,inverted_flat,normal,38
2006-10-18,4.763999938964844,4.85,-0.0860000610351559,-0.0730000114440923,inverted_flat,inverted_flat,normal,39
2006-10-19,4.785999774932861,4.85,-0.06400022506713832,-0.03500009536743143,inverted_flat,inverted_flat,normal,40
2006-10-20,4.783999919891357,4.87,-0.08600008010864268,-0.056999950408935796,inverted_flat,inverted_flat,normal,41
2006-10-23,4.826000213623047,4.9,-0.07399978637695348,-0.01699977874755909,inverted_flat,inverted_flat,normal,42
2006-10-24,4.823999881744385,4.91,-0.08600011825561538,-0.011000194549560582,inverted_flat,inverted_flat,normal,43
2006-10-25,4.7729997634887695,4.88,-0.10700023651123036,-0.06400014877319293,inverted_flat,inverted_flat,normal,44
2006-10-26,4.7210001945495605,4.81,-0.08899980545043906,-0.04399959564208977,inverted_flat,inverted_flat,normal,45
2006-10-27,4.675000190734863,4.76,-0.0849998092651365,0.03400030136108434,inverted_flat,inverted_flat,normal,46
2006-10-30,4.672999858856201,4.78,-0.10700014114379908,0.0020000076293946734,inverted_flat,inverted_flat,normal,47
2006-10-31,4.605999946594238,4.71,-0.10400005340576168,-0.0070002365112307174,inverted_flat,inverted_flat,normal,48
2006-11-01,4.560999870300293,4.66,-0.09900012969970717,-0.022999973297118892,inverted_flat,inverted_flat,normal,49
2006-11-02,4.5960001945495605,4.67,-0.07399980545043938,0.0300002479553223,inverted_flat,inverted_flat,normal,50
2006-11-03,4.715000152587891,4.82,-0.10499984741210966,-0.011000041961669815,inverted_flat,inverted_flat,normal,51
2006-11-06,4.709000110626221,4.82,-0.11099988937377958,0.008000221252441264,inverted_flat,inverted_flat,normal,52
2006-11-07,4.658999919891357,4.77,-0.11100008010864215,0.035999717712402735,inverted_flat,inverted_flat,normal,53
2006-11-08,4.632999897003174,4.75,-0.11700010299682617,0.03199975967407198,inverted_flat,inverted_flat,normal,54
2006-11-09,4.632999897003174,4.75,-0.11700010299682617,0.03599998474121069,inverted_flat,inverted_flat,normal,55
2006-11-10,4.585999965667725,4.73,-0.14400003433227582,0.029000053405761506,inverted_flat,inverted_flat,normal,56
2006-11-13,4.605000019073486,4.76,-0.15499998092651346,-0.0050001335144038705,inverted_flat,inverted_flat,normal,57
2006-11-14,4.567999839782715,4.74,-0.17200016021728537,-0.029000091552734197,inverted_flat,inverted_flat,normal,58
2006-11-15,4.614999771118164,4.8,-0.18500022888183576,-0.06400045394897447,inverted_flat,inverted_flat,normal,59
2006-11-16,4.65500020980835,4.85,-0.19499979019165004,-0.11299980163574208,inverted_flat,inverted_flat,normal,60
2006-11-17,4.60699987411499,4.76,-0.15300012588500955,-0.07700014114379883,inverted_flat,inverted_flat,normal,61
2006-11-20,4.59499979019165,4.76,-0.1650002098083494,-0.13300012588500998,inverted_flat,inverted_flat,normal,62
2006-11-21,4.578000068664551,4.75,-0.17199993133544922,-0.1379999923706059,inverted_flat,inverted_flat,normal,63
2006-11-22,4.567999839782715,4.74,-0.17200016021728537,-0.18600036621093796,inverted_flat,inverted_flat,normal,64
2006-11-24,4.547999858856201,4.73,-0.18200014114379925,-0.19200016021728583,inverted_flat,inverted_flat,normal,65
2006-11-27,4.538000106811523,4.71,-0.17199989318847653,-0.18700000762939428,inverted_flat,inverted_flat,normal,66
2006-11-28,4.508999824523926,4.67,-0.16100017547607415,-0.19600027084350558,inverted_flat,inverted_flat,normal,67
2006-11-29,4.520999908447266,4.69,-0.16900009155273477,-0.20500019073486353,normal,inverted_flat,normal,68
2006-11-30,4.458000183105469,4.62,-0.16199981689453136,-0.20299976348876925,normal,inverted_flat,normal,69
2006-12-01,4.425000190734863,4.52,-0.09499980926513629,-0.12099971771240181,inverted_flat,inverted_flat,normal,70
2006-12-04,4.433000087738037,4.52,-0.08699991226196246,-0.11099969863891523,inverted_flat,inverted_flat,normal,71
2006-12-05,4.441999912261963,4.52,-0.07800008773803668,-0.08400022506713789,inverted_flat,inverted_flat,normal,72
2006-12-06,4.480999946594238,4.59,-0.10900005340576158,-0.10600006103515636,inverted_flat,inverted_flat,normal,73
2006-12-07,4.482999801635742,4.58,-0.09700019836425788,-0.06000026702880845,inverted_flat,inverted_flat,normal,74
2006-12-08,4.552000045776367,4.68,-0.12799995422363253,-0.09699979782104506,inverted_flat,inverted_flat,normal,75
2006-12-11,4.519999980926514,4.67,-0.15000001907348626,-0.10500020980834979,inverted_flat,inverted_flat,normal,76
2006-12-12,4.491000175476074,4.61,-0.1189998245239261,-0.10000003814697322,inverted_flat,inverted_flat,normal,77
2006-12-13,4.577000141143799,4.7,-0.12299985885620135,-0.09099973678589013,inverted_flat,inverted_flat,normal,78
2006-12-14,4.59499979019165,4.73,-0.13500020980835004,-0.12500015258789077,inverted_flat,inverted_flat,normal,79
2006-12-15,4.5970001220703125,4.73,-0.13299987792968793,-0.1479998970031744,inverted_flat,inverted_flat,normal,80
2006-12-18,4.586999893188477,4.71,-0.1230001068115234,-0.15600027084350554,inverted_flat,inverted_flat,normal,81
2006-12-19,4.598999977111816,4.71,-0.11100002288818356,-0.12500009536743129,inverted_flat,inverted_flat,normal,82
2006-12-20,4.59499979019165,4.71,-0.11500020980834957,-0.14700042724609386,inverted_flat,inverted_flat,normal,83
2006-12-21,4.548999786376953,4.66,-0.11100021362304702,-0.14000043869018608,inverted_flat,inverted_flat,normal,84
2006-12-22,4.624000072479248,4.71,-0.08599992752075192,-0.13900005340576183,inverted_flat,inverted_flat,normal,85
2006-12-26,4.603000164031982,4.71,-0.10699983596801754,-0.17999965667724638,inverted_flat,inverted_flat,normal,86
2006-12-27,4.65399980545044,4.77,-0.11600019454955923,-0.18900001525878807,inverted_flat,inverted_flat,normal,87
2006-12-28,4.690000057220459,4.82,-0.1299999427795413,-0.18200010299682656,inverted_flat,inverted_flat,normal,88
2006-12-29,4.710000038146973,4.82,-0.10999996185302763,-0.1759997940063478,inverted_flat,inverted_flat,normal,89
2007-01-03,4.664000034332275,4.76,-0.0959999656677244,-0.17199974060058576,inverted_flat,inverted_flat,normal,90
2007-01-04,4.618000030517578,4.71,-0.09199996948242184,-0.18899993896484357,inverted_flat,inverted_flat,normal,91
2007-01-05,4.645999908447266,4.76,-0.11400009155273416,-0.2480000686645507,normal,inverted_flat,normal,92
2007-01-08,4.659999847412109,4.78,-0.12000015258789087,-0.28800003051757894,normal,inverted_flat,normal,93
2007-01-09,4.656000137329102,4.79,-0.13399986267089847,-0.2829998970031742,normal,inverted_flat,normal,94
2007-01-10,4.682000160217285,4.81,-0.12799983978271445,-0.23999992370605394,normal,inverted_flat,normal,95
2007-01-11,4.736999988555908,4.86,-0.12300001144409212,-0.21800014495849673,normal,normal,inverted_flat,1
2007-01-12,4.770999908447266,4.88,-0.10900009155273427,-0.230000190734863,normal,normal,inverted_flat,2
2007-01-16,4.750999927520752,4.86,-0.10900007247924837,-0.22400009155273448,normal,normal,inverted_flat,3
2007-01-17,4.787000179290772,4.91,-0.12299982070922777,-0.29699993133544833,normal,normal,inverted_flat,4
2007-01-18,4.750999927520752,4.89,-0.13900007247924773,-0.3379998397827144,normal,normal,inverted_flat,5
2007-01-19,4.7729997634887695,4.93,-0.15700023651123018,-0.3480002784728997,normal,normal,inverted_flat,6
2007-01-22,4.758999824523926,4.91,-0.15100017547607436,-0.34100030899047873,normal,normal,inverted_flat,7
2007-01-23,4.803999900817871,4.94,-0.1360000991821293,-0.3400001525878906,normal,normal,inverted_flat,8
2007-01-24,4.809999942779541,4.93,-0.1200000572204587,-0.3000001525878906,normal,normal,inverted_flat,9
2007-01-25,4.867000102996826,4.98,-0.11299989700317425,-0.28099969863891605,normal,normal,inverted_flat,10
2007-01-26,4.879000186920166,4.99,-0.1109998130798342,-0.2599997711181645,normal,normal,inverted_flat,11
2007-01-29,4.892000198364258,4.99,-0.0979998016357424,-0.25299980163574265,normal,normal,inverted_flat,12
2007-01-30,4.875,4.98,-0.10500000000000043,-0.22000000000000064,normal,normal,inverted_flat,13
2007-01-31,4.826000213623047,4.94,-0.11399978637695352,-0.2789999961853029,normal,normal,inverted_flat,14
2007-02-01,4.836999893188477,4.96,-0.1230001068115234,-0.2989999771118166,normal,normal,inverted_flat,15
2007-02-02,4.827000141143799,4.94,-0.11299985885620156,-0.27599973678588974,normal,normal,inverted_flat,16
2007-02-05,4.808000087738037,4.92,-0.11199991226196282,-0.2569999313354492,normal,normal,inverted_flat,17
2007-02-06,4.764999866485596,4.9,-0.13500013351440465,-0.3180000114440933,normal,normal,inverted_flat,18
2007-02-07,4.744999885559082,4.87,-0.12500011444091808,-0.2580000686645505,normal,normal,inverted_flat,19
2007-02-08,4.730000019073486,4.87,-0.13999998092651378,-0.2339998817443849,normal,normal,inverted_flat,20
2007-02-09,4.783999919891357,4.92,-0.1360000801086425,-0.23199985504150344,normal,normal,inverted_flat,21
2007-02-12,4.803999900817871,4.94,-0.1360000991821293,-0.23200008392334048,normal,normal,inverted_flat,22
2007-02-13,4.814000129699707,4.95,-0.13599987030029315,-0.22999979019165018,normal,normal,inverted_flat,23
2007-02-14,4.730000019073486,4.87,-0.13999998092651378,-0.23399986267089812,normal,normal,inverted_flat,24
2007-02-15,4.705999851226807,4.83,-0.12400014877319343,-0.21600019454956065,normal,normal,inverted_flat,25
2007-02-16,4.690000057220459,4.83,-0.1399999427795411,-0.23599990844726548,normal,normal,inverted_flat,26
2007-02-20,4.679999828338623,4.81,-0.13000017166137656,-0.20300008773803668,normal,normal,inverted_flat,27
2007-02-21,4.691999912261963,4.82,-0.1280000877380374,-0.19599988937377955,inverted_flat,normal,inverted_flat,28
2007-02-22,4.730000019073486,4.87,-0.13999998092651378,-0.21399993896484393,normal,normal,inverted_flat,29
2007-02-23,4.677999973297119,4.82,-0.14200002670288114,-0.17800004959106452,inverted_flat,normal,inverted_flat,30
2007-02-26,4.63100004196167,4.77,-0.13899995803832965,-0.15499999999999936,inverted_flat,normal,inverted_flat,31
2007-02-27,4.513000011444092,4.59,-0.07699998855590806,-0.08300001144409208,inverted_flat,normal,inverted_flat,32
2007-02-28,4.550000190734863,4.65,-0.09999980926513707,-0.08199991226196346,inverted_flat,normal,inverted_flat,33
2007-03-01,4.556000232696533,4.63,-0.07399976730346669,-0.044999713897705185,inverted_flat,inverted_flat,normal,1
2007-03-02,4.514999866485596,4.56,-0.045000133514403906,-0.012000122070312536,inverted_flat,inverted_flat,normal,2
2007-03-05,4.51800012588501,4.53,-0.011999874114990483,0.04700016021728448,inverted_flat,inverted_flat,normal,3
2007-03-06,4.527999877929688,4.58,-0.05200012207031168,0.007999687194825356,inverted_flat,inverted_flat,normal,4
2007-03-07,4.497000217437744,4.54,-0.042999782562255895,-0.0009998321533206678,inverted_flat,inverted_flat,normal,5
2007-03-08,4.508999824523926,4.56,-0.05100017547607383,-0.018999958038329545,inverted_flat,inverted_flat,normal,6
2007-03-09,4.589000225067139,4.66,-0.07099977493286147,-0.02599975585937475,inverted_flat,inverted_flat,normal,7
2007-03-12,4.552999973297119,4.62,-0.06700002670288097,-0.03400009155273409,inverted_flat,inverted_flat,normal,8
2007-03-13,4.494999885559082,4.52,-0.025000114440917542,0.019999675750733026,inverted_flat,inverted_flat,normal,9
2007-03-14,4.521999835968018,4.54,-0.018000164031982457,0.013999881744385156,inverted_flat,inverted_flat,normal,10
2007-03-15,4.535999774932861,4.57,-0.034000225067138956,0.007999610900878196,inverted_flat,inverted_flat,normal,11
2007-03-16,4.545000076293945,4.58,-0.03499992370605476,-0.003999767303467294,inverted_flat,inverted_flat,normal,12
2007-03-19,4.571000099182129,4.61,-0.038999900817871413,-0.008999938964843857,inverted_flat,inverted_flat,normal,13
2007-03-20,4.546999931335449,4.6,-0.053000068664550426,-0.007999954223632422,inverted_flat,inverted_flat,normal,14
2007-03-21,4.51800012588501,4.51,0.008000125885009979,0.018000316619873225,normal,inverted_flat,normal,15
2007-03-22,4.589000225067139,4.58,0.0090002250671386,0.031000213623046946,normal,inverted_flat,normal,16
2007-03-23,4.61299991607666,4.6,0.012999916076660512,0.03199989318847685,normal,inverted_flat,normal,17
2007-03-26,4.586999893188477,4.56,0.026999893188476953,0.03999965667724581,normal,inverted_flat,normal,18
2007-03-27,4.611999988555908,4.58,0.03199998855590813,0.06700004577636687,normal,normal,inverted_flat,1
2007-03-28,4.619999885559082,4.53,0.08999988555908178,0.12799991607665984,normal,normal,inverted_flat,2
2007-03-29,4.631999969482422,4.58,0.051999969482421804,0.09199985504150376,normal,normal,inverted_flat,3
2007-03-30,4.6479997634887695,4.58,0.06799976348876946,0.13799985885620103,normal,normal,inverted_flat,4
2007-04-02,4.642000198364258,4.6,0.04200019836425817,0.11200029373168974,normal,normal,inverted_flat,5
2007-04-03,4.664000034332275,4.63,0.0340000343322755,0.0829999351501467,normal,normal,inverted_flat,6
2007-04-04,4.651999950408936,4.61,0.041999950408936115,0.06299993515014712,normal,normal,inverted_flat,7
2007-04-05,4.673999786376953,4.63,0.04399978637695323,0.09500001907348654,normal,normal,inverted_flat,8
2007-04-09,4.744999885559082,4.73,0.014999885559081605,0.07499977111816403,normal,normal,inverted_flat,9
2007-04-10,4.723999977111816,4.71,0.013999977111816442,0.07499996185302749,normal,normal,inverted_flat,10
2007-04-11,4.738999843597412,4.73,0.008999843597411683,0.040999965667722904,normal,normal,inverted_flat,11
2007-04-12,4.736999988555908,4.73,0.006999988555907777,0.041999912261962535,normal,normal,inverted_flat,12
2007-04-13,4.761000156402588,4.76,0.0010001564025881038,0.05700000762939439,normal,normal,inverted_flat,13
2007-04-16,4.735000133514404,4.74,-0.004999866485595916,0.04000007629394542,inverted_flat,normal,inverted_flat,14
2007-04-17,4.688000202178955,4.68,0.008000202178955362,0.03200042724609364,normal,normal,inverted_flat,15
2007-04-18,4.65399980545044,4.64,0.013999805450440661,0.0439998435974136,normal,normal,inverted_flat,16
2007-04-19,4.670000076293945,4.64,0.030000076293945632,0.020000305175781996,normal,normal,inverted_flat,17
2007-04-20,4.671999931335449,4.64,0.03199993133544954,0.014000015258789134,normal,normal,inverted_flat,18
2007-04-23,4.650000095367432,4.62,0.030000095367431534,0.017000293731689098,normal,normal,inverted_flat,19
2007-04-24,4.622000217437744,4.58,0.04200021743774407,0.05100025177001921,normal,normal,inverted_flat,20
2007-04-25,4.645999908447266,4.63,0.01599990844726573,0.04499969482421928,normal,normal,inverted_flat,21
2007-04-26,4.684000015258789,4.67,0.014000015258789134,0.022999992370605682,normal,normal,inverted_flat,22
2007-04-27,4.697999954223633,4.67,0.027999954223632884,0.06699995040893558,normal,normal,inverted_flat,23
2007-04-30,4.630000114440918,4.6,0.030000114440918324,0.017000255584717294,normal,normal,inverted_flat,24
2007-05-01,4.642000198364258,4.63,0.012000198364257919,-0.01499959945678686,normal,normal,inverted_flat,25
2007-05-02,4.645999908447266,4.65,-0.00400009155273473,-0.001000137329102202,inverted_flat,normal,inverted_flat,26
2007-05-03,4.673999786376953,4.71,-0.03600021362304684,-0.043000221252441406,inverted_flat,normal,inverted_flat,27
2007-05-04,4.639999866485596,4.68,-0.04000013351440401,-0.03100006103515618,inverted_flat,normal,inverted_flat,28
2007-05-07,4.636000156402588,4.68,-0.043999843597411825,-0.03500007629394464,inverted_flat,normal,inverted_flat,29
2007-05-08,4.633999824523926,4.68,-0.046000175476073935,-0.04699998855590781,inverted_flat,inverted_flat,normal,1
2007-05-09,4.668000221252441,4.73,-0.06199977874755902,-0.03899988174438551,inverted_flat,inverted_flat,normal,2
2007-05-10,4.6479997634887695,4.7,-0.052000236511230646,-0.017000274658203196,inverted_flat,inverted_flat,normal,3
2007-05-11,4.670000076293945,4.71,-0.03999992370605465,-0.008999691009521804,inverted_flat,inverted_flat,normal,4
2007-05-14,4.690000057220459,4.73,-0.03999994277954144,0.019000186920165696,inverted_flat,inverted_flat,normal,5
2007-05-15,4.711999893188477,4.75,-0.03800010681152344,0.013000125885009872,inverted_flat,inverted_flat,normal,6
2007-05-16,4.708000183105469,4.73,-0.021999816894531676,0.055000209808349076,inverted_flat,inverted_flat,normal,7
2007-05-17,4.75600004196167,4.78,-0.023999958038330327,0.045000152587890696,inverted_flat,inverted_flat,normal,8
2007-05-18,4.803999900817871,4.82,-0.01600009918212919,0.06699996948242148,inverted_flat,inverted_flat,normal,9
2007-05-21,4.788000106811523,4.81,-0.02199989318847617,0.06500011444091847,inverted_flat,inverted_flat,normal,10
2007-05-22,4.830999851226807,4.83,0.0009998512268065696,0.06799983978271484,normal,inverted_flat,normal,11
2007-05-23,4.859000205993652,4.85,0.009000205993652699,0.0670003318786625,normal,inverted_flat,normal,12
2007-05-24,4.85699987411499,4.85,0.00699987411499059,0.05100004196166985,normal,inverted_flat,normal,13
2007-05-25,4.861000061035156,4.85,0.011000061035156605,0.029999923706054865,normal,inverted_flat,normal,14
2007-05-29,4.881999969482422,4.88,0.0019999694824219816,0.02099985122680703,normal,normal,inverted_flat,1
2007-05-30,4.877999782562256,4.89,-0.012000217437743821,0.01299970626831115,inverted_flat,normal,inverted_flat,2
2007-05-31,4.889999866485596,4.92,-0.030000133514404226,-0.0010000419616700285,inverted_flat,normal,inverted_flat,3
2007-06-01,4.955999851226807,4.97,-0.01400014877319311,0.017000064849853835,inverted_flat,normal,inverted_flat,4
2007-06-04,4.928999900817871,4.97,-0.04100009918212866,0.006000137329102095,inverted_flat,normal,inverted_flat,5
2007-06-05,4.97599983215332,4.99,-0.0140001678466799,0.02099996566772422,inverted_flat,inverted_flat,normal,1
2007-06-06,4.96999979019165,4.97,-2.0980834936068504e-07,0.036999568939209304,inverted_flat,inverted_flat,normal,2
2007-06-07,5.098999977111816,5.03,0.06899997711181616,0.1410001182556151,normal,inverted_flat,normal,3
2007-06-08,5.118000030517578,5.01,0.10800003051757834,0.17800008773803722,normal,inverted_flat,normal,4
2007-06-11,5.13700008392334,5.01,0.12700008392334006,0.1800000953674319,normal,inverted_flat,normal,5
2007-06-12,5.248000144958496,5.08,0.16800014495849602,0.24900005340576126,normal,inverted_flat,normal,6
2007-06-13,5.199999809265137,5.08,0.11999980926513665,0.18200004577636708,normal,normal,inverted_flat,1
2007-06-14,5.2170000076293945,5.1,0.11700000762939489,0.18999988555908232,normal,normal,inverted_flat,2
2007-06-15,5.171000003814697,5.05,0.12100000381469744,0.1960001754760743,normal,normal,inverted_flat,3
2007-06-18,5.142000198364258,5.01,0.13200019836425803,0.22700016021728509,normal,normal,inverted_flat,4
2007-06-19,5.085999965667725,4.94,0.14599996566772422,0.21200010299682592,normal,normal,inverted_flat,5
2007-06-20,5.123000144958496,4.97,0.15300014495849634,0.2070002174377441,normal,normal,inverted_flat,6
2007-06-21,5.163000106811523,4.98,0.183000106811523,0.26000020980834915,normal,normal,inverted_flat,7
2007-06-22,5.138000011444092,4.92,0.21800001144409187,0.2599999809265139,normal,normal,inverted_flat,8
2007-06-25,5.078000068664551,4.87,0.20800006866455067,0.2619998931884764,normal,normal,inverted_flat,9
2007-06-26,5.10099983215332,4.9,0.20099983215331996,0.23599977493286062,normal,normal,inverted_flat,10
2007-06-27,5.070000171661377,4.91,0.1600001716613768,0.20200037002563498,normal,normal,inverted_flat,11
2007-06-28,5.118000030517578,4.96,0.15800003051757816,0.20199993133544947,normal,normal,inverted_flat,12
2007-06-29,5.0329999923706055,4.87,0.16299999237060536,0.23499984741210955,normal,normal,inverted_flat,13
2007-07-02,4.998000144958496,4.86,0.13800014495849577,0.204000225067138,normal,normal,inverted_flat,14
2007-07-03,5.050000190734863,4.89,0.1600001907348636,0.23200031280517486,normal,normal,inverted_flat,15
2007-07-05,5.144000053405762,4.99,0.1540000534057615,0.2179998207092284,normal,normal,inverted_flat,16
2007-07-06,5.195000171661377,4.99,0.20500017166137674,0.26700006484985295,normal,normal,inverted_flat,17
2007-07-09,5.158999919891357,4.97,0.18899991989135767,0.24100004196166935,normal,normal,inverted_flat,18
2007-07-10,5.038000106811523,4.85,0.1880001068115238,0.2740001678466797,normal,normal,inverted_flat,19
2007-07-11,5.079999923706055,4.89,0.189999923706055,0.2540001487731933,normal,normal,inverted_flat,20
2007-07-12,5.116000175476074,4.94,0.17600017547607383,0.2620002555847165,normal,normal,inverted_flat,21
2007-07-13,5.10699987411499,4.94,0.16699987411498984,0.24099966049194332,normal,normal,inverted_flat,22
2007-07-16,5.040999889373779,4.89,0.15099988937377962,0.237000007629395,normal,normal,inverted_flat,23
2007-07-17,5.078000068664551,4.91,0.16800006866455064,0.275000305175781,normal,normal,inverted_flat,24
2007-07-18,5.010000228881836,4.84,0.17000022888183608,0.25900003433227514,normal,normal,inverted_flat,25
2007-07-19,5.027999877929688,4.87,0.15799987792968828,0.2429996871948248,normal,normal,inverted_flat,26
2007-07-20,4.955999851226807,4.79,0.1659998512268066,0.2729999923706057,normal,normal,inverted_flat,27
2007-07-23,4.964000225067139,4.8,0.16400022506713885,0.26800027847290053,normal,normal,inverted_flat,28
2007-07-24,4.943999767303467,4.77,0.17399976730346722,0.2729998970031744,normal,normal,inverted_flat,29
2007-07-25,4.90399980545044,4.74,0.16399980545044013,0.2379996109008795,normal,normal,inverted_flat,30
2007-07-26,4.776999950408936,4.56,0.21699995040893683,0.3219997978210465,normal,normal,inverted_flat,31
2007-07-27,4.788000106811523,4.56,0.22800010681152383,0.3389999961853034,normal,normal,inverted_flat,32
2007-07-30,4.803999900817871,4.59,0.21399990081787124,0.3249999809265134,normal,normal,inverted_flat,33
2007-07-31,4.770999908447266,4.56,0.21099990844726602,0.3280000114440922,normal,normal,inverted_flat,34
2007-08-01,4.758999824523926,4.56,0.19899982452392617,0.31599992752075234,normal,normal,inverted_flat,35
2007-08-02,4.752999782562256,4.59,0.162999782562256,0.3069998168945318,normal,normal,inverted_flat,36
2007-08-03,4.699999809265137,4.46,0.23999980926513675,0.3949997901916502,normal,normal,inverted_flat,37
2007-08-06,4.730999946594238,4.46,0.2709999465942383,0.4430001068115237,bear_steep,normal,inverted_flat,38
2007-08-07,4.743000030517578,4.56,0.18300003051757852,0.3680002593994143,normal,normal,inverted_flat,39
2007-08-08,4.860000133514404,4.64,0.22000013351440462,0.41499992370605465,bear_steep,normal,inverted_flat,40
2007-08-09,4.789999961853027,4.49,0.29999996185302713,0.4530000877380367,bear_steep,normal,inverted_flat,41
2007-08-10,4.776000022888184,4.47,0.30600002288818384,0.47100023269653324,bear_steep,normal,inverted_flat,42
2007-08-13,4.777999877929688,4.46,0.3179998779296884,0.48999980926513764,bear_steep,normal,inverted_flat,43
2007-08-14,4.73199987411499,4.39,0.34199987411499055,0.5140000343322759,bear_steep,bear_steep,normal,1
2007-08-15,4.705999851226807,4.27,0.43599985122680707,0.6179999923706063,bear_steep,bear_steep,normal,2
2007-08-16,4.599999904632568,4.08,0.5199999046325683,0.6919997978210448,bear_steep,bear_steep,normal,3
2007-08-17,4.672999858856201,4.18,0.49299985885620146,0.6540000343322756,bear_steep,bear_steep,normal,4
2007-08-20,4.633999824523926,4.11,0.5239998245239255,0.6929999160766602,bear_steep,bear_steep,normal,5
2007-08-21,4.590000152587891,4.05,0.5400001525878908,0.7019999694824222,bear_steep,bear_steep,normal,6
2007-08-22,4.619999885559082,4.15,0.4699998855590817,0.564999694824218,bear_steep,bear_steep,normal,7
2007-08-23,4.618000030517578,4.2,0.41800003051757795,0.5049999427795404,bear_steep,bear_steep,normal,8
2007-08-24,4.632999897003174,4.3,0.332999897003174,0.4109999847412107,bear_steep,bear_steep,normal,9
2007-08-27,4.5960001945495605,4.28,0.3160001945495603,0.4250002479553219,bear_steep,bear_steep,normal,10
2007-08-28,4.53000020980835,4.13,0.4000002098083497,0.4970004081726076,bear_steep,bear_steep,normal,11
2007-08-29,4.552999973297119,4.14,0.41299997329711946,0.540999927520752,bear_steep,bear_steep,normal,12
2007-08-30,4.501999855041504,4.08,0.42199985504150384,0.5719998741149901,bear_steep,bear_steep,normal,13
2007-08-31,4.537000179290772,4.15,0.387000179290772,0.5060000038146981,bear_steep,bear_steep,normal,14
2007-09-04,4.558000087738037,4.13,0.4280000877380372,0.5509999465942386,bear_steep,bear_steep,normal,15
2007-09-05,4.4730000495910645,4.03,0.4430000495910642,0.5780002593994142,bear_steep,bear_steep,normal,16
2007-09-06,4.5,4.08,0.41999999999999993,0.5529998779296879,bear_steep,bear_steep,normal,17
2007-09-07,4.368000030517578,3.9,0.4680000305175782,0.5910001373291016,bear_steep,bear_steep,normal,18
2007-09-10,4.323999881744385,3.87,0.45399988174438466,0.5649999046325682,bear_steep,bear_steep,normal,19
2007-09-11,4.363999843597412,3.95,0.41399984359741193,0.5290000534057615,bear_steep,bear_steep,normal,20
2007-09-12,4.4079999923706055,3.95,0.4579999923706053,0.5690002059936523,bear_steep,bear_steep,normal,21
2007-09-13,4.48199987411499,4.08,0.40199987411499016,0.4879998016357421,bear_steep,bear_steep,normal,22
2007-09-14,4.461999893188477,4.05,0.41199989318847674,0.5189997291564943,bear_steep,bear_steep,normal,23
2007-09-17,4.46999979019165,4.08,0.3899997901916503,0.5059999847412096,bear_steep,bear_steep,normal,24
2007-09-18,4.480000019073486,4.0,0.48000001907348633,0.6099999618530276,bear_steep,bear_steep,normal,25
2007-09-19,4.52400016784668,4.0,0.5240001678466797,0.6340001296997073,bear_steep,bear_steep,normal,26
2007-09-20,4.671999931335449,4.1,0.5719999313354496,0.667999897003174,bear_steep,bear_steep,normal,27
2007-09-21,4.631999969482422,4.06,0.5719999694824223,0.6639999389648441,bear_steep,bear_steep,normal,28
2007-09-24,4.624000072479248,4.05,0.5740000724792482,0.6880001640319824,bear_steep,bear_steep,normal,29
2007-09-25,4.613999843597412,4.0,0.6139998435974121,0.733999996185303,bear_steep,bear_steep,normal,30
2007-09-26,4.619999885559082,3.97,0.6499998855590818,0.7839997482299803,bear_steep,bear_steep,normal,31
2007-09-27,4.572999954223633,3.95,0.6229999542236326,0.7509997940063471,bear_steep,bear_steep,normal,32
2007-09-28,4.578999996185303,3.97,0.6089999961853025,0.7320000076293947,bear_steep,bear_steep,normal,33
2007-10-01,4.557000160217285,4.02,0.5370001602172856,0.6460002517700199,bear_steep,bear_steep,normal,34
2007-10-02,4.52899980545044,3.98,0.5489998054504404,0.6579998779296887,bear_steep,bear_steep,normal,35
2007-10-03,4.543000221252441,4.02,0.5230002212524418,0.6460000419616696,bear_steep,bear_steep,normal,36
2007-10-04,4.5229997634887695,4.0,0.5229997634887695,0.6619998359680173,bear_steep,bear_steep,normal,37
2007-10-05,4.639999866485596,4.08,0.5599998664855956,0.7170001029968258,bear_steep,bear_steep,normal,38
2007-10-09,4.651000022888184,4.15,0.5010000228881832,0.6520001983642576,bear_steep,bear_steep,normal,39
2007-10-10,4.646999835968018,4.15,0.4969998359680172,0.6329999351501465,bear_steep,bear_steep,normal,40
2007-10-11,4.658999919891357,4.13,0.5289999198913575,0.6489999771118162,bear_steep,bear_steep,normal,41
2007-10-12,4.686999797821045,4.23,0.4569997978210445,0.5699996948242188,bear_steep,bear_steep,normal,42
2007-10-15,4.672999858856201,4.22,0.4529998588562014,0.5639996719360356,bear_steep,bear_steep,normal,43
2007-10-16,4.65500020980835,4.12,0.5350002098083495,0.6330000114440919,bear_steep,bear_steep,normal,44
2007-10-17,4.546000003814697,4.0,0.5460000038146973,0.6510000038146977,bear_steep,bear_steep,normal,45
2007-10-18,4.502999782562256,3.93,0.5729997825622557,0.6869995689392092,bear_steep,bear_steep,normal,46
2007-10-19,4.401000022888184,3.8,0.6010000228881838,0.7240001296997072,bear_steep,bear_steep,normal,47
2007-10-22,4.39300012588501,3.85,0.5430001258850097,0.6559999847412112,bear_steep,bear_steep,normal,48
2007-10-23,4.40500020980835,3.81,0.5950002098083496,0.7070001220703124,bear_steep,bear_steep,normal,49
2007-10-24,4.330999851226807,3.74,0.5909998512268064,0.7259999847412111,bear_steep,bear_steep,normal,50
2007-10-25,4.352000236511231,3.74,0.6120002365112311,0.7370003509521492,bear_steep,bear_steep,normal,51
2007-10-26,4.388999938964844,3.77,0.6189999389648437,0.7589999198913575,bear_steep,bear_steep,normal,52
2007-10-29,4.382999897003174,3.79,0.5929998970031738,0.7289999771118163,bear_steep,bear_steep,normal,53
2007-10-30,4.382999897003174,3.82,0.562999897003174,0.6989999961853033,bear_steep,bear_steep,normal,54
2007-10-31,4.474999904632568,3.94,0.5349999046325684,0.6709997749328616,bear_steep,bear_steep,normal,55
2007-11-01,4.361000061035156,3.77,0.5910000610351562,0.73100004196167,bear_steep,bear_steep,normal,56
2007-11-02,4.290999889373779,3.66,0.6309998893737792,0.7550000381469726,bear_steep,bear_steep,normal,57
2007-11-05,4.317999839782715,3.69,0.6279998397827149,0.767999782562256,bear_steep,bear_steep,normal,58
2007-11-06,4.35699987411499,3.7,0.6569998741149901,0.7870000457763666,bear_steep,bear_steep,normal,59
2007-11-07,4.334000110626221,3.61,0.7240001106262208,0.8520001983642582,bear_steep,bear_steep,normal,60
2007-11-08,4.2729997634887695,3.47,0.8029997634887693,0.9429997444152831,bear_steep,bear_steep,normal,61
2007-11-09,4.224999904632568,3.42,0.8049999046325684,0.9469999313354496,bear_steep,bear_steep,normal,62
2007-11-13,4.25600004196167,3.54,0.7160000419616699,0.8549999999999995,bear_steep,bear_steep,normal,63
2007-11-14,4.269000053405762,3.57,0.6990000534057619,0.7760000419616699,bear_steep,bear_steep,normal,64
2007-11-15,4.158999919891357,3.35,0.8089999198913573,0.9089997291564944,bear_steep,bear_steep,normal,65
2007-11-16,4.150000095367432,3.33,0.8200000953674316,0.8939998626708983,bear_steep,bear_steep,normal,66
2007-11-19,4.078999996185303,3.18,0.8989999961853026,0.9440001296997065,bear_steep,bear_steep,normal,67
2007-11-20,4.053999900817871,3.14,0.913999900817871,0.9259997749328615,bear_steep,bear_steep,normal,68
2007-11-21,4.02400016784668,2.99,1.0340001678466795,1.0860002899169912,bear_steep,bear_steep,normal,69
2007-11-23,4.01200008392334,3.07,0.94200008392334,0.9849998664855959,bear_steep,bear_steep,normal,70
2007-11-26,3.846999883651733,2.92,0.926999883651733,0.9780000591278069,bear_steep,bear_steep,normal,71
2007-11-27,3.944000005722046,3.05,0.8940000057220461,0.9649997806549075,bear_steep,bear_steep,normal,72
2007-11-28,4.025000095367432,3.17,0.8550000953674317,0.9220001220703127,bear_steep,bear_steep,normal,73
2007-11-29,3.940000057220459,3.06,0.8800000572204589,0.9050001716613765,bear_steep,bear_steep,normal,74
2007-11-30,3.971999883651733,3.04,0.9319998836517329,0.9500000476837154,bear_steep,bear_steep,normal,75
2007-12-03,3.8949999809265137,2.9,0.9949999809265138,1.0290002059936527,bear_steep,bear_steep,normal,76
2007-12-04,3.888999938964844,2.9,0.9889999389648443,1.023999862670899,bear_steep,bear_steep,normal,77
2007-12-05,3.91100001335144,2.9,1.01100001335144,1.0499999141693115,bear_steep,bear_steep,normal,78
2007-12-06,3.997999906539917,3.03,0.9679999065399172,1.0209999752044676,bear_steep,bear_steep,normal,79
2007-12-07,4.119999885559082,3.12,0.9999998855590819,0.991999759674072,bear_steep,bear_steep,normal,80
2007-12-10,4.14900016784668,3.17,0.9790001678466798,0.9699999427795412,bear_steep,bear_steep,normal,81
2007-12-11,3.990000009536743,2.94,1.0500000095367432,1.0370000934600827,bear_steep,bear_steep,normal,82
2007-12-12,4.076000213623047,3.07,1.006000213623047,0.9790003204345701,bear_steep,bear_steep,normal,83
2007-12-13,4.170000076293945,3.21,0.9600000762939453,0.9280000877380372,bear_steep,bear_steep,normal,84
2007-12-14,4.23199987411499,3.31,0.9219998741149902,0.8319999885559084,bear_steep,bear_steep,normal,85
2007-12-17,4.192999839782715,3.24,0.9529998397827146,0.9009998703002928,bear_steep,bear_steep,normal,86
2007-12-18,4.119999885559082,3.19,0.9299998855590821,0.8620001220703126,bear_steep,bear_steep,normal,87
2007-12-19,4.070000171661377,3.12,0.9500001716613768,0.9079999732971187,bear_steep,bear_steep,normal,88
2007-12-20,4.026000022888184,3.09,0.9360000228881837,0.9019999885559082,bear_steep,bear_steep,normal,89
2007-12-21,4.168000221252441,3.19,0.9780002212524415,0.9360002708435053,bear_steep,bear_steep,normal,90
2007-12-24,4.211999893188477,3.24,0.9719998931884763,0.9280001068115231,bear_steep,bear_steep,normal,91
2007-12-26,4.281000137329102,3.31,0.9710001373291015,0.9560002517700199,bear_steep,bear_steep,normal,92
2007-12-27,4.198999881744385,3.24,0.9589998817443846,0.9449999046325681,bear_steep,bear_steep,normal,93
2007-12-28,4.0960001945495605,3.12,0.9760001945495604,0.9670003509521488,bear_steep,bear_steep,normal,94
2007-12-31,4.034999847412109,3.05,0.9849998474121096,0.9779998588562018,bear_steep,bear_steep,normal,95
2008-01-02,3.901000022888184,2.88,1.0210000228881841,1.019999866485596,bear_steep,bear_steep,normal,96
2008-01-03,3.901000022888184,2.83,1.071000022888184,1.0759998893737799,bear_steep,bear_steep,normal,97
2008-01-04,3.8540000915527344,2.74,1.1140000915527342,1.1059998893737788,bear_steep,bear_steep,normal,98
2008-01-07,3.83899998664856,2.76,1.0789999866485602,1.0650001811981196,bear_steep,bear_steep,normal,99
2008-01-08,3.839999914169312,2.76,1.0799999141693122,1.0499998378753665,bear_steep,bear_steep,normal,100
2008-01-09,3.7909998893737793,2.69,1.1009998893737794,1.0689999580383298,bear_steep,bear_steep,normal,101
2008-01-10,3.88700008392334,2.71,1.1770000839233399,1.1469999885559083,bear_steep,bear_steep,normal,102
2008-01-11,3.809999942779541,2.59,1.2199999427795412,1.177999725341797,bear_steep,bear_steep,normal,103
2008-01-14,3.7929999828338623,2.58,1.2129999828338622,1.1970000743865965,bear_steep,bear_steep,normal,104
2008-01-15,3.700999975204468,2.53,1.1709999752044684,1.1569999599456793,bear_steep,bear_steep,normal,105
2008-01-16,3.711999893188477,2.51,1.2019998931884772,1.1739999389648443,bear_steep,bear_steep,normal,106
2008-01-17,3.640000104904175,2.44,1.2000001049041749,1.1699999904632565,bear_steep,bear_steep,normal,107
2008-01-18,3.6480000019073486,2.36,1.2880000019073488,1.2759998035430908,bear_steep,bear_steep,normal,108
2008-01-22,3.483999967575073,2.08,1.4039999675750727,1.4080000591278075,bear_steep,bear_steep,normal,109
2008-01-23,3.4260001182556152,2.09,1.3360001182556154,1.3720003318786622,bear_steep,bear_steep,normal,110
2008-01-24,3.640000104904175,2.25,1.3900001049041748,1.4300002384185788,bear_steep,bear_steep,normal,111
2008-01-25,3.5840001106262207,2.23,1.3540001106262207,1.3979999542236325,bear_steep,bear_steep,normal,112
2008-01-28,3.5859999656677246,2.2,1.3859999656677244,1.4320001411437984,bear_steep,bear_steep,normal,113
2008-01-29,3.6579999923706055,2.29,1.3679999923706054,1.4299997711181645,bear_steep,bear_steep,normal,114
2008-01-30,3.733000040054321,2.3,1.433000040054321,1.4850002765655517,bear_steep,bear_steep,normal,115
2008-01-31,3.638999938964844,2.17,1.4689999389648443,1.508999862670899,bear_steep,bear_steep,normal,116
2008-02-01,3.5999999046325684,2.09,1.5099999046325685,1.54999984741211,bear_steep,bear_steep,normal,117
2008-02-04,3.642999887466431,2.08,1.562999887466431,1.6009999942779545,bear_steep,bear_steep,normal,118
2008-02-05,3.586999893188477,1.93,1.656999893188477,1.6789997100830087,bear_steep,bear_steep,normal,119
2008-02-06,3.614000082015991,1.96,1.6540000820159912,1.6780000400543216,bear_steep,bear_steep,normal,120
2008-02-07,3.736000061035156,1.99,1.7460000610351558,1.762000160217285,bear_steep,bear_steep,normal,121
2008-02-08,3.6540000438690186,1.93,1.7240000438690186,1.7459999370574948,bear_steep,bear_steep,normal,122
2008-02-11,3.618000030517578,1.93,1.6880000305175782,1.6870001792907716,bear_steep,bear_steep,normal,123
2008-02-12,3.678999900817871,1.94,1.7389999008178711,1.7299996948242184,bear_steep,bear_steep,normal,124
2008-02-13,3.694000005722046,1.91,1.784000005722046,1.7770001316070554,bear_steep,bear_steep,normal,125
2008-02-14,3.818000078201294,1.93,1.888000078201294,1.8770000171661374,bear_steep,bear_steep,normal,126
2008-02-15,3.7799999713897705,1.91,1.8699999713897706,1.8680000019073486,bear_steep,bear_steep,normal,127
2008-02-19,3.875,2.06,1.815,1.8270002174377438,bear_steep,bear_steep,normal,128
2008-02-20,3.9170000553131104,2.14,1.7770000553131102,1.8070001888275145,bear_steep,bear_steep,normal,129
2008-02-21,3.783999919891357,1.98,1.803999919891357,1.81800006866455,bear_steep,bear_steep,normal,130
2008-02-22,3.7899999618530273,1.98,1.8099999618530274,1.851000061035156,bear_steep,bear_steep,normal,131
2008-02-25,3.901999950408936,2.13,1.771999950408936,1.786000118255616,bear_steep,bear_steep,normal,132
2008-02-26,3.859999895095825,2.04,1.8199998950958252,1.8200001049041745,bear_steep,bear_steep,normal,133
2008-02-27,3.849999904632568,2.01,1.8399999046325681,1.770999927520752,bear_steep,bear_steep,normal,134
2008-02-28,3.714999914169312,1.87,1.8449999141693119,1.7369998836517335,bear_steep,bear_steep,normal,135
2008-02-29,3.5339999198913574,1.65,1.8839999198913575,1.7569998359680175,bear_steep,bear_steep,normal,136
2008-03-03,3.5339999198913574,1.61,1.9239999198913573,1.7559997749328613,bear_steep,bear_steep,normal,137
2008-03-04,3.5789999961853027,1.65,1.9289999961853028,1.8090001869201662,bear_steep,bear_steep,normal,138
2008-03-05,3.693000078201294,1.66,2.033000078201294,1.916000070571899,bear_steep,bear_steep,normal,139
2008-03-06,3.621999979019165,1.53,2.091999979019165,1.9709999752044673,bear_steep,bear_steep,normal,140
2008-03-07,3.5409998893737797,1.53,2.01099988937378,1.878999691009522,bear_steep,bear_steep,normal,141
2008-03-10,3.437999963760376,1.47,1.967999963760376,1.8219999980926518,bear_steep,bear_steep,normal,142
2008-03-11,3.595999956130981,1.74,1.855999956130981,1.7029998111724847,bear_steep,bear_steep,normal,143
2008-03-12,3.4830000400543213,1.63,1.8530000400543214,1.6699999332427984,bear_steep,bear_steep,normal,144
2008-03-13,3.5339999198913574,1.63,1.9039999198913575,1.6859999084472657,bear_steep,bear_steep,normal,145
2008-03-14,3.4210000038146973,1.47,1.9510000038146973,1.7429999351501466,bear_steep,bear_steep,normal,146
2008-03-17,3.313999891281128,1.35,1.9639998912811278,1.7630000591278079,bear_steep,bear_steep,normal,147
2008-03-18,3.450999975204468,1.58,1.8709999752044681,1.7109998035430913,bear_steep,bear_steep,normal,148
2008-03-19,3.361999988555908,1.54,1.8219999885559082,1.66399995803833,bear_steep,bear_steep,normal,149
2008-03-20,3.328000068664551,1.59,1.7380000686645507,1.5750000762939453,bear_steep,bear_steep,normal,150
2008-03-24,3.5220000743865967,1.84,1.6820000743865966,1.5439999294281008,bear_steep,bear_steep,normal,151
2008-03-25,3.492000102996826,1.79,1.7020001029968261,1.5419999122619625,bear_steep,bear_steep,normal,152
2008-03-26,3.49399995803833,1.71,1.7839999580383301,1.6299999046325686,bear_steep,bear_steep,normal,153
2008-03-27,3.5339999198913574,1.73,1.8039999198913574,1.5989997482299807,bear_steep,bear_steep,normal,154
2008-03-28,3.4660000801086426,1.67,1.7960000801086426,1.607000160217285,bear_steep,bear_steep,normal,155
2008-03-31,3.431999921798706,1.62,1.811999921798706,1.6239998149871822,bear_steep,bear_steep,normal,156
2008-04-01,3.5450000762939453,1.8,1.7450000762939453,1.5550001525878903,bear_steep,bear_steep,normal,157
2008-04-02,3.5829999446868896,1.88,1.7029999446868898,1.526999769210816,bear_steep,bear_steep,normal,158
2008-04-03,3.5910000801086426,1.91,1.6810000801086427,1.5140002059936528,bear_steep,bear_steep,normal,159
2008-04-04,3.4809999465942383,1.83,1.6509999465942382,1.5000000572204586,bear_steep,bear_steep,normal,160
2008-04-07,3.555999994277954,1.95,1.6059999942779541,1.4379999256134035,bear_steep,bear_steep,normal,161
2008-04-08,3.558000087738037,1.87,1.688000087738037,1.517999858856201,bear_steep,bear_steep,normal,162
2008-04-09,3.4660000801086426,1.77,1.6960000801086426,1.5380002021789543,bear_steep,bear_steep,normal,163
2008-04-10,3.532000064849853,1.84,1.692000064849853,1.5260002136230464,bear_steep,bear_steep,normal,164
2008-04-11,3.470999956130981,1.76,1.710999956130981,1.5469997310638421,bear_steep,bear_steep,normal,165
2008-04-14,3.503000020980835,1.78,1.723000020980835,1.5490002536773677,bear_steep,bear_steep,normal,166
2008-04-15,3.569999933242798,1.84,1.7299999332427978,1.5660001277923576,bear_steep,bear_steep,normal,167
2008-04-16,3.696000099182129,1.98,1.716000099182129,1.499000148773192,bear_steep,bear_steep,normal,168
2008-04-17,3.7290000915527344,2.13,1.5990000915527345,1.3709999847412107,bear_steep,bear_steep,normal,169
2008-04-18,3.743000030517578,2.19,1.5530000305175782,1.339000129699707,bear_steep,bear_steep,normal,170
2008-04-21,3.711999893188477,2.2,1.5119998931884768,1.3009999847412108,bear_steep,bear_steep,normal,171
2008-04-22,3.7200000286102295,2.24,1.4800000286102293,1.281000204086303,bear_steep,bear_steep,normal,172
2008-04-23,3.7300000190734863,2.22,1.5100000190734861,1.3470002365112301,bear_steep,bear_steep,normal,173
2008-04-24,3.82699990272522,2.41,1.41699990272522,1.1770000934600833,bear_steep,bear_steep,normal,174
2008-04-25,3.865999937057495,2.44,1.4259999370574952,1.1549999904632569,bear_steep,bear_steep,normal,175
2008-04-28,3.8350000381469727,2.36,1.4750000381469728,1.2920000076293943,bear_steep,bear_steep,normal,176
2008-04-29,3.825000047683716,2.35,1.4750000476837157,1.2549999141693111,bear_steep,bear_steep,normal,177
2008-04-30,3.759000062942505,2.29,1.4690000629425048,1.1690001010894777,bear_steep,bear_steep,normal,178
2008-05-01,3.749000072479248,2.37,1.379000072479248,1.073000049591064,bear_steep,bear_steep,normal,179
2008-05-02,3.8450000286102295,2.47,1.3750000286102293,1.0570001506805409,bear_steep,bear_steep,normal,180
2008-05-05,3.8450000286102295,2.42,1.4250000286102296,1.083000154495239,bear_steep,bear_steep,normal,181
2008-05-06,3.892999887466431,2.38,1.5129998874664312,1.0770000362396241,bear_steep,bear_steep,normal,182
2008-05-07,3.867000102996826,2.31,1.5570001029968261,1.0370001983642578,bear_steep,bear_steep,normal,183
2008-05-08,3.805000066757202,2.25,1.5550000667572021,1.0620002079010007,bear_steep,bear_steep,normal,184
2008-05-09,3.766999959945679,2.25,1.5169999599456792,0.9930001354217537,bear_steep,bear_steep,normal,185
2008-05-12,3.775000095367432,2.3,1.4750000953674323,0.9349999427795415,bear_steep,bear_steep,normal,186
2008-05-13,3.908999919891357,2.47,1.4389999198913568,0.9690000343322751,bear_steep,bear_steep,normal,187
2008-05-14,3.937999963760376,2.53,1.4079999637603762,0.9899999332427982,bear_steep,bear_steep,normal,188
2008-05-15,3.8429999351501465,2.45,1.3929999351501463,1.0600000381469723,bear_steep,bear_steep,normal,189
2008-05-16,3.849999904632568,2.47,1.3799999046325677,1.0639997100830074,bear_steep,bear_steep,normal,190
2008-05-19,3.83899998664856,2.42,1.41899998664856,1.0189997768402104,bear_steep,bear_steep,normal,191
2008-05-20,3.776000022888184,2.34,1.4360000228881842,1.0230000495910647,bear_steep,bear_steep,normal,192
2008-05-21,3.822000026702881,2.41,1.4120000267028807,0.9900001716613769,bear_steep,bear_steep,normal,193
2008-05-22,3.921000003814697,2.56,1.3610000038146968,0.9739998245239248,bear_steep,bear_steep,normal,194
2008-05-23,3.8310000896453857,2.46,1.3710000896453858,0.9430000019073486,bear_steep,bear_steep,normal,195
2008-05-27,3.921000003814697,2.55,1.371000003814697,0.9279999542236328,bear_steep,bear_steep,normal,196
2008-05-28,4.008999824523926,2.62,1.3889998245239257,0.9689998245239257,bear_steep,bear_steep,normal,197
2008-05-29,4.078999996185303,2.67,1.4089999961853028,0.9409999656677246,bear_steep,bear_steep,normal,198
2008-05-30,4.046000003814697,2.66,1.3860000038146971,0.9320001220703125,bear_steep,bear_steep,normal,199
2008-06-02,3.970999956130981,2.51,1.4609999561309812,1.0470001125335693,bear_steep,bear_steep,normal,200
2008-06-03,3.8980000019073486,2.45,1.4480000019073485,0.9900000095367432,bear_steep,bear_steep,normal,201
2008-06-04,3.940000057220459,2.47,1.4700000572204588,1.0680001831054686,bear_steep,bear_steep,normal,202
2008-06-05,4.025000095367432,2.52,1.5050000953674316,1.0930002021789549,bear_steep,bear_steep,normal,203
2008-06-06,3.937999963760376,2.4,1.537999963760376,1.1480001735687257,bear_steep,bear_steep,normal,204
2008-06-09,3.992000102996826,2.73,1.2620001029968262,0.7820000839233399,bear_steep,bear_steep,normal,205
2008-06-10,4.098999977111816,2.91,1.1889999771118163,0.6649998092651366,bear_steep,bear_steep,normal,206
2008-06-11,4.072999954223633,2.83,1.2429999542236327,0.6710000228881832,bear_steep,bear_steep,normal,207
2008-06-12,4.204999923706055,3.03,1.1749999237060549,0.6029999542236326,bear_steep,bear_steep,normal,208
2008-06-13,4.261000156402588,3.05,1.211000156402588,0.6370000839233398,bear_steep,bear_steep,normal,209
2008-06-16,4.244999885559082,3.02,1.224999885559082,0.6110000419616699,bear_steep,bear_steep,normal,210
2008-06-17,4.224999904632568,2.94,1.2849999046325684,0.6350000190734866,bear_steep,bear_steep,normal,211
2008-06-18,4.15399980545044,2.89,1.2639998054504402,0.6409998512268076,bear_steep,bear_steep,normal,212
2008-06-19,4.198999881744385,2.99,1.2089998817443846,0.599999885559082,bear_steep,bear_steep,normal,213
2008-06-20,4.13700008392334,2.88,1.25700008392334,0.7199999237060544,bear_steep,bear_steep,normal,214
2008-06-23,4.168000221252441,2.98,1.1880002212524414,0.6390004158020011,bear_steep,bear_steep,normal,215
2008-06-24,4.105000019073486,2.87,1.2350000190734862,0.7119997978210444,bear_steep,bear_steep,normal,216
2008-06-25,4.114999771118164,2.82,1.2949997711181642,0.7720000076293947,bear_steep,bear_steep,normal,217
2008-06-26,4.0329999923706055,2.68,1.3529999923706053,0.7930001258850097,bear_steep,bear_steep,normal,218
2008-06-27,3.990000009536743,2.65,1.3400000095367433,0.83899998664856,bear_steep,bear_steep,normal,219
2008-06-30,3.9790000915527344,2.63,1.3490000915527345,0.8520002555847173,bear_steep,bear_steep,normal,220
2008-07-01,3.992000102996826,2.63,1.3620001029968263,0.8330001831054688,bear_steep,bear_steep,normal,221
2008-07-02,3.9590001106262207,2.6,1.3590001106262206,0.9020003128051761,bear_steep,bear_steep,normal,222
2008-07-03,3.973000049591065,2.54,1.4330000495910649,0.9800001907348634,bear_steep,bear_steep,normal,223
2008-07-07,3.930000066757202,2.47,1.460000066757202,0.9249998569488525,bear_steep,bear_steep,normal,224
2008-07-08,3.880000114440918,2.47,1.4100001144409178,0.8640001106262205,bear_steep,bear_steep,normal,225
2008-07-09,3.8340001106262207,2.41,1.4240001106262206,0.8510003280639649,bear_steep,bear_steep,normal,226
2008-07-10,3.811000108718872,2.44,1.3710001087188721,0.7700000858306884,bear_steep,bear_steep,normal,227
2008-07-11,3.940000057220459,2.59,1.3500000572204591,0.8069999313354494,bear_steep,bear_steep,normal,228
2008-07-14,3.880000114440918,2.47,1.4100001144409178,0.8149999046325682,bear_steep,bear_steep,normal,229
2008-07-15,3.8440001010894775,2.39,1.4540001010894774,0.863000249862671,bear_steep,bear_steep,normal,230
2008-07-16,3.934000015258789,2.44,1.4940000152587891,0.881999778747558,bear_steep,bear_steep,normal,231
2008-07-17,4.038000106811523,2.58,1.4580001068115234,0.8390001678466796,bear_steep,bear_steep,normal,232
2008-07-18,4.080999851226807,2.66,1.4209998512268065,0.8279999542236327,bear_steep,bear_steep,normal,233
2008-07-21,4.066999912261963,2.66,1.4069999122619627,0.8440000152587888,bear_steep,bear_steep,normal,234
2008-07-22,4.0970001220703125,2.74,1.3570001220703123,0.8220002174377439,bear_steep,bear_steep,normal,235
2008-07-23,4.1479997634887695,2.81,1.3379997634887695,0.7469997024536132,bear_steep,bear_steep,normal,236
2008-07-24,4.015999794006348,2.61,1.4059997940063478,0.7749999046325686,bear_steep,bear_steep,normal,237
2008-07-25,4.111000061035156,2.7,1.411000061035156,0.7830002212524412,bear_steep,bear_steep,normal,238
2008-07-28,4.01800012588501,2.59,1.42800012588501,0.7710002517700199,bear_steep,bear_steep,normal,239
2008-07-29,4.044000148773193,2.65,1.3940001487731934,0.6700000381469726,bear_steep,bear_steep,normal,240
2008-07-30,4.047999858856201,2.64,1.407999858856201,0.6050000953674317,bear_steep,bear_steep,normal,241
2008-07-31,3.9790000915527344,2.52,1.4590000915527344,0.6540001869201659,bear_steep,bear_steep,normal,242
2008-08-01,3.947999954223633,2.51,1.437999954223633,0.7219999122619631,bear_steep,bear_steep,normal,243
2008-08-04,3.971999883651733,2.53,1.4419998836517331,0.7429998302459713,bear_steep,bear_steep,normal,244
2008-08-05,4.006999969482422,2.54,1.4669999694824218,0.6580000495910645,bear_steep,bear_steep,normal,245
2008-08-06,4.047999858856201,2.56,1.4879998588562011,0.6679997634887695,bear_steep,bear_steep,normal,246
2008-08-07,3.934999942779541,2.43,1.5049999427795409,0.6059999465942383,bear_steep,bear_steep,normal,247
2008-08-08,3.950000047683716,2.51,1.440000047683716,0.5260001468658451,bear_steep,bear_steep,normal,248
2008-08-11,4.001999855041504,2.56,1.4419998550415039,0.4079996871948244,bear_steep,bear_steep,normal,249
2008-08-12,3.9179999828338623,2.45,1.4679999828338621,0.5259998989105221,bear_steep,bear_steep,normal,250
2008-08-13,3.947000026702881,2.5,1.4470000267028809,0.5200001430511478,bear_steep,bear_steep,normal,251
2008-08-14,3.891999959945679,2.45,1.441999959945679,0.5479999542236329,bear_steep,bear_steep,normal,252
2008-08-15,3.8519999980926514,2.4,1.4519999980926515,0.5969999027252197,bear_steep,bear_steep,normal,253
2008-08-18,3.815999984741211,2.35,1.4659999847412108,0.5859999275207519,bear_steep,bear_steep,normal,254
2008-08-19,3.8420000076293945,2.32,1.5220000076293947,0.5900001239776618,bear_steep,bear_steep,normal,255
2008-08-20,3.799000024795532,2.25,1.5490000247955318,0.554000043869018,bear_steep,bear_steep,normal,256
2008-08-21,3.838000059127808,2.33,1.508000059127808,0.5190001201629637,bear_steep,bear_steep,normal,257
2008-08-22,3.867000102996826,2.42,1.4470001029968262,0.43600008964538617,bear_steep,bear_steep,normal,258
2008-08-25,3.7909998893737793,2.33,1.4609998893737792,0.49299998283386204,bear_steep,bear_steep,normal,259
2008-08-26,3.783999919891357,2.35,1.4339999198913569,0.43400003433227496,bear_steep,bear_steep,normal,260
2008-08-27,3.7720000743865967,2.31,1.4620000743865966,0.48299990653991687,bear_steep,bear_steep,normal,261
2008-08-28,3.795000076293945,2.37,1.4250000762939448,0.37500006675720154,normal,bear_steep,normal,262
2008-08-29,3.812999963760376,2.36,1.452999963760376,0.44699975013732907,bear_steep,bear_steep,normal,263
2008-09-02,3.746000051498413,2.26,1.4860000514984133,0.525999975204468,bear_steep,bear_steep,normal,264
2008-09-03,3.697000026702881,2.26,1.437000026702881,0.5150001525878909,bear_steep,bear_steep,normal,265
2008-09-04,3.642999887466431,2.2,1.442999887466431,0.4900000476837163,bear_steep,bear_steep,normal,266
2008-09-05,3.660000085830689,2.23,1.430000085830689,0.5000002002716069,bear_steep,bear_steep,normal,267
2008-09-08,3.6649999618530273,2.3,1.3649999618530275,0.4149997901916507,bear_steep,bear_steep,normal,268
2008-09-09,3.595999956130981,2.23,1.365999956130981,0.4299999332427973,bear_steep,bear_steep,normal,269
2008-09-10,3.641000032424927,2.22,1.421000032424927,0.44299981117248555,bear_steep,bear_steep,normal,270
2008-09-11,3.621999979019165,2.18,1.4419999790191649,0.47000008583068853,bear_steep,bear_steep,normal,271
2008-09-12,3.7300000190734863,2.23,1.5000000190734863,0.5289998817443848,bear_steep,bear_steep,normal,272
2008-09-15,3.4830000400543213,1.78,1.7030000400543213,0.7440001583099367,bear_steep,bear_steep,normal,273
2008-09-16,3.490999937057495,1.89,1.6009999370574952,0.6249997425079348,bear_steep,bear_steep,normal,274
2008-09-17,3.4100000858306885,1.64,1.7700000858306886,0.785000238418579,bear_steep,bear_steep,normal,275
2008-09-18,3.437000036239624,1.78,1.657000036239624,0.6360000133514399,bear_steep,bear_steep,normal,276
2008-09-19,3.7690000534057617,2.16,1.6090000534057616,0.5380000305175776,bear_steep,bear_steep,normal,277
2008-09-22,3.825999975204468,2.13,1.6959999752044683,0.5819998836517342,bear_steep,bear_steep,normal,278
2008-09-23,3.8410000801086426,2.11,1.7310000801086427,0.6520000934600825,bear_steep,bear_steep,normal,279
2008-09-24,3.7709999084472656,2.03,1.7409999084472658,0.6609999942779536,bear_steep,bear_steep,normal,280
2008-09-25,3.861999988555908,2.16,1.701999988555908,0.6010000991821287,bear_steep,bear_steep,normal,281
2008-09-26,3.82699990272522,2.11,1.7169999027252203,0.5399998188018804,bear_steep,bear_steep,normal,282
2008-09-29,3.631999969482422,1.7,1.931999969482422,0.7120000267028808,bear_steep,bear_steep,normal,283
2008-09-30,3.82699990272522,2.0,1.8269999027252202,0.6139999198913579,bear_steep,bear_steep,normal,284
2008-10-01,3.767999887466431,1.82,1.947999887466431,0.7769999122619626,bear_steep,bear_steep,normal,285
2008-10-02,3.6459999084472656,1.62,2.0259999084472655,0.8240000152587883,bear_steep,bear_steep,normal,286
2008-10-03,3.6440000534057617,1.6,2.0440000534057616,0.8439999485015868,bear_steep,bear_steep,normal,287
2008-10-06,3.4260001182556152,1.43,1.9960001182556153,0.7080001163482665,bear_steep,bear_steep,normal,288
2008-10-07,3.50600004196167,1.47,2.03600004196167,0.6320000743865974,bear_steep,bear_steep,normal,289
2008-10-08,3.714999914169312,1.65,2.064999914169312,0.7289997959136967,bear_steep,bear_steep,normal,290
2008-10-09,3.8340001106262207,1.65,2.184000110626221,0.794000005722046,bear_steep,bear_steep,normal,291
2008-10-10,3.861000061035156,1.62,2.2410000610351557,0.886999950408935,bear_steep,bear_steep,normal,292
2008-10-14,4.0229997634887695,1.82,2.2029997634887692,0.8169997978210448,bear_steep,bear_steep,normal,293
2008-10-15,4.011000156402588,1.64,2.371000156402588,1.0030001640319828,bear_steep,bear_steep,normal,294
2008-10-16,3.936000108718872,1.61,2.3260001087188718,0.8930000686645507,bear_steep,bear_steep,normal,295
2008-10-17,3.937999963760376,1.64,2.2979999637603763,0.829000024795532,bear_steep,bear_steep,normal,296
2008-10-20,3.885999917984009,1.71,2.175999917984009,0.6660000133514403,bear_steep,bear_steep,normal,297
2008-10-21,3.703000068664551,1.58,2.1230000686645507,0.5600001811981197,bear_steep,bear_steep,normal,298
2008-10-22,3.618000030517578,1.53,2.088000030517578,0.4310001373291008,bear_steep,bear_steep,normal,299
2008-10-23,3.5339999198913574,1.54,1.9939999198913574,0.33999983787536614,normal,bear_steep,normal,300
2008-10-24,3.697000026702881,1.57,2.1270000267028806,0.38099996566772476,normal,bear_steep,normal,301
2008-10-27,3.7290000915527344,1.59,2.1390000915527345,0.4150000476837159,bear_steep,bear_steep,normal,302
2008-10-28,3.819999933242798,1.65,2.169999933242798,0.48199990272521975,bear_steep,bear_steep,normal,303
2008-10-29,3.874000072479248,1.58,2.294000072479248,0.5550001716613768,bear_steep,bear_steep,normal,304
2008-10-30,3.938999891281128,1.59,2.348999891281128,0.5649998855590821,bear_steep,bear_steep,normal,305
2008-10-31,3.9700000286102295,1.56,2.4100000286102294,0.5219999504089354,bear_steep,bear_steep,normal,306
2008-11-03,3.9040000438690186,1.45,2.4540000438690184,0.5840000724792478,bear_steep,bear_steep,normal,307
2008-11-04,3.765000104904175,1.39,2.375000104904175,0.5600001049041752,bear_steep,bear_steep,normal,308
2008-11-05,3.694000005722046,1.36,2.3340000057220456,0.5569999504089354,bear_steep,bear_steep,normal,309
2008-11-06,3.7070000171661377,1.28,2.4270000171661374,0.6230000972747805,bear_steep,bear_steep,normal,310
2008-11-07,3.7799999713897705,1.33,2.4499999713897704,0.6400000095367431,bear_steep,bear_steep,normal,311
2008-11-10,3.759999990463257,1.27,2.489999990463257,0.7180000400543207,bear_steep,bear_steep,normal,312
2008-11-12,3.6649999618530273,1.19,2.4749999618530274,0.6550000667572022,bear_steep,bear_steep,normal,313
2008-11-13,3.818000078201294,1.24,2.5780000782012937,0.7380001735687256,bear_steep,bear_steep,normal,314
2008-11-14,3.75,1.22,2.5300000000000002,0.6850000858306884,bear_steep,bear_steep,normal,315
2008-11-17,3.684000015258789,1.22,2.4640000152587893,0.5800000953674318,bear_steep,bear_steep,normal,316
2008-11-18,3.5350000858306885,1.15,2.3850000858306886,0.46100016593933124,bear_steep,bear_steep,normal,317
2008-11-19,3.3910000324249268,1.09,2.301000032424927,0.3720000362396241,normal,bear_steep,normal,318
2008-11-20,3.1440000534057617,1.0,2.1440000534057617,0.11099997520446792,normal,bear_steep,normal,319
2008-11-21,3.1670000553131104,1.09,2.0770000553131105,-0.014999923706054297,normal,bear_steep,normal,320
2008-11-24,3.3399999141693115,1.31,2.0299999141693115,0.019000024795531534,normal,bear_steep,normal,321
2008-11-25,3.0920000076293945,1.15,1.9420000076293946,-0.025999956130981383,normal,normal,bear_steep,1
2008-11-26,3.000999927520752,1.09,1.9109999275207519,0.05499997138977086,normal,normal,bear_steep,2
2008-11-28,2.9570000171661377,1.0,1.9570000171661377,0.1039999771118163,normal,normal,bear_steep,3
2008-12-01,2.719000101089477,0.9,1.8190001010894772,-0.08499981880188034,normal,normal,bear_steep,4
2008-12-02,2.693000078201294,0.9,1.793000078201294,-0.15799992561340326,normal,normal,bear_steep,5
2008-12-03,2.6760001182556152,0.87,1.8060001182556151,-0.1579997730255127,normal,normal,bear_steep,6
2008-12-04,2.569999933242798,0.82,1.749999933242798,-0.12100004196167014,normal,normal,bear_steep,7
2008-12-05,2.657000064849853,0.93,1.727000064849853,-0.09499992370605526,normal,normal,bear_steep,8
2008-12-08,2.733999967575073,0.97,1.7639999675750728,0.025999898910522123,normal,normal,bear_steep,9
2008-12-09,2.6689999103546143,0.84,1.8289999103546144,0.1469998359680178,normal,normal,bear_steep,10
2008-12-10,2.684000015258789,0.86,1.8240000152587892,0.12199991226196305,normal,normal,bear_steep,11
2008-12-11,2.6480000019073486,0.79,1.8580000019073486,0.07400004386901848,normal,normal,bear_steep,12
2008-12-12,2.58899998664856,0.78,1.80899998664856,0.005000066757202548,normal,normal,bear_steep,13
2008-12-15,2.532999992370605,0.75,1.782999992370605,-0.013000087738037625,normal,normal,bear_steep,14
2008-12-16,2.36299991607666,0.65,1.7129999160766602,-0.0990000057220457,normal,normal,bear_steep,15
2008-12-17,2.190000057220459,0.73,1.460000057220459,-0.28500001907348627,normal,normal,bear_steep,16
2008-12-18,2.0739998817443848,0.68,1.3939998817443846,-0.30900006294250515,normal,normal,bear_steep,17
2008-12-19,2.13100004196167,0.74,1.39100004196167,-0.2900000381469727,normal,normal,bear_steep,18
2008-12-22,2.1410000324249268,0.87,1.2710000324249267,-0.37999991416931156,normal,normal,bear_steep,19
2008-12-23,2.1630001068115234,0.9,1.2630001068115235,-0.3429998874664306,normal,normal,bear_steep,20
2008-12-24,2.178999900817871,0.9,1.2789999008178712,-0.4090001869201658,bull_steep,normal,bear_steep,21
2008-12-26,2.13700008392334,0.89,1.2470000839233397,-0.44899999618530284,bull_steep,normal,bear_steep,22
2008-12-29,2.095999956130981,0.78,1.315999956130981,-0.376000108718872,normal,normal,bear_steep,23
2008-12-30,2.086999893188477,0.75,1.336999893188477,-0.374000062942504,normal,normal,bear_steep,24
2008-12-31,2.24399995803833,0.76,1.48399995803833,-0.23900006294250487,normal,normal,bear_steep,25
2009-01-02,2.4159998893737797,0.88,1.5359998893737798,-0.19400004386901792,normal,normal,bear_steep,26
2009-01-05,2.48799991607666,0.78,1.7079999160766601,-0.008000183105468794,normal,normal,bear_steep,27
2009-01-06,2.505000114440918,0.8,1.705000114440918,0.10600002288818344,normal,normal,bear_steep,28
2009-01-07,2.49399995803833,0.82,1.6739999580383302,0.12099992752075206,normal,normal,bear_steep,29
2009-01-08,2.444999933242798,0.83,1.6149999332427978,0.10300004005432095,normal,normal,bear_steep,30
2009-01-09,2.407000064849853,0.75,1.657000064849853,0.1770000362396238,normal,normal,bear_steep,31
2009-01-12,2.309000015258789,0.74,1.569000015258789,0.05899999618530294,normal,normal,bear_steep,32
2009-01-13,2.296999931335449,0.76,1.5369999313354492,0.12000002861022918,normal,normal,bear_steep,33
2009-01-14,2.213000059127808,0.73,1.483000059127808,0.05700012207031291,normal,normal,bear_steep,34
2009-01-15,2.200999975204468,0.73,1.4709999752044682,-0.004000062942504545,normal,normal,bear_steep,35
2009-01-16,2.303999900817871,0.73,1.5739999008178711,0.09899985313415538,normal,normal,bear_steep,36
2009-01-20,2.345000028610229,0.73,1.615000028610229,0.14599996566772422,normal,normal,bear_steep,37
2009-01-21,2.526000022888184,0.78,1.746000022888184,0.36699995040893607,normal,normal,bear_steep,38
2009-01-22,2.594000101089477,0.75,1.844000101089477,0.4690000724792478,bear_steep,normal,bear_steep,39
2009-01-23,2.621999979019165,0.83,1.791999979019165,0.3669999504089354,normal,normal,bear_steep,40
2009-01-26,2.6429998874664307,0.85,1.7929998874664306,0.27999999999999936,normal,normal,bear_steep,41
2009-01-27,2.5190000534057617,0.87,1.6490000534057616,0.0919999504089355,normal,normal,bear_steep,42
2009-01-28,2.6559998989105225,0.89,1.7659998989105223,0.2109998321533202,normal,normal,bear_steep,43
2009-01-29,2.815000057220459,0.95,1.865000057220459,0.3480000972747799,normal,normal,bear_steep,44
2009-01-30,2.844000101089477,0.94,1.9040001010894771,0.4290000057220449,bear_steep,normal,bear_steep,45
2009-02-02,2.719000101089477,0.89,1.829000101089477,0.3900001811981202,normal,normal,bear_steep,46
2009-02-03,2.8420000076293945,0.96,1.8820000076293946,0.4740000438690184,bear_steep,normal,bear_steep,47
2009-02-04,2.9140000343322754,0.98,1.9340000343322754,0.5410000991821291,bear_steep,normal,bear_steep,48
2009-02-05,2.900000095367432,0.98,1.920000095367432,0.5400001907348644,bear_steep,normal,bear_steep,49
2009-02-06,2.9790000915527344,0.99,1.9890000915527344,0.5700001049041743,bear_steep,normal,bear_steep,50
2009-02-09,3.0269999504089355,1.05,1.9769999504089355,0.5409999275207513,bear_steep,bear_steep,normal,1
2009-02-10,2.8469998836517334,0.92,1.9269998836517335,0.5149998569488528,bear_steep,bear_steep,normal,2
2009-02-11,2.76200008392334,0.93,1.8320000839233397,0.4710000801086429,bear_steep,bear_steep,normal,3
2009-02-12,2.726999998092652,0.89,1.8369999980926517,0.4659999084472659,bear_steep,bear_steep,normal,4
2009-02-13,2.881999969482422,0.97,1.911999969482422,0.5409999656677249,bear_steep,bear_steep,normal,5
2009-02-17,2.6619999408721924,0.87,1.7919999408721923,0.4030001163482666,bear_steep,bear_steep,normal,6
2009-02-18,2.7279999256134038,0.97,1.7579999256134038,0.348999929428101,normal,bear_steep,normal,7
2009-02-19,2.8570001125335693,1.01,1.8470001125335693,0.4610001087188722,bear_steep,bear_steep,normal,8
2009-02-20,2.7720000743865967,0.96,1.8120000743865967,0.3510001182556155,normal,bear_steep,normal,9
2009-02-23,2.7769999504089355,0.96,1.8169999504089356,0.3689999485015871,normal,bear_steep,normal,10
2009-02-24,2.799000024795532,1.03,1.7690000247955318,0.29899996757507297,normal,bear_steep,normal,11
2009-02-25,2.944999933242798,1.09,1.8549999332427978,0.34999983787536615,normal,bear_steep,normal,12
2009-02-26,2.9779999256134038,1.08,1.8979999256134037,0.35999996185302763,normal,normal,bear_steep,1
2009-02-27,3.0409998893737797,1.0,2.0409998893737797,0.7789997863769536,bear_steep,normal,bear_steep,2
2009-03-02,2.9189999103546143,0.89,2.028999910354614,0.8399999332427979,bear_steep,normal,bear_steep,3
2009-03-03,2.937999963760376,0.91,2.027999963760376,0.7850000095367431,bear_steep,normal,bear_steep,4
2009-03-04,3.010999917984009,0.97,2.040999917984009,0.8659999942779542,bear_steep,normal,bear_steep,5
2009-03-05,2.819000005722046,0.9,1.919000005722046,0.7079998493194579,bear_steep,bear_steep,normal,1
2009-03-06,2.828000068664551,0.91,1.9180000686645506,0.6930001831054686,bear_steep,bear_steep,normal,2
2009-03-09,2.885999917984009,0.96,1.9259999179840088,0.6410000133514404,bear_steep,bear_steep,normal,3
2009-03-10,2.9820001125335693,1.01,1.9720001125335693,0.7080003070831291,bear_steep,bear_steep,normal,4
2009-03-11,2.9159998893737797,1.03,1.8859998893737797,0.6770000076293952,bear_steep,bear_steep,normal,5
2009-03-12,2.8919999599456787,1.03,1.8619999599456787,0.6049998760223387,bear_steep,bear_steep,normal,6
2009-03-13,2.884999990463257,0.98,1.9049999904632569,0.7169997692108154,bear_steep,bear_steep,normal,7
2009-03-16,2.950999975204468,1.0,1.9509999752044682,0.715999956130982,bear_steep,bear_steep,normal,8
2009-03-17,3.003000020980835,1.05,1.953000020980835,0.6580002498626707,bear_steep,bear_steep,normal,9
2009-03-18,2.532999992370605,0.82,1.7129999923706052,0.3599999999999999,normal,bear_steep,normal,10
2009-03-19,2.5969998836517334,0.87,1.7269998836517333,0.38699987411499004,normal,bear_steep,normal,11
2009-03-20,2.625,0.89,1.7349999999999999,0.3859999084472654,normal,bear_steep,normal,12
2009-03-23,2.6600000858306885,0.93,1.7300000858306883,0.36799998283386204,normal,bear_steep,normal,13
2009-03-24,2.6540000438690186,0.93,1.7240000438690184,0.3649999332427978,normal,normal,bear_steep,1
2009-03-25,2.7720000743865967,0.96,1.8120000743865967,0.37900002479553185,normal,normal,bear_steep,2
2009-03-26,2.7330000400543213,0.9,1.8330000400543214,0.3729999732971194,normal,normal,bear_steep,3
2009-03-27,2.760999917984009,0.9,1.8609999179840089,0.4509998035430911,bear_steep,normal,bear_steep,4
2009-03-30,2.71399998664856,0.84,1.8739999866485602,0.4499998760223396,bear_steep,normal,bear_steep,5
2009-03-31,2.684999942779541,0.81,1.874999942779541,0.5039998340606688,bear_steep,normal,bear_steep,6
2009-04-01,2.657999992370605,0.83,1.827999992370605,0.4779999351501458,bear_steep,normal,bear_steep,7
2009-04-02,2.752000093460083,0.88,1.8720000934600831,0.46199997901916534,bear_steep,bear_steep,normal,1
2009-04-03,2.907000064849853,0.96,1.947000064849853,0.4929999637603757,bear_steep,bear_steep,normal,2
2009-04-06,2.938999891281128,0.94,1.998999891281128,0.5049998760223389,bear_steep,bear_steep,normal,3
2009-04-07,2.9089999198913574,0.91,1.9989999198913573,0.5409998130798339,bear_steep,bear_steep,normal,4
2009-04-08,2.8469998836517334,0.93,1.9169998836517332,0.49600003242492674,bear_steep,bear_steep,normal,5
2009-04-09,2.9260001182556152,0.96,1.9660001182556153,0.5590002059936525,bear_steep,bear_steep,normal,6
2009-04-13,2.845000028610229,0.89,1.955000028610229,0.5979999065399166,bear_steep,bear_steep,normal,7
2009-04-14,2.7860000133514404,0.86,1.9260000133514406,0.5880002498626711,bear_steep,bear_steep,normal,8
2009-04-15,2.759000062942505,0.86,1.899000062942505,0.4930002689361572,bear_steep,bear_steep,normal,9
2009-04-16,2.8299999237060547,0.91,1.9199999237060545,0.5089998626708985,bear_steep,bear_steep,normal,10
2009-04-17,2.930000066757202,0.99,1.9400000667572022,0.5119999408721922,bear_steep,bear_steep,normal,11
2009-04-20,2.8429999351501465,0.93,1.9129999351501463,0.5189997863769529,bear_steep,bear_steep,normal,12
2009-04-21,2.9019999504089355,0.96,1.9419999504089356,0.5340000915527345,bear_steep,bear_steep,normal,13
2009-04-22,2.96399998664856,1.0,1.96399998664856,0.5049998950958257,bear_steep,bear_steep,normal,14
2009-04-23,2.927000045776367,0.97,1.9570000457763672,0.5190000915527342,bear_steep,bear_steep,normal,15
2009-04-24,2.996000051498413,0.99,2.006000051498413,0.5640001678466797,bear_steep,bear_steep,normal,16
2009-04-27,2.9210000038146973,0.9,2.0210000038146974,0.5540000343322755,bear_steep,bear_steep,normal,17
2009-04-28,3.002000093460083,0.95,2.052000093460083,0.5640002346038817,bear_steep,bear_steep,normal,18
2009-04-29,3.095999956130981,0.94,2.155999956130981,0.6510000133514402,bear_steep,bear_steep,normal,19
2009-04-30,3.124000072479248,0.91,2.214000072479248,0.7740000247955319,bear_steep,bear_steep,normal,20
2009-05-01,3.174000024795532,0.92,2.254000024795532,0.812000169754028,bear_steep,bear_steep,normal,21
2009-05-04,3.157000064849853,0.94,2.217000064849853,0.749000082015991,bear_steep,bear_steep,normal,22
2009-05-05,3.157000064849853,0.98,2.177000064849853,0.7300000381469722,bear_steep,bear_steep,normal,23
2009-05-06,3.1519999504089355,0.96,2.1919999504089356,0.7499999904632566,bear_steep,bear_steep,normal,24
2009-05-07,3.2950000762939453,1.0,2.2950000762939453,0.8430000782012939,bear_steep,bear_steep,normal,25
2009-05-08,3.2929999828338623,1.0,2.2929999828338623,0.8269999980926515,bear_steep,bear_steep,normal,26
2009-05-11,3.180000066757202,0.92,2.260000066757202,0.7380000591278075,bear_steep,bear_steep,normal,27
2009-05-12,3.174999952316284,0.9,2.2749999523162843,0.7259999275207525,bear_steep,bear_steep,normal,28
2009-05-13,3.1050000190734863,0.89,2.215000019073486,0.7069999599456782,bear_steep,bear_steep,normal,29
2009-05-14,3.1070001125335693,0.87,2.2370001125335692,0.790000009536743,bear_steep,bear_steep,normal,30
2009-05-15,3.122999906539917,0.88,2.242999906539917,0.7820000171661379,bear_steep,bear_steep,normal,31
2009-05-18,3.2109999656677246,0.93,2.2809999656677244,0.8470000457763676,bear_steep,bear_steep,normal,32
2009-05-19,3.243000030517578,0.91,2.333000030517578,0.8709999561309814,bear_steep,bear_steep,normal,33
2009-05-20,3.20199990272522,0.87,2.33199990272522,0.9069998264312753,bear_steep,bear_steep,normal,34
2009-05-21,3.3529999256134038,0.89,2.4629999256134036,1.0099999618530275,bear_steep,bear_steep,normal,35
2009-05-22,3.447999954223633,0.92,2.527999954223633,1.0419999027252196,bear_steep,bear_steep,normal,36
2009-05-26,3.493000030517578,0.96,2.533000030517578,1.096000003814697,bear_steep,bear_steep,normal,37
2009-05-27,3.694999933242798,0.96,2.734999933242798,1.292000045776367,bear_steep,bear_steep,normal,38
2009-05-28,3.671999931335449,0.97,2.7019999313354495,1.2719998455047605,bear_steep,bear_steep,normal,39
2009-05-29,3.4649999141693115,0.92,2.5449999141693116,1.179999952316284,bear_steep,bear_steep,normal,40
2009-06-01,3.714999914169312,0.97,2.7449999141693118,1.3789999580383308,bear_steep,bear_steep,normal,41
2009-06-02,3.6440000534057617,0.96,2.6840000534057618,1.2630000209808347,bear_steep,bear_steep,normal,42
2009-06-03,3.5510001182556152,0.91,2.641000118255615,1.1990001392364502,bear_steep,bear_steep,normal,43
2009-06-04,3.7160000801086426,0.96,2.7560000801086426,1.2560000610351563,bear_steep,bear_steep,normal,44
2009-06-05,3.861999988555908,1.32,2.541999988555908,0.8389999485015867,bear_steep,bear_steep,normal,45
2009-06-08,3.888999938964844,1.42,2.4689999389648443,0.868000001907349,bear_steep,bear_steep,normal,46
2009-06-09,3.858000040054321,1.33,2.5280000400543208,0.7579999542236322,bear_steep,bear_steep,normal,47
2009-06-10,3.936000108718872,1.38,2.556000108718872,0.8990000724792482,bear_steep,bear_steep,normal,48
2009-06-11,3.861999988555908,1.35,2.511999988555908,0.9029999351501465,bear_steep,bear_steep,normal,49
2009-06-12,3.788000106811523,1.3,2.4880001068115227,0.7920001316070544,bear_steep,bear_steep,normal,50
2009-06-15,3.713000059127808,1.26,2.453000059127808,0.7219999790191651,bear_steep,bear_steep,normal,51
2009-06-16,3.674000024795532,1.23,2.444000024795532,0.703000116348266,bear_steep,bear_steep,normal,52
2009-06-17,3.6470000743865967,1.19,2.4570000743865967,0.7550000858306887,bear_steep,bear_steep,normal,53
2009-06-18,3.8340001106262207,1.28,2.5540001106262205,0.8370002079010002,bear_steep,bear_steep,normal,54
2009-06-19,3.7890000343322754,1.25,2.5390000343322754,0.6070000648498535,bear_steep,bear_steep,normal,55
2009-06-22,3.693000078201294,1.17,2.523000078201294,0.6960001754760738,bear_steep,bear_steep,normal,56
2009-06-23,3.640000104904175,1.14,2.500000104904175,0.5520002174377441,bear_steep,bear_steep,normal,57
2009-06-24,3.684999942779541,1.19,2.494999942779541,0.46900003433227555,bear_steep,bear_steep,normal,58
2009-06-25,3.5460000038146973,1.12,2.426000003814697,0.38199995040893553,normal,bear_steep,normal,59
2009-06-26,3.50600004196167,1.1,2.40600004196167,0.40999992370605454,bear_steep,bear_steep,normal,60
2009-06-29,3.492000102996826,1.11,2.382000102996826,0.3460000610351557,normal,bear_steep,normal,61
2009-06-30,3.5230000019073486,1.11,2.4130000019073483,0.34800008773803626,normal,bear_steep,normal,62
2009-07-01,3.5439999103546143,1.05,2.4939999103546144,0.30999979972839364,normal,bear_steep,normal,63
2009-07-02,3.494999885559082,0.98,2.514999885559082,0.27399982452392635,normal,bear_steep,normal,64
2009-07-06,3.50600004196167,0.96,2.54600004196167,0.3430002784729007,normal,normal,bear_steep,1
2009-07-07,3.4600000381469727,0.98,2.4800000381469727,0.10899988174438446,normal,normal,bear_steep,2
2009-07-08,3.2890000343322754,0.91,2.3790000343322752,0.0529999256134035,normal,normal,bear_steep,3
2009-07-09,3.4130001068115234,0.94,2.4730001068115235,0.1750001430511472,normal,normal,bear_steep,4
2009-07-10,3.2950000762939453,0.91,2.385000076293945,0.20900015830993635,normal,normal,bear_steep,5
2009-07-13,3.345999956130981,0.92,2.425999956130981,0.30299988746643036,normal,normal,bear_steep,6
2009-07-14,3.447000026702881,0.97,2.477000026702881,0.38899999618530323,normal,normal,bear_steep,7
2009-07-15,3.595999956130981,1.03,2.565999956130981,0.5720000362396238,bear_steep,normal,bear_steep,8
2009-07-16,3.556999921798706,1.0,2.556999921798706,0.4299998950958255,bear_steep,normal,bear_steep,9
2009-07-17,3.651000022888184,1.02,2.631000022888184,0.4919999313354495,bear_steep,normal,bear_steep,10
2009-07-20,3.5850000381469727,0.99,2.5950000381469724,0.4250001049041745,bear_steep,normal,bear_steep,11
2009-07-21,3.476999998092652,0.96,2.516999998092652,0.22299992561340387,normal,normal,bear_steep,12
2009-07-22,3.553999900817871,0.98,2.573999900817871,0.22500000953674304,normal,normal,bear_steep,13
2009-07-23,3.7090001106262207,1.08,2.6290001106262206,0.2190000820159912,normal,normal,bear_steep,14
2009-07-24,3.670000076293945,1.05,2.6200000762939446,0.16600003242492622,normal,normal,bear_steep,15
2009-07-27,3.713000059127808,1.08,2.633000059127808,0.25799995422363287,normal,normal,bear_steep,16
2009-07-28,3.687999963760376,1.12,2.567999963760376,0.2339999580383303,normal,normal,bear_steep,17
2009-07-29,3.6640000343322754,1.17,2.4940000343322755,0.06700001716613802,normal,normal,bear_steep,18
2009-07-30,3.641000032424927,1.19,2.4510000324249273,0.0010000610351568184,normal,normal,bear_steep,19
2009-07-31,3.500999927520752,1.13,2.370999927520752,-0.11900006294250476,normal,normal,bear_steep,20
2009-08-03,3.638999938964844,1.18,2.458999938964844,-0.016000022888183363,normal,normal,bear_steep,21
2009-08-04,3.678999900817871,1.2,2.478999900817871,-0.09900017738342282,normal,normal,bear_steep,22
2009-08-05,3.763999938964844,1.23,2.533999938964844,0.003999938964843963,normal,normal,bear_steep,23
2009-08-06,3.746000051498413,1.22,2.5260000514984133,0.06200003623962402,normal,normal,bear_steep,24
2009-08-07,3.8540000915527344,1.32,2.534000091552734,0.14900000572204553,normal,normal,bear_steep,25
2009-08-10,3.7709999084472656,1.24,2.5309999084472654,0.2299998760223385,normal,normal,bear_steep,26
2009-08-11,3.693000078201294,1.21,2.483000078201294,0.33900002479553226,normal,normal,bear_steep,27
2009-08-12,3.700999975204468,1.18,2.520999975204468,0.44399991989135756,bear_steep,normal,bear_steep,28
2009-08-13,3.5910000801086426,1.12,2.4710000801086425,0.441000165939331,bear_steep,normal,bear_steep,29
2009-08-14,3.558000087738037,1.07,2.488000087738037,0.5460000801086422,bear_steep,normal,bear_steep,30
2009-08-17,3.490999937057495,1.04,2.450999937057495,0.5400000095367432,bear_steep,normal,bear_steep,31
2009-08-18,3.526000022888184,1.06,2.466000022888184,0.5090000057220463,bear_steep,bear_steep,normal,1
2009-08-19,3.463000059127808,1.01,2.453000059127808,0.6339999580383306,bear_steep,bear_steep,normal,2
2009-08-20,3.434999942779541,1.03,2.4049999427795408,0.6119998645782467,bear_steep,bear_steep,normal,3
2009-08-21,3.555999994277954,1.13,2.425999994277954,0.6199998760223391,bear_steep,bear_steep,normal,4
2009-08-24,3.49399995803833,1.05,2.4439999580383303,0.6940000247955322,bear_steep,bear_steep,normal,5
2009-08-25,3.450000047683716,1.05,2.400000047683716,0.6729999828338631,bear_steep,bear_steep,normal,6
2009-08-26,3.437999963760376,1.06,2.377999963760376,0.6139999961853031,bear_steep,bear_steep,normal,7
2009-08-27,3.461999893188477,1.04,2.421999893188477,0.5929999828338626,bear_steep,bear_steep,normal,8
2009-08-28,3.450999975204468,1.01,2.440999975204468,0.6169999599456788,bear_steep,bear_steep,normal,9
2009-08-31,3.401000022888184,0.97,2.431000022888184,0.5730000209808352,bear_steep,bear_steep,normal,10
2009-09-01,3.375,0.92,2.455,0.6460000133514401,bear_steep,bear_steep,normal,11
2009-09-02,3.2950000762939453,0.89,2.405000076293945,0.6220000839233402,bear_steep,bear_steep,normal,12
2009-09-03,3.328000068664551,0.91,2.4180000686645506,0.7050001525878904,bear_steep,bear_steep,normal,13
2009-09-04,3.441999912261963,0.94,2.501999912261963,1.041999855041504,bear_steep,bear_steep,normal,14
2009-09-08,3.469000101089477,0.93,2.539000101089477,1.1450002193450923,bear_steep,bear_steep,normal,15
2009-09-09,3.4790000915527344,0.93,2.549000091552734,1.1580000495910643,bear_steep,bear_steep,normal,16
2009-09-10,3.3420000076293945,0.9,2.4420000076293946,1.170999975204468,bear_steep,bear_steep,normal,17
2009-09-11,3.3429999351501465,0.9,2.4429999351501466,1.179999828338623,bear_steep,bear_steep,normal,18
2009-09-14,3.4059998989105225,0.94,2.4659998989105225,1.1869999980926513,bear_steep,bear_steep,normal,19
2009-09-15,3.45199990272522,0.96,2.49199990272522,1.2449998188018805,bear_steep,bear_steep,normal,20
2009-09-16,3.470999956130981,1.01,2.4609999561309808,1.1449999999999998,bear_steep,bear_steep,normal,21
2009-09-17,3.3980000019073486,0.98,2.4180000019073487,1.0810001087188716,bear_steep,bear_steep,normal,22
2009-09-18,3.4739999771118164,1.03,2.443999977111816,0.9600000190734861,bear_steep,bear_steep,normal,23
2009-09-21,3.486999988555908,1.02,2.466999988555908,0.9310000991821283,bear_steep,bear_steep,normal,24
2009-09-22,3.4560000896453857,1.02,2.4360000896453857,0.7280001735687256,bear_steep,bear_steep,normal,25
2009-09-23,3.4179999828338623,0.96,2.4579999828338623,0.7529998683929444,bear_steep,bear_steep,normal,26
2009-09-24,3.38100004196167,0.93,2.4510000419616698,0.7770000839233395,bear_steep,bear_steep,normal,27
2009-09-25,3.3289999961853027,0.98,2.3489999961853028,0.734000062942505,bear_steep,bear_steep,normal,28
2009-09-28,3.302000045776367,0.98,2.322000045776367,0.6649999809265141,bear_steep,bear_steep,normal,29
2009-09-29,3.2920000553131104,1.0,2.2920000553131104,0.7230000400543213,bear_steep,bear_steep,normal,30
2009-09-30,3.306999921798706,0.95,2.356999921798706,0.8199999904632567,bear_steep,bear_steep,normal,31
2009-10-01,3.194000005722046,0.87,2.324000005722046,0.8409999465942377,bear_steep,bear_steep,normal,32
2009-10-02,3.220999956130981,0.88,2.340999956130981,0.8699999809265129,bear_steep,bear_steep,normal,33
2009-10-05,3.2239999771118164,0.88,2.3439999771118165,0.7700000762939454,bear_steep,bear_steep,normal,34
2009-10-06,3.247999906539917,0.91,2.337999906539917,0.7229998779296878,bear_steep,bear_steep,normal,35
2009-10-07,3.174999952316284,0.87,2.304999952316284,0.5589999294281001,bear_steep,bear_steep,normal,36
2009-10-08,3.255000114440918,0.9,2.355000114440918,0.511000013351441,bear_steep,bear_steep,normal,37
2009-10-09,3.384000062942505,0.98,2.404000062942505,0.6120000839233399,bear_steep,bear_steep,normal,38
2009-10-13,3.312000036239624,0.91,2.402000036239624,0.6090001487731933,bear_steep,bear_steep,normal,39
2009-10-14,3.4230000972747803,0.96,2.4630000972747803,0.8140000438690187,bear_steep,bear_steep,normal,40
2009-10-15,3.470000028610229,0.97,2.500000028610229,0.7340001296997065,bear_steep,bear_steep,normal,41
2009-10-16,3.4170000553131104,0.97,2.4470000553131106,0.5819999980926516,bear_steep,bear_steep,normal,42
2009-10-19,3.3949999809265137,0.99,2.4049999809265135,0.5009998798370363,bear_steep,bear_steep,normal,43
2009-10-20,3.336999893188477,0.95,2.3869998931884773,0.5579997920990003,bear_steep,bear_steep,normal,44
2009-10-21,3.4110000133514404,1.0,2.4110000133514404,0.5290000057220459,bear_steep,bear_steep,normal,45
2009-10-22,3.4210000038146973,0.97,2.4510000038146975,0.5169999694824221,bear_steep,bear_steep,normal,46
2009-10-23,3.4749999046325684,1.04,2.4349999046325683,0.5149998092651362,bear_steep,bear_steep,normal,47
2009-10-26,3.553999900817871,1.06,2.493999900817871,0.5049998092651367,bear_steep,bear_steep,normal,48
2009-10-27,3.461999893188477,0.99,2.4719998931884772,0.49499994277954174,bear_steep,bear_steep,normal,49
2009-10-28,3.4110000133514404,0.95,2.4610000133514403,0.5340001296997068,bear_steep,bear_steep,normal,50
2009-10-29,3.500999927520752,0.98,2.520999927520752,0.6889998435974123,bear_steep,bear_steep,normal,51
2009-10-30,3.3919999599456787,0.9,2.491999959945679,0.6549999618530271,bear_steep,bear_steep,normal,52
2009-11-02,3.421999931335449,0.92,2.5019999313354493,0.5899999618530274,bear_steep,bear_steep,normal,53
2009-11-03,3.4730000495910645,0.92,2.5530000495910645,0.7610001087188722,bear_steep,bear_steep,normal,54
2009-11-04,3.5460000038146973,0.91,2.636000003814697,0.8780000782012933,bear_steep,bear_steep,normal,55
2009-11-05,3.532999992370605,0.9,2.632999992370605,0.7859998798370358,bear_steep,bear_steep,normal,56
2009-11-06,3.503000020980835,0.86,2.643000020980835,0.8309999465942384,bear_steep,bear_steep,normal,57
2009-11-09,3.486000061035156,0.87,2.6160000610351557,0.7990001106262201,bear_steep,bear_steep,normal,58
2009-11-10,3.4820001125335693,0.85,2.6320001125335692,0.8630000877380375,bear_steep,bear_steep,normal,59
2009-11-12,3.446000099182129,0.82,2.626000099182129,0.7710001659393313,bear_steep,bear_steep,normal,60
2009-11-13,3.428999900817871,0.82,2.6089999008178713,0.7109999752044676,bear_steep,bear_steep,normal,61
2009-11-16,3.3310000896453857,0.78,2.5510000896453855,0.5100002002716058,bear_steep,bear_steep,normal,62
2009-11-17,3.319000005722046,0.78,2.5390000057220456,0.5100000953674315,bear_steep,bear_steep,normal,63
2009-11-18,3.365999937057495,0.77,2.595999937057495,0.5679999732971193,bear_steep,bear_steep,normal,64
2009-11-19,3.3489999771118164,0.73,2.6189999771118164,0.5780000591278074,bear_steep,bear_steep,normal,65
2009-11-20,3.3559999465942383,0.75,2.6059999465942383,0.6869999408721923,bear_steep,bear_steep,normal,66
2009-11-23,3.364000082015991,0.77,2.594000082015991,0.6760000133514406,bear_steep,bear_steep,normal,67
2009-11-24,3.316999912261963,0.73,2.586999912261963,0.6609999942779541,bear_steep,bear_steep,normal,68
2009-11-25,3.2790000438690186,0.73,2.5490000438690186,0.5769999313354492,bear_steep,bear_steep,normal,69
2009-11-27,3.2309999465942383,0.68,2.550999946594238,0.6650000572204584,bear_steep,bear_steep,normal,70
2009-11-30,3.200999975204468,0.67,2.5309999752044683,0.6690000152587896,bear_steep,bear_steep,normal,71
2009-12-01,3.275000095367432,0.67,2.605000095367432,0.7000001049041753,bear_steep,bear_steep,normal,72
2009-12-02,3.322999954223633,0.72,2.602999954223633,0.6519999790191648,bear_steep,bear_steep,normal,73
2009-12-03,3.380000114440918,0.74,2.6400001144409178,0.6870000934600828,bear_steep,bear_steep,normal,74
2009-12-04,3.4830000400543213,0.84,2.6430000400543214,0.9300000476837162,bear_steep,bear_steep,normal,75
2009-12-07,3.447999954223633,0.78,2.6679999542236326,0.9410000705718993,bear_steep,bear_steep,normal,76
2009-12-08,3.3919999599456787,0.73,2.6619999599456787,0.9269999599456789,bear_steep,bear_steep,normal,77
2009-12-09,3.4230000972747803,0.76,2.6630000972747805,0.9330000114440922,bear_steep,bear_steep,normal,78
2009-12-10,3.4820001125335693,0.78,2.702000112533569,0.9780000686645507,bear_steep,bear_steep,normal,79
2009-12-11,3.539999961853028,0.83,2.7099999618530277,0.897999887466431,bear_steep,bear_steep,normal,80
2009-12-14,3.5460000038146973,0.87,2.676000003814697,0.8429999637603758,bear_steep,bear_steep,normal,81
2009-12-15,3.6029999256134033,0.88,2.7229999256134034,0.8620000076293945,bear_steep,bear_steep,normal,82
2009-12-16,3.595999956130981,0.85,2.745999956130981,0.8719999694824208,bear_steep,bear_steep,normal,83
2009-12-17,3.486999988555908,0.77,2.716999988555908,0.8420000457763672,bear_steep,bear_steep,normal,84
2009-12-18,3.5460000038146973,0.82,2.7260000038146974,0.8980000114440925,bear_steep,bear_steep,normal,85
2009-12-21,3.681999921798706,0.89,2.791999921798706,0.9199998283386228,bear_steep,bear_steep,normal,86
2009-12-22,3.74399995803833,0.95,2.79399995803833,0.8469998931884768,bear_steep,bear_steep,normal,87
2009-12-23,3.747999906539917,0.96,2.787999906539917,0.789000015258789,bear_steep,bear_steep,normal,88
2009-12-24,3.806999921798706,1.0,2.806999921798706,0.8080000019073488,bear_steep,bear_steep,normal,89
2009-12-28,3.8420000076293945,1.09,2.7520000076293947,0.8350001239776614,bear_steep,bear_steep,normal,90
2009-12-29,3.809000015258789,1.09,2.719000015258789,0.7529998970031739,bear_steep,bear_steep,normal,91
2009-12-30,3.783999919891357,1.08,2.703999919891357,0.748999891281128,bear_steep,bear_steep,normal,92
2009-12-31,3.8429999351501465,1.14,2.702999935150147,0.7769999217987063,bear_steep,bear_steep,normal,93
2010-01-04,3.8410000801086426,1.09,2.7510000801086427,0.8520000171661377,bear_steep,bear_steep,normal,94
2010-01-05,3.755000114440918,1.01,2.745000114440918,0.8250001907348636,bear_steep,bear_steep,normal,95
2010-01-06,3.808000087738037,1.01,2.7980000877380373,0.8580000209808352,bear_steep,bear_steep,normal,96
2010-01-07,3.822000026702881,1.03,2.7920000267028806,0.8790000915527343,bear_steep,bear_steep,normal,97
2010-01-08,3.808000087738037,0.96,2.848000087738037,0.9060001373291016,bear_steep,bear_steep,normal,98
2010-01-11,3.818000078201294,0.95,2.8680000782012938,0.9040000915527338,bear_steep,bear_steep,normal,99
2010-01-12,3.7190001010894775,0.92,2.7990001010894776,0.8420000553131104,bear_steep,bear_steep,normal,100
2010-01-13,3.7829999923706055,0.97,2.8129999923706057,0.8069999408721928,bear_steep,bear_steep,normal,101
2010-01-14,3.733999967575073,0.94,2.793999967575073,0.7729999637603755,bear_steep,bear_steep,normal,102
2010-01-15,3.6760001182556152,0.89,2.786000118255615,0.7340000247955323,bear_steep,bear_steep,normal,103
2010-01-19,3.7070000171661377,0.93,2.7770000171661375,0.6210000610351565,bear_steep,bear_steep,normal,104
2010-01-20,3.658999919891357,0.92,2.738999919891357,0.5249998474121091,bear_steep,bear_steep,normal,105
2010-01-21,3.611000061035156,0.87,2.7410000610351557,0.48700003623962385,bear_steep,bear_steep,normal,106
2010-01-22,3.5980000495910645,0.84,2.7580000495910646,0.5409999847412115,bear_steep,bear_steep,normal,107
2010-01-25,3.630000114440918,0.86,2.770000114440918,0.593000049591065,bear_steep,bear_steep,normal,108
2010-01-26,3.630000114440918,0.87,2.760000114440918,0.5680001640319823,bear_steep,bear_steep,normal,109
2010-01-27,3.6440000534057617,0.9,2.744000053405762,0.4489999771118165,bear_steep,bear_steep,normal,110
2010-01-28,3.6579999923706055,0.87,2.7879999923706054,0.49500000953674306,bear_steep,bear_steep,normal,111
2010-01-29,3.608999967575073,0.82,2.788999967575073,0.5289999008178707,bear_steep,bear_steep,normal,112
2010-02-01,3.6540000438690186,0.86,2.7940000438690187,0.5190000915527344,bear_steep,bear_steep,normal,113
2010-02-02,3.634999990463257,0.86,2.774999990463257,0.5599999713897708,bear_steep,bear_steep,normal,114
2010-02-03,3.703000068664551,0.88,2.823000068664551,0.5859999561309817,bear_steep,bear_steep,normal,115
2010-02-04,3.609999895095825,0.8,2.8099998950958254,0.5669999885559083,bear_steep,bear_steep,normal,116
2010-02-05,3.5460000038146973,0.77,2.7760000038146972,0.4950000381469728,bear_steep,bear_steep,normal,117
2010-02-08,3.5920000076293945,0.79,2.8020000076293945,0.4689999771118165,bear_steep,bear_steep,normal,118
2010-02-09,3.632999897003174,0.84,2.792999897003174,0.4609999942779539,bear_steep,bear_steep,normal,119
2010-02-10,3.694000005722046,0.91,2.7840000057220458,0.3210000801086421,normal,bear_steep,normal,120
2010-02-11,3.733000040054321,0.91,2.8230000400543207,0.2950000858306878,normal,bear_steep,normal,121
2010-02-12,3.693000078201294,0.84,2.853000078201294,0.3200000476837159,normal,bear_steep,normal,122
2010-02-16,3.6640000343322754,0.82,2.8440000343322756,0.10900010108947766,normal,bear_steep,normal,123
2010-02-17,3.742000102996826,0.87,2.872000102996826,0.1700001716613766,normal,normal,bear_steep,1
2010-02-18,3.802999973297119,0.9,2.9029999732971192,0.35800005912780763,normal,normal,bear_steep,2
2010-02-19,3.7820000648498535,0.95,2.8320000648498533,0.08700015068054157,normal,normal,bear_steep,3
2010-02-22,3.799000024795532,0.91,2.8890000247955316,0.20499997138976989,normal,normal,bear_steep,4
2010-02-23,3.690999984741211,0.87,2.820999984741211,0.17999986648559574,normal,normal,bear_steep,5
2010-02-24,3.694999933242798,0.87,2.8249999332427977,0.06899985313415513,normal,normal,bear_steep,6
2010-02-25,3.641999959945679,0.82,2.8219999599456793,0.2799999713897714,normal,normal,bear_steep,7
2010-02-26,3.595000028610229,0.81,2.785000028610229,0.31600008964538473,normal,normal,bear_steep,8
2010-03-01,3.6059999465942383,0.8,2.8059999465942385,0.2779999065399177,normal,normal,bear_steep,9
2010-03-02,3.614000082015991,0.8,2.8140000820159914,0.2579999732971192,normal,normal,bear_steep,10
2010-03-03,3.625,0.82,2.805,0.29300001144409205,normal,normal,bear_steep,11
2010-03-04,3.6059999465942383,0.86,2.7459999465942384,0.2579998397827157,normal,normal,bear_steep,12
2010-03-05,3.681999921798706,0.91,2.771999921798706,0.3189998626708981,normal,normal,bear_steep,13
2010-03-08,3.7079999446868896,0.9,2.8079999446868897,0.36399991989135794,normal,normal,bear_steep,14
2010-03-09,3.700999975204468,0.89,2.810999975204468,0.35399990081787136,normal,normal,bear_steep,15
2010-03-10,3.7200000286102295,0.92,2.8000000286102296,0.2459999179840091,normal,normal,bear_steep,16
2010-03-11,3.7200000286102295,0.97,2.7500000286102297,0.21099999427795435,normal,normal,bear_steep,17
2010-03-12,3.7100000381469727,0.97,2.740000038146973,0.2169999599456789,normal,normal,bear_steep,18
2010-03-15,3.703999996185303,0.96,2.743999996185303,0.2439998912811281,normal,normal,bear_steep,19
2010-03-16,3.6530001163482666,0.93,2.7230001163482664,0.22800017356872537,normal,normal,bear_steep,20
2010-03-17,3.641999959945679,0.95,2.6919999599456794,0.26599995613098226,normal,normal,bear_steep,21
2010-03-18,3.671999931335449,0.98,2.6919999313354492,0.2859998893737794,normal,normal,bear_steep,22
2010-03-19,3.687000036239624,1.02,2.667000036239624,0.28499993324279815,normal,normal,bear_steep,23
2010-03-22,3.663000106811523,1.01,2.6530001068115228,0.24000010490417445,normal,normal,bear_steep,24
2010-03-23,3.680000066757202,1.02,2.660000066757202,0.1660001564025877,normal,normal,bear_steep,25
2010-03-24,3.828999996185303,1.08,2.748999996185303,0.23400011062622106,normal,normal,bear_steep,26
2010-03-25,3.901000022888184,1.1,2.801000022888184,0.254999980926514,normal,normal,bear_steep,27
2010-03-26,3.8550000190734863,1.04,2.8150000190734863,0.3349999809265136,normal,normal,bear_steep,28
2010-03-29,3.864000082015991,1.04,2.824000082015991,0.4450000476837159,bear_steep,normal,bear_steep,29
2010-03-30,3.868000030517578,1.06,2.808000030517578,0.3349999237060546,normal,normal,bear_steep,30
2010-03-31,3.8329999446868896,1.02,2.8129999446868896,0.42799986839294446,bear_steep,normal,bear_steep,31
2010-04-01,3.858999967575073,1.05,2.8089999675750725,0.38300001144409146,normal,normal,bear_steep,32
2010-04-05,3.99399995803833,1.18,2.8139999580383304,0.33699993133544925,normal,normal,bear_steep,33
2010-04-06,3.9679999351501465,1.14,2.827999935150147,0.2619999790191656,normal,normal,bear_steep,34
2010-04-07,3.86299991607666,1.06,2.80299991607666,0.24599999427795405,normal,normal,bear_steep,35
2010-04-08,3.8959999084472656,1.09,2.8059999084472658,0.17499988555908175,normal,normal,bear_steep,36
2010-04-09,3.888000011444092,1.08,2.8080000114440917,0.21299997329711928,normal,normal,bear_steep,37
2010-04-12,3.845999956130981,1.07,2.775999956130981,0.2589999580383293,normal,normal,bear_steep,38
2010-04-13,3.811000108718872,1.07,2.741000108718872,0.16700020790100067,normal,normal,bear_steep,39
2010-04-14,3.8550000190734863,1.07,2.785000019073486,0.1559999084472654,normal,normal,bear_steep,40
2010-04-15,3.848000049591065,1.04,2.808000049591065,0.18799997329712026,normal,normal,bear_steep,41
2010-04-16,3.7699999809265137,0.98,2.7899999809265137,0.1569999217987057,normal,normal,bear_steep,42
2010-04-19,3.806999921798706,1.01,2.7969999217987063,0.2289999580383304,normal,normal,bear_steep,43
2010-04-20,3.805000066757202,1.05,2.7550000667572023,0.26100003242492686,normal,normal,bear_steep,44
2010-04-21,3.73799991607666,1.03,2.70799991607666,0.25699988365173265,normal,normal,bear_steep,45
2010-04-22,3.7720000743865967,1.07,2.7020000743865964,0.33100014686584434,normal,normal,bear_steep,46
2010-04-23,3.816999912261963,1.1,2.716999912261963,0.25799997329711877,normal,normal,bear_steep,47
2010-04-26,3.815000057220459,1.09,2.725000057220459,0.2460001564025882,normal,normal,bear_steep,48
2010-04-27,3.690000057220459,1.03,2.6600000572204587,0.12600011825561452,normal,normal,bear_steep,49
2010-04-28,3.7730000019073486,1.03,2.7430000019073484,0.21699995040893505,normal,normal,bear_steep,50
2010-04-29,3.7279999256134033,1.01,2.7179999256134035,0.18399983406066944,normal,normal,bear_steep,51
2010-04-30,3.663000106811523,0.97,2.693000106811523,0.1620001983642574,normal,normal,bear_steep,52
2010-05-03,3.704999923706055,1.0,2.704999923706055,0.22199984550476115,normal,normal,bear_steep,53
2010-05-04,3.61299991607666,0.96,2.65299991607666,0.13199994087219213,normal,normal,bear_steep,54
2010-05-05,3.549999952316284,0.88,2.6699999523162843,0.19899987220764181,normal,normal,bear_steep,55
2010-05-06,3.3980000019073486,0.75,2.6480000019073486,0.1599999141693118,normal,normal,bear_steep,56
2010-05-07,3.428999900817871,0.83,2.598999900817871,0.14799996376037594,normal,normal,bear_steep,57
2010-05-10,3.5390000343322754,0.87,2.6690000343322753,0.2030000114440913,normal,normal,bear_steep,58
2010-05-11,3.5350000858306885,0.85,2.6850000858306884,0.23200002670288056,normal,normal,bear_steep,59
2010-05-12,3.566999912261963,0.89,2.6769999122619628,0.271999969482422,normal,normal,bear_steep,60
2010-05-13,3.563999891281128,0.87,2.693999891281128,0.2679998970031736,normal,normal,bear_steep,61
2010-05-14,3.441999912261963,0.79,2.651999912261963,0.2079999542236326,normal,normal,bear_steep,62
2010-05-17,3.4719998836517334,0.81,2.6619998836517333,0.26199983596801735,normal,normal,bear_steep,63
2010-05-18,3.375999927520752,0.76,2.615999927520752,0.23799996376037624,normal,normal,bear_steep,64
2010-05-19,3.358999967575073,0.8,2.5589999675750725,0.13700007438659556,normal,normal,bear_steep,65
2010-05-20,3.263999938964844,0.76,2.503999938964844,0.06299996376037598,normal,normal,bear_steep,66
2010-05-21,3.200000047683716,0.76,2.440000047683716,0.009000024795532191,normal,normal,bear_steep,67
2010-05-24,3.226999998092652,0.77,2.456999998092652,0.0019999980926517225,normal,normal,bear_steep,68
2010-05-25,3.157999992370605,0.81,2.347999992370605,-0.05700008392334022,normal,normal,bear_steep,69
2010-05-26,3.2179999351501465,0.82,2.3979999351501466,-0.020000133514403995,normal,normal,bear_steep,70
2010-05-27,3.338000059127808,0.87,2.468000059127808,-0.03399985313415499,normal,normal,bear_steep,71
2010-05-28,3.3010001182556152,0.76,2.5410001182556154,0.0020000171661385124,normal,normal,bear_steep,72
2010-06-01,3.2960000038146973,0.78,2.516000003814697,-0.0330000877380372,normal,normal,bear_steep,73
2010-06-02,3.3340001106262207,0.82,2.514000110626221,0.07200010299682624,normal,normal,bear_steep,74
2010-06-03,3.378999948501587,0.82,2.558999948501587,0.1160000133514405,normal,normal,bear_steep,75
2010-06-04,3.194999933242798,0.72,2.474999933242798,0.009000034332275586,normal,normal,bear_steep,76
2010-06-07,3.184000015258789,0.74,2.444000015258789,-0.04799988746643136,normal,normal,bear_steep,77
2010-06-08,3.1679999828338623,0.74,2.427999982833862,-0.03299997329711868,normal,normal,bear_steep,78
2010-06-09,3.187000036239624,0.74,2.447000036239624,0.02900003433227516,normal,normal,bear_steep,79
2010-06-10,3.319000005722046,0.79,2.529000005722046,0.0850000286102297,normal,normal,bear_steep,80
2010-06-11,3.2160000801086426,0.75,2.4660000801086426,-0.0009999084472656072,normal,normal,bear_steep,81
2010-06-14,3.275000095367432,0.77,2.505000095367432,0.06900000572204634,normal,normal,bear_steep,82
2010-06-15,3.309999942779541,0.79,2.519999942779541,0.06199995994567864,normal,normal,bear_steep,83
2010-06-16,3.282000064849853,0.75,2.532000064849853,0.08100002288818331,normal,normal,bear_steep,84
2010-06-17,3.190000057220459,0.72,2.4700000572204592,0.12100006103515648,normal,normal,bear_steep,85
2010-06-18,3.2230000495910645,0.74,2.4830000495910642,0.16100000381469703,normal,normal,bear_steep,86
2010-06-21,3.243000030517578,0.74,2.503000030517578,0.21099997520446756,normal,normal,bear_steep,87
2010-06-22,3.1659998893737797,0.71,2.4559998893737798,0.0989999675750739,normal,normal,bear_steep,88
2010-06-23,3.115000009536743,0.66,2.455000009536743,0.13100000381469723,normal,normal,bear_steep,89
2010-06-24,3.122999906539917,0.67,2.452999906539917,0.11199995040893596,normal,normal,bear_steep,90
2010-06-25,3.11299991607666,0.65,2.4629999160766602,0.11899993896484373,normal,normal,bear_steep,91
2010-06-28,3.032000064849853,0.62,2.412000064849853,0.07400015830993611,normal,normal,bear_steep,92
2010-06-29,2.9670000076293945,0.61,2.3570000076293947,0.05200005531311058,normal,normal,bear_steep,93
2010-06-30,2.950999975204468,0.61,2.3409999752044683,-0.014000139236449716,normal,normal,bear_steep,94
2010-07-01,2.927000045776367,0.63,2.2970000457763673,-0.1070000171661376,normal,normal,bear_steep,95
2010-07-02,2.9790000915527344,0.63,2.3490000915527345,-0.0529999446868894,normal,normal,bear_steep,96
2010-07-06,2.931999921798706,0.62,2.311999921798706,-0.15100017547607436,normal,normal,bear_steep,97
2010-07-07,2.9800000190734863,0.63,2.3500000190734864,-0.15000000953674242,normal,normal,bear_steep,98
2010-07-08,3.0199999809265137,0.63,2.389999980926514,-0.05700007438659682,normal,normal,bear_steep,99
2010-07-09,3.055999994277954,0.63,2.425999994277954,0.02100001335144075,normal,normal,bear_steep,100
2010-07-12,3.0460000038146973,0.65,2.3960000038146974,0.009000110626220081,normal,normal,bear_steep,101
2010-07-13,3.114000082015991,0.67,2.4440000820159913,0.03300006866455085,normal,normal,bear_steep,102
2010-07-14,3.049999952316284,0.62,2.429999952316284,-0.02100005149841344,normal,normal,bear_steep,103
2010-07-15,2.9779999256134038,0.61,2.367999925613404,-0.06699997901916444,normal,normal,bear_steep,104
2010-07-16,2.938999891281128,0.61,2.328999891281128,-0.165000009536743,normal,normal,bear_steep,105
2010-07-19,2.96399998664856,0.61,2.35399998664856,-0.1179999065399171,normal,normal,bear_steep,106
2010-07-20,2.931999921798706,0.61,2.321999921798706,-0.13900009155273407,normal,normal,bear_steep,107
2010-07-21,2.8919999599456787,0.58,2.3119999599456786,-0.20899996757507333,normal,normal,bear_steep,108
2010-07-22,2.931999921798706,0.6,2.331999921798706,-0.16000003814697283,normal,normal,bear_steep,109
2010-07-23,2.99399995803833,0.6,2.39399995803833,-0.1079999732971193,normal,normal,bear_steep,110
2010-07-26,2.99399995803833,0.62,2.37399995803833,-0.17900009155273455,normal,normal,bear_steep,111
2010-07-27,3.046999931335449,0.65,2.3969999313354493,-0.23900007247924782,normal,normal,bear_steep,112
2010-07-28,3.000999927520752,0.61,2.390999927520752,-0.24200006484985304,normal,normal,bear_steep,113
2010-07-29,2.999000072479248,0.59,2.409000072479248,-0.2339999485015869,normal,normal,bear_steep,114
2010-07-30,2.907000064849853,0.55,2.357000064849853,-0.2589999961853029,normal,normal,bear_steep,115
2010-08-02,2.963000059127808,0.56,2.403000059127808,-0.22900005340576124,normal,normal,bear_steep,116
2010-08-03,2.9140000343322754,0.53,2.384000034332275,-0.24200006484985392,normal,normal,bear_steep,117
2010-08-04,2.95199990272522,0.56,2.39199990272522,-0.21699999809265114,normal,normal,bear_steep,118
2010-08-05,2.914999961853028,0.53,2.384999961853028,-0.1660001277923575,normal,normal,bear_steep,119
2010-08-06,2.8239998817443848,0.5,2.3239998817443848,-0.21500012397766088,normal,normal,bear_steep,120
2010-08-09,2.822000026702881,0.54,2.282000026702881,-0.3139999103546143,normal,normal,bear_steep,121
2010-08-10,2.7809998989105225,0.52,2.2609998989105224,-0.358000078201294,normal,normal,bear_steep,122
2010-08-11,2.684999942779541,0.54,2.144999942779541,-0.4610000038146973,bull_steep,normal,bear_steep,123
2010-08-12,2.734999895095825,0.55,2.1849998950958254,-0.4090001869201658,bull_steep,normal,bear_steep,124
2010-08-13,2.687999963760376,0.54,2.147999963760376,-0.43899994850158697,bull_steep,normal,bear_steep,125
2010-08-16,2.575000047683716,0.51,2.065000047683716,-0.48399999618530254,bull_steep,normal,bear_steep,126
2010-08-17,2.6449999809265137,0.52,2.1249999809265137,-0.42599996566772447,bull_steep,bull_steep,normal,1
2010-08-18,2.6410000324249268,0.51,2.131000032424927,-0.3999999427795413,normal,bull_steep,normal,2
2010-08-19,2.5789999961853027,0.49,2.0889999961853025,-0.5160000991821296,bull_steep,bull_steep,normal,3
2010-08-20,2.611999988555908,0.49,2.121999988555908,-0.48099996566772507,bull_steep,bull_steep,normal,4
2010-08-23,2.6070001125335693,0.49,2.117000112533569,-0.5230000019073486,bull_steep,bull_steep,normal,5
2010-08-24,2.499000072479248,0.5,1.999000072479248,-0.6439999675750734,bull_steep,bull_steep,normal,6
2010-08-25,2.5380001068115234,0.53,2.008000106811523,-0.6599998474121094,bull_steep,bull_steep,normal,7
2010-08-26,2.499000072479248,0.51,1.989000072479248,-0.6729998874664307,bull_steep,bull_steep,normal,8
2010-08-27,2.6519999504089355,0.56,2.0919999504089355,-0.571000146865845,bull_steep,bull_steep,normal,9
2010-08-30,2.5450000762939453,0.5,2.0450000762939453,-0.6570000362396238,bull_steep,bull_steep,normal,10
2010-08-31,2.476999998092652,0.47,2.0069999980926516,-0.7029999637603761,bull_steep,bull_steep,normal,11
2010-09-01,2.5820000171661377,0.5,2.0820000171661377,-0.5939999866485595,bull_steep,bull_steep,normal,12
2010-09-02,2.628000020980835,0.5,2.128000020980835,-0.5949999046325685,bull_steep,bull_steep,normal,13
2010-09-03,2.7060000896453857,0.52,2.1860000896453857,-0.5599998664855952,bull_steep,bull_steep,normal,14
2010-09-07,2.608999967575073,0.49,2.118999967575073,-0.5980000209808352,bull_steep,bull_steep,normal,15
2010-09-08,2.6540000438690186,0.52,2.1340000438690185,-0.5919999599456789,bull_steep,bull_steep,normal,16
2010-09-09,2.760999917984009,0.57,2.190999917984009,-0.601000003814697,bull_steep,bull_steep,normal,17
2010-09-10,2.7950000762939453,0.58,2.2150000762939452,-0.5789998817443847,bull_steep,bull_steep,normal,18
2010-09-13,2.740999937057495,0.53,2.210999937057495,-0.5769999694824222,bull_steep,bull_steep,normal,19
2010-09-14,2.6659998893737797,0.5,2.1659998893737797,-0.6410000324249263,bull_steep,bull_steep,normal,20
2010-09-15,2.7230000495910645,0.5,2.2230000495910645,-0.5289999580383302,bull_steep,bull_steep,normal,21
2010-09-16,2.759000062942505,0.48,2.279000062942505,-0.4399999523162843,bull_steep,bull_steep,normal,22
2010-09-17,2.746000051498413,0.48,2.266000051498413,-0.4379998683929438,bull_steep,bull_steep,normal,23
2010-09-20,2.7060000896453857,0.47,2.236000089645386,-0.4669998455047608,bull_steep,bull_steep,normal,24
2010-09-21,2.594000101089477,0.43,2.164000101089477,-0.5869999790191658,bull_steep,bull_steep,normal,25
2010-09-22,2.5480000972747803,0.44,2.1080000972747803,-0.6370000171661379,bull_steep,bull_steep,normal,26
2010-09-23,2.555000066757202,0.45,2.105000066757202,-0.6930000209808354,bull_steep,bull_steep,normal,27
2010-09-24,2.611999988555908,0.45,2.161999988555908,-0.6300000381469726,bull_steep,bull_steep,normal,28
2010-09-27,2.5169999599456787,0.44,2.0769999599456788,-0.7710001277923584,bull_steep,bull_steep,normal,29
2010-09-28,2.4560000896453857,0.37,2.0860000896453856,-0.7819999885559081,bull_steep,bull_steep,normal,30
2010-09-29,2.50600004196167,0.44,2.06600004196167,-0.7330000591278076,bull_steep,bull_steep,normal,31
2010-09-30,2.5169999599456787,0.42,2.096999959945679,-0.7160000324249269,bull_steep,bull_steep,normal,32
2010-10-01,2.526000022888184,0.42,2.106000022888184,-0.6879999446868887,bull_steep,bull_steep,normal,33
2010-10-04,2.4790000915527344,0.41,2.0690000915527342,-0.7170000267028809,bull_steep,bull_steep,normal,34
2010-10-05,2.4739999771118164,0.41,2.0639999771118163,-0.7130000400543213,bull_steep,bull_steep,normal,35
2010-10-06,2.3989999294281006,0.38,2.0189999294281007,-0.7199999904632564,bull_steep,bull_steep,normal,36
2010-10-07,2.3959999084472656,0.36,2.0359999084472657,-0.70500015258789,bull_steep,bull_steep,normal,37
2010-10-08,2.38100004196167,0.35,2.03100004196167,-0.7270000076293948,bull_steep,bull_steep,normal,38
2010-10-12,2.421999931335449,0.37,2.051999931335449,-0.718000183105469,bull_steep,bull_steep,normal,39
2010-10-13,2.430999994277954,0.37,2.060999994277954,-0.6990001201629639,bull_steep,bull_steep,normal,40
2010-10-14,2.494999885559082,0.38,2.114999885559082,-0.6290001678466797,bull_steep,bull_steep,normal,41
2010-10-15,2.575999975204468,0.37,2.205999975204468,-0.5820000171661373,bull_steep,bull_steep,normal,42
2010-10-18,2.490999937057495,0.38,2.1109999370574952,-0.6780000305175777,bull_steep,bull_steep,normal,43
2010-10-19,2.4749999046325684,0.37,2.1049999046325683,-0.6890001392364504,bull_steep,bull_steep,normal,44
2010-10-20,2.470000028610229,0.35,2.120000028610229,-0.654999961853028,bull_steep,bull_steep,normal,45
2010-10-21,2.5309998989105225,0.37,2.1609998989105224,-0.6620001697540285,bull_steep,bull_steep,normal,46
2010-10-22,2.562999963760376,0.35,2.212999963760376,-0.5969999313354495,bull_steep,bull_steep,normal,47
2010-10-25,2.553999900817871,0.37,2.183999900817871,-0.5920001029968263,bull_steep,bull_steep,normal,48
2010-10-26,2.635999917984009,0.4,2.235999917984009,-0.5660000896453856,bull_steep,bull_steep,normal,49
2010-10-27,2.711999893188477,0.4,2.311999893188477,-0.4810000038146969,bull_steep,bull_steep,normal,50
2010-10-28,2.6610000133514404,0.37,2.2910000133514403,-0.49299999237060543,bull_steep,bull_steep,normal,51
2010-10-29,2.611999988555908,0.34,2.2719999885559083,-0.5510000514984124,bull_steep,bull_steep,normal,52
2010-11-01,2.628000020980835,0.34,2.288000020980835,-0.565000057220459,bull_steep,bull_steep,normal,53
2010-11-02,2.594000101089477,0.34,2.2540001010894772,-0.5899999332427983,bull_steep,bull_steep,normal,54
2010-11-03,2.61899995803833,0.34,2.27899995803833,-0.5930001449584958,bull_steep,bull_steep,normal,55
2010-11-04,2.483999967575073,0.33,2.1539999675750727,-0.7490000057220465,bull_steep,bull_steep,normal,56
2010-11-05,2.5360000133514404,0.38,2.1560000133514405,-0.6760000514984128,bull_steep,bull_steep,normal,57
2010-11-08,2.562999963760376,0.41,2.152999963760376,-0.7360000610351558,bull_steep,bull_steep,normal,58
2010-11-09,2.6589999198913574,0.46,2.1989999198913575,-0.6220000648498534,bull_steep,bull_steep,normal,59
2010-11-10,2.6480000019073486,0.44,2.2080000019073487,-0.6169999313354491,bull_steep,bull_steep,normal,60
2010-11-12,2.75600004196167,0.51,2.24600004196167,-0.5759999179840092,bull_steep,bull_steep,normal,61
2010-11-15,2.9110000133514404,0.53,2.38100001335144,-0.4040000152587888,bull_steep,bull_steep,normal,62
2010-11-16,2.8469998836517334,0.51,2.3369998836517336,-0.46900006294250485,bull_steep,bull_steep,normal,63
2010-11-17,2.864000082015991,0.5,2.364000082015991,-0.4500000000000002,bull_steep,bull_steep,normal,64
2010-11-18,2.9019999504089355,0.52,2.3819999504089355,-0.42300004959106463,bull_steep,bull_steep,normal,65
2010-11-19,2.875,0.52,2.355,-0.3909999465942384,normal,bull_steep,normal,66
2010-11-22,2.812999963760376,0.49,2.3229999637603758,-0.44899995803833015,bull_steep,bull_steep,normal,67
2010-11-23,2.76200008392334,0.45,2.3120000839233397,-0.49599986076355007,bull_steep,bull_steep,normal,68
2010-11-24,2.9140000343322754,0.53,2.384000034332275,-0.42699994087219295,bull_steep,bull_steep,normal,69
2010-11-26,2.864000082015991,0.51,2.3540000820159914,-0.44599994659423814,bull_steep,bull_steep,normal,70
2010-11-29,2.822000026702881,0.52,2.302000026702881,-0.4480000019073489,bull_steep,bull_steep,normal,71
2010-11-30,2.796999931335449,0.45,2.346999931335449,-0.39300010681152386,normal,bull_steep,normal,72
2010-12-01,2.96399998664856,0.53,2.43399998664856,-0.310000009536743,normal,bull_steep,normal,73
2010-12-02,3.0,0.55,2.45,-0.27300011634826626,normal,bull_steep,normal,74
2010-12-03,3.0169999599456787,0.49,2.5269999599456785,-0.16500000000000092,normal,bull_steep,normal,75
2010-12-06,2.940999984741211,0.42,2.520999984741211,-0.17099994659423823,normal,normal,bull_steep,1
2010-12-07,3.164999961853028,0.54,2.6249999618530278,-0.04200007438659625,normal,normal,bull_steep,2
2010-12-08,3.236000061035156,0.63,2.606000061035156,-0.04700004577636685,normal,normal,bull_steep,3
2010-12-09,3.2230000495910645,0.64,2.5830000495910643,-0.0770000171661378,normal,normal,bull_steep,4
2010-12-10,3.2960000038146973,0.64,2.656000003814697,-0.09299999237060597,normal,normal,bull_steep,5
2010-12-13,3.282999992370605,0.61,2.672999992370605,-0.1280000305175788,normal,normal,bull_steep,6
2010-12-14,3.4549999237060547,0.66,2.7949999237060545,-0.020000095367431747,normal,normal,bull_steep,7
2010-12-15,3.5199999809265137,0.68,2.8399999809265135,0.015999898910522337,normal,normal,bull_steep,8
2010-12-16,3.476999998092652,0.66,2.8169999980926517,0.008999967575073597,normal,normal,bull_steep,9
2010-12-17,3.3299999237060547,0.61,2.719999923706055,-0.09300002098083482,normal,normal,bull_steep,10
2010-12-20,3.3489999771118164,0.62,2.7289999771118163,-0.07999999046325623,normal,normal,bull_steep,11
2010-12-21,3.325999975204468,0.63,2.6959999752044683,-0.11799998283386204,normal,normal,bull_steep,12
2010-12-22,3.345999956130981,0.65,2.695999956130981,-0.13199997901916571,normal,normal,bull_steep,13
2010-12-23,3.3929998874664307,0.67,2.7229998874664307,-0.08000002861022937,normal,normal,bull_steep,14
2010-12-27,3.3510000705718994,0.71,2.6410000705718994,-0.16499983787536632,normal,normal,bull_steep,15
2010-12-28,3.4809999465942383,0.75,2.7309999465942383,-0.07700006484985344,normal,normal,bull_steep,16
2010-12-29,3.3410000801086426,0.64,2.7010000801086425,-0.07499987602233871,normal,normal,bull_steep,17
2010-12-30,3.36899995803833,0.66,2.70899995803833,-0.03200015068054185,normal,normal,bull_steep,18
2010-12-31,3.305000066757202,0.61,2.6950000667572023,-0.08999995231628377,normal,normal,bull_steep,19
2011-01-03,3.3420000076293945,0.61,2.7320000076293947,-0.0760000419616702,normal,normal,bull_steep,20
2011-01-04,3.345999956130981,0.63,2.715999956130981,-0.07400002479553258,normal,normal,bull_steep,21
2011-01-05,3.4830000400543213,0.71,2.7730000400543213,-0.023999881744384943,normal,normal,bull_steep,22
2011-01-06,3.4189999103546143,0.68,2.738999910354614,-0.016000156402588228,normal,normal,bull_steep,23
2011-01-07,3.328000068664551,0.6,2.7280000686645507,0.020000152587890785,normal,normal,bull_steep,24
2011-01-10,3.303999900817871,0.59,2.7139999008178712,0.01199982643127484,normal,normal,bull_steep,25
2011-01-11,3.3410000801086426,0.6,2.7410000801086425,0.024000167846679688,normal,normal,bull_steep,26
2011-01-12,3.3550000190734863,0.61,2.7450000190734865,0.019999961853027326,normal,normal,bull_steep,27
2011-01-13,3.3010001182556152,0.59,2.7110001182556154,0.05100006103515664,normal,normal,bull_steep,28
2011-01-14,3.3329999446868896,0.59,2.74299994468689,-5.7220458593576495e-08,normal,normal,bull_steep,29
2011-01-18,3.364000082015991,0.6,2.764000082015991,0.04600015640258759,normal,normal,bull_steep,30
2011-01-19,3.336999893188477,0.6,2.736999893188477,0.04399978637695412,normal,normal,bull_steep,31
2011-01-20,3.4590001106262207,0.65,2.809000110626221,0.10400018692016566,normal,normal,bull_steep,32
2011-01-21,3.4159998893737797,0.63,2.78599988937378,0.13299997329711966,normal,normal,bull_steep,33
2011-01-24,3.407999992370605,0.65,2.757999992370605,0.08800004005432083,normal,normal,bull_steep,34
2011-01-25,3.319000005722046,0.62,2.699000005722046,0.05100000381469716,normal,normal,bull_steep,35
2011-01-26,3.427999973297119,0.62,2.807999973297119,0.209000072479248,normal,normal,bull_steep,36
2011-01-27,3.384999990463257,0.59,2.794999990463257,0.1259999561309817,normal,normal,bull_steep,37
2011-01-28,3.3289999961853027,0.54,2.7889999961853027,0.10399991035461431,normal,normal,bull_steep,38
2011-01-31,3.378000020980835,0.58,2.798000020980835,0.12100010871887212,normal,normal,bull_steep,39
2011-02-01,3.443000078201294,0.61,2.833000078201294,0.13900018692016625,normal,normal,bull_steep,40
2011-02-02,3.489000082015991,0.67,2.8190000820159913,0.16700016975402843,normal,normal,bull_steep,41
2011-02-03,3.5409998893737797,0.71,2.8309998893737798,0.16900000572204643,normal,normal,bull_steep,42
2011-02-04,3.651999950408936,0.77,2.881999950408936,0.2660000228881838,normal,normal,bull_steep,43
2011-02-07,3.6440000534057617,0.78,2.8640000534057615,0.30500008583068894,normal,normal,bull_steep,44
2011-02-08,3.724999904632568,0.86,2.864999904632568,0.3609999656677241,normal,normal,bull_steep,45
2011-02-09,3.641999959945679,0.81,2.831999959945679,0.39199991226196307,normal,normal,bull_steep,46
2011-02-10,3.7079999446868896,0.85,2.8579999446868896,0.40099994659423777,bear_steep,normal,bull_steep,47
2011-02-11,3.6459999084472656,0.85,2.7959999084472655,0.44799991607666056,bear_steep,normal,bull_steep,48
2011-02-14,3.614000082015991,0.87,2.744000082015991,0.34600014686584446,normal,normal,bull_steep,49
2011-02-15,3.615999937057495,0.84,2.7759999370574953,0.3079998779296873,normal,normal,bull_steep,50
2011-02-16,3.621000051498413,0.86,2.761000051498413,0.21999993324279776,normal,normal,bull_steep,51
2011-02-17,3.5739998817443848,0.8,2.773999881744385,0.2579998779296879,normal,normal,bull_steep,52
2011-02-18,3.58899998664856,0.78,2.80899998664856,0.29499987602233935,normal,normal,bull_steep,53
2011-02-22,3.4609999656677246,0.74,2.7209999656677244,0.16200001716613732,normal,normal,bull_steep,54
2011-02-23,3.486999988555908,0.74,2.746999988555908,0.2720000553131099,normal,normal,bull_steep,55
2011-02-24,3.437999963760376,0.73,2.707999963760376,0.26399994850158714,normal,normal,bull_steep,56
2011-02-25,3.424999952316284,0.72,2.7049999523162844,0.27699996948242234,normal,normal,bull_steep,57
2011-02-28,3.4140000343322754,0.69,2.7240000343322754,0.27699999809265163,normal,normal,bull_steep,58
2011-03-01,3.4140000343322754,0.66,2.7540000343322752,0.22500002861022939,normal,normal,bull_steep,59
2011-03-02,3.46399998664856,0.69,2.77399998664856,0.3079999065399175,normal,normal,bull_steep,60
2011-03-03,3.572000026702881,0.79,2.782000026702881,0.27699993133544876,normal,normal,bull_steep,61
2011-03-04,3.492000102996826,0.68,2.812000102996826,0.29200016021728503,normal,normal,bull_steep,62
2011-03-07,3.496999979019165,0.7,2.796999979019165,0.2649999141693118,normal,normal,bull_steep,63
2011-03-08,3.5439999103546143,0.73,2.8139999103546143,0.34399985313415504,normal,normal,bull_steep,64
2011-03-09,3.469000101089477,0.7,2.7690001010894774,0.2860000514984131,normal,normal,bull_steep,65
2011-03-10,3.3929998874664307,0.65,2.7429998874664308,0.23999985694885284,normal,normal,bull_steep,66
2011-03-11,3.3929998874664307,0.64,2.7529998874664305,0.29699999809265076,normal,normal,bull_steep,67
2011-03-14,3.3469998836517334,0.61,2.7369998836517335,0.2819998741149905,normal,normal,bull_steep,68
2011-03-15,3.322999954223633,0.63,2.692999954223633,0.24000004768371586,normal,normal,bull_steep,69
2011-03-16,3.211999893188477,0.58,2.631999893188477,0.1689999771118167,normal,normal,bull_steep,70
2011-03-17,3.247999906539917,0.6,2.647999906539917,0.23599984169006394,normal,normal,bull_steep,71
2011-03-18,3.2769999504089355,0.61,2.6669999504089357,0.309999942779541,normal,normal,bull_steep,72
2011-03-21,3.322999954223633,0.67,2.652999954223633,0.31199997901916454,normal,normal,bull_steep,73
2011-03-22,3.3320000171661377,0.68,2.6520000171661375,0.35499997138977024,normal,normal,bull_steep,74
2011-03-23,3.3480000495910645,0.69,2.6580000495910645,0.30899995803833,normal,normal,bull_steep,75
2011-03-24,3.4040000438690186,0.72,2.684000043869019,0.37200012207031286,normal,normal,bull_steep,76
2011-03-25,3.444000005722046,0.79,2.654000005722046,0.30399998664855943,normal,normal,bull_steep,77
2011-03-28,3.447999954223633,0.81,2.6379999542236328,0.24799997329711898,normal,normal,bull_steep,78
2011-03-29,3.490999937057495,0.81,2.680999937057495,0.25499994277954086,normal,normal,bull_steep,79
2011-03-30,3.4549999237060547,0.8,2.654999923706055,0.2589999198913575,normal,normal,bull_steep,80
2011-03-31,3.4539999961853027,0.8,2.653999996185303,0.20999991416931163,normal,normal,bull_steep,81
2011-04-01,3.450999975204468,0.8,2.650999975204468,0.22100002288818388,normal,normal,bull_steep,82
2011-04-04,3.430999994277954,0.77,2.660999994277954,0.2930000686645502,normal,normal,bull_steep,83
2011-04-05,3.486999988555908,0.84,2.6469999885559083,0.3180000972747803,normal,normal,bull_steep,84
2011-04-06,3.5450000762939453,0.85,2.6950000762939452,0.3410000896453851,normal,normal,bull_steep,85
2011-04-07,3.555000066757202,0.81,2.745000066757202,0.4230001449584959,bear_steep,normal,bull_steep,86
2011-04-08,3.569999933242798,0.83,2.739999933242798,0.42799997329711914,bear_steep,normal,bull_steep,87
2011-04-11,3.569999933242798,0.85,2.7199999332427978,0.3880000114440918,normal,normal,bull_steep,88
2011-04-12,3.5,0.77,2.73,0.33600004196167,normal,normal,bull_steep,89
2011-04-13,3.4660000801086426,0.75,2.7160000801086426,0.3420001220703126,normal,normal,bull_steep,90
2011-04-14,3.484999895095825,0.77,2.714999895095825,0.31799996376037587,normal,normal,bull_steep,91
2011-04-15,3.4100000858306885,0.71,2.7000000858306885,0.30900015830993643,normal,normal,bull_steep,92
2011-04-18,3.371000051498413,0.69,2.681000051498413,0.27199997901916495,normal,normal,bull_steep,93
2011-04-19,3.3559999465942383,0.68,2.675999946594238,0.3189998817443853,normal,normal,bull_steep,94
2011-04-20,3.400000095367432,0.69,2.710000095367432,0.30700003623962413,normal,normal,bull_steep,95
2011-04-21,3.400000095367432,0.68,2.720000095367432,0.3360000610351568,normal,normal,bull_steep,96
2011-04-25,3.36299991607666,0.67,2.6929999160766602,0.3010000133514401,normal,normal,bull_steep,97
2011-04-26,3.319999933242798,0.65,2.669999933242798,0.28499997138976996,normal,normal,bull_steep,98
2011-04-27,3.368000030517578,0.65,2.718000030517578,0.39400014877319345,normal,normal,bull_steep,99
2011-04-28,3.312000036239624,0.62,2.692000036239624,0.4100000095367431,bear_steep,normal,bull_steep,100
2011-04-29,3.2960000038146973,0.61,2.6860000038146974,0.42500010490417495,bear_steep,normal,bull_steep,101
2011-05-02,3.2860000133514404,0.61,2.6760000133514406,0.5310000705718996,bear_steep,normal,bull_steep,102
2011-05-03,3.255000114440918,0.61,2.645000114440918,0.4600002193450927,bear_steep,normal,bull_steep,103
2011-05-04,3.2230000495910645,0.6,2.6230000495910644,0.4750000858306884,bear_steep,bear_steep,normal,1
2011-05-05,3.1679999828338623,0.58,2.5879999828338622,0.5229999351501462,bear_steep,bear_steep,normal,2
2011-05-06,3.157000064849853,0.57,2.5870000648498532,0.4620000839233396,bear_steep,bear_steep,normal,3
2011-05-09,3.1419999599456787,0.57,2.571999959945679,0.4409999275207519,bear_steep,bear_steep,normal,4
2011-05-10,3.194999933242798,0.59,2.604999933242798,0.5159999370574955,bear_steep,bear_steep,normal,5
2011-05-11,3.157000064849853,0.56,2.597000064849853,0.47500007629394503,bear_steep,bear_steep,normal,6
2011-05-12,3.2300000190734863,0.57,2.6600000190734865,0.5429999065399174,bear_steep,bear_steep,normal,7
2011-05-13,3.187000036239624,0.57,2.617000036239624,0.6179999637603761,bear_steep,bear_steep,normal,8
2011-05-16,3.1489999294281006,0.54,2.6089999294281006,0.6009998226165774,bear_steep,bear_steep,normal,9
2011-05-17,3.121000051498413,0.55,2.5710000514984133,0.5819999790191652,bear_steep,bear_steep,normal,10
2011-05-18,3.1710000038146973,0.58,2.591000003814697,0.4990000534057617,bear_steep,bear_steep,normal,11
2011-05-19,3.1710000038146973,0.55,2.6210000038146974,0.5759999275207521,bear_steep,bear_steep,normal,12
2011-05-20,3.1519999504089355,0.55,2.6019999504089357,0.5949999523162841,bear_steep,bear_steep,normal,13
2011-05-23,3.134000062942505,0.55,2.584000062942505,0.5020000457763674,bear_steep,bear_steep,normal,14
2011-05-24,3.122999906539917,0.56,2.562999906539917,0.434999885559082,bear_steep,bear_steep,normal,15
2011-05-25,3.128999948501587,0.54,2.588999948501587,0.40299985885620115,bear_steep,bear_steep,normal,16
2011-05-26,3.061000108718872,0.48,2.581000108718872,0.46200014114379906,bear_steep,bear_steep,normal,17
2011-05-27,3.063999891281128,0.48,2.583999891281128,0.4499998474121094,bear_steep,bear_steep,normal,18
2011-05-31,3.049999952316284,0.45,2.599999952316284,0.40900003433227505,bear_steep,bear_steep,normal,19
2011-06-01,2.9660000801086426,0.44,2.5260000801086426,0.3110000038146974,normal,bear_steep,normal,20
2011-06-02,3.0299999713897705,0.45,2.5799999713897703,0.36900003433227546,normal,bear_steep,normal,21
2011-06-03,2.996999979019165,0.42,2.576999979019165,0.41100008964538537,bear_steep,bear_steep,normal,22
2011-06-06,3.002000093460083,0.43,2.572000093460083,0.3490000438690184,normal,bear_steep,normal,23
2011-06-07,3.010999917984009,0.39,2.6209999179840087,0.34199985504150376,normal,bear_steep,normal,24
2011-06-08,2.961999893188477,0.39,2.571999893188477,0.3059998416900638,normal,bear_steep,normal,25
2011-06-09,2.997999906539917,0.43,2.567999906539917,0.33199981689453084,normal,bear_steep,normal,26
2011-06-10,2.970999956130981,0.41,2.560999956130981,0.3969998550415039,normal,normal,bear_steep,1
2011-06-13,2.990999937057495,0.4,2.590999937057495,0.4829998397827149,bear_steep,normal,bear_steep,2
2011-06-14,3.0989999771118164,0.45,2.6489999771118162,0.5439999103546143,bear_steep,normal,bear_steep,3
2011-06-15,2.9730000495910645,0.38,2.5930000495910646,0.43100006103515653,bear_steep,normal,bear_steep,4
2011-06-16,2.9089999198913574,0.38,2.5289999198913575,0.45199995994567876,bear_steep,normal,bear_steep,5
2011-06-17,2.944000005722046,0.38,2.564000005722046,0.47799991607666037,bear_steep,bear_steep,normal,1
2011-06-20,2.963000059127808,0.38,2.583000059127808,0.5170000171661382,bear_steep,bear_steep,normal,2
2011-06-21,2.984999895095825,0.4,2.5849998950958253,0.4879999351501465,bear_steep,bear_steep,normal,3
2011-06-22,2.993000030517578,0.39,2.603000030517578,0.4970000076293939,bear_steep,bear_steep,normal,4
2011-06-23,2.9089999198913574,0.35,2.5589999198913573,0.4899998283386231,bear_steep,bear_steep,normal,5
2011-06-24,2.871000051498413,0.35,2.521000051498413,0.45700007438659673,bear_steep,bear_steep,normal,6
2011-06-27,2.927000045776367,0.41,2.517000045776367,0.49800011634826635,bear_steep,bear_steep,normal,7
2011-06-28,3.0450000762939453,0.48,2.5650000762939453,0.5290001678466796,bear_steep,bear_steep,normal,8
2011-06-29,3.1080000400543213,0.47,2.6380000400543215,0.6069999980926517,bear_steep,bear_steep,normal,9
2011-06-30,3.157999992370605,0.45,2.707999992370605,0.6560000610351557,bear_steep,bear_steep,normal,10
2011-07-01,3.197000026702881,0.5,2.697000026702881,0.6360000324249269,bear_steep,bear_steep,normal,11
2011-07-05,3.135999917984009,0.44,2.695999917984009,0.5810000324249267,bear_steep,bear_steep,normal,12
2011-07-06,3.095000028610229,0.43,2.665000028610229,0.4590000534057608,bear_steep,bear_steep,normal,13
2011-07-07,3.1489999294281006,0.49,2.6589999294281004,0.5479999923706051,bear_steep,bear_steep,normal,14
2011-07-08,3.0160000324249268,0.4,2.616000032424927,0.5110001277923586,bear_steep,bear_steep,normal,15
2011-07-11,2.9170000553131104,0.37,2.5470000553131102,0.4270000267028813,bear_steep,bear_steep,normal,16
2011-07-12,2.907999992370605,0.37,2.537999992370605,0.37700009346008256,normal,bear_steep,normal,17
2011-07-13,2.8910000324249268,0.37,2.5210000324249267,0.30800006866455076,normal,bear_steep,normal,18
2011-07-14,2.944000005722046,0.38,2.564000005722046,0.380000104904175,normal,bear_steep,normal,19
2011-07-15,2.907999992370605,0.37,2.537999992370605,0.30200007438659604,normal,bear_steep,normal,20
2011-07-18,2.9089999198913574,0.37,2.5389999198913573,0.22700002670288022,normal,normal,bear_steep,1
2011-07-19,2.8910000324249268,0.39,2.5010000324249266,0.2100000190734863,normal,normal,bear_steep,2
2011-07-20,2.933000087738037,0.4,2.533000087738037,0.26100009918212885,normal,normal,bear_steep,3
2011-07-21,3.009999990463257,0.4,2.609999990463257,0.3219999694824218,normal,normal,bear_steep,4
2011-07-22,2.96399998664856,0.4,2.56399998664856,0.30999988555908287,normal,normal,bear_steep,5
2011-07-25,3.003999948501587,0.42,2.583999948501587,0.30499999046325676,normal,normal,bear_steep,6
2011-07-26,2.950999975204468,0.41,2.540999975204468,0.38700000762939535,normal,normal,bear_steep,7
2011-07-27,2.9800000190734863,0.44,2.5400000190734864,0.38400000572204585,normal,normal,bear_steep,8
2011-07-28,2.950999975204468,0.42,2.5309999752044683,0.37800001144409245,normal,normal,bear_steep,9
2011-07-29,2.805000066757202,0.36,2.4450000667572023,0.24600014686584482,normal,normal,bear_steep,10
2011-08-01,2.740000009536743,0.38,2.3600000095367433,0.15200000762939458,normal,normal,bear_steep,11
2011-08-02,2.624000072479248,0.33,2.294000072479248,0.04800003051757784,normal,normal,bear_steep,12
2011-08-03,2.5989999771118164,0.33,2.2689999771118163,-0.11200003623962385,normal,normal,bear_steep,13
2011-08-04,2.4579999446868896,0.27,2.1879999446868896,-0.14899993896484398,normal,normal,bear_steep,14
2011-08-05,2.558000087738037,0.28,2.278000087738037,-0.08599999427795435,normal,normal,bear_steep,15
2011-08-08,2.33899998664856,0.27,2.06899998664856,-0.31299996376037553,normal,normal,bear_steep,16
2011-08-09,2.181999921798706,0.19,1.991999921798706,-0.3630000782012939,normal,normal,bear_steep,17
2011-08-10,2.13700008392334,0.19,1.94700008392334,-0.37599987983703587,normal,normal,bear_steep,18
2011-08-11,2.3359999656677246,0.19,2.1459999656677247,-0.166000118255615,normal,normal,bear_steep,19
2011-08-12,2.236999988555908,0.2,2.036999988555908,-0.3470000457763671,normal,normal,bear_steep,20
2011-08-15,2.2850000858306885,0.19,2.0950000858306885,-0.2589999961853029,normal,normal,bear_steep,21
2011-08-16,2.21399998664856,0.2,2.01399998664856,-0.288000040054321,normal,normal,bear_steep,22
2011-08-17,2.164999961853028,0.19,1.9749999618530278,-0.3719999694824212,normal,normal,bear_steep,23
2011-08-18,2.0829999446868896,0.2,1.8829999446868897,-0.5510000419616705,bull_steep,normal,bear_steep,24
2011-08-19,2.071000099182129,0.2,1.871000099182129,-0.5789999008178712,bull_steep,normal,bear_steep,25
2011-08-22,2.088000059127808,0.22,1.868000059127808,-0.6589999008178704,bull_steep,normal,bear_steep,26
2011-08-23,2.13700008392334,0.22,1.9170000839233399,-0.6039999008178711,bull_steep,normal,bear_steep,27
2011-08-24,2.259999990463257,0.23,2.029999990463257,-0.5949999713897709,bull_steep,bull_steep,normal,1
2011-08-25,2.2219998836517334,0.22,2.001999883651733,-0.6040001773834227,bull_steep,bull_steep,normal,2
2011-08-26,2.187999963760376,0.2,1.987999963760376,-0.5950000858306883,bull_steep,bull_steep,normal,3
2011-08-29,2.2709999084472656,0.2,2.0709999084472654,-0.5850000953674317,bull_steep,bull_steep,normal,4
2011-08-30,2.1760001182556152,0.2,1.9760001182556153,-0.6969998741149899,bull_steep,bull_steep,normal,5
2011-08-31,2.2179999351501465,0.2,2.0179999351501463,-0.7769999885559082,bull_steep,bull_steep,normal,6
2011-09-01,2.1459999084472656,0.19,1.9559999084472657,-0.8840000724792478,bull_steep,bull_steep,normal,7
2011-09-02,1.996000051498413,0.2,1.7960000514984131,-1.0209999465942385,bull_steep,bull_steep,normal,8
2011-09-06,1.9789999723434448,0.21,1.7689999723434449,-0.95099995136261,bull_steep,bull_steep,normal,9
2011-09-07,2.0360000133514404,0.21,1.8260000133514405,-0.9029999637603758,bull_steep,bull_steep,normal,10
2011-09-08,1.9859999418258667,0.19,1.7959999418258668,-0.9000000333786016,bull_steep,bull_steep,normal,11
2011-09-09,1.9149999618530276,0.17,1.7449999618530276,-0.9509999942779535,bull_steep,bull_steep,normal,12
2011-09-12,1.9299999475479128,0.21,1.7199999475479129,-1.0029999399185179,bull_steep,bull_steep,normal,13
2011-09-13,1.99399995803833,0.21,1.7839999580383301,-0.8570001125335693,bull_steep,bull_steep,normal,14
2011-09-14,2.010999917984009,0.19,1.8209999179840088,-0.9100000286102294,bull_steep,bull_steep,normal,15
2011-09-15,2.0850000381469727,0.21,1.8750000381469727,-0.8260000419616698,bull_steep,bull_steep,normal,16
2011-09-16,2.075999975204468,0.18,1.8959999752044683,-0.8129999828338617,bull_steep,bull_steep,normal,17
2011-09-19,1.940000057220459,0.16,1.780000057220459,-0.9150000095367432,bull_steep,bull_steep,normal,18
2011-09-20,1.9470000267028809,0.18,1.767000026702881,-0.9649999809265137,bull_steep,bull_steep,normal,19
2011-09-21,1.875,0.21,1.665,-1.050999956130981,bull_steep,bull_steep,normal,20
2011-09-22,1.715000033378601,0.2,1.5150000333786011,-1.2580000066757202,bull_steep,bull_steep,normal,21
2011-09-23,1.807999968528748,0.23,1.577999968528748,-1.160999941825866,bull_steep,bull_steep,normal,22
2011-09-26,1.9040000438690183,0.25,1.6540000438690183,-1.0740000247955324,bull_steep,bull_steep,normal,23
2011-09-27,2.0160000324249268,0.25,1.7660000324249268,-0.9479998683929445,bull_steep,bull_steep,normal,24
2011-09-28,2.002000093460083,0.27,1.732000093460083,-1.0089999866485595,bull_steep,bull_steep,normal,25
2011-09-29,1.9570000171661377,0.27,1.6870000171661377,-1.0580000019073488,bull_steep,bull_steep,normal,26
2011-09-30,1.924000024795532,0.25,1.674000024795532,-1.0370000934600834,bull_steep,bull_steep,normal,27
2011-10-03,1.784999966621399,0.24,1.544999966621399,-1.1979999780654909,bull_steep,bull_steep,normal,28
2011-10-04,1.781000018119812,0.25,1.531000018119812,-1.233000063896179,bull_steep,bull_steep,normal,29
2011-10-05,1.9049999713897705,0.25,1.6549999713897705,-1.0819999217987064,bull_steep,bull_steep,normal,30
2011-10-06,1.9859999418258667,0.29,1.6959999418258667,-1.1130001688003541,bull_steep,bull_steep,normal,31
2011-10-07,2.068000078201294,0.3,1.768000078201294,-1.017999811172486,bull_steep,bull_steep,normal,32
2011-10-11,2.1600000858306885,0.32,1.8400000858306884,-0.9179999065399167,bull_steep,bull_steep,normal,33
2011-10-12,2.2260000705718994,0.29,1.9360000705718994,-0.7629999351501464,bull_steep,bull_steep,normal,34
2011-10-13,2.1689999103546143,0.29,1.8789999103546142,-0.9290000629425048,bull_steep,bull_steep,normal,35
2011-10-14,2.2320001125335693,0.28,1.9520001125335693,-0.8429998779296877,bull_steep,bull_steep,normal,36
2011-10-17,2.1549999713897705,0.28,1.8749999713897705,-0.9140000247955322,bull_steep,bull_steep,normal,37
2011-10-18,2.151000022888184,0.28,1.871000022888184,-0.9269999980926509,bull_steep,bull_steep,normal,38
2011-10-19,2.1589999198913574,0.28,1.8789999198913574,-0.9540001583099367,bull_steep,bull_steep,normal,39
2011-10-20,2.180000066757202,0.28,1.9000000667572021,-0.9190000152587892,bull_steep,bull_steep,normal,40
2011-10-21,2.203000068664551,0.3,1.9030000686645507,-0.927999820709229,bull_steep,bull_steep,normal,41
2011-10-24,2.233999967575073,0.3,1.9339999675750728,-0.9479999828338632,bull_steep,bull_steep,normal,42
2011-10-25,2.128000020980835,0.26,1.868000020980835,-0.9960000324249265,bull_steep,bull_steep,normal,43
2011-10-26,2.203000068664551,0.28,1.9230000686645508,-0.9419998359680173,bull_steep,bull_steep,normal,44
2011-10-27,2.3949999809265137,0.31,2.0849999809265136,-0.7469999790191655,bull_steep,bull_steep,normal,45
2011-10-28,2.305999994277954,0.28,2.025999994277954,-0.8319999504089357,bull_steep,bull_steep,normal,46
2011-10-31,2.174999952316284,0.25,1.9249999523162842,-0.8709999561309814,bull_steep,bull_steep,normal,47
2011-11-01,2.000999927520752,0.23,1.770999927520752,-0.9730001544952391,bull_steep,bull_steep,normal,48
2011-11-02,2.00600004196167,0.23,1.77600004196167,-0.9999998950958253,bull_steep,bull_steep,normal,49
2011-11-03,2.065999984741211,0.24,1.825999984741211,-0.9350000667572023,bull_steep,bull_steep,normal,50
2011-11-04,2.049999952316284,0.22,1.8299999523162842,-0.9439999294281007,bull_steep,bull_steep,normal,51
2011-11-07,1.99399995803833,0.25,1.74399995803833,-1.0650000286102301,bull_steep,bull_steep,normal,52
2011-11-08,2.065000057220459,0.25,1.815000057220459,-0.9059999084472654,bull_steep,bull_steep,normal,53
2011-11-09,1.955000042915344,0.24,1.715000042915344,-1.031999945640564,bull_steep,bull_steep,normal,54
2011-11-10,2.055999994277954,0.24,1.815999994277954,-0.8919999694824219,bull_steep,bull_steep,normal,55
2011-11-14,2.0429999828338623,0.24,1.8029999828338623,-0.9019999694824221,bull_steep,bull_steep,normal,56
2011-11-15,2.056999921798706,0.26,1.796999921798706,-0.9270001125335694,bull_steep,bull_steep,normal,57
2011-11-16,2.0239999294281006,0.26,1.7639999294281006,-0.9900001049041747,bull_steep,bull_steep,normal,58
2011-11-17,1.9579999446868896,0.27,1.6879999446868896,-1.0860000419616704,bull_steep,bull_steep,normal,59
2011-11-18,2.01200008392334,0.29,1.7220000839233398,-1.059999942779541,bull_steep,bull_steep,normal,60
2011-11-21,1.962000012397766,0.27,1.6920000123977659,-1.1200000905990601,bull_steep,bull_steep,normal,61
2011-11-22,1.9390000104904173,0.26,1.6790000104904172,-1.1179999685287476,bull_steep,bull_steep,normal,62
2011-11-23,1.878999948501587,0.26,1.618999948501587,-1.1949999618530274,bull_steep,bull_steep,normal,63
2011-11-25,1.9670000076293943,0.28,1.6870000076293943,-1.082000093460083,bull_steep,bull_steep,normal,64
2011-11-28,1.9579999446868896,0.26,1.6979999446868896,-1.0449999427795411,bull_steep,bull_steep,normal,65
2011-11-29,1.996000051498413,0.27,1.726000051498413,-1.0269998359680175,bull_steep,bull_steep,normal,66
2011-11-30,2.068000078201294,0.25,1.818000078201294,-0.9189998054504396,bull_steep,bull_steep,normal,67
2011-12-01,2.117000102996826,0.27,1.8470001029968262,-0.8459998512268068,bull_steep,bull_steep,normal,68
2011-12-02,2.0420000553131104,0.25,1.7920000553131104,-0.8399998378753666,bull_steep,bull_steep,normal,69
2011-12-05,2.053999900817871,0.27,1.783999900817871,-0.8640000057220458,bull_steep,bull_steep,normal,70
2011-12-06,2.0929999351501465,0.25,1.8429999351501465,-0.8240000152587892,bull_steep,bull_steep,normal,71
2011-12-07,2.0169999599456787,0.24,1.7769999599456787,-0.8759999942779542,bull_steep,bull_steep,normal,72
2011-12-08,1.972000002861023,0.22,1.752000002861023,-0.9000000143051146,bull_steep,bull_steep,normal,73
2011-12-09,2.052000045776367,0.22,1.8320000457763672,-0.8260000038146973,bull_steep,bull_steep,normal,74
2011-12-12,2.009000062942505,0.24,1.769000062942505,-0.9149999809265139,bull_steep,bull_steep,normal,75
2011-12-13,1.962000012397766,0.24,1.722000012397766,-0.93199999332428,bull_steep,bull_steep,normal,76
2011-12-14,1.901000022888184,0.25,1.651000022888184,-0.9869999313354487,bull_steep,bull_steep,normal,77
2011-12-15,1.9129999876022337,0.26,1.6529999876022337,-1.0279999494552614,bull_steep,bull_steep,normal,78
2011-12-16,1.8539999723434448,0.24,1.6139999723434448,-1.04099995136261,bull_steep,bull_steep,normal,79
2011-12-19,1.812999963760376,0.24,1.572999963760376,-1.081000032424927,bull_steep,bull_steep,normal,80
2011-12-20,1.924999952316284,0.26,1.664999952316284,-0.986000022888184,bull_steep,bull_steep,normal,81
2011-12-21,1.9670000076293943,0.28,1.6870000076293943,-0.9739999866485598,bull_steep,bull_steep,normal,82
2011-12-22,1.950999975204468,0.28,1.670999975204468,-0.9760000133514404,bull_steep,bull_steep,normal,83
2011-12-23,2.0299999713897705,0.28,1.7499999713897705,-0.9450001049041747,bull_steep,bull_steep,normal,84
2011-12-27,2.009000062942505,0.3,1.7090000629425048,-1.0360000038146973,bull_steep,bull_steep,normal,85
2011-12-28,1.9079999923706052,0.28,1.6279999923706052,-1.1119999408721926,bull_steep,bull_steep,normal,86
2011-12-29,1.8969999551773071,0.28,1.616999955177307,-1.1029999780654907,bull_steep,bull_steep,normal,87
2011-12-30,1.871000051498413,0.25,1.621000051498413,-1.108999948501587,bull_steep,bull_steep,normal,88
2012-01-03,1.9600000381469729,0.27,1.6900000381469729,-1.0260000419616697,bull_steep,bull_steep,normal,89
2012-01-04,1.995000004768372,0.25,1.745000004768372,-0.9699998903274532,bull_steep,bull_steep,normal,90
2012-01-05,1.993000030517578,0.27,1.7230000305175779,-0.9770000553131106,bull_steep,bull_steep,normal,91
2012-01-06,1.9609999656677248,0.25,1.7109999656677248,-0.9700000858306883,bull_steep,bull_steep,normal,92
2012-01-09,1.9600000381469729,0.26,1.7000000381469729,-0.9759999084472653,bull_steep,bull_steep,normal,93
2012-01-10,1.972000002861023,0.24,1.732000002861023,-0.9780000925064092,bull_steep,bull_steep,normal,94
2012-01-11,1.9040000438690183,0.24,1.6640000438690183,-1.0560000514984136,bull_steep,bull_steep,normal,95
2012-01-12,1.932999968528748,0.22,1.712999968528748,-0.9799999475479122,bull_steep,bull_steep,normal,96
2012-01-13,1.8530000448226929,0.24,1.6130000448226929,-1.056999888420105,bull_steep,bull_steep,normal,97
2012-01-17,1.850000023841858,0.21,1.640000023841858,-1.0780000066757203,bull_steep,bull_steep,normal,98
2012-01-18,1.8969999551773071,0.24,1.6569999551773071,-1.0350000810623168,bull_steep,bull_steep,normal,99
2012-01-19,1.972000002861023,0.26,1.712000002861023,-0.9740000009536744,bull_steep,bull_steep,normal,100
2012-01-20,2.0280001163482666,0.26,1.7680001163482666,-0.907999897003174,bull_steep,bull_steep,normal,101
2012-01-23,2.066999912261963,0.26,1.8069999122619629,-0.8380002021789552,bull_steep,bull_steep,normal,102
2012-01-24,2.063999891281128,0.24,1.823999891281128,-0.7990001583099364,bull_steep,bull_steep,normal,103
2012-01-25,2.006999969482422,0.22,1.786999969482422,-0.8010000133514403,bull_steep,bull_steep,normal,104
2012-01-26,1.930999994277954,0.22,1.7109999942779541,-0.8760000705718991,bull_steep,bull_steep,normal,105
2012-01-27,1.8980000019073489,0.22,1.6780000019073489,-0.89399995803833,bull_steep,bull_steep,normal,106
2012-01-30,1.837000012397766,0.22,1.617000012397766,-0.9879999208450321,bull_steep,bull_steep,normal,107
2012-01-31,1.7990000247955322,0.22,1.5790000247955323,-1.0180000400543208,bull_steep,bull_steep,normal,108
2012-02-01,1.8459999561309812,0.23,1.6159999561309812,-1.0440000629425052,bull_steep,bull_steep,normal,109
2012-02-02,1.825000047683716,0.23,1.595000047683716,-1.0219999885559081,bull_steep,bull_steep,normal,110
2012-02-03,1.9490000009536743,0.23,1.7190000009536743,-0.8899999284744262,bull_steep,bull_steep,normal,111
2012-02-06,1.901000022888184,0.24,1.661000022888184,-0.9100000286102292,bull_steep,bull_steep,normal,112
2012-02-07,1.965999960899353,0.25,1.715999960899353,-0.8750000429153442,bull_steep,bull_steep,normal,113
2012-02-08,1.975000023841858,0.27,1.705000023841858,-0.9159999799728396,bull_steep,bull_steep,normal,114
2012-02-09,2.046999931335449,0.27,1.7769999313354492,-0.8250000190734865,bull_steep,bull_steep,normal,115
2012-02-10,1.968999981880188,0.27,1.698999981880188,-0.8850000810623171,bull_steep,bull_steep,normal,116
2012-02-13,1.9900000095367432,0.29,1.7000000095367431,-0.8629998970031738,bull_steep,bull_steep,normal,117
2012-02-14,1.924000024795532,0.29,1.634000024795532,-0.9549999237060549,bull_steep,bull_steep,normal,118
2012-02-15,1.930999994277954,0.29,1.640999994277954,-0.940000114440918,bull_steep,bull_steep,normal,119
2012-02-16,1.993000030517578,0.29,1.7030000305175779,-0.8809998607635501,bull_steep,bull_steep,normal,120
2012-02-17,2.009999990463257,0.29,1.7199999904632568,-0.8799999618530272,bull_steep,bull_steep,normal,121
2012-02-21,2.0450000762939453,0.31,1.7350000762939453,-0.7910000038146974,bull_steep,bull_steep,normal,122
2012-02-22,2.005000114440918,0.29,1.715000114440918,-0.8649998569488524,bull_steep,bull_steep,normal,123
2012-02-23,1.9839999675750728,0.31,1.6739999675750727,-0.9030000114440924,bull_steep,bull_steep,normal,124
2012-02-24,1.9769999980926516,0.31,1.6669999980926515,-0.9050000953674313,bull_steep,bull_steep,normal,125
2012-02-27,1.9220000505447388,0.3,1.6220000505447387,-0.9989998674392699,bull_steep,bull_steep,normal,126
2012-02-28,1.9290000200271609,0.3,1.6290000200271608,-0.9429998731613161,bull_steep,bull_steep,normal,127
2012-02-29,1.9769999980926516,0.3,1.6769999980926515,-0.8909999084472653,bull_steep,bull_steep,normal,128
2012-03-01,2.0369999408721924,0.3,1.7369999408721923,-0.8240000152587885,bull_steep,bull_steep,normal,129
2012-03-02,1.9859999418258667,0.28,1.7059999418258667,-0.8849999952316285,bull_steep,bull_steep,normal,130
2012-03-05,2.005000114440918,0.31,1.695000114440918,-0.9539998626708983,bull_steep,bull_steep,normal,131
2012-03-06,1.944000005722046,0.3,1.6440000057220459,-0.9490000438690187,bull_steep,bull_steep,normal,132
2012-03-07,1.972000002861023,0.3,1.672000002861023,-0.8569999170303346,bull_steep,bull_steep,normal,133
2012-03-08,2.013999938964844,0.32,1.6939999389648441,-0.8700000667572019,bull_steep,bull_steep,normal,134
2012-03-09,2.0380001068115234,0.33,1.7080001068115234,-0.8749999523162848,bull_steep,bull_steep,normal,135
2012-03-12,2.0309998989105225,0.33,1.7009998989105224,-0.8839999961853029,bull_steep,bull_steep,normal,136
2012-03-13,2.1070001125335693,0.35,1.7570001125335692,-0.8459999179840088,bull_steep,bull_steep,normal,137
2012-03-14,2.2739999294281006,0.4,1.8739999294281007,-0.6849999904632567,bull_steep,bull_steep,normal,138
2012-03-15,2.2809998989105225,0.37,1.9109998989105224,-0.6100001525878906,bull_steep,bull_steep,normal,139
2012-03-16,2.2980000972747803,0.37,1.9280000972747802,-0.5889999485015869,bull_steep,bull_steep,normal,140
2012-03-19,2.378999948501587,0.39,1.9889999485015868,-0.5760001277923585,bull_steep,bull_steep,normal,141
2012-03-20,2.371999979019165,0.41,1.9619999790191651,-0.6760000610351564,bull_steep,bull_steep,normal,142
2012-03-21,2.2939999103546143,0.39,1.9039999103546141,-0.8040000820159907,bull_steep,bull_steep,normal,143
2012-03-22,2.275000095367432,0.37,1.905000095367432,-0.7919999313354489,bull_steep,bull_steep,normal,144
2012-03-23,2.236999988555908,0.37,1.866999988555908,-0.8289999294281007,bull_steep,bull_steep,normal,145
2012-03-26,2.24399995803833,0.36,1.8839999580383302,-0.7810000705718987,bull_steep,bull_steep,normal,146
2012-03-27,2.187000036239624,0.33,1.857000036239624,-0.8019998931884764,bull_steep,bull_steep,normal,147
2012-03-28,2.196000099182129,0.34,1.8560000991821288,-0.759999933242798,bull_steep,bull_steep,normal,148
2012-03-29,2.1589999198913574,0.33,1.8289999198913574,-0.7180001354217529,bull_steep,bull_steep,normal,149
2012-03-30,2.2160000801086426,0.33,1.8860000801086425,-0.6519999122619624,bull_steep,bull_steep,normal,150
2012-04-02,2.193000078201294,0.33,1.8630000782012939,-0.6579999542236328,bull_steep,bull_steep,normal,151
2012-04-03,2.2839999198913574,0.36,1.9239999198913575,-0.6400000858306885,bull_steep,bull_steep,normal,152
2012-04-04,2.243000030517578,0.35,1.893000030517578,-0.6449999618530269,bull_steep,bull_steep,normal,153
2012-04-05,2.174999952316284,0.35,1.824999952316284,-0.7139999675750732,bull_steep,bull_steep,normal,154
2012-04-09,2.0369999408721924,0.32,1.7169999408721923,-0.7840000915527343,bull_steep,bull_steep,normal,155
2012-04-10,1.9880000352859497,0.28,1.7080000352859497,-0.8250000524520875,bull_steep,bull_steep,normal,156
2012-04-11,2.0280001163482666,0.3,1.7280001163482666,-0.8819998741149904,bull_steep,bull_steep,normal,157
2012-04-12,2.049000024795532,0.29,1.7590000247955317,-0.8049999618530284,bull_steep,bull_steep,normal,158
2012-04-13,1.9980000257492063,0.27,1.7280000257492063,-0.8559999227523807,bull_steep,bull_steep,normal,159
2012-04-16,1.9739999771118164,0.27,1.7039999771118164,-0.8369999980926517,bull_steep,bull_steep,normal,160
2012-04-17,2.009000062942505,0.27,1.7390000629425049,-0.8009999561309815,bull_steep,bull_steep,normal,161
2012-04-18,1.98199999332428,0.27,1.71199999332428,-0.8189999818801883,bull_steep,bull_steep,normal,162
2012-04-19,1.9520000219345093,0.27,1.6820000219345093,-0.763000044822693,bull_steep,bull_steep,normal,163
2012-04-20,1.9700000286102293,0.29,1.6800000286102292,-0.679999980926514,bull_steep,bull_steep,normal,164
2012-04-23,1.932999968528748,0.27,1.662999968528748,-0.6310001039505,bull_steep,bull_steep,normal,165
2012-04-24,1.9609999656677248,0.27,1.6909999656677248,-0.5780000114440915,bull_steep,bull_steep,normal,166
2012-04-25,1.9839999675750728,0.26,1.7239999675750728,-0.46399997711181684,bull_steep,bull_steep,normal,167
2012-04-26,1.9589999914169312,0.26,1.6989999914169311,-0.5790000963211057,bull_steep,bull_steep,normal,168
2012-04-27,1.932999968528748,0.26,1.672999968528748,-0.396000018119812,normal,bull_steep,normal,169
2012-04-30,1.9149999618530276,0.27,1.6449999618530275,-0.34699995994567856,normal,bull_steep,normal,170
2012-05-01,1.955999970436096,0.27,1.685999970436096,-0.26100011348724395,normal,bull_steep,normal,171
2012-05-02,1.9220000505447388,0.27,1.6520000505447388,-0.4939999151229859,bull_steep,bull_steep,normal,172
2012-05-03,1.924000024795532,0.28,1.644000024795532,-0.39299996376037605,normal,bull_steep,normal,173
2012-05-04,1.8799999952316284,0.27,1.6099999952316284,-0.48500009059906013,bull_steep,bull_steep,normal,174
2012-05-07,1.8769999742507932,0.27,1.6069999742507932,-0.4070000123977666,bull_steep,bull_steep,normal,175
2012-05-08,1.837000012397766,0.27,1.5670000123977659,-0.40799994945526197,bull_steep,bull_steep,normal,176
2012-05-09,1.8350000381469729,0.27,1.5650000381469729,-0.31799990653991683,normal,bull_steep,normal,177
2012-05-10,1.8839999437332156,0.27,1.6139999437332155,-0.2570001554489134,normal,bull_steep,normal,178
2012-05-11,1.840999960899353,0.27,1.570999960899353,-0.2970000982284551,normal,bull_steep,normal,179
2012-05-14,1.787999987602234,0.29,1.497999987602234,-0.4190000963211058,bull_steep,bull_steep,normal,180
2012-05-15,1.7769999504089355,0.29,1.4869999504089355,-0.5430000400543213,bull_steep,bull_steep,normal,181
2012-05-16,1.7649999856948853,0.3,1.4649999856948852,-0.536999897956848,bull_steep,bull_steep,normal,182
2012-05-17,1.7020000219345093,0.32,1.3820000219345092,-0.6059999418258668,bull_steep,bull_steep,normal,183
2012-05-18,1.7020000219345093,0.32,1.3820000219345092,-0.6889998865127562,bull_steep,bull_steep,normal,184
2012-05-21,1.7350000143051147,0.3,1.4350000143051147,-0.5410001039505006,bull_steep,bull_steep,normal,185
2012-05-22,1.7929999828338623,0.3,1.4929999828338623,-0.524999952316284,bull_steep,bull_steep,normal,186
2012-05-23,1.7209999561309814,0.28,1.4409999561309814,-0.5149999523162843,bull_steep,bull_steep,normal,187
2012-05-24,1.758999943733215,0.29,1.468999943733215,-0.32700010776519806,normal,bull_steep,normal,188
2012-05-25,1.7450000047683716,0.3,1.4450000047683715,-0.3239999675750733,normal,bull_steep,normal,189
2012-05-29,1.7309999465942385,0.3,1.4309999465942385,-0.395000066757202,normal,bull_steep,normal,190
2012-05-30,1.625,0.27,1.355,-0.44099994182586677,bull_steep,bull_steep,normal,191
2012-05-31,1.5809999704360962,0.27,1.3109999704360962,-0.43399999141693146,bull_steep,bull_steep,normal,192
2012-06-01,1.4670000076293943,0.25,1.2170000076293943,-0.5029999399185185,bull_steep,bull_steep,normal,193
2012-06-04,1.5269999504089355,0.25,1.2769999504089355,-0.5070000076293946,bull_steep,bull_steep,normal,194
2012-06-05,1.555999994277954,0.25,1.305999994277954,-0.5149999237060547,bull_steep,bull_steep,normal,195
2012-06-06,1.6510000228881836,0.26,1.3910000228881836,-0.4840000152587891,bull_steep,bull_steep,normal,196
2012-06-07,1.6540000438690186,0.27,1.3840000438690185,-0.5119999313354497,bull_steep,bull_steep,normal,197
2012-06-08,1.6369999647140503,0.28,1.3569999647140503,-0.4230000925064088,bull_steep,bull_steep,normal,198
2012-06-11,1.600000023841858,0.27,1.330000023841858,-0.43700000286102303,bull_steep,bull_steep,normal,199
2012-06-12,1.6610000133514404,0.3,1.3610000133514404,-0.30399998664855965,normal,bull_steep,normal,200
2012-06-13,1.5989999771118164,0.3,1.2989999771118164,-0.21600005626678476,normal,bull_steep,normal,201
2012-06-14,1.6109999418258667,0.3,1.3109999418258667,-0.26700002670288137,normal,bull_steep,normal,202
2012-06-15,1.587000012397766,0.29,1.2970000123977659,-0.3570000314712525,normal,bull_steep,normal,203
2012-06-18,1.5839999914169312,0.29,1.2939999914169311,-0.47200004100799564,bull_steep,bull_steep,normal,204
2012-06-19,1.6200000047683716,0.3,1.3200000047683715,-0.41200008869171145,bull_steep,bull_steep,normal,205
2012-06-20,1.6419999599456787,0.32,1.3219999599456786,-0.36500005722045903,normal,bull_steep,normal,206
2012-06-21,1.618000030517578,0.32,1.2980000305175778,-0.37599999427795416,normal,bull_steep,normal,207
2012-06-22,1.6720000505447388,0.31,1.3620000505447387,-0.18299991607666022,normal,bull_steep,normal,208
2012-06-25,1.6080000400543213,0.31,1.2980000400543212,-0.23299997806549078,normal,bull_steep,normal,209
2012-06-26,1.628000020980835,0.31,1.318000020980835,-0.3369999504089356,normal,normal,bull_steep,1
2012-06-27,1.621000051498413,0.31,1.311000051498413,-0.38499989032745363,normal,normal,bull_steep,2
2012-06-28,1.5770000219345093,0.31,1.2670000219345092,-0.5010000562667847,bull_steep,normal,bull_steep,3
2012-06-29,1.659000039100647,0.33,1.329000039100647,-0.5110000467300415,bull_steep,normal,bull_steep,4
2012-07-02,1.5800000429153442,0.3,1.2800000429153442,-0.6560000276565552,bull_steep,normal,bull_steep,5
2012-07-03,1.63100004196167,0.3,1.3310000419616699,-0.5479998683929443,bull_steep,normal,bull_steep,6
2012-07-05,1.597000002861023,0.28,1.317000002861023,-0.6350001096725464,bull_steep,bull_steep,normal,1
2012-07-06,1.5440000295639038,0.27,1.2740000295639038,-0.6009999418258667,bull_steep,bull_steep,normal,2
2012-07-09,1.5130000114440918,0.27,1.2430000114440918,-0.6280000114440922,bull_steep,bull_steep,normal,3
2012-07-10,1.4980000257492063,0.27,1.2280000257492063,-0.6509998941421511,bull_steep,bull_steep,normal,4
2012-07-11,1.4980000257492063,0.27,1.2280000257492063,-0.6720000410079958,bull_steep,bull_steep,normal,5
2012-07-12,1.4789999723434448,0.25,1.2289999723434448,-0.6740000963211059,bull_steep,bull_steep,normal,6
2012-07-13,1.4989999532699585,0.25,1.2489999532699585,-0.6850000143051143,bull_steep,bull_steep,normal,7
2012-07-16,1.4639999866485596,0.24,1.2239999866485596,-0.6440000343322754,bull_steep,bull_steep,normal,8
2012-07-17,1.5010000467300415,0.25,1.2510000467300415,-0.6720000219345093,bull_steep,bull_steep,normal,9
2012-07-18,1.4789999723434448,0.22,1.2589999723434449,-0.8260000085830688,bull_steep,bull_steep,normal,10
2012-07-19,1.5149999856948853,0.22,1.2949999856948853,-0.7310000085830686,bull_steep,bull_steep,normal,11
2012-07-20,1.4600000381469729,0.22,1.240000038146973,-0.6849999141693113,bull_steep,bull_steep,normal,12
2012-07-23,1.434999942779541,0.22,1.214999942779541,-0.5559999847412109,bull_steep,bull_steep,normal,13
2012-07-24,1.4040000438690186,0.22,1.1840000438690186,-0.5919999980926514,bull_steep,bull_steep,normal,14
2012-07-25,1.406000018119812,0.22,1.186000018119812,-0.6399999666213989,bull_steep,bull_steep,normal,15
2012-07-26,1.4279999732971191,0.23,1.1979999732971192,-0.631999979019165,bull_steep,bull_steep,normal,16
2012-07-27,1.5549999475479126,0.25,1.3049999475479126,-0.4390000104904175,bull_steep,bull_steep,normal,17
2012-07-30,1.503999948501587,0.23,1.273999948501587,-0.541000108718872,bull_steep,bull_steep,normal,18
2012-07-31,1.4919999837875366,0.23,1.2619999837875366,-0.4530000591278074,bull_steep,bull_steep,normal,19
2012-08-01,1.5390000343322754,0.24,1.2990000343322754,-0.5169999599456787,bull_steep,bull_steep,normal,20
2012-08-02,1.4780000448226929,0.24,1.2380000448226929,-0.5649999380111694,bull_steep,bull_steep,normal,21
2012-08-03,1.5770000219345093,0.24,1.3370000219345093,-0.45999989986419676,bull_steep,bull_steep,normal,22
2012-08-06,1.5579999685287476,0.24,1.3179999685287476,-0.445999960899353,bull_steep,bull_steep,normal,23
2012-08-07,1.628000020980835,0.27,1.358000020980835,-0.3299999237060547,normal,bull_steep,normal,24
2012-08-08,1.6399999856948853,0.29,1.3499999856948852,-0.3720000982284546,normal,bull_steep,normal,25
2012-08-09,1.687999963760376,0.29,1.397999963760376,-0.29400004863738993,normal,bull_steep,normal,26
2012-08-10,1.64900004863739,0.27,1.37900004863739,-0.29999996185302735,normal,bull_steep,normal,27
2012-08-13,1.6540000438690186,0.27,1.3840000438690185,-0.23499990463256837,normal,normal,bull_steep,1
2012-08-14,1.72599995136261,0.27,1.45599995136261,-0.23100005626678421,normal,normal,bull_steep,2
2012-08-15,1.8049999475479128,0.27,1.5349999475479128,-0.16299999713897684,normal,normal,bull_steep,3
2012-08-16,1.8359999656677248,0.29,1.5459999656677248,-0.18000008583068827,normal,normal,bull_steep,4
2012-08-17,1.815999984741211,0.29,1.525999984741211,-0.29200009346008304,normal,normal,bull_steep,5
2012-08-20,1.8140000104904173,0.29,1.5240000104904172,-0.32300009250640893,normal,normal,bull_steep,6
2012-08-21,1.8049999475479128,0.31,1.4949999475479128,-0.2970001077651976,normal,normal,bull_steep,7
2012-08-22,1.718999981880188,0.26,1.458999981880188,-0.3249999189376831,normal,normal,bull_steep,8
2012-08-23,1.6660000085830688,0.26,1.4060000085830688,-0.43699992656707765,bull_steep,normal,bull_steep,9
2012-08-24,1.6779999732971191,0.28,1.3979999732971191,-0.3789999866485596,normal,normal,bull_steep,10
2012-08-27,1.64900004863739,0.28,1.3690000486373899,-0.3829999542236331,normal,normal,bull_steep,11
2012-08-28,1.6299999952316284,0.27,1.3599999952316284,-0.4720000505447388,bull_steep,normal,bull_steep,12
2012-08-29,1.6540000438690186,0.27,1.3840000438690185,-0.38500001907348635,normal,normal,bull_steep,13
2012-08-30,1.6200000047683716,0.27,1.3500000047683716,-0.37200000762939434,normal,normal,bull_steep,14
2012-08-31,1.562000036239624,0.22,1.342000036239624,-0.30899998664856,normal,normal,bull_steep,15
2012-09-04,1.5809999704360962,0.23,1.3509999704360962,-0.30200001716613745,normal,normal,bull_steep,16
2012-09-05,1.593999981880188,0.25,1.343999981880188,-0.26999999046325684,normal,normal,bull_steep,17
2012-09-06,1.6729999780654907,0.27,1.4029999780654907,-0.16999998569488528,normal,normal,bull_steep,18
2012-09-07,1.6610000133514404,0.25,1.4110000133514404,-0.2539999389648435,normal,normal,bull_steep,19
2012-09-10,1.6829999685287476,0.25,1.4329999685287476,-0.2540000391006467,normal,normal,bull_steep,20
2012-09-11,1.6950000524520874,0.25,1.4450000524520874,-0.22599992275238057,normal,normal,bull_steep,21
2012-09-12,1.7649999856948853,0.25,1.5149999856948853,-0.23499998569488523,normal,normal,bull_steep,22
2012-09-13,1.75600004196167,0.24,1.51600004196167,-0.1930000209808349,normal,normal,bull_steep,23
2012-09-14,1.870000004768372,0.27,1.600000004768372,-0.02799998760223321,normal,normal,bull_steep,24
2012-09-17,1.838000059127808,0.25,1.588000059127808,-0.02899989604949904,normal,normal,bull_steep,25
2012-09-18,1.812000036239624,0.25,1.562000036239624,-0.05900001525878906,normal,normal,bull_steep,26
2012-09-19,1.781999945640564,0.27,1.511999945640564,-0.1780000925064089,normal,normal,bull_steep,27
2012-09-20,1.7769999504089355,0.27,1.5069999504089355,-0.2380000543594365,normal,normal,bull_steep,28
2012-09-21,1.7599999904632568,0.27,1.4899999904632568,-0.23300004005432107,normal,normal,bull_steep,29
2012-09-24,1.718000054359436,0.27,1.448000054359436,-0.2629999113082888,normal,normal,bull_steep,30
2012-09-25,1.6820000410079956,0.27,1.4120000410079956,-0.2879999971389773,normal,normal,bull_steep,31
2012-09-26,1.618000030517578,0.26,1.358000030517578,-0.37399997234344506,normal,normal,bull_steep,32
2012-09-27,1.6399999856948853,0.25,1.3899999856948853,-0.2740000581741331,normal,normal,bull_steep,33
2012-09-28,1.6369999647140503,0.23,1.4069999647140503,-0.3060000038146977,normal,normal,bull_steep,34
2012-10-01,1.625,0.25,1.375,-0.23800004482269288,normal,normal,bull_steep,35
2012-10-02,1.6150000095367432,0.23,1.3850000095367432,-0.25500001430511476,normal,normal,bull_steep,36
2012-10-03,1.6230000257492063,0.23,1.3930000257492063,-0.2639999294281008,normal,normal,bull_steep,37
2012-10-04,1.6649999618530271,0.23,1.4349999618530271,-0.2770000410079958,normal,normal,bull_steep,38
2012-10-05,1.7319999933242798,0.27,1.4619999933242798,-0.3060001230239868,normal,normal,bull_steep,39
2012-10-09,1.7200000286102295,0.25,1.4700000286102295,-0.3369998836517334,normal,normal,bull_steep,40
2012-10-10,1.690999984741211,0.27,1.420999984741211,-0.402999906539917,bull_steep,normal,bull_steep,41
2012-10-11,1.6749999523162842,0.28,1.3949999523162842,-0.39200001716613775,normal,normal,bull_steep,42
2012-10-12,1.662999987602234,0.27,1.392999987602234,-0.31800000667572004,normal,normal,bull_steep,43
2012-10-15,1.662999987602234,0.27,1.392999987602234,-0.2850000143051148,normal,normal,bull_steep,44
2012-10-16,1.7200000286102295,0.27,1.4500000286102295,-0.16699998378753644,normal,normal,bull_steep,45
2012-10-17,1.8109999895095823,0.3,1.5109999895095823,-0.06800003528595,normal,normal,bull_steep,46
2012-10-18,1.825999975204468,0.29,1.535999975204468,-0.07999998092651328,normal,normal,bull_steep,47
2012-10-19,1.7680000066757202,0.3,1.4680000066757202,-0.1270000410079959,normal,normal,bull_steep,48
2012-10-22,1.7979999780654907,0.32,1.4779999780654907,-0.24100002288818367,normal,normal,bull_steep,49
2012-10-23,1.7640000581741333,0.29,1.4740000581741333,-0.18699996471405078,normal,normal,bull_steep,50
2012-10-24,1.774999976158142,0.29,1.484999976158142,-0.23099998474121097,normal,normal,bull_steep,51
2012-10-25,1.8279999494552608,0.31,1.5179999494552607,-0.18700007438659716,normal,normal,bull_steep,52
2012-10-26,1.75,0.3,1.45,-0.32699993133544925,normal,normal,bull_steep,53
2012-10-31,1.6859999895095823,0.3,1.3859999895095823,-0.3129999923706057,normal,normal,bull_steep,54
2012-11-01,1.715000033378601,0.3,1.415000033378601,-0.2849999761581421,normal,normal,bull_steep,55
2012-11-02,1.72599995136261,0.28,1.44599995136261,-0.1880000734329219,normal,normal,bull_steep,56
2012-11-05,1.684000015258789,0.28,1.404000015258789,-0.23699997901916503,normal,normal,bull_steep,57
2012-11-06,1.7419999837875366,0.3,1.4419999837875366,-0.2610000467300413,normal,normal,bull_steep,58
2012-11-07,1.631999969482422,0.27,1.361999969482422,-0.3580000209808347,normal,normal,bull_steep,59
2012-11-08,1.631999969482422,0.27,1.361999969482422,-0.3730001068115232,normal,normal,bull_steep,60
2012-11-09,1.6130000352859497,0.27,1.3430000352859497,-0.37200007915496824,normal,normal,bull_steep,61
2012-11-13,1.5889999866485596,0.27,1.3189999866485596,-0.3549999809265132,normal,normal,bull_steep,62
2012-11-14,1.5889999866485596,0.25,1.3389999866485596,-0.32800001144409197,normal,normal,bull_steep,63
2012-11-15,1.5889999866485596,0.24,1.3489999866485596,-0.27300006389617915,normal,normal,bull_steep,64
2012-11-16,1.5740000009536743,0.24,1.3340000009536743,-0.2950000190734865,normal,normal,bull_steep,65
2012-11-19,1.6109999418258667,0.25,1.3609999418258667,-0.31600005626678485,normal,normal,bull_steep,66
2012-11-20,1.656000018119812,0.27,1.386000018119812,-0.35099992275238034,normal,normal,bull_steep,67
2012-11-21,1.687000036239624,0.27,1.417000036239624,-0.28899990558624267,normal,normal,bull_steep,68
2012-11-23,1.6929999589920044,0.29,1.4029999589920044,-0.29200015544891356,normal,normal,bull_steep,69
2012-11-26,1.6640000343322754,0.27,1.3940000343322754,-0.24999997138977048,normal,normal,bull_steep,70
2012-11-27,1.6449999809265137,0.27,1.3749999809265137,-0.29700002193450925,normal,normal,bull_steep,71
2012-11-28,1.6169999837875366,0.27,1.3469999837875366,-0.34699995517730753,normal,normal,bull_steep,72
2012-11-29,1.6200000047683716,0.25,1.3700000047683716,-0.3380001020431518,normal,normal,bull_steep,73
2012-11-30,1.6059999465942385,0.25,1.3559999465942385,-0.3449999523162839,normal,normal,bull_steep,74
2012-12-03,1.628000020980835,0.25,1.378000020980835,-0.3790000915527343,normal,normal,bull_steep,75
2012-12-04,1.6080000400543213,0.25,1.3580000400543213,-0.5159998893737794,bull_steep,normal,bull_steep,76
2012-12-05,1.590999960899353,0.25,1.340999960899353,-0.5699999380111693,bull_steep,normal,bull_steep,77
2012-12-06,1.5809999704360962,0.25,1.3309999704360962,-0.597000126838684,bull_steep,normal,bull_steep,78
2012-12-07,1.6269999742507937,0.25,1.3769999742507937,-0.6119999742507931,bull_steep,normal,bull_steep,79
2012-12-10,1.616000056266785,0.24,1.376000056266785,-0.5859999227523802,bull_steep,bull_steep,normal,1
2012-12-11,1.64900004863739,0.24,1.40900004863739,-0.4949998617172242,bull_steep,bull_steep,normal,2
2012-12-12,1.6970000267028809,0.25,1.4470000267028809,-0.4580000686645511,bull_steep,bull_steep,normal,3
2012-12-13,1.7280000448226929,0.27,1.4580000448226929,-0.40899994373321524,bull_steep,bull_steep,normal,4
2012-12-14,1.7079999446868896,0.24,1.4679999446868897,-0.41600001335144055,bull_steep,bull_steep,normal,5
2012-12-17,1.7630000114440918,0.25,1.5130000114440918,-0.34400002479553216,normal,bull_steep,normal,6
2012-12-18,1.8270000219345093,0.28,1.5470000219345093,-0.3090000772476196,normal,bull_steep,normal,7
2012-12-19,1.7999999523162842,0.28,1.5199999523162842,-0.3089999675750732,normal,bull_steep,normal,8
2012-12-20,1.7999999523162842,0.28,1.5199999523162842,-0.36600012779235835,normal,bull_steep,normal,9
2012-12-21,1.753999948501587,0.26,1.493999948501587,-0.36900012969970697,normal,normal,bull_steep,1
2012-12-24,1.77400004863739,0.26,1.51400004863739,-0.40999987125396764,bull_steep,normal,bull_steep,2
2012-12-26,1.7580000162124634,0.26,1.4980000162124634,-0.39500001430511467,normal,normal,bull_steep,3
2012-12-27,1.715000033378601,0.26,1.455000033378601,-0.369999918937683,normal,normal,bull_steep,4
2012-12-28,1.7109999656677246,0.27,1.4409999656677246,-0.27599997520446773,normal,normal,bull_steep,5
2012-12-31,1.75600004196167,0.25,1.50600004196167,-0.20199999332427976,normal,normal,bull_steep,6
2013-01-02,1.83899998664856,0.27,1.56899998664856,-0.15900012969970656,normal,normal,bull_steep,7
2013-01-03,1.89900004863739,0.27,1.62900004863739,-0.12999997615814185,normal,normal,bull_steep,8
2013-01-04,1.9149999618530276,0.27,1.6449999618530275,-0.08300006389617876,normal,normal,bull_steep,9
2013-01-07,1.902999997138977,0.27,1.632999997138977,-0.07099997997283936,normal,normal,bull_steep,10
2013-01-08,1.871000051498413,0.25,1.621000051498413,-0.11800001144409178,normal,normal,bull_steep,11
2013-01-09,1.8519999980926516,0.24,1.6119999980926516,-0.09999999523162839,normal,normal,bull_steep,12
2013-01-10,1.8940000534057615,0.26,1.6340000534057615,-0.04799996852874777,normal,normal,bull_steep,13
2013-01-11,1.875,0.26,1.615,-0.06500002861022924,normal,normal,bull_steep,14
2013-01-14,1.85699999332428,0.26,1.59699999332428,-0.06599997520446799,normal,normal,bull_steep,15
2013-01-15,1.830999970436096,0.26,1.570999970436096,-0.11999999523162885,normal,normal,bull_steep,16
2013-01-16,1.8240000009536743,0.26,1.5640000009536743,-0.15999996662139848,normal,normal,bull_steep,17
2013-01-17,1.875,0.28,1.595,-0.10399999141693117,normal,normal,bull_steep,18
2013-01-18,1.843000054359436,0.26,1.583000054359436,-0.08999991416931197,normal,normal,bull_steep,19
2013-01-22,1.8350000381469729,0.26,1.5750000381469729,-0.06999992370605468,normal,normal,bull_steep,20
2013-01-23,1.8329999446868896,0.26,1.5729999446868896,-0.11300002574920631,normal,normal,bull_steep,21
2013-01-24,1.843999981880188,0.23,1.613999981880188,-0.038000068664550746,normal,normal,bull_steep,22
2013-01-25,1.9470000267028809,0.28,1.6670000267028808,0.023000001907348855,normal,normal,bull_steep,23
2013-01-28,1.9739999771118164,0.29,1.6839999771118164,0.07399998188018797,normal,normal,bull_steep,24
2013-01-29,1.9880000352859497,0.3,1.6880000352859497,0.08100006103515645,normal,normal,bull_steep,25
2013-01-30,2.00600004196167,0.27,1.73600004196167,0.16900002956390403,normal,normal,bull_steep,26
2013-01-31,1.9850000143051147,0.27,1.7150000143051147,0.14999997615814187,normal,normal,bull_steep,27
2013-02-01,2.009999990463257,0.27,1.7399999904632568,0.12600004673004128,normal,normal,bull_steep,28
2013-02-04,1.9730000495910645,0.25,1.7230000495910645,0.15200008869171144,normal,normal,bull_steep,29
2013-02-05,2.0160000324249268,0.27,1.7460000324249267,0.24800004482269267,normal,normal,bull_steep,30
2013-02-06,1.968000054359436,0.27,1.698000054359436,0.2110001039505005,normal,normal,bull_steep,31
2013-02-07,1.950999975204468,0.25,1.700999975204468,0.23599998950958279,normal,normal,bull_steep,32
2013-02-08,1.9539999961853027,0.25,1.7039999961853027,0.3219999742507935,normal,normal,bull_steep,33
2013-02-11,1.9459999799728396,0.27,1.6759999799728396,0.29399995803833034,normal,normal,bull_steep,34
2013-02-12,1.98199999332428,0.29,1.69199999332428,0.25699997901916527,normal,normal,bull_steep,35
2013-02-13,2.0190000534057617,0.29,1.7290000534057617,0.23600007057189942,normal,normal,bull_steep,36
2013-02-14,2.0,0.27,1.73,0.28900004386901856,normal,normal,bull_steep,37
2013-02-15,2.006999969482422,0.29,1.7169999694824218,0.24800002574920677,normal,normal,bull_steep,38
2013-02-19,2.026000022888184,0.29,1.736000022888184,0.29100001811981246,normal,normal,bull_steep,39
2013-02-20,2.0209999084472656,0.27,1.7509999084472656,0.31999996185302715,normal,normal,bull_steep,40
2013-02-21,1.9759999513626096,0.26,1.7159999513626096,0.36099995136260965,normal,normal,bull_steep,41
2013-02-22,1.9670000076293943,0.27,1.6970000076293943,0.3860000371932981,normal,normal,bull_steep,42
2013-02-25,1.8949999809265137,0.25,1.6449999809265137,0.42799997329711936,bear_steep,normal,bull_steep,43
2013-02-26,1.878999948501587,0.25,1.628999948501587,0.35199999809265137,normal,normal,bull_steep,44
2013-02-27,1.902999997138977,0.27,1.632999997138977,0.32700000286102293,normal,normal,bull_steep,45
2013-02-28,1.888000011444092,0.25,1.638000011444092,0.24699998855590843,normal,normal,bull_steep,46
2013-03-01,1.8530000448226929,0.25,1.6030000448226929,0.21900000095367433,normal,normal,bull_steep,47
2013-03-04,1.8769999742507932,0.24,1.6369999742507932,0.280000009536743,normal,normal,bull_steep,48
2013-03-05,1.8940000534057615,0.25,1.6440000534057615,0.3140000295639036,normal,normal,bull_steep,49
2013-03-06,1.937999963760376,0.25,1.687999963760376,0.3269999504089356,normal,normal,bull_steep,50
2013-03-07,1.991000056266785,0.25,1.741000056266785,0.44200007915496853,bear_steep,normal,bull_steep,51
2013-03-08,2.055999994277954,0.27,1.785999994277954,0.47500005245208743,bear_steep,normal,bull_steep,52
2013-03-11,2.055999994277954,0.27,1.785999994277954,0.48899998188018823,bear_steep,normal,bull_steep,53
2013-03-12,2.0230000019073486,0.27,1.7530000019073486,0.4590000104904175,bear_steep,normal,bull_steep,54
2013-03-13,2.0209999084472656,0.27,1.7509999084472656,0.43099990367889407,bear_steep,bear_steep,normal,1
2013-03-14,2.032999992370605,0.27,1.762999992370605,0.44100003242492636,bear_steep,bear_steep,normal,2
2013-03-15,1.996000051498413,0.25,1.746000051498413,0.44800002098083525,bear_steep,bear_steep,normal,3
2013-03-18,1.955999970436096,0.26,1.695999970436096,0.33399991989135724,normal,bear_steep,normal,4
2013-03-19,1.9079999923706052,0.24,1.6679999923706053,0.369999952316284,normal,bear_steep,normal,5
2013-03-20,1.937000036239624,0.26,1.677000036239624,0.3590000152587891,normal,bear_steep,normal,6
2013-03-21,1.932000041007996,0.27,1.662000041007996,0.350999989509583,normal,bear_steep,normal,7
2013-03-22,1.9149999618530276,0.26,1.6549999618530276,0.38799993991851833,normal,normal,bear_steep,1
2013-03-25,1.9149999618530276,0.24,1.6749999618530276,0.3459999227523807,normal,normal,bear_steep,2
2013-03-26,1.906000018119812,0.25,1.656000018119812,0.3759999752044678,normal,normal,bear_steep,3
2013-03-27,1.8509999513626096,0.25,1.6009999513626096,0.26999990940093976,normal,normal,bear_steep,4
2013-03-28,1.8519999980926516,0.25,1.6019999980926516,0.28499999523162867,normal,normal,bear_steep,5
2013-04-01,1.840000033378601,0.23,1.610000033378601,0.3360000038146973,normal,normal,bear_steep,6
2013-04-02,1.8609999418258667,0.25,1.6109999418258667,0.3679999303817749,normal,normal,bear_steep,7
2013-04-03,1.812000036239624,0.24,1.572000036239624,0.34400001049041773,normal,normal,bear_steep,8
2013-04-04,1.758999943733215,0.22,1.5389999437332151,0.31099991798400883,normal,normal,bear_steep,9
2013-04-05,1.694000005722046,0.24,1.454000005722046,0.22500003337860108,normal,normal,bear_steep,10
2013-04-08,1.7319999933242798,0.24,1.4919999933242798,0.2430000400543213,normal,normal,bear_steep,11
2013-04-09,1.746999979019165,0.24,1.506999979019165,0.28299999237060547,normal,normal,bear_steep,12
2013-04-10,1.8049999475479128,0.24,1.5649999475479128,0.3139999008178713,normal,normal,bear_steep,13
2013-04-11,1.7910000085830688,0.24,1.5510000085830689,0.292000036239624,normal,normal,bear_steep,14
2013-04-12,1.7209999561309814,0.22,1.5009999561309815,0.2059999704360962,normal,normal,bear_steep,15
2013-04-15,1.7020000219345093,0.22,1.4820000219345093,0.2419999837875364,normal,normal,bear_steep,16
2013-04-16,1.718999981880188,0.24,1.478999981880188,0.26400003910064695,normal,normal,bear_steep,17
2013-04-17,1.7039999961853027,0.24,1.4639999961853027,0.27999995231628416,normal,normal,bear_steep,18
2013-04-18,1.684999942779541,0.24,1.444999942779541,0.258999924659729,normal,normal,bear_steep,19
2013-04-19,1.7029999494552612,0.24,1.4629999494552612,0.2649999761581421,normal,normal,bear_steep,20
2013-04-22,1.6979999542236328,0.24,1.4579999542236328,0.15300000667572022,normal,normal,bear_steep,21
2013-04-23,1.6979999542236328,0.23,1.4679999542236328,0.1940000057220459,normal,normal,bear_steep,22
2013-04-24,1.6979999542236328,0.23,1.4679999542236328,0.2059999704360962,normal,normal,bear_steep,23
2013-04-25,1.7109999656677246,0.23,1.4809999656677246,0.18199993133544923,normal,normal,bear_steep,24
2013-04-26,1.662999987602234,0.22,1.4429999876022341,0.20499994277954126,normal,normal,bear_steep,25
2013-04-29,1.6679999828338623,0.2,1.4679999828338623,0.13099996089935306,normal,normal,bear_steep,26
2013-04-30,1.6749999523162842,0.22,1.4549999523162842,0.13699998378753664,normal,normal,bear_steep,27
2013-05-01,1.6390000581741333,0.2,1.4390000581741333,0.0810000371932984,normal,normal,bear_steep,28
2013-05-02,1.63100004196167,0.2,1.43100004196167,0.08100005626678475,normal,normal,bear_steep,29
2013-05-03,1.7519999742507937,0.22,1.5319999742507937,0.13400001049041776,normal,normal,bear_steep,30
2013-05-06,1.7710000276565552,0.22,1.5510000276565552,0.1719999790191653,normal,normal,bear_steep,31
2013-05-07,1.7829999923706057,0.22,1.5629999923706057,0.17899994850158718,normal,normal,bear_steep,32
2013-05-08,1.7599999904632568,0.22,1.5399999904632569,0.0840000391006468,normal,normal,bear_steep,33
2013-05-09,1.812999963760376,0.22,1.592999963760376,0.0580000162124632,normal,normal,bear_steep,34
2013-05-10,1.899999976158142,0.26,1.639999976158142,0.09400001049041729,normal,normal,bear_steep,35
2013-05-13,1.9229999780654907,0.24,1.6829999780654907,0.15699999332427983,normal,normal,bear_steep,36
2013-05-14,1.9520000219345093,0.26,1.6920000219345093,0.16800001144409205,normal,normal,bear_steep,37
2013-05-15,1.9429999589920044,0.26,1.6829999589920044,0.18800001144409162,normal,normal,bear_steep,38
2013-05-16,1.8650000095367432,0.23,1.6350000095367432,0.1760000276565552,normal,normal,bear_steep,39
2013-05-17,1.9490000009536743,0.26,1.6890000009536743,0.28299999237060547,normal,normal,bear_steep,40
2013-05-20,1.965000033378601,0.26,1.705000033378601,0.30700006008148195,normal,normal,bear_steep,41
2013-05-21,1.944000005722046,0.26,1.684000005722046,0.314999957084656,normal,normal,bear_steep,42
2013-05-22,2.026000022888184,0.26,1.766000022888184,0.40600002765655563,bear_steep,normal,bear_steep,43
2013-05-23,2.0230000019073486,0.26,1.7630000019073486,0.3789999580383301,normal,normal,bear_steep,44
2013-05-24,2.010999917984009,0.26,1.7509999179840088,0.4009999132156372,bear_steep,normal,bear_steep,45
2013-05-28,2.134999990463257,0.29,1.8449999904632568,0.5029999542236328,bear_steep,normal,bear_steep,46
2013-05-29,2.124000072479248,0.3,1.824000072479248,0.4730001020431518,bear_steep,normal,bear_steep,47
2013-05-30,2.124000072479248,0.31,1.814000072479248,0.47000009059906,bear_steep,normal,bear_steep,48
2013-05-31,2.1640000343322754,0.3,1.8640000343322753,0.46100005626678464,bear_steep,bear_steep,normal,1
2013-06-03,2.134000062942505,0.3,1.8340000629425048,0.4230000495910644,bear_steep,bear_steep,normal,2
2013-06-04,2.13700008392334,0.32,1.8170000839233398,0.3840001153945922,normal,bear_steep,normal,3
2013-06-05,2.0999999046325684,0.3,1.7999999046325683,0.3549998521804809,normal,bear_steep,normal,4
2013-06-06,2.075000047683716,0.3,1.7750000476837158,0.2600000619888305,normal,bear_steep,normal,5
2013-06-07,2.1610000133514404,0.32,1.8410000133514404,0.32499997138977044,normal,bear_steep,normal,6
2013-06-10,2.2149999141693115,0.32,1.8949999141693115,0.29499990940093945,normal,normal,bear_steep,1
2013-06-11,2.194999933242798,0.34,1.8549999332427978,0.2669998741149897,normal,normal,bear_steep,2
2013-06-12,2.2300000190734863,0.34,1.8900000190734862,0.3279999828338622,normal,normal,bear_steep,3
2013-06-13,2.174000024795532,0.32,1.8540000247955317,0.3420000791549678,normal,normal,bear_steep,4
2013-06-14,2.125999927520752,0.29,1.835999927520752,0.3289999771118164,normal,normal,bear_steep,5
2013-06-17,2.1710000038146973,0.27,1.9010000038146972,0.41100001335144043,bear_steep,normal,bear_steep,6
2013-06-18,2.181999921798706,0.27,1.911999921798706,0.46399986743927,bear_steep,normal,bear_steep,7
2013-06-19,2.311000108718872,0.31,2.001000108718872,0.5890000677108764,bear_steep,normal,bear_steep,8
2013-06-20,2.4189999103546143,0.33,2.088999910354614,0.7309998798370363,bear_steep,normal,bear_steep,9
2013-06-21,2.513999938964844,0.38,2.1339999389648443,0.743999953269959,bear_steep,bear_steep,normal,1
2013-06-24,2.5480000972747803,0.42,2.1280000972747803,0.72100013256073,bear_steep,bear_steep,normal,2
2013-06-25,2.58899998664856,0.43,2.15899998664856,0.7839999866485599,bear_steep,bear_steep,normal,3
2013-06-26,2.5390000343322754,0.39,2.1490000343322753,0.7640000247955321,bear_steep,bear_steep,normal,4
2013-06-27,2.4830000400543213,0.36,2.1230000400543214,0.7300000143051151,bear_steep,bear_steep,normal,5
2013-06-28,2.4779999256134038,0.36,2.117999925613404,0.6829999637603767,bear_steep,bear_steep,normal,6
2013-07-01,2.490000009536743,0.34,2.1500000095367433,0.6880000162124635,bear_steep,bear_steep,normal,7
2013-07-02,2.469000101089477,0.34,2.1290001010894772,0.6590000724792477,bear_steep,bear_steep,normal,8
2013-07-03,2.500999927520752,0.36,2.140999927520752,0.7199999427795412,bear_steep,bear_steep,normal,9
2013-07-05,2.7149999141693115,0.4,2.3149999141693116,0.9199999618530275,bear_steep,bear_steep,normal,10
2013-07-08,2.6449999809265137,0.37,2.2749999809265136,0.8819999933242795,bear_steep,bear_steep,normal,11
2013-07-09,2.630000114440918,0.37,2.260000114440918,0.8670001268386838,bear_steep,bear_steep,normal,12
2013-07-10,2.680000066757202,0.38,2.3000000667572023,0.8500000381469728,bear_steep,bear_steep,normal,13
2013-07-11,2.5739998817443848,0.34,2.233999881744385,0.7229998922348027,bear_steep,bear_steep,normal,14
2013-07-12,2.6010000705718994,0.37,2.2310000705718993,0.6950000953674313,bear_steep,bear_steep,normal,15
2013-07-15,2.555999994277954,0.34,2.2159999942779542,0.7479999876022341,bear_steep,bear_steep,normal,16
2013-07-16,2.532000064849853,0.34,2.192000064849853,0.7140000867843626,bear_steep,bear_steep,normal,17
2013-07-17,2.490999937057495,0.32,2.1709999370574953,0.696999878883362,bear_steep,bear_steep,normal,18
2013-07-18,2.5339999198913574,0.32,2.2139999198913576,0.7289999437332155,bear_steep,bear_steep,normal,19
2013-07-19,2.490999937057495,0.32,2.1709999370574953,0.6529999876022345,bear_steep,bear_steep,normal,20
2013-07-22,2.48799991607666,0.32,2.1679999160766603,0.7179999160766604,bear_steep,bear_steep,normal,21
2013-07-23,2.5160000324249268,0.33,2.1860000324249267,0.8000000429153444,bear_steep,bear_steep,normal,22
2013-07-24,2.588000059127808,0.34,2.248000059127808,0.8330000257492072,bear_steep,bear_steep,normal,23
2013-07-25,2.6070001125335693,0.32,2.2870001125335695,0.8410001611709594,bear_steep,bear_steep,normal,24
2013-07-26,2.561000108718872,0.31,2.251000108718872,0.847000093460083,bear_steep,bear_steep,normal,25
2013-07-29,2.5850000381469727,0.33,2.2550000381469726,0.813000054359436,bear_steep,bear_steep,normal,26
2013-07-30,2.6029999256134038,0.33,2.2729999256134037,0.9109999561309816,bear_steep,bear_steep,normal,27
2013-07-31,2.5929999351501465,0.31,2.2829999351501464,0.9209999656677244,bear_steep,bear_steep,normal,28
2013-08-01,2.7230000495910645,0.35,2.3730000495910644,1.0300000143051147,bear_steep,bear_steep,normal,29
2013-08-02,2.601999998092652,0.3,2.301999998092652,0.9830000114440924,bear_steep,bear_steep,normal,30
2013-08-05,2.640000104904175,0.32,2.320000104904175,0.9810001182556154,bear_steep,bear_steep,normal,31
2013-08-06,2.6419999599456787,0.32,2.321999959945679,0.9729999732971193,bear_steep,bear_steep,normal,32
2013-08-07,2.5999999046325684,0.32,2.2799999046325685,0.9459999036788942,bear_steep,bear_steep,normal,33
2013-08-08,2.586999893188477,0.3,2.286999893188477,0.9259999513626105,bear_steep,bear_steep,normal,34
2013-08-09,2.5799999237060547,0.32,2.259999923706055,0.8739999055862429,bear_steep,bear_steep,normal,35
2013-08-12,2.6050000190734863,0.32,2.2850000190734865,0.8679999828338625,bear_steep,bear_steep,normal,36
2013-08-13,2.7149999141693115,0.34,2.3749999141693117,0.9719999551773073,bear_steep,bear_steep,normal,37
2013-08-14,2.711999893188477,0.34,2.371999893188477,0.9779998588562018,bear_steep,bear_steep,normal,38
2013-08-15,2.755000114440918,0.36,2.395000114440918,1.0200001335144044,bear_steep,bear_steep,normal,39
2013-08-16,2.8289999961853027,0.36,2.468999996185303,1.1220000123977663,bear_steep,bear_steep,normal,40
2013-08-19,2.884000062942505,0.36,2.524000062942505,1.1540000581741334,bear_steep,bear_steep,normal,41
2013-08-20,2.813999891281128,0.36,2.453999891281128,1.0979999446868896,bear_steep,bear_steep,normal,42
2013-08-21,2.8550000190734863,0.38,2.4750000190734864,1.0969999980926515,bear_steep,bear_steep,normal,43
2013-08-22,2.901000022888184,0.42,2.481000022888184,1.1229999828338628,bear_steep,bear_steep,normal,44
2013-08-23,2.818000078201294,0.4,2.418000078201294,1.077000117301941,bear_steep,bear_steep,normal,45
2013-08-26,2.805000066757202,0.41,2.395000066757202,1.0640000963211058,bear_steep,bear_steep,normal,46
2013-08-27,2.720999956130981,0.38,2.340999956130981,0.9639999818801874,bear_steep,bear_steep,normal,47
2013-08-28,2.782000064849853,0.4,2.382000064849853,1.0060000085830683,bear_steep,bear_steep,normal,48
2013-08-29,2.750999927520752,0.39,2.360999927520752,0.9519998788833619,bear_steep,bear_steep,normal,49
2013-08-30,2.749000072479248,0.39,2.359000072479248,0.9120000457763671,bear_steep,bear_steep,normal,50
2013-09-03,2.8480000495910645,0.43,2.4180000495910643,0.9600000047683714,bear_steep,bear_steep,normal,51
2013-09-04,2.8970000743865967,0.46,2.4370000743865967,0.9690001296997071,bear_steep,bear_steep,normal,52
2013-09-05,2.9790000915527344,0.52,2.4590000915527344,0.9460000801086426,bear_steep,bear_steep,normal,53
2013-09-06,2.937999963760376,0.46,2.477999963760376,0.9309999418258668,bear_steep,bear_steep,normal,54
2013-09-09,2.8970000743865967,0.45,2.4470000743865965,0.9270001220703123,bear_steep,bear_steep,normal,55
2013-09-10,2.9590001106262207,0.5,2.4590001106262207,0.9390001583099366,bear_steep,bear_steep,normal,56
2013-09-11,2.9200000762939453,0.47,2.4500000762939456,0.9560001277923587,bear_steep,bear_steep,normal,57
2013-09-12,2.907000064849853,0.45,2.457000064849853,0.943000016212463,bear_steep,bear_steep,normal,58
2013-09-13,2.8980000019073486,0.45,2.4480000019073485,0.9499999856948851,bear_steep,bear_steep,normal,59
2013-09-16,2.874000072479248,0.41,2.464000072479248,1.0090000391006468,bear_steep,bear_steep,normal,60
2013-09-17,2.8529999256134038,0.39,2.4629999256134036,1.021999959945679,bear_steep,bear_steep,normal,61
2013-09-18,2.7079999446868896,0.34,2.36799994468689,0.8619999027252199,bear_steep,bear_steep,normal,62
2013-09-19,2.747999906539917,0.34,2.407999906539917,0.8389999198913571,bear_steep,bear_steep,normal,63
2013-09-20,2.7320001125335693,0.34,2.3920001125335695,0.7630000638961796,bear_steep,bear_steep,normal,64
2013-09-23,2.71399998664856,0.35,2.36399998664856,0.7190000247955324,bear_steep,bear_steep,normal,65
2013-09-24,2.6530001163482666,0.35,2.3030001163482665,0.6700001192092895,bear_steep,bear_steep,normal,66
2013-09-25,2.614000082015991,0.36,2.2540000820159913,0.6330000305175782,bear_steep,bear_steep,normal,67
2013-09-26,2.6429998874664307,0.34,2.302999887466431,0.6909998893737792,bear_steep,bear_steep,normal,68
2013-09-27,2.61899995803833,0.34,2.27899995803833,0.6449999046325687,bear_steep,bear_steep,normal,69
2013-09-30,2.615000009536743,0.33,2.285000009536743,0.6700000095367431,bear_steep,bear_steep,normal,70
2013-10-01,2.6459999084472656,0.33,2.3159999084472656,0.7189999151229856,bear_steep,bear_steep,normal,71
2013-10-02,2.625999927520752,0.31,2.315999927520752,0.7449999570846559,bear_steep,bear_steep,normal,72
2013-10-03,2.6059999465942383,0.33,2.275999946594238,0.7119999456405639,bear_steep,bear_steep,normal,73
2013-10-04,2.6519999504089355,0.33,2.3219999504089355,0.7269999504089355,bear_steep,bear_steep,normal,74
2013-10-07,2.634000062942505,0.37,2.2640000629425048,0.6810000085830687,bear_steep,bear_steep,normal,75
2013-10-08,2.635999917984009,0.4,2.235999917984009,0.660999879837036,bear_steep,bear_steep,normal,76
2013-10-09,2.650000095367432,0.37,2.280000095367432,0.7070001506805423,bear_steep,bear_steep,normal,77
2013-10-10,2.684999942779541,0.35,2.334999942779541,0.7209999608993529,bear_steep,bear_steep,normal,78
2013-10-11,2.681999921798706,0.35,2.331999921798706,0.6649998950958251,bear_steep,bear_steep,normal,79
2013-10-15,2.720000028610229,0.37,2.350000028610229,0.6660000514984126,bear_steep,bear_steep,normal,80
2013-10-16,2.6710000038146973,0.34,2.3310000038146974,0.6429999685287477,bear_steep,bear_steep,normal,81
2013-10-17,2.586999893188477,0.33,2.256999893188477,0.520999851226807,bear_steep,bear_steep,normal,82
2013-10-18,2.58899998664856,0.33,2.25899998664856,0.5439999723434452,bear_steep,bear_steep,normal,83
2013-10-21,2.608999967575073,0.33,2.2789999675750727,0.5389999771118159,bear_steep,bear_steep,normal,84
2013-10-22,2.51200008392334,0.31,2.20200008392334,0.47900003433227534,bear_steep,bear_steep,normal,85
2013-10-23,2.484999895095825,0.31,2.174999895095825,0.4289998626708984,bear_steep,bear_steep,normal,86
2013-10-24,2.5220000743865967,0.33,2.1920000743865966,0.4940000200271606,bear_steep,bear_steep,normal,87
2013-10-25,2.503000020980835,0.32,2.183000020980835,0.4820000457763671,bear_steep,bear_steep,normal,88
2013-10-28,2.51200008392334,0.32,2.19200008392334,0.48800008773803727,bear_steep,bear_steep,normal,89
2013-10-29,2.506999969482422,0.31,2.196999969482422,0.5209999895095823,bear_steep,bear_steep,normal,90
2013-10-30,2.5269999504089355,0.33,2.1969999504089355,0.5049999570846555,bear_steep,bear_steep,normal,91
2013-10-31,2.5420000553131104,0.31,2.2320000553131103,0.5030000019073486,bear_steep,bear_steep,normal,92
2013-11-01,2.619999885559082,0.33,2.289999885559082,0.559999885559082,bear_steep,bear_steep,normal,93
2013-11-04,2.601999998092652,0.32,2.281999998092652,0.5650000286102301,bear_steep,bear_steep,normal,94
2013-11-05,2.6619999408721924,0.32,2.3419999408721925,0.6059999179840085,bear_steep,bear_steep,normal,95
2013-11-06,2.640000104904175,0.3,2.340000104904175,0.5890001964569094,bear_steep,bear_steep,normal,96
2013-11-07,2.61299991607666,0.29,2.32299991607666,0.6069999647140505,bear_steep,bear_steep,normal,97
2013-11-08,2.746000051498413,0.32,2.4260000514984132,0.729000043869019,bear_steep,bear_steep,normal,98
2013-11-12,2.7679998874664307,0.34,2.427999887466431,0.7829999065399171,bear_steep,bear_steep,normal,99
2013-11-13,2.7249999046325684,0.32,2.4049999046325685,0.7759999561309816,bear_steep,bear_steep,normal,100
2013-11-14,2.70199990272522,0.29,2.41199990272522,0.7789999055862431,bear_steep,bear_steep,normal,101
2013-11-15,2.7090001106262207,0.31,2.3990001106262206,0.7610000991821286,bear_steep,bear_steep,normal,102
2013-11-18,2.677999973297119,0.31,2.367999973297119,0.7649999284744262,bear_steep,bear_steep,normal,103
2013-11-19,2.711999893188477,0.29,2.421999893188477,0.7849999189376837,bear_steep,bear_steep,normal,104
2013-11-20,2.7920000553131104,0.28,2.51200005531311,0.8680000019073486,bear_steep,bear_steep,normal,105
2013-11-21,2.7839999198913574,0.29,2.4939999198913574,0.8059999561309814,bear_steep,bear_steep,normal,106
2013-11-22,2.752000093460083,0.31,2.442000093460083,0.7010000371932981,bear_steep,bear_steep,normal,107
2013-11-25,2.740999937057495,0.3,2.4409999370574953,0.6549999427795412,bear_steep,bear_steep,normal,108
2013-11-26,2.696000099182129,0.29,2.406000099182129,0.6200001049041748,bear_steep,bear_steep,normal,109
2013-11-27,2.736000061035156,0.28,2.456000061035156,0.7030000591278074,bear_steep,bear_steep,normal,110
2013-11-29,2.740999937057495,0.28,2.460999937057495,0.7100000286102293,bear_steep,bear_steep,normal,111
2013-12-02,2.8010001182556152,0.3,2.5010001182556154,0.7380001258850104,bear_steep,bear_steep,normal,112
2013-12-03,2.775000095367432,0.28,2.4950000953674323,0.7490000438690192,bear_steep,bear_steep,normal,113
2013-12-04,2.8410000801086426,0.3,2.5410000801086428,0.8450001096725468,bear_steep,bear_steep,normal,114
2013-12-05,2.861999988555908,0.3,2.5619999885559084,0.8939999961853031,bear_steep,bear_steep,normal,115
2013-12-06,2.882999897003174,0.3,2.582999897003174,0.90599986076355,bear_steep,bear_steep,normal,116
2013-12-09,2.8570001125335693,0.3,2.5570001125335695,0.8950000715255735,bear_steep,bear_steep,normal,117
2013-12-10,2.796999931335449,0.3,2.4969999313354494,0.8419999694824218,bear_steep,bear_steep,normal,118
2013-12-11,2.844000101089477,0.31,2.534000101089477,0.8590001392364495,bear_steep,bear_steep,normal,119
2013-12-12,2.877000093460083,0.34,2.537000093460083,0.8810000753402711,bear_steep,bear_steep,normal,120
2013-12-13,2.868000030517578,0.34,2.5280000305175783,0.9270000791549686,bear_steep,bear_steep,normal,121
2013-12-16,2.877000093460083,0.34,2.537000093460083,0.9350000953674316,bear_steep,bear_steep,normal,122
2013-12-17,2.8429999351501465,0.34,2.5029999351501466,0.8929999017715455,bear_steep,bear_steep,normal,123
2013-12-18,2.884999990463257,0.32,2.564999990463257,0.9540000486373903,bear_steep,bear_steep,normal,124
2013-12-19,2.924999952316284,0.35,2.574999952316284,1.00299991607666,bear_steep,bear_steep,normal,125
2013-12-20,2.88700008392334,0.37,2.5170000839233397,0.9780001401901246,bear_steep,bear_steep,normal,126
2013-12-23,2.928999900817871,0.38,2.548999900817871,1.0949998950958253,bear_steep,bear_steep,normal,127
2013-12-24,2.9830000400543213,0.38,2.6030000400543214,1.1110000467300416,bear_steep,bear_steep,normal,128
2013-12-26,2.990000009536743,0.42,2.5700000095367432,1.0630000305175782,bear_steep,bear_steep,normal,129
2013-12-27,3.00600004196167,0.4,2.60600004196167,1.0410000944137572,bear_steep,bear_steep,normal,130
2013-12-30,2.9760000705718994,0.39,2.5860000705718993,1.0350000619888304,bear_steep,bear_steep,normal,131
2013-12-31,3.026000022888184,0.38,2.646000022888184,1.1450000667572027,bear_steep,bear_steep,normal,132
2014-01-02,2.984999895095825,0.39,2.594999895095825,1.1129998731613158,bear_steep,bear_steep,normal,133
2014-01-03,2.994999885559082,0.41,2.584999885559082,1.105999903678894,bear_steep,bear_steep,normal,134
2014-01-06,2.9609999656677246,0.4,2.5609999656677247,1.096999969482422,bear_steep,bear_steep,normal,135
2014-01-07,2.937000036239624,0.4,2.537000036239624,1.092000093460083,bear_steep,bear_steep,normal,136
2014-01-08,2.993000030517578,0.43,2.563000030517578,1.1000000810623167,bear_steep,bear_steep,normal,137
2014-01-09,2.963000059127808,0.44,2.523000059127808,1.0650001049041753,bear_steep,bear_steep,normal,138
2014-01-10,2.859999895095825,0.39,2.469999895095825,1.0019999408721922,bear_steep,bear_steep,normal,139
2014-01-13,2.82699990272522,0.39,2.43699990272522,0.9689999485015872,bear_steep,bear_steep,normal,140
2014-01-14,2.86899995803833,0.39,2.47899995803833,0.9979999923706053,bear_steep,bear_steep,normal,141
2014-01-15,2.884000062942505,0.41,2.4740000629425047,1.0310000753402706,bear_steep,bear_steep,normal,142
2014-01-16,2.8429999351501465,0.41,2.4329999351501463,0.964999952316284,bear_steep,bear_steep,normal,143
2014-01-17,2.82699990272522,0.4,2.4269999027252203,0.971999950408936,bear_steep,bear_steep,normal,144
2014-01-21,2.825000047683716,0.4,2.425000047683716,0.9859999895095826,bear_steep,bear_steep,normal,145
2014-01-22,2.859999895095825,0.44,2.4199998950958252,0.9889998531341553,bear_steep,bear_steep,normal,146
2014-01-23,2.7730000019073486,0.39,2.3830000019073485,0.8510000276565548,bear_steep,bear_steep,normal,147
2014-01-24,2.734999895095825,0.37,2.364999895095825,0.8139998674392699,bear_steep,bear_steep,normal,148
2014-01-27,2.7660000324249268,0.37,2.3960000324249267,0.8330000400543209,bear_steep,bear_steep,normal,149
2014-01-28,2.746000051498413,0.38,2.366000051498413,0.8260000610351563,bear_steep,bear_steep,normal,150
2014-01-29,2.674999952316284,0.36,2.3149999523162843,0.7219999885559083,bear_steep,bear_steep,normal,151
2014-01-30,2.693000078201294,0.36,2.333000078201294,0.693000102043152,bear_steep,bear_steep,normal,152
2014-01-31,2.6679999828338623,0.34,2.3279999828338624,0.6450000047683717,bear_steep,bear_steep,normal,153
2014-02-03,2.5810000896453857,0.3,2.281000089645386,0.5890000677108767,bear_steep,bear_steep,normal,154
2014-02-04,2.624000072479248,0.31,2.314000072479248,0.6310001134872436,bear_steep,bear_steep,normal,155
2014-02-05,2.6670000553131104,0.32,2.3470000553131105,0.7120000457763673,bear_steep,bear_steep,normal,156
2014-02-06,2.70199990272522,0.33,2.37199990272522,0.6829999017715458,bear_steep,bear_steep,normal,157
2014-02-07,2.674999952316284,0.3,2.3749999523162844,0.6699999189376833,bear_steep,bear_steep,normal,158
2014-02-10,2.677999973297119,0.32,2.3579999732971193,0.6739999675750734,bear_steep,bear_steep,normal,159
2014-02-11,2.719000101089477,0.35,2.369000101089477,0.603000078201293,bear_steep,bear_steep,normal,160
2014-02-12,2.763000011444092,0.35,2.4130000114440917,0.6500000095367431,bear_steep,bear_steep,normal,161
2014-02-13,2.736000061035156,0.32,2.416000061035156,0.6650001430511472,bear_steep,bear_steep,normal,162
2014-02-14,2.746000051498413,0.32,2.4260000514984132,0.5810000610351564,bear_steep,bear_steep,normal,163
2014-02-18,2.7109999656677246,0.31,2.4009999656677246,0.5769998931884766,bear_steep,bear_steep,normal,164
2014-02-19,2.733999967575073,0.33,2.4039999675750727,0.5899998950958247,bear_steep,bear_steep,normal,165
2014-02-20,2.753999948501587,0.34,2.413999948501587,0.5499999141693117,bear_steep,bear_steep,normal,166
2014-02-21,2.733999967575073,0.33,2.4039999675750727,0.5699999046325679,bear_steep,bear_steep,normal,167
2014-02-24,2.75,0.35,2.4,0.5829999160766601,bear_steep,bear_steep,normal,168
2014-02-25,2.700999975204468,0.34,2.3609999752044684,0.5610000705719,bear_steep,bear_steep,normal,169
2014-02-26,2.6730000972747803,0.33,2.34300009727478,0.5680000495910644,bear_steep,bear_steep,normal,170
2014-02-27,2.6419999599456787,0.33,2.3119999599456786,0.4709999465942383,bear_steep,bear_steep,normal,171
2014-02-28,2.657999992370605,0.33,2.327999992370605,0.4330000782012935,bear_steep,bear_steep,normal,172
2014-03-03,2.6070001125335693,0.32,2.2870001125335695,0.4320001792907717,bear_steep,bear_steep,normal,173
2014-03-04,2.690999984741211,0.33,2.360999984741211,0.4709999656677246,bear_steep,bear_steep,normal,174
2014-03-05,2.697999954223633,0.33,2.3679999542236327,0.513999929428101,bear_steep,bear_steep,normal,175
2014-03-06,2.736999988555908,0.37,2.366999988555908,0.5310000610351562,bear_steep,bear_steep,normal,176
2014-03-07,2.789999961853028,0.38,2.409999961853028,0.5089999580383306,bear_steep,bear_steep,normal,177
2014-03-10,2.7839999198913574,0.37,2.4139999198913573,0.5019999980926513,bear_steep,bear_steep,normal,178
2014-03-11,2.7660000324249268,0.37,2.3960000324249267,0.39499992370605463,normal,bear_steep,normal,179
2014-03-12,2.7260000705718994,0.37,2.3560000705718993,0.2670001602172851,normal,bear_steep,normal,180
2014-03-13,2.6530001163482666,0.34,2.3130001163482667,0.17900017738342244,normal,bear_steep,normal,181
2014-03-14,2.6449999809265137,0.36,2.284999980926514,0.15699988365173345,normal,bear_steep,normal,182
2014-03-17,2.6989998817443848,0.38,2.318999881744385,0.15999989509582502,normal,normal,bear_steep,1
2014-03-18,2.680999994277954,0.36,2.3209999942779542,0.17199995994567896,normal,normal,bear_steep,2
2014-03-19,2.7720000743865967,0.47,2.302000074386597,0.17900003433227551,normal,normal,bear_steep,3
2014-03-20,2.775000095367432,0.45,2.325000095367432,0.20700016975402802,normal,normal,bear_steep,4
2014-03-21,2.75,0.45,2.3,0.14999999046325652,normal,normal,bear_steep,5
2014-03-24,2.7330000400543213,0.47,2.2630000400543215,0.1339999389648443,normal,normal,bear_steep,6
2014-03-25,2.734999895095825,0.47,2.2649998950958254,0.12399996757507337,normal,normal,bear_steep,7
2014-03-26,2.700999975204468,0.45,2.250999975204468,-0.06399993896484357,normal,normal,bear_steep,8
2014-03-27,2.671999931335449,0.45,2.221999931335449,-0.053000049591064524,normal,normal,bear_steep,9
2014-03-28,2.711999893188477,0.45,2.261999893188477,0.001999778747558967,normal,normal,bear_steep,10
2014-03-31,2.7230000495910645,0.44,2.2830000495910645,-0.01700001716613775,normal,normal,bear_steep,11
2014-04-01,2.759000062942505,0.44,2.319000062942505,0.08500018119812003,normal,normal,bear_steep,12
2014-04-02,2.802999973297119,0.47,2.3329999732971194,0.10199990272522008,normal,normal,bear_steep,13
2014-04-03,2.789999961853028,0.46,2.329999961853028,0.11399996757507358,normal,normal,bear_steep,14
2014-04-04,2.7260000705718994,0.43,2.2960000705718993,0.10400000572204604,normal,normal,bear_steep,15
2014-04-07,2.694999933242798,0.41,2.2849999332427977,0.11399999618530243,normal,normal,bear_steep,16
2014-04-08,2.680999994277954,0.4,2.280999994277954,0.06700007438659661,normal,normal,bear_steep,17
2014-04-09,2.684000015258789,0.37,2.314000015258789,0.14300007820129368,normal,normal,bear_steep,18
2014-04-10,2.628000020980835,0.37,2.258000020980835,0.09000010490417454,normal,normal,bear_steep,19
2014-04-11,2.61899995803833,0.37,2.24899995803833,0.06299992561340328,normal,normal,bear_steep,20
2014-04-14,2.638999938964844,0.37,2.268999938964844,0.020999879837035884,normal,normal,bear_steep,21
2014-04-15,2.628000020980835,0.39,2.238000020980835,-0.04900009155273466,normal,normal,bear_steep,22
2014-04-16,2.63700008392334,0.39,2.2470000839233397,-0.004000024795532298,normal,normal,bear_steep,23
2014-04-17,2.720999956130981,0.43,2.290999956130981,0.035999917984008256,normal,normal,bear_steep,24
2014-04-21,2.720999956130981,0.42,2.300999956130981,0.02800003051757738,normal,normal,bear_steep,25
2014-04-22,2.7260000705718994,0.45,2.2760000705718992,-0.006999864578247195,normal,normal,bear_steep,26
2014-04-23,2.686000108718872,0.43,2.256000108718872,-0.11699994087219245,normal,normal,bear_steep,27
2014-04-24,2.687999963760376,0.43,2.257999963760376,-0.04400003433227617,normal,normal,bear_steep,28
2014-04-25,2.6659998893737797,0.43,2.2359998893737796,-0.08400021553039538,normal,normal,bear_steep,29
2014-04-28,2.677000045776367,0.44,2.2370000457763672,-0.08499991416931163,normal,normal,bear_steep,30
2014-04-29,2.694999933242798,0.44,2.254999933242798,-0.024999971389770614,normal,normal,bear_steep,31
2014-04-30,2.6480000019073486,0.42,2.2280000019073487,-0.05899989128112848,normal,normal,bear_steep,32
2014-05-01,2.6059999465942383,0.41,2.195999946594238,-0.06399997711181671,normal,normal,bear_steep,33
2014-05-02,2.5910000801086426,0.42,2.1710000801086426,-0.11399993896484384,normal,normal,bear_steep,34
2014-05-05,2.611000061035156,0.43,2.1810000610351556,-0.19399985313415602,normal,normal,bear_steep,35
2014-05-06,2.595000028610229,0.43,2.165000028610229,-0.20699986457824826,normal,normal,bear_steep,36
2014-05-07,2.5899999141693115,0.41,2.1799999141693114,-0.2150002002716067,normal,normal,bear_steep,37
2014-05-08,2.601999998092652,0.4,2.201999998092652,-0.26699999809265096,normal,normal,bear_steep,38
2014-05-09,2.622999906539917,0.4,2.222999906539917,-0.3010001564025879,normal,normal,bear_steep,39
2014-05-12,2.6559998989105225,0.41,2.2459998989105223,-0.20799999237060574,normal,normal,bear_steep,40
2014-05-13,2.618000030517578,0.39,2.228000030517578,-0.24699998855590843,normal,normal,bear_steep,41
2014-05-14,2.5429999828338623,0.39,2.152999982833862,-0.32800004005432193,normal,normal,bear_steep,42
2014-05-15,2.502000093460083,0.38,2.122000093460083,-0.2959999847412109,normal,normal,bear_steep,43
2014-05-16,2.5179998874664307,0.38,2.1379998874664308,-0.25700017929077124,normal,normal,bear_steep,44
2014-05-19,2.5360000133514404,0.36,2.1760000133514406,-0.16499994277954055,normal,normal,bear_steep,45
2014-05-20,2.509000062942505,0.35,2.159000062942505,-0.22300000190734837,normal,normal,bear_steep,46
2014-05-21,2.5369999408721924,0.37,2.1669999408721923,-0.19399998664855955,normal,normal,bear_steep,47
2014-05-22,2.555000066757202,0.37,2.185000066757202,-0.17400000572204588,normal,normal,bear_steep,48
2014-05-23,2.5360000133514404,0.37,2.1660000133514403,-0.25200003623962397,normal,normal,bear_steep,49
2014-05-27,2.5179998874664307,0.39,2.1279998874664305,-0.3090001869201662,normal,normal,bear_steep,50
2014-05-28,2.437999963760376,0.37,2.067999963760376,-0.3910001277923585,normal,normal,bear_steep,51
2014-05-29,2.447000026702881,0.37,2.0770000267028808,-0.40099993705749526,bull_steep,normal,bear_steep,52
2014-05-30,2.4570000171661377,0.37,2.0870000171661376,-0.3600000572204589,normal,normal,bear_steep,53
2014-06-02,2.5339999198913574,0.39,2.1439999198913573,-0.3150001907348634,normal,normal,bear_steep,54
2014-06-03,2.5929999351501465,0.41,2.1829999351501463,-0.2670001411437992,normal,normal,bear_steep,55
2014-06-04,2.6059999465942383,0.41,2.195999946594238,-0.26100011825561475,normal,normal,bear_steep,56
2014-06-05,2.5840001106262207,0.4,2.184000110626221,-0.26399989128112766,normal,normal,bear_steep,57
2014-06-06,2.5969998836517334,0.41,2.1869998836517333,-0.27700018882751465,normal,normal,bear_steep,58
2014-06-09,2.61299991607666,0.43,2.18299991607666,-0.28000000953674364,normal,normal,bear_steep,59
2014-06-10,2.634999990463257,0.45,2.1849999904632567,-0.18299995422363313,normal,normal,bear_steep,60
2014-06-11,2.640000104904175,0.44,2.200000104904175,-0.20799980163574228,normal,normal,bear_steep,61
2014-06-12,2.5859999656677246,0.42,2.1659999656677247,-0.2260001468658448,normal,normal,bear_steep,62
2014-06-13,2.6040000915527344,0.45,2.154000091552734,-0.20999989509582573,normal,normal,bear_steep,63
2014-06-16,2.5969998836517334,0.49,2.106999883651733,-0.19600023269653333,normal,normal,bear_steep,64
2014-06-17,2.6549999713897705,0.51,2.1449999713897707,-0.10900011062622061,normal,normal,bear_steep,65
2014-06-18,2.61299991607666,0.48,2.13299991607666,-0.16999997138977063,normal,normal,bear_steep,66
2014-06-19,2.621999979019165,0.48,2.141999979019165,-0.13699997901916516,normal,normal,bear_steep,67
2014-06-20,2.624000072479248,0.5,2.124000072479248,-0.16099993705749505,normal,normal,bear_steep,68
2014-06-23,2.622999906539917,0.48,2.142999906539917,-0.17300000190734854,normal,normal,bear_steep,69
2014-06-24,2.5859999656677246,0.49,2.0959999656677244,-0.2199999618530275,normal,normal,bear_steep,70
2014-06-25,2.559000015258789,0.48,2.079000015258789,-0.19699993133544913,normal,normal,bear_steep,71
2014-06-26,2.525000095367432,0.46,2.065000095367432,-0.25699985504150336,normal,normal,bear_steep,72
2014-06-27,2.532000064849853,0.45,2.082000064849853,-0.18199999809265188,normal,normal,bear_steep,73
2014-06-30,2.5160000324249268,0.47,2.046000032424927,-0.18999988555908187,normal,normal,bear_steep,74
2014-07-01,2.562999963760376,0.47,2.0929999637603762,-0.18700013160705575,normal,normal,bear_steep,75
2014-07-02,2.628000020980835,0.49,2.1380000209808347,-0.19699992179870618,normal,normal,bear_steep,76
2014-07-03,2.6480000019073486,0.52,2.1280000019073486,-0.20399991989135735,normal,normal,bear_steep,77
2014-07-07,2.617000102996826,0.52,2.097000102996826,-0.2529999256134028,normal,normal,bear_steep,78
2014-07-08,2.565000057220459,0.51,2.055000057220459,-0.2759999465942382,normal,normal,bear_steep,79
2014-07-09,2.546999931335449,0.51,2.0369999313354494,-0.2199999618530275,normal,normal,bear_steep,80
2014-07-10,2.532000064849853,0.46,2.072000064849853,-0.18699992179870684,normal,normal,bear_steep,81
2014-07-11,2.5199999809265137,0.48,2.0399999809265137,-0.23899998664855904,normal,normal,bear_steep,82
2014-07-14,2.549000024795532,0.48,2.069000024795532,-0.133000059127808,normal,normal,bear_steep,83
2014-07-15,2.549000024795532,0.49,2.059000024795532,-0.11599987030029313,normal,normal,bear_steep,84
2014-07-16,2.5380001068115234,0.5,2.0380001068115234,-0.15399996757507317,normal,normal,bear_steep,85
2014-07-17,2.4749999046325684,0.47,2.0049999046325686,-0.1780001163482665,normal,normal,bear_steep,86
2014-07-18,2.483999967575073,0.51,1.9739999675750728,-0.21800011634826721,normal,normal,bear_steep,87
2014-07-21,2.4739999771118164,0.51,1.9639999771118164,-0.23299999237060542,normal,normal,bear_steep,88
2014-07-22,2.4660000801086426,0.49,1.9760000801086426,-0.2209998703002929,normal,normal,bear_steep,89
2014-07-23,2.46399998664856,0.5,1.96399998664856,-0.2680000686645503,normal,normal,bear_steep,90
2014-07-24,2.509000062942505,0.53,1.9790000629425049,-0.3109998226165771,normal,normal,bear_steep,91
2014-07-25,2.469000101089477,0.53,1.939000101089477,-0.3429998970031749,normal,normal,bear_steep,92
2014-07-28,2.490999937057495,0.54,1.950999937057495,-0.39100000381469746,normal,normal,bear_steep,93
2014-07-29,2.461999893188477,0.54,1.921999893188477,-0.418000211715698,bull_steep,normal,bear_steep,94
2014-07-30,2.553999900817871,0.56,1.993999900817871,-0.3290000152587891,normal,normal,bear_steep,95
2014-07-31,2.555999994277954,0.53,2.025999994277954,-0.4000000572204594,bull_steep,normal,bear_steep,96
2014-08-01,2.505000114440918,0.47,2.035000114440918,-0.3929997730255126,normal,normal,bear_steep,97
2014-08-04,2.490999937057495,0.47,2.0209999370574954,-0.38399996757507315,normal,normal,bear_steep,98
2014-08-05,2.4830000400543213,0.47,2.0130000400543215,-0.3989998626708986,normal,normal,bear_steep,99
2014-08-06,2.4739999771118164,0.48,1.9939999771118164,-0.4050001335144042,bull_steep,normal,bear_steep,100
2014-08-07,2.424000024795532,0.44,1.9840000247955318,-0.38399994850158725,normal,normal,bear_steep,101
2014-08-08,2.414999961853028,0.45,1.9649999618530278,-0.45699993133544914,bull_steep,normal,bear_steep,102
2014-08-11,2.4200000762939453,0.47,1.9500000762939453,-0.5619999790191648,bull_steep,normal,bear_steep,103
2014-08-12,2.441999912261963,0.45,1.991999912261963,-0.5020000076293945,bull_steep,normal,bear_steep,104
2014-08-13,2.4130001068115234,0.43,1.9830001068115235,-0.45899998664855945,bull_steep,normal,bear_steep,105
2014-08-14,2.400000095367432,0.42,1.9800000953674322,-0.46099984169006314,bull_steep,bull_steep,normal,1
2014-08-15,2.345000028610229,0.42,1.9250000286102291,-0.48100007057189975,bull_steep,bull_steep,normal,2
2014-08-18,2.38700008392334,0.44,1.94700008392334,-0.5089999771118161,bull_steep,bull_steep,normal,3
2014-08-19,2.4049999713897705,0.46,1.9449999713897705,-0.5159999656677243,bull_steep,bull_steep,normal,4
2014-08-20,2.4260001182556152,0.49,1.9360001182556152,-0.5650000000000002,bull_steep,bull_steep,normal,5
2014-08-21,2.407000064849853,0.49,1.917000064849853,-0.5780000305175792,bull_steep,bull_steep,normal,6
2014-08-22,2.4030001163482666,0.53,1.8730001163482666,-0.6679999637603762,bull_steep,bull_steep,normal,7
2014-08-25,2.38700008392334,0.53,1.8570000839233398,-0.7049999046325686,bull_steep,bull_steep,normal,8
2014-08-26,2.3910000324249268,0.52,1.8710000324249267,-0.7119998645782473,bull_steep,bull_steep,normal,9
2014-08-27,2.361000061035156,0.51,1.8510000610351558,-0.7060000514984137,bull_steep,bull_steep,normal,10
2014-08-28,2.3340001106262207,0.5,1.8340001106262207,-0.6629998207092287,bull_steep,bull_steep,normal,11
2014-08-29,2.3429999351501465,0.48,1.8629999351501465,-0.6710001659393305,bull_steep,bull_steep,normal,12
2014-09-02,2.4189999103546143,0.53,1.8889999103546142,-0.6480001831054689,bull_steep,bull_steep,normal,13
2014-09-03,2.4100000858306885,0.52,1.8900000858306885,-0.6379999446868898,bull_steep,bull_steep,normal,14
2014-09-04,2.447999954223633,0.54,1.9079999542236328,-0.6290001392364504,bull_steep,bull_steep,normal,15
2014-09-05,2.4609999656677246,0.52,1.9409999656677246,-0.561999969482422,bull_steep,bull_steep,normal,16
2014-09-08,2.469000101089477,0.54,1.929000101089477,-0.6359998893737799,bull_steep,bull_steep,normal,17
2014-09-09,2.5,0.56,1.94,-0.6349999523162841,bull_steep,bull_steep,normal,18
2014-09-10,2.5339999198913574,0.58,1.9539999198913574,-0.5630001640319824,bull_steep,bull_steep,normal,19
2014-09-11,2.5309998989105225,0.58,1.9509998989105224,-0.5980000019073488,bull_steep,bull_steep,normal,20
2014-09-12,2.614000082015991,0.58,2.034000082015991,-0.5689999580383303,bull_steep,bull_steep,normal,21
2014-09-15,2.5910000801086426,0.58,2.0110000801086425,-0.5589999294281007,bull_steep,bull_steep,normal,22
2014-09-16,2.58899998664856,0.55,2.0389999866485597,-0.5670000553131103,bull_steep,bull_steep,normal,23
2014-09-17,2.5999999046325684,0.59,2.0099999046325685,-0.5760001659393308,bull_steep,bull_steep,normal,24
2014-09-18,2.628999948501587,0.59,2.038999948501587,-0.6070000743865971,bull_steep,bull_steep,normal,25
2014-09-19,2.586999893188477,0.59,1.9969998931884771,-0.5980000019073479,bull_steep,bull_steep,normal,26
2014-09-22,2.565999984741211,0.58,1.9859999847412109,-0.598999900817871,bull_steep,bull_steep,normal,27
2014-09-23,2.5350000858306885,0.57,1.9650000858306886,-0.5959998798370361,bull_steep,bull_steep,normal,28
2014-09-24,2.569000005722046,0.59,1.979000005722046,-0.5580000305175781,bull_steep,bull_steep,normal,29
2014-09-25,2.510999917984009,0.56,1.9509999179840087,-0.6120001125335692,bull_steep,bull_steep,normal,30
2014-09-26,2.5350000858306885,0.59,1.9450000858306886,-0.5779999732971195,bull_steep,bull_steep,normal,31
2014-09-29,2.490999937057495,0.58,1.910999937057495,-0.55899995803833,bull_steep,bull_steep,normal,32
2014-09-30,2.507999897003174,0.58,1.9279998970031738,-0.5090000057220463,bull_steep,bull_steep,normal,33
2014-10-01,2.4030001163482666,0.53,1.8730001163482666,-0.6059998416900634,bull_steep,bull_steep,normal,34
2014-10-02,2.437999963760376,0.53,1.907999963760376,-0.5660000991821288,bull_steep,bull_steep,normal,35
2014-10-03,2.447000026702881,0.57,1.877000026702881,-0.5559999084472653,bull_steep,bull_steep,normal,36
2014-10-06,2.424999952316284,0.54,1.8849999523162841,-0.5419999504089361,bull_steep,bull_steep,normal,37
2014-10-07,2.3499999046325684,0.52,1.8299999046325683,-0.5950001430511476,bull_steep,bull_steep,normal,38
2014-10-08,2.3299999237060547,0.46,1.8699999237060547,-0.5499999713897705,bull_steep,bull_steep,normal,39
2014-10-09,2.32699990272522,0.46,1.8669999027252202,-0.5160000991821283,bull_steep,bull_steep,normal,40
2014-10-10,2.306999921798706,0.45,1.856999921798706,-0.507999973297119,bull_steep,bull_steep,normal,41
2014-10-14,2.2060000896453857,0.39,1.8160000896453856,-0.579999942779541,bull_steep,bull_steep,normal,42
2014-10-15,2.0899999141693115,0.34,1.7499999141693114,-0.6160001373291017,bull_steep,bull_steep,normal,43
2014-10-16,2.1530001163482666,0.35,1.8030001163482665,-0.5119998359680178,bull_steep,bull_steep,normal,44
2014-10-17,2.1989998817443848,0.39,1.8089998817443846,-0.5240001964569094,bull_steep,bull_steep,normal,45
2014-10-20,2.180999994277954,0.37,1.810999994277954,-0.5169999885559085,bull_steep,bull_steep,normal,46
2014-10-21,2.2079999446868896,0.38,1.8279999446868898,-0.45300014495849616,bull_steep,bull_steep,normal,47
2014-10-22,2.2290000915527344,0.41,1.8190000915527345,-0.49499998092651354,bull_steep,bull_steep,normal,48
2014-10-23,2.275000095367432,0.41,1.8650000953674322,-0.48199995994567835,bull_steep,bull_steep,normal,49
2014-10-24,2.2730000019073486,0.41,1.8630000019073487,-0.5089999008178714,bull_steep,bull_steep,normal,50
2014-10-27,2.256999969482422,0.41,1.846999969482422,-0.5279999828338624,bull_steep,bull_steep,normal,51
2014-10-28,2.2839999198913574,0.42,1.8639999198913575,-0.4940000534057618,bull_steep,bull_steep,normal,52
2014-10-29,2.322999954223633,0.48,1.8429999542236328,-0.5260001468658442,bull_steep,bull_steep,normal,53
2014-10-30,2.305000066757202,0.48,1.8250000667572022,-0.5879999446868895,bull_steep,bull_steep,normal,54
2014-10-31,2.3350000381469727,0.5,1.8350000381469727,-0.5810000228881833,bull_steep,bull_steep,normal,55
2014-11-03,2.3480000495910645,0.52,1.8280000495910644,-0.5980000019073488,bull_steep,bull_steep,normal,56
2014-11-04,2.3420000076293945,0.52,1.8220000076293945,-0.57899995803833,bull_steep,bull_steep,normal,57
2014-11-05,2.3499999046325684,0.52,1.8299999046325683,-0.5740000629425044,bull_steep,bull_steep,normal,58
2014-11-06,2.375,0.54,1.835,-0.5789999485015871,bull_steep,bull_steep,normal,59
2014-11-07,2.312000036239624,0.51,1.802000036239624,-0.6019999313354487,bull_steep,bull_steep,normal,60
2014-11-10,2.358999967575073,0.55,1.8089999675750728,-0.5910000324249272,bull_steep,bull_steep,normal,61
2014-11-12,2.358999967575073,0.55,1.8089999675750728,-0.5520000076293956,bull_steep,bull_steep,normal,62
2014-11-13,2.3469998836517334,0.53,1.8169998836517334,-0.5260002136230468,bull_steep,bull_steep,normal,63
2014-11-14,2.319999933242798,0.54,1.7799999332427978,-0.5320000267028808,bull_steep,bull_steep,normal,64
2014-11-17,2.3399999141693115,0.54,1.7999999141693115,-0.5280000782012935,bull_steep,bull_steep,normal,65
2014-11-18,2.322000026702881,0.53,1.7920000267028808,-0.49500008583068866,bull_steep,bull_steep,normal,66
2014-11-19,2.3510000705718994,0.54,1.8110000705718994,-0.5499999141693115,bull_steep,bull_steep,normal,67
2014-11-20,2.3350000381469727,0.53,1.8050000381469726,-0.5629999160766601,bull_steep,bull_steep,normal,68
2014-11-21,2.315000057220459,0.53,1.785000057220459,-0.5819999313354491,bull_steep,bull_steep,normal,69
2014-11-24,2.309999942779541,0.53,1.779999942779541,-0.6300000190734869,bull_steep,bull_steep,normal,70
2014-11-25,2.259999990463257,0.51,1.7499999904632568,-0.6639999294281005,bull_steep,bull_steep,normal,71
2014-11-26,2.233999967575073,0.53,1.7039999675750728,-0.6920000648498539,bull_steep,bull_steep,normal,72
2014-11-28,2.194000005722046,0.47,1.724000005722046,-0.6320000648498534,bull_steep,bull_steep,normal,73
2014-12-01,2.2179999351501465,0.49,1.7279999351501465,-0.5850001811981203,bull_steep,bull_steep,normal,74
2014-12-02,2.2850000858306885,0.55,1.7350000858306884,-0.5499998950958254,bull_steep,bull_steep,normal,75
2014-12-03,2.2869999408721924,0.57,1.7169999408721925,-0.6019999408721923,bull_steep,bull_steep,normal,76
2014-12-04,2.256999969482422,0.55,1.7069999694824218,-0.6140000247955324,bull_steep,bull_steep,normal,77
2014-12-05,2.306999921798706,0.65,1.6569999217987061,-0.6450001525878908,bull_steep,bull_steep,normal,78
2014-12-08,2.256999969482422,0.64,1.6169999694824218,-0.7080001258850102,bull_steep,bull_steep,normal,79
2014-12-09,2.220000028610229,0.64,1.580000028610229,-0.7199999713897709,bull_steep,bull_steep,normal,80
2014-12-10,2.1689999103546143,0.59,1.5789999103546144,-0.6840001296997071,bull_steep,bull_steep,normal,81
2014-12-11,2.177999973297119,0.62,1.557999973297119,-0.7069999217987064,bull_steep,bull_steep,normal,82
2014-12-12,2.1029999256134038,0.56,1.5429999256134037,-0.7080000495910643,bull_steep,bull_steep,normal,83
2014-12-15,2.115999937057495,0.6,1.515999937057495,-0.705999994277954,bull_steep,bull_steep,normal,84
2014-12-16,2.071000099182129,0.58,1.4910000991821288,-0.770999794006348,bull_steep,bull_steep,normal,85
2014-12-17,2.1480000019073486,0.62,1.5280000019073485,-0.755000047683716,bull_steep,bull_steep,normal,86
2014-12-18,2.2039999961853027,0.67,1.5339999961853028,-0.7850000667572021,bull_steep,bull_steep,normal,87
2014-12-19,2.1760001182556152,0.67,1.5060001182556153,-0.8269998550415041,bull_steep,bull_steep,normal,88
2014-12-22,2.1619999408721924,0.71,1.4519999408721924,-0.8780000209808354,bull_steep,bull_steep,normal,89
2014-12-23,2.256999969482422,0.73,1.526999969482422,-0.7690001010894774,bull_steep,bull_steep,normal,90
2014-12-24,2.263999938964844,0.73,1.5339999389648442,-0.7509999942779535,bull_steep,bull_steep,normal,91
2014-12-26,2.25,0.73,1.52,-0.7609999942779542,bull_steep,bull_steep,normal,92
2014-12-29,2.2070000171661377,0.72,1.4870000171661377,-0.8269999980926512,bull_steep,bull_steep,normal,93
2014-12-30,2.190000057220459,0.69,1.500000057220459,-0.7579999637603758,bull_steep,bull_steep,normal,94
2014-12-31,2.1700000762939453,0.67,1.5000000762939454,-0.7489998817443846,bull_steep,bull_steep,normal,95
2015-01-02,2.122999906539917,0.66,1.4629999065399169,-0.8060000324249272,bull_steep,bull_steep,normal,96
2015-01-05,2.0390000343322754,0.68,1.3590000343322752,-0.8789999866485596,bull_steep,bull_steep,normal,97
2015-01-06,1.963000059127808,0.65,1.3130000591278082,-0.9340000247955316,bull_steep,bull_steep,normal,98
2015-01-07,1.9539999961853027,0.62,1.3339999961853026,-0.9569999599456782,bull_steep,bull_steep,normal,99
2015-01-08,2.0160000324249268,0.62,1.3960000324249267,-0.9049999237060544,bull_steep,bull_steep,normal,100
2015-01-09,1.9709999561309812,0.59,1.3809999561309811,-0.8950001144409181,bull_steep,bull_steep,normal,101
2015-01-12,1.9119999408721924,0.56,1.3519999408721923,-0.9040001678466796,bull_steep,bull_steep,normal,102
2015-01-13,1.8899999856948853,0.54,1.3499999856948852,-0.9079999780654906,bull_steep,bull_steep,normal,103
2015-01-14,1.837000012397766,0.51,1.3270000123977659,-0.9089998769760137,bull_steep,bull_steep,normal,104
2015-01-15,1.774999976158142,0.44,1.3349999761581421,-0.9020000696182251,bull_steep,bull_steep,normal,105
2015-01-16,1.815000057220459,0.49,1.325000057220459,-0.9299998760223389,bull_steep,bull_steep,normal,106
2015-01-20,1.807000041007996,0.53,1.277000041007996,-0.9509999608993527,bull_steep,bull_steep,normal,107
2015-01-21,1.8530000448226929,0.53,1.3230000448226928,-0.8729999017715453,bull_steep,bull_steep,normal,108
2015-01-22,1.8960000276565552,0.53,1.3660000276565551,-0.8050000524520875,bull_steep,bull_steep,normal,109
2015-01-23,1.8170000314712524,0.52,1.2970000314712524,-0.8840000295639032,bull_steep,bull_steep,normal,110
2015-01-26,1.8279999494552608,0.54,1.2879999494552608,-0.8770000791549681,bull_steep,bull_steep,normal,111
2015-01-27,1.825000047683716,0.54,1.285000047683716,-0.8949998664855954,bull_steep,bull_steep,normal,112
2015-01-28,1.7239999771118164,0.5,1.2239999771118164,-0.9780000209808355,bull_steep,bull_steep,normal,113
2015-01-29,1.7510000467300415,0.51,1.2410000467300415,-0.9819998598098756,bull_steep,bull_steep,normal,114
2015-01-30,1.6749999523162842,0.47,1.2049999523162842,-1.0409999465942381,bull_steep,bull_steep,normal,115
2015-02-02,1.6729999780654907,0.49,1.1829999780654907,-1.0450000524520873,bull_steep,bull_steep,normal,116
2015-02-03,1.7799999713897705,0.52,1.2599999713897705,-0.8930000114440917,bull_steep,bull_steep,normal,117
2015-02-04,1.7970000505447388,0.52,1.2770000505447388,-0.8450000429153444,bull_steep,bull_steep,normal,118
2015-02-05,1.815000057220459,0.52,1.295000057220459,-0.8429998302459718,bull_steep,bull_steep,normal,119
2015-02-06,1.937999963760376,0.65,1.287999963760376,-0.8880000495910645,bull_steep,bull_steep,normal,120
2015-02-09,1.9479999542236328,0.65,1.297999954223633,-0.8610001087188719,bull_steep,bull_steep,normal,121
2015-02-10,1.991000056266785,0.67,1.3210000562667847,-0.8459998846054075,bull_steep,bull_steep,normal,122
2015-02-11,1.9880000352859497,0.67,1.3180000352859498,-0.8670000314712523,bull_steep,bull_steep,normal,123
2015-02-12,1.9859999418258667,0.61,1.3759999418258668,-0.7900000715255735,bull_steep,bull_steep,normal,124
2015-02-13,2.0209999084472656,0.66,1.3609999084472655,-0.7669999790191651,bull_steep,bull_steep,normal,125
2015-02-17,2.1449999809265137,0.7,1.4449999809265137,-0.6229999828338622,bull_steep,bull_steep,normal,126
2015-02-18,2.065999984741211,0.62,1.4459999847412108,-0.6310000419616699,bull_steep,bull_steep,normal,127
2015-02-19,2.11299991607666,0.67,1.4429999160766602,-0.6440001010894774,bull_steep,bull_steep,normal,128
2015-02-20,2.132999897003174,0.67,1.462999897003174,-0.6810000228881834,bull_steep,bull_steep,normal,129
2015-02-23,2.059000015258789,0.64,1.419000015258789,-0.7639999198913574,bull_steep,bull_steep,normal,130
2015-02-24,1.9880000352859497,0.6,1.3880000352859496,-0.8079999113082885,bull_steep,bull_steep,normal,131
2015-02-25,1.968999981880188,0.61,1.3589999818801881,-0.8250001287460327,bull_steep,bull_steep,normal,132
2015-02-26,2.0160000324249268,0.66,1.3560000324249266,-0.8309998512268066,bull_steep,bull_steep,normal,133
2015-02-27,2.002000093460083,0.63,1.3720000934600831,-0.8109998226165769,bull_steep,bull_steep,normal,134
2015-03-02,2.0840001106262207,0.66,1.4240001106262206,-0.7609998798370361,bull_steep,bull_steep,normal,135
2015-03-03,2.121999979019165,0.68,1.4419999790191649,-0.75800012588501,bull_steep,bull_steep,normal,136
2015-03-04,2.122999906539917,0.66,1.4629999065399169,-0.7030000591278078,bull_steep,bull_steep,normal,137
2015-03-05,2.111999988555908,0.65,1.4619999885559083,-0.6920001029968259,bull_steep,bull_steep,normal,138
2015-03-06,2.240000009536743,0.73,1.5100000095367432,-0.59699987411499,bull_steep,bull_steep,normal,139
2015-03-09,2.194999933242798,0.7,1.494999933242798,-0.6500000381469728,bull_steep,bull_steep,normal,140
2015-03-10,2.125999927520752,0.7,1.425999927520752,-0.7069999885559082,bull_steep,bull_steep,normal,141
2015-03-11,2.108999967575073,0.7,1.4089999675750728,-0.7330000114440922,bull_steep,bull_steep,normal,142
2015-03-12,2.095999956130981,0.67,1.425999956130981,-0.698000116348267,bull_steep,bull_steep,normal,143
2015-03-13,2.111999988555908,0.68,1.431999988555908,-0.710999917984009,bull_steep,bull_steep,normal,144
2015-03-16,2.0980000495910645,0.66,1.4380000495910643,-0.6579999160766601,bull_steep,bull_steep,normal,145
2015-03-17,2.058000087738037,0.7,1.3580000877380372,-0.7209999275207519,bull_steep,bull_steep,normal,146
2015-03-18,1.950999975204468,0.57,1.380999975204468,-0.6840001201629642,bull_steep,bull_steep,normal,147
2015-03-19,1.9769999980926516,0.63,1.3469999980926515,-0.7350000667572014,bull_steep,bull_steep,normal,148
2015-03-20,1.9299999475479128,0.6,1.329999947547913,-0.716000084877014,bull_steep,bull_steep,normal,149
2015-03-23,1.9149999618530276,0.6,1.3149999618530277,-0.7780000019073485,bull_steep,bull_steep,normal,150
2015-03-24,1.878000020980835,0.58,1.298000020980835,-0.8399999999999999,bull_steep,bull_steep,normal,151
2015-03-25,1.919999957084656,0.59,1.329999957084656,-0.7980000448226927,bull_steep,bull_steep,normal,152
2015-03-26,2.006999969482422,0.61,1.396999969482422,-0.7000001335144042,bull_steep,bull_steep,normal,153
2015-03-27,1.9479999542236328,0.58,1.3679999542236327,-0.6870001029968265,bull_steep,bull_steep,normal,154
2015-03-30,1.963000059127808,0.58,1.383000059127808,-0.6539998722076414,bull_steep,bull_steep,normal,155
2015-03-31,1.934000015258789,0.56,1.374000015258789,-0.6980000495910641,bull_steep,bull_steep,normal,156
2015-04-01,1.868000030517578,0.55,1.3180000305175779,-0.7219999504089358,bull_steep,bull_steep,normal,157
2015-04-02,1.9040000438690183,0.55,1.3540000438690183,-0.7149999809265135,bull_steep,bull_steep,normal,158
2015-04-06,1.9040000438690183,0.51,1.3940000438690183,-0.6649999809265137,bull_steep,bull_steep,normal,159
2015-04-07,1.89300000667572,0.52,1.37300000667572,-0.6650001001358035,bull_steep,bull_steep,normal,160
2015-04-08,1.8949999809265137,0.54,1.3549999809265136,-0.649999923706055,bull_steep,bull_steep,normal,161
2015-04-09,1.9579999446868896,0.56,1.3979999446868896,-0.5760000228881832,bull_steep,bull_steep,normal,162
2015-04-10,1.950999975204468,0.57,1.380999975204468,-0.5830000019073485,bull_steep,bull_steep,normal,163
2015-04-13,1.9390000104904173,0.54,1.3990000104904172,-0.5770000696182254,bull_steep,bull_steep,normal,164
2015-04-14,1.9040000438690183,0.53,1.3740000438690183,-0.5899999427795417,bull_steep,bull_steep,normal,165
2015-04-15,1.899999976158142,0.51,1.389999976158142,-0.5890000867843628,bull_steep,bull_steep,normal,166
2015-04-16,1.878000020980835,0.5,1.378000020980835,-0.5610000801086421,bull_steep,bull_steep,normal,167
2015-04-17,1.850000023841858,0.51,1.340000023841858,-0.6109999132156372,bull_steep,bull_steep,normal,168
2015-04-20,1.8949999809265137,0.55,1.3449999809265136,-0.5769999122619633,bull_steep,bull_steep,normal,169
2015-04-21,1.9160000085830688,0.55,1.3660000085830688,-0.6279998922348022,bull_steep,bull_steep,normal,170
2015-04-22,1.972000002861023,0.57,1.402000002861023,-0.6239999914169307,bull_steep,bull_steep,normal,171
2015-04-23,1.9470000267028809,0.55,1.3970000267028808,-0.6380000877380374,bull_steep,bull_steep,normal,172
2015-04-24,1.9170000553131104,0.54,1.3770000553131103,-0.643999881744385,bull_steep,bull_steep,normal,173
2015-04-27,1.924000024795532,0.54,1.384000024795532,-0.6290000152587896,bull_steep,bull_steep,normal,174
2015-04-28,1.9730000495910645,0.56,1.4130000495910644,-0.580999927520752,bull_steep,bull_steep,normal,175
2015-04-29,2.0350000858306885,0.56,1.4750000858306884,-0.5089999389648434,bull_steep,bull_steep,normal,176
2015-04-30,2.0460000038146973,0.58,1.4660000038146972,-0.49899995803833064,bull_steep,bull_steep,normal,177
2015-05-01,2.117000102996826,0.6,1.517000102996826,-0.43299997329711926,bull_steep,bull_steep,normal,178
2015-05-04,2.134999990463257,0.6,1.5349999904632567,-0.4569999217987062,bull_steep,bull_steep,normal,179
2015-05-05,2.1760001182556152,0.62,1.5560001182556151,-0.42699998855590837,bull_steep,bull_steep,normal,180
2015-05-06,2.240000009536743,0.65,1.5900000095367433,-0.3900000858306889,normal,bull_steep,normal,181
2015-05-07,2.184000015258789,0.63,1.5540000152587892,-0.37100001335143995,normal,bull_steep,normal,182
2015-05-08,2.150000095367432,0.59,1.5600000953674322,-0.38699998855590767,normal,bull_steep,normal,183
2015-05-11,2.2739999294281006,0.62,1.6539999294281005,-0.29100004196167006,normal,bull_steep,normal,184
2015-05-12,2.259999990463257,0.61,1.649999990463257,-0.2860001277923583,normal,normal,bull_steep,1
2015-05-13,2.282000064849853,0.59,1.6920000648498532,-0.22499999999999987,normal,normal,bull_steep,2
2015-05-14,2.239000082015991,0.56,1.6790000820159912,-0.19400003433227542,normal,normal,bull_steep,3
2015-05-15,2.1410000324249268,0.55,1.5910000324249267,-0.2660000514984131,normal,normal,bull_steep,4
2015-05-18,2.2279999256134038,0.58,1.6479999256134037,-0.22300010681152305,normal,normal,bull_steep,5
2015-05-19,2.26200008392334,0.63,1.63200008392334,-0.21899997711181585,normal,normal,bull_steep,6
2015-05-20,2.250999927520752,0.6,1.6509999275207519,-0.18300018310546884,normal,normal,bull_steep,7
2015-05-21,2.184999942779541,0.6,1.584999942779541,-0.2779999923706056,normal,normal,bull_steep,8
2015-05-22,2.2149999141693115,0.64,1.5749999141693114,-0.31399999618530283,normal,normal,bull_steep,9
2015-05-26,2.13700008392334,0.64,1.4970000839233397,-0.39300000190734874,normal,normal,bull_steep,10
2015-05-27,2.134999990463257,0.64,1.4949999904632567,-0.41299996376037607,bull_steep,normal,bull_steep,11
2015-05-28,2.130000114440918,0.62,1.5100001144409179,-0.43099985122680673,bull_steep,normal,bull_steep,12
2015-05-29,2.095000028610229,0.61,1.4850000286102292,-0.4440000724792479,bull_steep,normal,bull_steep,13
2015-06-01,2.191999912261963,0.64,1.5519999122619628,-0.3880000877380372,normal,normal,bull_steep,14
2015-06-02,2.2660000324249268,0.64,1.6260000324249266,-0.3279998874664307,normal,normal,bull_steep,15
2015-06-03,2.365999937057495,0.69,1.6759999370574952,-0.2749999618530272,normal,normal,bull_steep,16
2015-06-04,2.306999921798706,0.66,1.646999921798706,-0.3870001602172852,normal,normal,bull_steep,17
2015-06-05,2.4019999504089355,0.73,1.6719999504089356,-0.33900012969970694,normal,normal,bull_steep,18
2015-06-08,2.38100004196167,0.7,1.68100004196167,-0.3579999446868898,normal,normal,bull_steep,19
2015-06-09,2.4170000553131104,0.72,1.6970000553131104,-0.3129998493194581,normal,normal,bull_steep,20
2015-06-10,2.4779999256134038,0.75,1.7279999256134038,-0.3110000228881833,normal,normal,bull_steep,21
2015-06-11,2.382999897003174,0.73,1.6529998970031738,-0.3439999961853033,normal,normal,bull_steep,22
2015-06-12,2.384999990463257,0.74,1.6449999904632568,-0.340999994277954,normal,normal,bull_steep,23
2015-06-15,2.3580000400543213,0.72,1.6380000400543213,-0.3270000457763673,normal,normal,bull_steep,24
2015-06-16,2.318000078201294,0.71,1.608000078201294,-0.37099992752075206,normal,normal,bull_steep,25
2015-06-17,2.305999994277954,0.67,1.6359999942779542,-0.31499992370605456,normal,normal,bull_steep,26
2015-06-18,2.3510000705718994,0.66,1.6910000705718993,-0.25400001525878935,normal,normal,bull_steep,27
2015-06-19,2.2669999599456787,0.65,1.6169999599456788,-0.29399997711181625,normal,normal,bull_steep,28
2015-06-22,2.359999895095825,0.68,1.679999895095825,-0.24800000190734872,normal,normal,bull_steep,29
2015-06-23,2.4089999198913574,0.7,1.7089999198913575,-0.1640001964569091,normal,normal,bull_steep,30
2015-06-24,2.371000051498413,0.68,1.691000051498413,-0.21699991226196302,normal,normal,bull_steep,31
2015-06-25,2.3929998874664307,0.68,1.7129998874664305,-0.16400013923645052,normal,normal,bull_steep,32
2015-06-26,2.4760000705718994,0.72,1.7560000705718994,-0.1289998817443847,normal,normal,bull_steep,33
2015-06-29,2.3310000896453857,0.64,1.6910000896453856,-0.13899981498718272,normal,normal,bull_steep,34
2015-06-30,2.3350000381469727,0.64,1.6950000381469725,-0.1749998855590822,normal,normal,bull_steep,35
2015-07-01,2.4179999828338623,0.69,1.7279999828338624,-0.13899991989135785,normal,normal,bull_steep,36
2015-07-02,2.3929998874664307,0.64,1.7529998874664305,-0.10400003433227556,normal,normal,bull_steep,37
2015-07-06,2.2780001163482666,0.6,1.6780001163482665,-0.1379999732971191,normal,normal,bull_steep,38
2015-07-07,2.2309999465942383,0.58,1.6509999465942382,-0.09899996757507323,normal,normal,bull_steep,39
2015-07-08,2.2060000896453857,0.55,1.6560000896453857,-0.14700002670288081,normal,normal,bull_steep,40
2015-07-09,2.3010001182556152,0.6,1.7010001182556151,-0.1079997634887695,normal,normal,bull_steep,41
2015-07-10,2.4170000553131104,0.65,1.7670000553131104,-0.043999938964843555,normal,normal,bull_steep,42
2015-07-13,2.430000066757202,0.69,1.7400000667572022,-0.08799987792968755,normal,normal,bull_steep,43
2015-07-14,2.3989999294281006,0.66,1.7389999294281004,-0.08000016212463401,normal,normal,bull_steep,44
2015-07-15,2.3499999046325684,0.64,1.7099999046325682,-0.15500019073486393,normal,normal,bull_steep,45
2015-07-16,2.351999998092652,0.67,1.6819999980926519,-0.18100000381469683,normal,normal,bull_steep,46
2015-07-17,2.3489999771118164,0.68,1.6689999771118162,-0.1779999923706057,normal,normal,bull_steep,47
2015-07-20,2.371999979019165,0.71,1.661999979019165,-0.20199994087219242,normal,normal,bull_steep,48
2015-07-21,2.3399999141693115,0.71,1.6299999141693116,-0.21300004005432127,normal,normal,bull_steep,49
2015-07-22,2.322000026702881,0.75,1.5720000267028809,-0.2530000400543213,normal,normal,bull_steep,50
2015-07-23,2.2769999504089355,0.71,1.5669999504089356,-0.2680000877380371,normal,normal,bull_steep,51
2015-07-24,2.2709999084472656,0.7,1.5709999084472657,-0.25700014114379877,normal,normal,bull_steep,52
2015-07-27,2.2279999256134038,0.68,1.5479999256134036,-0.2740000820159909,normal,normal,bull_steep,53
2015-07-28,2.25,0.69,1.56,-0.2699999046325683,normal,normal,bull_steep,54
2015-07-29,2.2790000438690186,0.7,1.5790000438690186,-0.25599995613098137,normal,normal,bull_steep,55
2015-07-30,2.2679998874664307,0.72,1.5479998874664307,-0.2540001487731933,normal,normal,bull_steep,56
2015-07-31,2.2049999237060547,0.67,1.5349999237060548,-0.274000043869018,normal,normal,bull_steep,57
2015-08-03,2.150000095367432,0.68,1.470000095367432,-0.33899987220764083,normal,normal,bull_steep,58
2015-08-04,2.2109999656677246,0.74,1.4709999656677246,-0.34599991798400875,normal,normal,bull_steep,59
2015-08-05,2.2679998874664307,0.73,1.5379998874664307,-0.24200004577636713,normal,normal,bull_steep,60
2015-08-06,2.233999967575073,0.71,1.5239999675750728,-0.27599994659423865,normal,normal,bull_steep,61
2015-08-07,2.174999952316284,0.73,1.4449999523162842,-0.34700007438659664,normal,normal,bull_steep,62
2015-08-10,2.23799991607666,0.73,1.5079999160766602,-0.3030001544952392,normal,normal,bull_steep,63
2015-08-11,2.13700008392334,0.68,1.4570000839233397,-0.34799995422363295,normal,normal,bull_steep,64
2015-08-12,2.130000114440918,0.67,1.460000114440918,-0.3249999427795409,normal,normal,bull_steep,65
2015-08-13,2.188999891281128,0.72,1.468999891281128,-0.31100005149841303,normal,normal,bull_steep,66
2015-08-14,2.196000099182129,0.73,1.466000099182129,-0.2839998912811279,normal,normal,bull_steep,67
2015-08-17,2.150000095367432,0.72,1.4300000953674321,-0.27399987220764066,normal,normal,bull_steep,68
2015-08-18,2.196000099182129,0.74,1.456000099182129,-0.267999906539917,normal,normal,bull_steep,69
2015-08-19,2.128999948501587,0.67,1.458999948501587,-0.2689999866485595,normal,normal,bull_steep,70
2015-08-20,2.0840001106262207,0.69,1.3940001106262208,-0.3409999752044677,normal,normal,bull_steep,71
2015-08-21,2.053999900817871,0.64,1.413999900817871,-0.3030000400543216,normal,normal,bull_steep,72
2015-08-24,1.996999979019165,0.59,1.4069999790191652,-0.29999999046325665,normal,normal,bull_steep,73
2015-08-25,2.132999897003174,0.67,1.462999897003174,-0.19400002479553224,normal,normal,bull_steep,74
2015-08-26,2.171999931335449,0.67,1.5019999313354493,-0.11500003814697246,normal,normal,bull_steep,75
2015-08-27,2.1679999828338623,0.68,1.4879999828338621,-0.09200004577636678,normal,normal,bull_steep,76
2015-08-28,2.186000108718872,0.72,1.466000108718872,-0.1129998016357423,normal,normal,bull_steep,77
2015-08-31,2.200000047683716,0.74,1.4600000476837158,-0.0979999256134032,normal,normal,bull_steep,78
2015-09-01,2.171999931335449,0.7,1.4719999313354493,-0.07099999427795445,normal,normal,bull_steep,79
2015-09-02,2.193000078201294,0.72,1.473000078201294,-0.042999858856201056,normal,normal,bull_steep,80
2015-09-03,2.1679999828338623,0.71,1.4579999828338623,-0.033000116348266495,normal,normal,bull_steep,81
2015-09-04,2.128000020980835,0.71,1.418000020980835,-0.10999998092651353,normal,normal,bull_steep,82
2015-09-08,2.194000005722046,0.74,1.454000005722046,-0.0799999904632569,normal,normal,bull_steep,83
2015-09-09,2.180999994277954,0.75,1.430999994277954,-0.0750001239776612,normal,normal,bull_steep,84
2015-09-10,2.2219998836517334,0.75,1.4719998836517334,0.01999994277954098,normal,normal,bull_steep,85
2015-09-11,2.183000087738037,0.71,1.4730000877380371,-0.05399988174438475,normal,normal,bull_steep,86
2015-09-14,2.180000066757202,0.73,1.4500000667572022,-0.08399987220764205,normal,normal,bull_steep,87
2015-09-15,2.2809998989105225,0.82,1.4609998989105226,-0.0590001010894774,normal,normal,bull_steep,88
2015-09-16,2.302999973297119,0.82,1.4829999732971193,-0.0040000438690184215,normal,normal,bull_steep,89
2015-09-17,2.2170000076293945,0.7,1.5170000076293946,0.016999950408935538,normal,normal,bull_steep,90
2015-09-18,2.130000114440918,0.69,1.440000114440918,-0.05999996185302736,normal,normal,bull_steep,91
2015-09-21,2.21399998664856,0.72,1.49399998664856,0.03100008010864319,normal,normal,bull_steep,92
2015-09-22,2.125,0.69,1.435,0.07599996566772482,normal,normal,bull_steep,93
2015-09-23,2.1440000534057617,0.7,1.4440000534057618,0.1309999942779536,normal,normal,bull_steep,94
2015-09-24,2.119999885559082,0.67,1.449999885559082,0.11599988937377947,normal,normal,bull_steep,95
2015-09-25,2.1679999828338623,0.7,1.4679999828338623,0.0719999504089357,normal,normal,bull_steep,96
2015-09-28,2.095000028610229,0.67,1.4250000286102291,0.044000072479247976,normal,normal,bull_steep,97
2015-09-29,2.053999900817871,0.64,1.413999900817871,0.06199995994567864,normal,normal,bull_steep,98
2015-09-30,2.059999942779541,0.64,1.419999942779541,0.06999995708465567,normal,normal,bull_steep,99
2015-10-01,2.0420000553131104,0.64,1.4020000553131102,0.07500004291534434,normal,normal,bull_steep,100
2015-10-02,1.9889999628067017,0.58,1.4089999628067016,0.07399998664855945,normal,normal,bull_steep,101
2015-10-05,2.055999994277954,0.61,1.4459999942779542,0.12099993705749523,normal,normal,bull_steep,102
2015-10-06,2.0350000858306885,0.61,1.4250000858306886,0.14800004482269258,normal,normal,bull_steep,103
2015-10-07,2.062000036239624,0.65,1.4120000362396241,0.08899999141693127,normal,normal,bull_steep,104
2015-10-08,2.1080000400543213,0.65,1.4580000400543214,0.09200001239776623,normal,normal,bull_steep,105
2015-10-09,2.0989999771118164,0.65,1.4489999771118165,0.15199994564056407,normal,normal,bull_steep,106
2015-10-13,2.055000066757202,0.64,1.415000066757202,0.12700011730194127,normal,normal,bull_steep,107
2015-10-14,1.9809999465942385,0.57,1.4109999465942384,0.12599989891052243,normal,normal,bull_steep,108
2015-10-15,2.0230000019073486,0.61,1.4130000019073488,0.18900002479553235,normal,normal,bull_steep,109
2015-10-16,2.0230000019073486,0.61,1.4130000019073488,0.17199995517730726,normal,normal,bull_steep,110
2015-10-19,2.0280001163482666,0.61,1.4180001163482667,0.21300016403198252,normal,normal,bull_steep,111
2015-10-20,2.071000099182129,0.66,1.4110000991821288,0.22800012111663803,normal,normal,bull_steep,112
2015-10-21,2.0299999713897705,0.64,1.3899999713897704,0.1299999999999999,normal,normal,bull_steep,113
2015-10-22,2.025000095367432,0.61,1.4150000953674322,0.13800004482269346,normal,normal,bull_steep,114
2015-10-23,2.0829999446868896,0.66,1.4229999446868895,0.12799988746643054,normal,normal,bull_steep,115
2015-10-26,2.058000087738037,0.66,1.398000087738037,0.1100001239776609,normal,normal,bull_steep,116
2015-10-27,2.0280001163482666,0.65,1.3780001163482667,0.08000016212463379,normal,normal,bull_steep,117
2015-10-28,2.0920000076293945,0.73,1.3620000076293945,0.04099995136260981,normal,normal,bull_steep,118
2015-10-29,2.1730000972747803,0.75,1.4230000972747803,0.1050000619888305,normal,normal,bull_steep,119
2015-10-30,2.151000022888184,0.75,1.401000022888184,0.025000081062317214,normal,normal,bull_steep,120
2015-11-02,2.187000036239624,0.77,1.417000036239624,0.05600012779235852,normal,normal,bull_steep,121
2015-11-03,2.220000028610229,0.8,1.420000028610229,-0.024999952316284713,normal,normal,bull_steep,122
2015-11-04,2.2300000190734863,0.84,1.3900000190734865,-0.05599996566772436,normal,normal,bull_steep,123
2015-11-05,2.244999885559082,0.85,1.394999885559082,-0.048000030517578285,normal,normal,bull_steep,124
2015-11-06,2.3329999446868896,0.9,1.4329999446868897,-0.029999952316284162,normal,normal,bull_steep,125
2015-11-09,2.3420000076293945,0.89,1.4520000076293944,0.03299999237060547,normal,normal,bull_steep,126
2015-11-10,2.322000026702881,0.87,1.4520000267028808,0.06399999141693113,normal,normal,bull_steep,127
2015-11-12,2.319000005722046,0.89,1.4290000057220458,0.07000002384185766,normal,normal,bull_steep,128
2015-11-13,2.2799999713897705,0.86,1.4199999713897706,0.06399993896484402,normal,normal,bull_steep,129
2015-11-16,2.2730000019073486,0.88,1.3930000019073487,0.020999908447265625,normal,normal,bull_steep,130
2015-11-17,2.260999917984009,0.86,1.400999917984009,-0.023000192642211648,normal,normal,bull_steep,131
2015-11-18,2.2690000534057617,0.9,1.3690000534057618,-0.07299992561340307,normal,normal,bull_steep,132
2015-11-19,2.247999906539917,0.91,1.3379999065399169,-0.125,normal,normal,bull_steep,133
2015-11-20,2.26200008392334,0.93,1.3320000839233397,-0.1299999046325686,normal,normal,bull_steep,134
2015-11-23,2.25,0.94,1.31,-0.20000000953674313,normal,normal,bull_steep,135
2015-11-24,2.243000030517578,0.93,1.313000030517578,-0.18199990272521993,normal,normal,bull_steep,136
2015-11-25,2.2320001125335693,0.93,1.3020001125335692,-0.12399981498718282,normal,normal,bull_steep,137
2015-11-27,2.2249999046325684,0.92,1.3049999046325684,-0.10400006294250441,normal,normal,bull_steep,138
2015-11-30,2.2179999351501465,0.94,1.2779999351501465,-0.14800002098083453,normal,normal,bull_steep,139
2015-12-01,2.1549999713897705,0.91,1.2449999713897704,-0.18700001716613768,normal,normal,bull_steep,140
2015-12-02,2.177999973297119,0.94,1.2379999732971192,-0.20000007629394512,normal,normal,bull_steep,141
2015-12-03,2.3299999237060547,0.96,1.3699999237060547,0.01199983596801757,normal,normal,bull_steep,142
2015-12-04,2.275000095367432,0.96,1.3150000953674321,-0.06599987983703581,normal,normal,bull_steep,143
2015-12-07,2.2249999046325684,0.94,1.2849999046325684,-0.06200009346008306,normal,normal,bull_steep,144
2015-12-08,2.23799991607666,0.94,1.2979999160766602,-0.03200003147125274,normal,normal,bull_steep,145
2015-12-09,2.2079999446868896,0.93,1.2779999446868895,-0.03700001716613821,normal,normal,bull_steep,146
2015-12-10,2.239000082015991,0.95,1.2890000820159913,-0.008999938964843635,normal,normal,bull_steep,147
2015-12-11,2.138999938964844,0.88,1.2589999389648443,-0.0710000181198116,normal,normal,bull_steep,148
2015-12-14,2.2249999046325684,0.97,1.2549999046325684,-0.1420000648498536,normal,normal,bull_steep,149
2015-12-15,2.2679998874664307,0.98,1.2879998874664307,-0.08000006675720206,normal,normal,bull_steep,150
2015-12-16,2.2869999408721924,1.02,1.2669999408721924,-0.11600011825561563,normal,normal,bull_steep,151
2015-12-17,2.23799991607666,1.0,1.2379999160766602,-0.13600009918212885,normal,normal,bull_steep,152
2015-12-18,2.1989998817443848,0.97,1.2289998817443848,-0.08900014877319307,normal,normal,bull_steep,153
2015-12-21,2.197000026702881,0.96,1.237000026702881,-0.1170000171661374,normal,normal,bull_steep,154
2015-12-22,2.239000082015991,0.99,1.2490000820159912,-0.1449999618530271,normal,normal,bull_steep,155
2015-12-23,2.263999938964844,1.01,1.2539999389648442,-0.11900006771087579,normal,normal,bull_steep,156
2015-12-24,2.243000030517578,1.03,1.213000030517578,-0.14199995040893554,normal,normal,bull_steep,157
2015-12-28,2.2249999046325684,1.05,1.1749999046325683,-0.22300004005432128,normal,normal,bull_steep,158
2015-12-29,2.306999921798706,1.09,1.216999921798706,-0.16400005340576196,normal,normal,bull_steep,159
2015-12-30,2.302999973297119,1.08,1.222999973297119,-0.17600003719329815,normal,normal,bull_steep,160
2015-12-31,2.2690000534057617,1.06,1.2090000534057617,-0.16499999046325664,normal,normal,bull_steep,161
2016-01-04,2.244999885559082,1.02,1.224999885559082,-0.16500009059906007,normal,normal,bull_steep,162
2016-01-05,2.247999906539917,1.04,1.207999906539917,-0.170000114440918,normal,normal,bull_steep,163
2016-01-06,2.177000045776367,0.99,1.1870000457763672,-0.1529999780654907,normal,normal,bull_steep,164
2016-01-07,2.1530001163482666,0.96,1.1930001163482666,-0.151999864578247,normal,normal,bull_steep,165
2016-01-08,2.130000114440918,0.94,1.190000114440918,-0.17599989414215078,normal,normal,bull_steep,166
2016-01-11,2.157999992370605,0.94,1.217999992370605,-0.18400001049041803,normal,normal,bull_steep,167
2016-01-12,2.101999998092652,0.93,1.1719999980926517,-0.22500002861022916,normal,normal,bull_steep,168
2016-01-13,2.065999984741211,0.91,1.1559999847412108,-0.22100007057189952,normal,normal,bull_steep,169
2016-01-14,2.0980000495910645,0.9,1.1980000495910645,-0.18599997520446743,normal,normal,bull_steep,170
2016-01-15,2.032999992370605,0.85,1.182999992370605,-0.23000005722045946,normal,normal,bull_steep,171
2016-01-19,2.0350000858306885,0.88,1.1550000858306886,-0.31999999999999984,normal,normal,bull_steep,172
2016-01-20,1.9839999675750728,0.85,1.1339999675750727,-0.3320000362396245,normal,normal,bull_steep,173
2016-01-21,2.0190000534057617,0.84,1.1790000534057619,-0.3380000495910642,normal,normal,bull_steep,174
2016-01-22,2.0480000972747803,0.88,1.1680000972747804,-0.36699989318847637,normal,normal,bull_steep,175
2016-01-25,2.0220000743865967,0.88,1.1420000743865968,-0.41400004386901834,bull_steep,normal,bull_steep,176
2016-01-26,1.99399995803833,0.85,1.14399995803833,-0.44600005149841326,bull_steep,normal,bull_steep,177
2016-01-27,2.000999927520752,0.84,1.160999927520752,-0.3930000877380371,normal,normal,bull_steep,178
2016-01-28,1.9850000143051147,0.83,1.1550000143051147,-0.40500008106231755,bull_steep,normal,bull_steep,179
2016-01-29,1.930999994277954,0.76,1.170999994277954,-0.4829999351501464,bull_steep,normal,bull_steep,180
2016-02-01,1.965999960899353,0.81,1.155999960899353,-0.494000029563904,bull_steep,normal,bull_steep,181
2016-02-02,1.8639999628067017,0.75,1.1139999628067017,-0.5780001020431516,bull_steep,normal,bull_steep,182
2016-02-03,1.88100004196167,0.72,1.16100004196167,-0.5180000400543212,bull_steep,bull_steep,normal,1
2016-02-04,1.8639999628067017,0.7,1.1639999628067017,-0.427000069618225,bull_steep,bull_steep,normal,2
2016-02-05,1.8480000495910645,0.74,1.1080000495910645,-0.5399998760223392,bull_steep,bull_steep,normal,3
2016-02-08,1.7350000143051147,0.66,1.0750000143051146,-0.5570000696182253,bull_steep,bull_steep,normal,4
2016-02-09,1.7289999723434448,0.69,1.0389999723434449,-0.611999955177307,bull_steep,bull_steep,normal,5
2016-02-10,1.7050000429153442,0.71,0.9950000429153443,-0.5899998998641967,bull_steep,bull_steep,normal,6
2016-02-11,1.6440000534057615,0.64,1.0040000534057616,-0.5709998607635498,bull_steep,bull_steep,normal,7
2016-02-12,1.7480000257492063,0.71,1.0380000257492064,-0.45900005817413336,bull_steep,bull_steep,normal,8
2016-02-16,1.777999997138977,0.74,1.037999997138977,-0.45699999332427965,bull_steep,bull_steep,normal,9
2016-02-17,1.819000005722046,0.74,1.079000005722046,-0.43100010871887195,bull_steep,bull_steep,normal,10
2016-02-18,1.758999943733215,0.71,1.0489999437332151,-0.436000084877014,bull_steep,bull_steep,normal,11
2016-02-19,1.7480000257492063,0.76,0.9880000257492063,-0.5639998865127565,bull_steep,bull_steep,normal,12
2016-02-22,1.7660000324249268,0.78,0.9860000324249267,-0.6399999999999999,bull_steep,bull_steep,normal,13
2016-02-23,1.7450000047683716,0.76,0.9850000047683716,-0.6909999322891236,bull_steep,bull_steep,normal,14
2016-02-24,1.7419999837875366,0.75,0.9919999837875366,-0.6549999380111693,bull_steep,bull_steep,normal,15
2016-02-25,1.6970000267028809,0.72,0.9770000267028809,-0.6949999237060547,bull_steep,bull_steep,normal,16
2016-02-26,1.7619999647140503,0.8,0.9619999647140502,-0.7190000772476197,bull_steep,bull_steep,normal,17
2016-02-29,1.7400000095367432,0.78,0.9600000095367431,-0.7370000457763672,bull_steep,bull_steep,normal,18
2016-03-01,1.8339999914169312,0.85,0.9839999914169312,-0.7439999341964726,bull_steep,bull_steep,normal,19
2016-03-02,1.8480000495910645,0.85,0.9980000495910645,-0.6549998474121094,bull_steep,bull_steep,normal,20
2016-03-03,1.830000042915344,0.85,0.980000042915344,-0.6649999475479128,bull_steep,bull_steep,normal,21
2016-03-04,1.8830000162124636,0.88,1.0030000162124635,-0.6350000238418578,bull_steep,bull_steep,normal,22
2016-03-07,1.9019999504089355,0.91,0.9919999504089355,-0.6160001277923585,bull_steep,bull_steep,normal,23
2016-03-08,1.8320000171661377,0.88,0.9520000171661377,-0.6839999771118165,bull_steep,bull_steep,normal,24
2016-03-09,1.8919999599456787,0.9,0.9919999599456787,-0.6990001106262206,bull_steep,bull_steep,normal,25
2016-03-10,1.9290000200271609,0.93,0.9990000200271608,-0.617999939918518,bull_steep,bull_steep,normal,26
2016-03-11,1.9769999980926516,0.97,1.0069999980926516,-0.6729998970031734,bull_steep,bull_steep,normal,27
2016-03-14,1.963000059127808,0.97,0.9930000591278081,-0.7159998607635494,bull_steep,bull_steep,normal,28
2016-03-15,1.9589999914169312,0.98,0.9789999914169312,-0.7120000600814818,bull_steep,bull_steep,normal,29
2016-03-16,1.937999963760376,0.87,1.0679999637603759,-0.6449999237060546,bull_steep,bull_steep,normal,30
2016-03-17,1.902999997138977,0.87,1.032999997138977,-0.7230000734329225,bull_steep,bull_steep,normal,31
2016-03-18,1.871000051498413,0.84,1.0310000514984132,-0.6600000381469724,bull_steep,bull_steep,normal,32
2016-03-21,1.9229999780654907,0.87,1.0529999780654906,-0.6420000600814819,bull_steep,bull_steep,normal,33
2016-03-22,1.934999942779541,0.91,1.0249999427795409,-0.7030000400543215,bull_steep,bull_steep,normal,34
2016-03-23,1.875,0.87,1.005,-0.7479998874664306,bull_steep,bull_steep,normal,35
2016-03-24,1.899999976158142,0.89,1.009999976158142,-0.6680001401901245,bull_steep,bull_steep,normal,36
2016-03-28,1.870000004768372,0.89,0.980000004768372,-0.6709999418258662,bull_steep,bull_steep,normal,37
2016-03-29,1.8140000104904173,0.78,1.0340000104904172,-0.6220000791549685,bull_steep,bull_steep,normal,38
2016-03-30,1.830000042915344,0.76,1.070000042915344,-0.6310000753402711,bull_steep,bull_steep,normal,39
2016-03-31,1.7860000133514404,0.73,1.0560000133514404,-0.71100004196167,bull_steep,bull_steep,normal,40
2016-04-01,1.7920000553131104,0.76,1.0320000553131103,-0.7080000114440919,bull_steep,bull_steep,normal,41
2016-04-04,1.7790000438690186,0.75,1.0290000438690186,-0.7099998855590819,bull_steep,bull_steep,normal,42
2016-04-05,1.7269999980926514,0.72,1.0069999980926514,-0.7029999065399168,bull_steep,bull_steep,normal,43
2016-04-06,1.7549999952316284,0.73,1.0249999952316284,-0.6570000028610234,bull_steep,bull_steep,normal,44
2016-04-07,1.690999984741211,0.7,0.990999984741211,-0.6779999923706053,bull_steep,bull_steep,normal,45
2016-04-08,1.7200000286102295,0.7,1.0200000286102295,-0.6419999504089355,bull_steep,bull_steep,normal,46
2016-04-11,1.7239999771118164,0.7,1.0239999771118165,-0.6059999370574951,bull_steep,bull_steep,normal,47
2016-04-12,1.781000018119812,0.74,1.041000018119812,-0.5310000085830688,bull_steep,bull_steep,normal,48
2016-04-13,1.7619999647140503,0.75,1.0119999647140503,-0.5549999856948853,bull_steep,bull_steep,normal,49
2016-04-14,1.781000018119812,0.77,1.011000018119812,-0.5599998903274537,bull_steep,bull_steep,normal,50
2016-04-15,1.7519999742507937,0.74,1.0119999742507937,-0.5359999513626099,bull_steep,bull_steep,normal,51
2016-04-18,1.7730000019073486,0.75,1.0230000019073486,-0.5369999980926514,bull_steep,bull_steep,normal,52
2016-04-19,1.7829999923706057,0.77,1.0129999923706057,-0.5660000514984129,bull_steep,bull_steep,normal,53
2016-04-20,1.8539999723434448,0.8,1.0539999723434448,-0.4939999151229859,bull_steep,bull_steep,normal,54
2016-04-21,1.870000004768372,0.82,1.0500000047683722,-0.4849999189376826,bull_steep,bull_steep,normal,55
2016-04-22,1.888000011444092,0.84,1.048000011444092,-0.42200008392334,bull_steep,bull_steep,normal,56
2016-04-25,1.9019999504089355,0.85,1.0519999504089355,-0.41900001525878916,bull_steep,bull_steep,normal,57
2016-04-26,1.930999994277954,0.86,1.0709999942779542,-0.46699989318847646,bull_steep,bull_steep,normal,58
2016-04-27,1.8600000143051147,0.83,1.0300000143051147,-0.49399995326995816,bull_steep,bull_steep,normal,59
2016-04-28,1.838000059127808,0.78,1.058000059127808,-0.38699989318847616,normal,bull_steep,normal,60
2016-04-29,1.819000005722046,0.77,1.0490000057220459,-0.4589999103546143,bull_steep,bull_steep,normal,61
2016-05-02,1.8650000095367432,0.8,1.0650000095367431,-0.39200007438659656,normal,bull_steep,normal,62
2016-05-03,1.7999999523162842,0.75,1.0499999523162842,-0.41000016212463386,bull_steep,bull_steep,normal,63
2016-05-04,1.784000039100647,0.75,1.034000039100647,-0.434999852180481,bull_steep,bull_steep,normal,64
2016-05-05,1.746999979019165,0.72,1.026999979019165,-0.43900012016296386,bull_steep,bull_steep,normal,65
2016-05-06,1.7790000438690186,0.74,1.0390000438690186,-0.39100005149841355,normal,bull_steep,normal,66
2016-05-09,1.7599999904632568,0.72,1.0399999904632569,-0.41600010871887205,bull_steep,bull_steep,normal,67
2016-05-10,1.7599999904632568,0.72,1.0399999904632569,-0.4189999580383301,bull_steep,bull_steep,normal,68
2016-05-11,1.7369999885559082,0.74,0.9969999885559082,-0.39700012207031254,normal,bull_steep,normal,69
2016-05-12,1.756999969482422,0.76,0.9969999694824221,-0.4169999313354489,bull_steep,bull_steep,normal,70
2016-05-13,1.7050000429153442,0.76,0.9450000429153442,-0.46199993610382095,bull_steep,bull_steep,normal,71
2016-05-16,1.753000020980835,0.79,0.9630000209808349,-0.499999876022339,bull_steep,bull_steep,normal,72
2016-05-17,1.758999943733215,0.82,0.9389999437332152,-0.5629999876022341,bull_steep,bull_steep,normal,73
2016-05-18,1.8799999952316284,0.9,0.9799999952316284,-0.5079999876022337,bull_steep,bull_steep,normal,74
2016-05-19,1.8450000286102293,0.89,0.9550000286102293,-0.5110000801086428,bull_steep,bull_steep,normal,75
2016-05-20,1.8489999771118164,0.89,0.9589999771118164,-0.5010000705718994,bull_steep,bull_steep,normal,76
2016-05-23,1.838000059127808,0.91,0.928000059127808,-0.5439998722076412,bull_steep,bull_steep,normal,77
2016-05-24,1.8589999675750728,0.92,0.9389999675750728,-0.5340001106262212,bull_steep,bull_steep,normal,78
2016-05-25,1.870000004768372,0.92,0.950000004768372,-0.5079999780654904,bull_steep,bull_steep,normal,79
2016-05-26,1.8229999542236328,0.87,0.9529999542236328,-0.4650000667572022,bull_steep,bull_steep,normal,80
2016-05-27,1.8509999513626096,0.9,0.9509999513626096,-0.5030000543594363,bull_steep,bull_steep,normal,81
2016-05-31,1.8339999914169312,0.87,0.9639999914169312,-0.46700000286102294,bull_steep,bull_steep,normal,82
2016-06-01,1.8459999561309812,0.91,0.9359999561309812,-0.5359999275207522,bull_steep,bull_steep,normal,83
2016-06-02,1.8109999895095823,0.89,0.9209999895095823,-0.5520000982284549,bull_steep,bull_steep,normal,84
2016-06-03,1.7039999961853027,0.78,0.9239999961853027,-0.5260000705718995,bull_steep,bull_steep,normal,85
2016-06-06,1.7230000495910645,0.8,0.9230000495910644,-0.5379998493194582,bull_steep,bull_steep,normal,86
2016-06-07,1.7130000591278076,0.78,0.9330000591278076,-0.5499999141693117,bull_steep,bull_steep,normal,87
2016-06-08,1.7059999704360962,0.78,0.9259999704360962,-0.5910000371932984,bull_steep,bull_steep,normal,88
2016-06-09,1.6799999475479126,0.77,0.9099999475479126,-0.5300001668930054,bull_steep,bull_steep,normal,89
2016-06-10,1.6390000581741333,0.73,0.9090000581741333,-0.5849999284744267,bull_steep,bull_steep,normal,90
2016-06-13,1.616000056266785,0.73,0.8860000562667849,-0.5489999437332151,bull_steep,bull_steep,normal,91
2016-06-14,1.6109999418258667,0.74,0.8709999418258667,-0.573000111579895,bull_steep,bull_steep,normal,92
2016-06-15,1.5959999561309814,0.69,0.9059999561309815,-0.5439999294281006,bull_steep,bull_steep,normal,93
2016-06-16,1.5640000104904177,0.7,0.8640000104904177,-0.6039999723434446,bull_steep,bull_steep,normal,94
2016-06-17,1.618000030517578,0.7,0.918000030517578,-0.5069999980926512,bull_steep,bull_steep,normal,95
2016-06-20,1.6699999570846558,0.74,0.9299999570846558,-0.4839999437332152,bull_steep,bull_steep,normal,96
2016-06-21,1.6970000267028809,0.76,0.9370000267028809,-0.48299991607666004,bull_steep,bull_steep,normal,97
2016-06-22,1.684999942779541,0.75,0.934999942779541,-0.4670001125335692,bull_steep,bull_steep,normal,98
2016-06-23,1.7389999628067017,0.78,0.9589999628067016,-0.44999999999999996,bull_steep,bull_steep,normal,99
2016-06-24,1.5789999961853027,0.64,0.9389999961853027,-0.5069999980926515,bull_steep,bull_steep,normal,100
2016-06-27,1.4600000381469729,0.61,0.8500000381469729,-0.5750000476837157,bull_steep,bull_steep,normal,101
2016-06-28,1.4609999656677246,0.61,0.8509999656677246,-0.5610000705718995,bull_steep,bull_steep,normal,102
2016-06-29,1.4769999980926514,0.62,0.8569999980926514,-0.60100004196167,bull_steep,bull_steep,normal,103
2016-06-30,1.4880000352859497,0.58,0.9080000352859497,-0.5409999418258667,bull_steep,bull_steep,normal,104
2016-07-01,1.4559999704360962,0.59,0.8659999704360962,-0.5490000963211058,bull_steep,bull_steep,normal,105
2016-07-05,1.3669999837875366,0.56,0.8069999837875366,-0.6039999628067019,bull_steep,bull_steep,normal,106
2016-07-06,1.3849999904632568,0.58,0.8049999904632569,-0.6080000114440919,bull_steep,bull_steep,normal,107
2016-07-07,1.3869999647140503,0.58,0.8069999647140503,-0.6060000371932984,bull_steep,bull_steep,normal,108
2016-07-08,1.366000056266785,0.61,0.7560000562667849,-0.6620000600814818,bull_steep,bull_steep,normal,109
2016-07-11,1.434000015258789,0.66,0.774000015258789,-0.6370000839233397,bull_steep,bull_steep,normal,110
2016-07-12,1.5130000114440918,0.69,0.8230000114440919,-0.5669999599456785,bull_steep,bull_steep,normal,111
2016-07-13,1.468000054359436,0.68,0.788000054359436,-0.6270000410079962,bull_steep,bull_steep,normal,112
2016-07-14,1.531000018119812,0.68,0.851000018119812,-0.5719999265670775,bull_steep,bull_steep,normal,113
2016-07-15,1.593999981880188,0.71,0.883999981880188,-0.5140001058578489,bull_steep,bull_steep,normal,114
2016-07-18,1.587000012397766,0.68,0.9070000123977658,-0.47100010395050085,bull_steep,bull_steep,normal,115
2016-07-19,1.5579999685287476,0.7,0.8579999685287476,-0.504000039100647,bull_steep,bull_steep,normal,116
2016-07-20,1.5800000429153442,0.73,0.8500000429153443,-0.573000054359436,bull_steep,bull_steep,normal,117
2016-07-21,1.565000057220459,0.7,0.865000057220459,-0.535999965667725,bull_steep,bull_steep,normal,118
2016-07-22,1.5700000524520874,0.71,0.8600000524520874,-0.5569999837875366,bull_steep,bull_steep,normal,119
2016-07-25,1.5709999799728394,0.72,0.8509999799728394,-0.5690000486373896,bull_steep,bull_steep,normal,120
2016-07-26,1.562999963760376,0.75,0.812999963760376,-0.5770000553131105,bull_steep,bull_steep,normal,121
2016-07-27,1.5149999856948853,0.73,0.7849999856948853,-0.6099998998641967,bull_steep,bull_steep,normal,122
2016-07-28,1.5110000371932983,0.72,0.7910000371932984,-0.6419999074935914,bull_steep,bull_steep,normal,123
2016-07-29,1.4579999446868896,0.67,0.7879999446868896,-0.6640000629425048,bull_steep,bull_steep,normal,124
2016-08-01,1.496000051498413,0.67,0.826000051498413,-0.6259999752044677,bull_steep,bull_steep,normal,125
2016-08-02,1.5369999408721924,0.67,0.8669999408721923,-0.5620000648498534,bull_steep,bull_steep,normal,126
2016-08-03,1.5420000553131104,0.67,0.8720000553131103,-0.5479999160766603,bull_steep,bull_steep,normal,127
2016-08-04,1.503000020980835,0.64,0.863000020980835,-0.5299999809265138,bull_steep,bull_steep,normal,128
2016-08-05,1.5820000171661377,0.72,0.8620000171661377,-0.5389999008178712,bull_steep,bull_steep,normal,129
2016-08-08,1.5829999446868896,0.74,0.8429999446868897,-0.5260001087188722,bull_steep,bull_steep,normal,130
2016-08-09,1.5449999570846558,0.71,0.8349999570846558,-0.502999949455261,bull_steep,bull_steep,normal,131
2016-08-10,1.508999943733215,0.69,0.8189999437332152,-0.5130001401901245,bull_steep,bull_steep,normal,132
2016-08-11,1.5729999542236328,0.76,0.8129999542236328,-0.49700004577636725,bull_steep,bull_steep,normal,133
2016-08-12,1.5149999856948853,0.71,0.8049999856948853,-0.5080000448226927,bull_steep,bull_steep,normal,134
2016-08-15,1.5529999732971191,0.72,0.8329999732971192,-0.46900013923645,bull_steep,bull_steep,normal,135
2016-08-16,1.5759999752044678,0.76,0.8159999752044678,-0.48899992942810067,bull_steep,bull_steep,normal,136
2016-08-17,1.5609999895095823,0.74,0.8209999895095823,-0.45699994564056423,bull_steep,bull_steep,normal,137
2016-08-18,1.5360000133514404,0.71,0.8260000133514405,-0.4189999580383299,bull_steep,bull_steep,normal,138
2016-08-19,1.5779999494552612,0.76,0.8179999494552612,-0.420000023841858,bull_steep,bull_steep,normal,139
2016-08-22,1.5390000343322754,0.76,0.7790000343322754,-0.5909998893737793,bull_steep,bull_steep,normal,140
2016-08-23,1.5529999732971191,0.74,0.8129999732971191,-0.502000122070313,bull_steep,bull_steep,normal,141
2016-08-24,1.559000015258789,0.76,0.799000015258789,-0.48599988937377936,bull_steep,bull_steep,normal,142
2016-08-25,1.5770000219345093,0.78,0.7970000219345093,-0.500999894142151,bull_steep,bull_steep,normal,143
2016-08-26,1.6349999904632568,0.84,0.7949999904632569,-0.4829999542236326,bull_steep,bull_steep,normal,144
2016-08-29,1.565999984741211,0.81,0.7559999847412109,-0.5330000972747804,bull_steep,bull_steep,normal,145
2016-08-30,1.5700000524520874,0.8,0.7700000524520874,-0.48899988651275694,bull_steep,bull_steep,normal,146
2016-08-31,1.5679999589920044,0.8,0.7679999589920044,-0.48699994564056404,bull_steep,bull_steep,normal,147
2016-09-01,1.5700000524520874,0.78,0.7900000524520874,-0.4979998350143433,bull_steep,bull_steep,normal,148
2016-09-02,1.5959999561309814,0.8,0.7959999561309814,-0.47099998474121096,bull_steep,bull_steep,normal,149
2016-09-06,1.5429999828338623,0.74,0.8029999828338623,-0.43499993324279784,bull_steep,bull_steep,normal,150
2016-09-07,1.5410000085830688,0.74,0.8010000085830689,-0.42799987316131594,bull_steep,bull_steep,normal,151
2016-09-08,1.616000056266785,0.78,0.8360000562667849,-0.40099997043609603,bull_steep,bull_steep,normal,152
2016-09-09,1.6720000505447388,0.79,0.8820000505447387,-0.3670000314712525,normal,bull_steep,normal,153
2016-09-12,1.6720000505447388,0.79,0.8820000505447387,-0.37199988842010545,normal,bull_steep,normal,154
2016-09-13,1.7339999675750732,0.8,0.9339999675750732,-0.2790000629425049,normal,bull_steep,normal,155
2016-09-14,1.6890000104904177,0.77,0.9190000104904177,-0.25599989414215063,normal,bull_steep,normal,156
2016-09-15,1.7029999494552612,0.74,0.9629999494552612,-0.25399997234344474,normal,normal,bull_steep,1
2016-09-16,1.7009999752044678,0.77,0.9309999752044678,-0.2919999980926513,normal,normal,bull_steep,2
2016-09-19,1.6959999799728394,0.79,0.9059999799728393,-0.30300007343292235,normal,normal,bull_steep,3
2016-09-20,1.687999963760376,0.79,0.8979999637603759,-0.3269999217987061,normal,normal,bull_steep,4
2016-09-21,1.6679999828338623,0.79,0.8779999828338623,-0.3299999237060547,normal,normal,bull_steep,5
2016-09-22,1.631999969482422,0.79,0.8419999694824221,-0.34500007629394513,normal,normal,bull_steep,6
2016-09-23,1.6150000095367432,0.77,0.8450000095367431,-0.3480001068115235,normal,normal,bull_steep,7
2016-09-26,1.5889999866485596,0.76,0.8289999866485596,-0.36100012779235846,normal,normal,bull_steep,8
2016-09-27,1.555999994277954,0.75,0.8059999942779541,-0.411999998092651,bull_steep,normal,bull_steep,9
2016-09-28,1.5670000314712524,0.75,0.8170000314712524,-0.3549999666213992,normal,normal,bull_steep,10
2016-09-29,1.5570000410079956,0.73,0.8270000410079956,-0.32899994373321517,normal,normal,bull_steep,11
2016-09-30,1.6080000400543213,0.77,0.8380000400543213,-0.36000000953674327,normal,normal,bull_steep,12
2016-10-03,1.621999979019165,0.8,0.821999979019165,-0.36100001335143994,normal,normal,bull_steep,13
2016-10-04,1.6829999685287476,0.82,0.8629999685287476,-0.292000117301941,normal,normal,bull_steep,14
2016-10-05,1.715999960899353,0.85,0.865999960899353,-0.26800000667571966,normal,normal,bull_steep,15
2016-10-06,1.7419999837875366,0.86,0.8819999837875366,-0.2970000696182252,normal,normal,bull_steep,16
2016-10-07,1.7359999418258667,0.83,0.9059999418258667,-0.26200015544891364,normal,normal,bull_steep,17
2016-10-11,1.758999943733215,0.87,0.8889999437332151,-0.25300013065338167,normal,normal,bull_steep,18
2016-10-12,1.777999997138977,0.87,0.907999997138977,-0.23599996089935293,normal,normal,bull_steep,19
2016-10-13,1.7380000352859497,0.85,0.8880000352859497,-0.27299989223480237,normal,normal,bull_steep,20
2016-10-14,1.7940000295639038,0.84,0.9540000295639038,-0.20099998474121084,normal,normal,bull_steep,21
2016-10-17,1.7660000324249268,0.81,0.9560000324249267,-0.2149999618530274,normal,normal,bull_steep,22
2016-10-18,1.7489999532699585,0.82,0.9289999532699585,-0.22700000762939443,normal,normal,bull_steep,23
2016-10-19,1.7519999742507937,0.81,0.9419999742507936,-0.17199998855590803,normal,normal,bull_steep,24
2016-10-20,1.746999979019165,0.84,0.9069999790191651,-0.2540000629425049,normal,normal,bull_steep,25
2016-10-21,1.7400000095367432,0.84,0.9000000095367432,-0.2639999532699585,normal,normal,bull_steep,26
2016-10-24,1.7630000114440918,0.84,0.9230000114440918,-0.18500003814697263,normal,normal,bull_steep,27
2016-10-25,1.7580000162124634,0.86,0.8980000162124634,-0.1769999980926512,normal,normal,bull_steep,28
2016-10-26,1.7899999618530271,0.86,0.9299999618530271,-0.10900001049041774,normal,normal,bull_steep,29
2016-10-27,1.843000054359436,0.87,0.973000054359436,-0.021999988555908234,normal,normal,bull_steep,30
2016-10-28,1.8450000286102293,0.86,0.9850000286102293,-0.01900002479553231,normal,normal,bull_steep,31
2016-10-31,1.8339999914169312,0.86,0.9739999914169312,-0.06400003433227519,normal,normal,bull_steep,32
2016-11-01,1.8200000524520876,0.83,0.9900000524520877,-0.047999944686889395,normal,normal,bull_steep,33
2016-11-02,1.7990000247955322,0.81,0.9890000247955322,-0.08999998092651373,normal,normal,bull_steep,34
2016-11-03,1.812000036239624,0.81,1.002000036239624,-0.046999907493591175,normal,normal,bull_steep,35
2016-11-04,1.7829999923706057,0.8,0.9829999923706056,-0.005000033378600666,normal,normal,bull_steep,36
2016-11-07,1.8279999494552608,0.82,1.007999949455261,0.021999917030334215,normal,normal,bull_steep,37
2016-11-08,1.861999988555908,0.87,0.991999988555908,0.006999983787536412,normal,normal,bull_steep,38
2016-11-09,2.072000026702881,0.9,1.172000026702881,0.18000004291534433,normal,normal,bull_steep,39
2016-11-10,2.117000102996826,0.92,1.1970001029968262,0.22000007629394536,normal,normal,bull_steep,40
2016-11-14,2.2219998836517334,1.0,1.2219998836517334,0.25999991893768315,normal,normal,bull_steep,41
2016-11-15,2.23799991607666,1.02,1.2179999160766601,0.257999906539917,normal,normal,bull_steep,42
2016-11-16,2.2230000495910645,1.0,1.2230000495910645,0.23900005817413328,normal,normal,bull_steep,43
2016-11-17,2.276000022888184,1.04,1.236000022888184,0.23799997329711953,normal,normal,bull_steep,44
2016-11-18,2.3350000381469727,1.07,1.2650000381469726,0.28499999523162856,normal,normal,bull_steep,45
2016-11-21,2.33899998664856,1.08,1.25899998664856,0.25599997043609646,normal,normal,bull_steep,46
2016-11-22,2.321000099182129,1.07,1.2510000991821288,0.25900014877319333,normal,normal,bull_steep,47
2016-11-23,2.3570001125335693,1.12,1.2370001125335692,0.28500009536743154,normal,normal,bull_steep,48
2016-11-25,2.371999979019165,1.12,1.251999979019165,0.26000001907348624,normal,normal,bull_steep,49
2016-11-28,2.319999933242798,1.11,1.2099999332427978,0.21099991321563694,normal,normal,bull_steep,50
2016-11-29,2.302000045776367,1.09,1.212000045776367,0.2050000476837155,normal,normal,bull_steep,51
2016-11-30,2.368000030517578,1.11,1.258000030517578,0.26499997138976994,normal,normal,bull_steep,52
2016-12-01,2.440999984741211,1.14,1.300999984741211,0.32199999332427987,normal,normal,bull_steep,53
2016-12-02,2.390000104904175,1.11,1.2800001049041747,0.21200014114379884,normal,normal,bull_steep,54
2016-12-05,2.38700008392334,1.13,1.25700008392334,0.224000086784363,normal,normal,bull_steep,55
2016-12-06,2.3959999084472656,1.12,1.2759999084472655,0.2449998569488523,normal,normal,bull_steep,56
2016-12-07,2.3469998836517334,1.1,1.2469998836517333,0.1939999055862427,normal,normal,bull_steep,57
2016-12-08,2.38700008392334,1.12,1.2670000839233397,0.24200014114379886,normal,normal,bull_steep,58
2016-12-09,2.46399998664856,1.15,1.31399998664856,0.3089999866485602,normal,normal,bull_steep,59
2016-12-12,2.4790000915527344,1.15,1.3290000915527345,0.3190001153945925,normal,normal,bull_steep,60
2016-12-13,2.4809999465942383,1.17,1.3109999465942384,0.33099994182586634,normal,normal,bull_steep,61
2016-12-14,2.525000095367432,1.27,1.255000095367432,0.22100008487701484,normal,normal,bull_steep,62
2016-12-15,2.5799999237060547,1.29,1.2899999237060547,0.21999988079071064,normal,normal,bull_steep,63
2016-12-16,2.5969998836517334,1.28,1.3169998836517334,0.2609998703002929,normal,normal,bull_steep,64
2016-12-19,2.5420000553131104,1.24,1.3020000553131104,0.27,normal,normal,bull_steep,65
2016-12-20,2.568000078201294,1.25,1.318000078201294,0.2890000343322754,normal,normal,bull_steep,66
2016-12-21,2.5460000038146973,1.21,1.3360000038146973,0.3290000057220459,normal,normal,bull_steep,67
2016-12-22,2.552999973297119,1.22,1.3329999732971192,0.30799997806549073,normal,normal,bull_steep,68
2016-12-23,2.5429999828338623,1.22,1.3229999828338623,0.33199999809265135,normal,normal,bull_steep,69
2016-12-27,2.562999963760376,1.28,1.282999963760376,0.2629999351501464,normal,normal,bull_steep,70
2016-12-28,2.50600004196167,1.26,1.24600004196167,0.22200006484985346,normal,normal,bull_steep,71
2016-12-29,2.476999998092652,1.22,1.2569999980926518,0.21599997997283982,normal,normal,bull_steep,72
2016-12-30,2.446000099182129,1.2,1.246000099182129,0.23400013446807866,normal,normal,bull_steep,73
2017-01-03,2.450000047683716,1.22,1.2300000476837158,0.21900002956390385,normal,normal,bull_steep,74
2017-01-04,2.45199990272522,1.24,1.2119999027252202,0.1999999284744265,normal,normal,bull_steep,75
2017-01-05,2.368000030517578,1.17,1.1980000305175782,0.17500002861022956,normal,normal,bull_steep,76
2017-01-06,2.4179999828338623,1.22,1.1979999828338623,0.18499999046325666,normal,normal,bull_steep,77
2017-01-09,2.375999927520752,1.21,1.165999927520752,0.11199995517730721,normal,normal,bull_steep,78
2017-01-10,2.378999948501587,1.19,1.188999948501587,0.13899994373321478,normal,normal,bull_steep,79
2017-01-11,2.369999885559082,1.2,1.169999885559082,0.12199987411499014,normal,normal,bull_steep,80
2017-01-12,2.361000061035156,1.18,1.1810000610351559,0.1290001106262204,normal,normal,bull_steep,81
2017-01-13,2.380000114440918,1.21,1.170000114440918,0.09900012016296378,normal,normal,bull_steep,82
2017-01-17,2.32699990272522,1.17,1.1569999027252202,0.12699988842010557,normal,normal,bull_steep,83
2017-01-18,2.388999938964844,1.23,1.1589999389648442,0.10099987983703618,normal,normal,bull_steep,84
2017-01-19,2.4590001106262207,1.25,1.2090001106262207,0.16000010490417482,normal,normal,bull_steep,85
2017-01-20,2.4670000076293945,1.2,1.2670000076293946,0.20199999809265146,normal,normal,bull_steep,86
2017-01-23,2.4030001163482666,1.16,1.2430001163482667,0.1930001640319825,normal,normal,bull_steep,87
2017-01-24,2.470999956130981,1.21,1.260999956130981,0.22699991703033406,normal,normal,bull_steep,88
2017-01-25,2.5230000019073486,1.23,1.2930000019073487,0.2660000228881836,normal,normal,bull_steep,89
2017-01-26,2.507999897003174,1.21,1.2979998970031739,0.2589998531341553,normal,normal,bull_steep,90
2017-01-27,2.4809999465942383,1.22,1.2609999465942383,0.22099995613098145,normal,normal,bull_steep,91
2017-01-30,2.4830000400543213,1.22,1.2630000400543213,0.22300004959106445,normal,normal,bull_steep,92
2017-01-31,2.450999975204468,1.19,1.2609999752044683,0.26399998664856006,normal,normal,bull_steep,93
2017-02-01,2.4739999771118164,1.22,1.2539999771118164,0.25700000762939434,normal,normal,bull_steep,94
2017-02-02,2.470000028610229,1.21,1.260000028610229,0.31499998569488485,normal,normal,bull_steep,95
2017-02-03,2.490999937057495,1.21,1.2809999370574952,0.3179999160766602,normal,normal,bull_steep,96
2017-02-06,2.4130001068115234,1.16,1.2530001068115235,0.31400016307830836,normal,normal,bull_steep,97
2017-02-07,2.388999938964844,1.16,1.2289999389648443,0.24899994373321588,normal,normal,bull_steep,98
2017-02-08,2.3510000705718994,1.15,1.2010000705718995,0.24600004196167025,normal,normal,bull_steep,99
2017-02-09,2.3949999809265137,1.2,1.1949999809265137,0.23600000381469732,normal,normal,bull_steep,100
2017-02-10,2.4089999198913574,1.2,1.2089999198913575,0.28099986076354944,normal,normal,bull_steep,101
2017-02-13,2.434000015258789,1.2,1.234000015258789,0.29500004768371635,normal,normal,bull_steep,102
2017-02-14,2.470000028610229,1.25,1.220000028610229,0.27000002384185706,normal,normal,bull_steep,103
2017-02-15,2.502000093460083,1.27,1.232000093460083,0.2790001392364502,normal,normal,bull_steep,104
2017-02-16,2.450000047683716,1.22,1.2300000476837158,0.27900009632110623,normal,normal,bull_steep,105
2017-02-17,2.424999952316284,1.21,1.2149999523162842,0.25099996089935306,normal,normal,bull_steep,106
2017-02-21,2.427000045776367,1.22,1.2070000457763672,0.271000089645386,normal,normal,bull_steep,107
2017-02-22,2.4179999828338623,1.22,1.1979999828338623,0.27699999332428005,normal,normal,bull_steep,108
2017-02-23,2.388000011444092,1.18,1.2080000114440919,0.28400001525878915,normal,normal,bull_steep,109
2017-02-24,2.316999912261963,1.12,1.1969999122619628,0.2739998626708984,normal,normal,bull_steep,110
2017-02-27,2.36899995803833,1.2,1.1689999580383301,0.23599989891052253,normal,normal,bull_steep,111
2017-02-28,2.3580000400543213,1.22,1.1380000400543213,0.21200006961822515,normal,normal,bull_steep,112
2017-03-01,2.463000059127808,1.29,1.173000059127808,0.26300011157989545,normal,normal,bull_steep,113
2017-03-02,2.489000082015991,1.32,1.1690000820159911,0.26000002384185783,normal,normal,bull_steep,114
2017-03-03,2.492000102996826,1.32,1.172000102996826,0.2860000467300412,normal,normal,bull_steep,115
2017-03-06,2.49399995803833,1.31,1.18399995803833,0.3130000162124633,normal,normal,bull_steep,116
2017-03-07,2.510999917984009,1.32,1.1909999179840087,0.28499996185302723,normal,normal,bull_steep,117
2017-03-08,2.552000045776367,1.36,1.192000045776367,0.32800003528594934,normal,normal,bull_steep,118
2017-03-09,2.5980000495910645,1.37,1.2280000495910643,0.3100000190734864,normal,normal,bull_steep,119
2017-03-10,2.5820000171661377,1.36,1.2220000171661376,0.2920000600814818,normal,normal,bull_steep,120
2017-03-13,2.6080000400543213,1.4,1.2080000400543214,0.2710000133514405,normal,normal,bull_steep,121
2017-03-14,2.595000028610229,1.4,1.1950000286102291,0.2600000858306881,normal,normal,bull_steep,122
2017-03-15,2.507999897003174,1.33,1.1779998970031738,0.21899993419647212,normal,normal,bull_steep,123
2017-03-16,2.5220000743865967,1.35,1.1720000743865966,0.23300007820129387,normal,normal,bull_steep,124
2017-03-17,2.500999927520752,1.33,1.1709999275207519,0.320999889373779,normal,normal,bull_steep,125
2017-03-20,2.4730000495910645,1.3,1.1730000495910644,0.3220000839233398,normal,normal,bull_steep,126
2017-03-21,2.436000108718872,1.27,1.166000108718872,0.3090001106262207,normal,normal,bull_steep,127
2017-03-22,2.3959999084472656,1.27,1.1259999084472656,0.21799987316131586,normal,normal,bull_steep,128
2017-03-23,2.4179999828338623,1.26,1.1579999828338623,0.2920000123977661,normal,normal,bull_steep,129
2017-03-24,2.400000095367432,1.26,1.140000095367432,0.3330001115798955,normal,normal,bull_steep,130
2017-03-27,2.372999906539917,1.27,1.102999906539917,0.2979999160766601,normal,normal,bull_steep,131
2017-03-28,2.4089999198913574,1.3,1.1089999198913574,0.30199995517730704,normal,normal,bull_steep,132
2017-03-29,2.385999917984009,1.26,1.1259999179840088,0.3699998617172239,normal,normal,bull_steep,133
2017-03-30,2.4159998893737797,1.28,1.1359998893737797,0.3619998741149907,normal,normal,bull_steep,134
2017-03-31,2.3959999084472656,1.27,1.1259999084472656,0.30299989700317376,normal,normal,bull_steep,135
2017-04-03,2.3499999046325684,1.24,1.1099999046325684,0.3219998502731324,normal,normal,bull_steep,136
2017-04-04,2.3499999046325684,1.25,1.0999999046325684,0.2489998865127564,normal,normal,bull_steep,137
2017-04-05,2.3570001125335693,1.24,1.1170001125335693,0.23300013065338132,normal,normal,bull_steep,138
2017-04-06,2.3429999351501465,1.24,1.1029999351501465,0.19599992275238065,normal,normal,bull_steep,139
2017-04-07,2.372999906539917,1.29,1.082999906539917,0.22499993801116935,normal,normal,bull_steep,140
2017-04-10,2.361000061035156,1.29,1.0710000610351558,0.22100001811981151,normal,normal,bull_steep,141
2017-04-11,2.2980000972747803,1.24,1.0580000972747803,0.19300004005432125,normal,normal,bull_steep,142
2017-04-12,2.2960000038146973,1.24,1.0560000038146973,0.19599995136260984,normal,normal,bull_steep,143
2017-04-13,2.2320001125335693,1.21,1.0220001125335694,0.17100013256073,normal,normal,bull_steep,144
2017-04-17,2.252000093460083,1.21,1.042000093460083,0.22900012969970707,normal,normal,bull_steep,145
2017-04-18,2.178999900817871,1.18,0.9989999008178712,0.21399991512298588,normal,normal,bull_steep,146
2017-04-19,2.20199990272522,1.19,1.0119999027252202,0.22099986553192186,normal,normal,bull_steep,147
2017-04-20,2.240999937057495,1.21,1.0309999370574952,0.24299999237060554,normal,normal,bull_steep,148
2017-04-21,2.236999988555908,1.2,1.0369999885559082,0.2109999370574952,normal,normal,bull_steep,149
2017-04-24,2.2730000019073486,1.25,1.0230000019073486,0.1560000610351563,normal,normal,bull_steep,150
2017-04-25,2.32699990272522,1.29,1.0369999027252201,0.16499984741210982,normal,normal,bull_steep,151
2017-04-26,2.311000108718872,1.28,1.031000108718872,0.1680000877380371,normal,normal,bull_steep,152
2017-04-27,2.2960000038146973,1.25,1.0460000038146973,0.18399998664855954,normal,normal,bull_steep,153
2017-04-28,2.282000064849853,1.28,1.002000064849853,0.1590001201629634,normal,normal,bull_steep,154
2017-05-01,2.325000047683716,1.28,1.0450000476837158,0.21000009059906,normal,normal,bull_steep,155
2017-05-02,2.2960000038146973,1.27,1.0260000038146972,0.20700006008148208,normal,normal,bull_steep,156
2017-05-03,2.309000015258789,1.3,1.009000015258789,0.19600006103515621,normal,normal,bull_steep,157
2017-05-04,2.3559999465942383,1.32,1.0359999465942382,0.23099996089935293,normal,normal,bull_steep,158
2017-05-05,2.351999998092652,1.32,1.0319999980926517,0.19900002479553258,normal,normal,bull_steep,159
2017-05-08,2.375999927520752,1.33,1.0459999275207519,0.22999995231628412,normal,normal,bull_steep,160
2017-05-09,2.407000064849853,1.37,1.037000064849853,0.21600007534027066,normal,normal,bull_steep,161
2017-05-10,2.4140000343322754,1.35,1.0640000343322753,0.23800002098083484,normal,normal,bull_steep,162
2017-05-11,2.400000095367432,1.35,1.050000095367432,0.23200014591217077,normal,normal,bull_steep,163
2017-05-12,2.3350000381469727,1.29,1.0450000381469726,0.26600000381469724,normal,normal,bull_steep,164
2017-05-15,2.338000059127808,1.31,1.028000059127808,0.21500008583068886,normal,normal,bull_steep,165
2017-05-16,2.3289999961853027,1.29,1.0389999961853027,0.23999998092651365,normal,normal,bull_steep,166
2017-05-17,2.2160000801086426,1.26,0.9560000801086426,0.15900005817413332,normal,normal,bull_steep,167
2017-05-18,2.2330000400543213,1.27,0.9630000400543213,0.1680000495910644,normal,normal,bull_steep,168
2017-05-19,2.244999885559082,1.28,0.964999885559082,0.20899990081787112,normal,normal,bull_steep,169
2017-05-22,2.253999948501587,1.29,0.9639999485015869,0.19399989604949952,normal,normal,bull_steep,170
2017-05-23,2.2850000858306885,1.31,0.9750000858306884,0.20700012683868407,normal,normal,bull_steep,171
2017-05-24,2.2660000324249268,1.29,0.9760000324249267,0.18599997997283935,normal,normal,bull_steep,172
2017-05-25,2.255000114440918,1.3,0.9550001144409179,0.15900015830993652,normal,normal,bull_steep,173
2017-05-26,2.25,1.3,0.95,0.14700001716613764,normal,normal,bull_steep,174
2017-05-30,2.2170000076293945,1.28,0.9370000076293945,0.13599999904632565,normal,normal,bull_steep,175
2017-05-31,2.196000099182129,1.28,0.9160000991821289,0.08000004291534402,normal,normal,bull_steep,176
2017-06-01,2.2170000076293945,1.28,0.9370000076293945,0.05499995708465577,normal,normal,bull_steep,177
2017-06-02,2.1589999198913574,1.28,0.8789999198913574,-0.0030001306533813388,normal,normal,bull_steep,178
2017-06-05,2.181999921798706,1.32,0.861999921798706,-0.0720000457763672,normal,normal,bull_steep,179
2017-06-06,2.1470000743865967,1.3,0.8470000743865966,-0.07199993610382105,normal,normal,bull_steep,180
2017-06-07,2.177999973297119,1.32,0.8579999732971191,-0.10499997615814216,normal,normal,bull_steep,181
2017-06-08,2.194000005722046,1.33,0.8640000057220458,-0.06699996948242193,normal,normal,bull_steep,182
2017-06-09,2.1989998817443848,1.35,0.8489998817443847,-0.05700009822845464,normal,normal,bull_steep,183
2017-06-12,2.213000059127808,1.35,0.863000059127808,-0.03499990463256797,normal,normal,bull_steep,184
2017-06-13,2.2070000171661377,1.38,0.8270000171661378,-0.05099996566772447,normal,normal,bull_steep,185
2017-06-14,2.138000011444092,1.35,0.7880000114440917,-0.05399995803833035,normal,normal,bull_steep,186
2017-06-15,2.1619999408721924,1.35,0.8119999408721923,-0.03300006866455085,normal,normal,bull_steep,187
2017-06-16,2.157000064849853,1.32,0.837000064849853,0.008000078201293448,normal,normal,bull_steep,188
2017-06-19,2.190000057220459,1.36,0.8300000572204589,0.024000062942504785,normal,normal,bull_steep,189
2017-06-20,2.1530001163482666,1.36,0.7930001163482665,-0.023999915122985938,normal,normal,bull_steep,190
2017-06-21,2.1549999713897705,1.36,0.7949999713897704,-0.03200006961822521,normal,normal,bull_steep,191
2017-06-22,2.1530001163482666,1.34,0.8130001163482665,-0.02499992370605475,normal,normal,bull_steep,192
2017-06-23,2.1440000534057617,1.34,0.8040000534057616,-0.017999925613403356,normal,normal,bull_steep,193
2017-06-26,2.13700008392334,1.36,0.7770000839233397,-0.08599988460540786,normal,normal,bull_steep,194
2017-06-27,2.197999954223633,1.38,0.8179999542236329,-0.04800000667572013,normal,normal,bull_steep,195
2017-06-28,2.220999956130981,1.34,0.8809999561309809,-0.0010000276565557131,normal,normal,bull_steep,196
2017-06-29,2.2669999599456787,1.38,0.8869999599456788,-0.01899998188018792,normal,normal,bull_steep,197
2017-06-30,2.302000045776367,1.38,0.9220000457763673,0.03300010204315218,normal,normal,bull_steep,198
2017-07-03,2.345999956130981,1.41,0.9359999561309811,0.027999958992004026,normal,normal,bull_steep,199
2017-07-05,2.3340001106262207,1.41,0.9240001106262208,0.036000075340271054,normal,normal,bull_steep,200
2017-07-06,2.369999885559082,1.4,0.9699998855590821,0.01599985599517828,normal,normal,bull_steep,201
2017-07-07,2.3929998874664307,1.4,0.9929998874664308,0.03699985504150405,normal,normal,bull_steep,202
2017-07-10,2.371000051498413,1.4,0.9710000514984132,0.04200009822845463,normal,normal,bull_steep,203
2017-07-11,2.361999988555908,1.37,0.9919999885559081,0.05000001430511447,normal,normal,bull_steep,204
2017-07-12,2.32699990272522,1.35,0.9769999027252201,0.06999992370605501,normal,normal,bull_steep,205
2017-07-13,2.3480000495910645,1.37,0.9780000495910643,0.07800004005432115,normal,normal,bull_steep,206
2017-07-14,2.319000005722046,1.35,0.9690000057220458,0.04599999427795398,normal,normal,bull_steep,207
2017-07-17,2.309000015258789,1.36,0.949000015258789,0.05099999904632557,normal,normal,bull_steep,208
2017-07-18,2.263000011444092,1.36,0.9030000114440917,-0.026999950408935436,normal,normal,bull_steep,209
2017-07-19,2.2679998874664307,1.37,0.8979998874664306,-0.07500016689300548,normal,normal,bull_steep,210
2017-07-20,2.2660000324249268,1.37,0.8960000324249267,-0.08899999618530263,normal,normal,bull_steep,211
2017-07-21,2.2320001125335693,1.36,0.8720001125335692,-0.10199987888336193,normal,normal,bull_steep,212
2017-07-24,2.253999948501587,1.37,0.8839999485015868,-0.10600010395050086,normal,normal,bull_steep,213
2017-07-25,2.325999975204468,1.4,0.9259999752044683,-0.06300004959106387,normal,normal,bull_steep,214
2017-07-26,2.282000064849853,1.36,0.922000064849853,-0.079999971389771,normal,normal,bull_steep,215
2017-07-27,2.309999942779541,1.36,0.9499999427795409,-0.03300004959106473,normal,normal,bull_steep,216
2017-07-28,2.2890000343322754,1.34,0.9490000343322753,-0.058999915122985636,normal,normal,bull_steep,217
2017-07-31,2.2920000553131104,1.34,0.9520000553131103,-0.039999933242797714,normal,normal,bull_steep,218
2017-08-01,2.250999927520752,1.34,0.9109999275207519,-0.2610000991821291,normal,normal,bull_steep,219
2017-08-02,2.26200008392334,1.36,0.9020000839233397,-0.2950000190734865,normal,normal,bull_steep,220
2017-08-03,2.2279999256134038,1.34,0.8879999256134037,-0.3339999580383297,normal,normal,bull_steep,221
2017-08-04,2.2669999599456787,1.36,0.9069999599456786,-0.3109999561309815,normal,normal,bull_steep,222
2017-08-07,2.256999969482422,1.36,0.8969999694824218,-0.3260000801086427,normal,normal,bull_steep,223
2017-08-08,2.282999992370605,1.36,0.9229999923706049,-0.3130000305175791,normal,normal,bull_steep,224
2017-08-09,2.240999937057495,1.33,0.910999937057495,-0.35400010108947755,normal,normal,bull_steep,225
2017-08-10,2.211999893188477,1.33,0.8819998931884769,-0.377000093460083,normal,normal,bull_steep,226
2017-08-11,2.188999891281128,1.3,0.8889998912811279,-0.36200020790100096,normal,normal,bull_steep,227
2017-08-14,2.219000101089477,1.33,0.889000101089477,-0.3480000114440922,normal,normal,bull_steep,228
2017-08-15,2.2660000324249268,1.35,0.9160000324249267,-0.33599994659423826,normal,normal,bull_steep,229
2017-08-16,2.2260000705718994,1.33,0.8960000705718993,-0.3139998626708984,normal,normal,bull_steep,230
2017-08-17,2.1989998817443848,1.32,0.8789998817443847,-0.3330001640319824,normal,normal,bull_steep,231
2017-08-18,2.194000005722046,1.33,0.8640000057220458,-0.3940000247955322,normal,normal,bull_steep,232
2017-08-21,2.180000066757202,1.32,0.8600000667572021,-0.44099991798400895,bull_steep,normal,bull_steep,233
2017-08-22,2.2149999141693115,1.33,0.8849999141693115,-0.39500019073486325,normal,normal,bull_steep,234
2017-08-23,2.1710000038146973,1.32,0.8510000038146972,-0.40600008010864275,bull_steep,normal,bull_steep,235
2017-08-24,2.194000005722046,1.33,0.8640000057220458,-0.4119999027252197,bull_steep,normal,bull_steep,236
2017-08-25,2.1689999103546143,1.35,0.8189999103546142,-0.42799997329711914,bull_steep,normal,bull_steep,237
2017-08-28,2.1589999198913574,1.33,0.8289999198913574,-0.4380001640319824,bull_steep,normal,bull_steep,238
2017-08-29,2.135999917984009,1.33,0.8059999179840087,-0.5080000686645514,bull_steep,bull_steep,normal,1
2017-08-30,2.1429998874664307,1.33,0.8129998874664306,-0.5160002040863039,bull_steep,bull_steep,normal,2
2017-08-31,2.121000051498413,1.33,0.791000051498413,-0.5199998950958253,bull_steep,bull_steep,normal,3
2017-09-01,2.157000064849853,1.35,0.807000064849853,-0.4480000305175791,bull_steep,bull_steep,normal,4
2017-09-05,2.069999933242798,1.3,0.7699999332427978,-0.5199999904632568,bull_steep,bull_steep,normal,5
2017-09-06,2.1080000400543213,1.3,0.8080000400543212,-0.5089998435974121,bull_steep,bull_steep,normal,6
2017-09-07,2.061000108718872,1.27,0.791000108718872,-0.5109999465942383,bull_steep,bull_steep,normal,7
2017-09-08,2.061000108718872,1.27,0.791000108718872,-0.5269999694824219,bull_steep,bull_steep,normal,8
2017-09-11,2.125,1.32,0.8049999999999999,-0.5310000038146974,bull_steep,bull_steep,normal,9
2017-09-12,2.1710000038146973,1.33,0.8410000038146972,-0.491999969482422,bull_steep,bull_steep,normal,10
2017-09-13,2.194999933242798,1.35,0.8449999332427978,-0.47800004959106457,bull_steep,bull_steep,normal,11
2017-09-14,2.197000026702881,1.37,0.8270000267028808,-0.4559999370574952,bull_steep,bull_steep,normal,12
2017-09-15,2.20199990272522,1.39,0.8119999027252203,-0.43400013923644964,bull_steep,bull_steep,normal,13
2017-09-18,2.2290000915527344,1.4,0.8290000915527345,-0.4279999065399174,bull_steep,bull_steep,normal,14
2017-09-19,2.243000030517578,1.4,0.8430000305175782,-0.40300006866455074,bull_steep,bull_steep,normal,15
2017-09-20,2.2769999504089355,1.45,0.8269999504089356,-0.40300009727478026,bull_steep,bull_steep,normal,16
2017-09-21,2.2780001163482666,1.45,0.8280001163482666,-0.38399978637695353,normal,bull_steep,normal,17
2017-09-22,2.26200008392334,1.46,0.8020000839233399,-0.3959999465942383,normal,bull_steep,normal,18
2017-09-25,2.220000028610229,1.44,0.7800000286102291,-0.41799995422363323,bull_steep,bull_steep,normal,19
2017-09-26,2.2290000915527344,1.45,0.7790000915527344,-0.38699983596801757,normal,bull_steep,normal,20
2017-09-27,2.309000015258789,1.47,0.8390000152587891,-0.3499999332427979,normal,bull_steep,normal,21
2017-09-28,2.309000015258789,1.45,0.8590000152587891,-0.31099987030029297,normal,bull_steep,normal,22
2017-09-29,2.325999975204468,1.47,0.8559999752044682,-0.3250000858306876,normal,bull_steep,normal,23
2017-10-02,2.336999893188477,1.49,0.846999893188477,-0.323000221252441,normal,normal,bull_steep,1
2017-10-03,2.3340001106262207,1.47,0.8640001106262207,-0.2929997920989995,normal,normal,bull_steep,2
2017-10-04,2.3299999237060547,1.47,0.8599999237060547,-0.2990000152587895,normal,normal,bull_steep,3
2017-10-05,2.3499999046325684,1.49,0.8599999046325684,-0.34900020599365233,normal,normal,bull_steep,4
2017-10-06,2.369999885559082,1.54,0.829999885559082,-0.4370001220703126,bull_steep,normal,bull_steep,5
2017-10-10,2.345000028610229,1.51,0.835000028610229,-0.40800008773803764,bull_steep,normal,bull_steep,6
2017-10-11,2.345000028610229,1.51,0.835000028610229,-0.425999927520752,bull_steep,normal,bull_steep,7
2017-10-12,2.322999954223633,1.51,0.8129999542236328,-0.48000004768371585,bull_steep,normal,bull_steep,8
2017-10-13,2.2799999713897705,1.51,0.7699999713897705,-0.5279999256134034,bull_steep,bull_steep,normal,1
2017-10-16,2.306999921798706,1.54,0.766999921798706,-0.4940000247955323,bull_steep,bull_steep,normal,2
2017-10-17,2.2980000972747803,1.54,0.7580000972747802,-0.5049999427795411,bull_steep,bull_steep,normal,3
2017-10-18,2.33899998664856,1.59,0.7489999866485599,-0.5119999885559083,bull_steep,bull_steep,normal,4
2017-10-19,2.321000099182129,1.58,0.7410000991821288,-0.5129998779296876,bull_steep,bull_steep,normal,5
2017-10-20,2.38100004196167,1.6,0.7810000419616698,-0.47899998664855925,bull_steep,bull_steep,normal,6
2017-10-23,2.375999927520752,1.58,0.7959999275207519,-0.48500000953674327,bull_steep,bull_steep,normal,7
2017-10-24,2.4059998989105225,1.6,0.8059998989105224,-0.44700020790100115,bull_steep,bull_steep,normal,8
2017-10-25,2.444000005722046,1.61,0.8340000057220458,-0.3949999332427985,normal,bull_steep,normal,9
2017-10-26,2.45199990272522,1.63,0.8219999027252203,-0.3790001678466792,normal,bull_steep,normal,10
2017-10-27,2.427999973297119,1.59,0.8379999732971191,-0.35700000762939466,normal,bull_steep,normal,11
2017-10-30,2.369999885559082,1.58,0.789999885559082,-0.4190000343322755,bull_steep,bull_steep,normal,12
2017-10-31,2.375999927520752,1.6,0.7759999275207519,-0.45800008773803724,bull_steep,bull_steep,normal,13
2017-11-01,2.375999927520752,1.61,0.7659999275207519,-0.4540001010894772,bull_steep,bull_steep,normal,14
2017-11-02,2.3469998836517334,1.61,0.7369998836517333,-0.4950002098083497,bull_steep,bull_steep,normal,15
2017-11-03,2.3429999351501465,1.63,0.7129999351501466,-0.5170001125335693,bull_steep,bull_steep,normal,16
2017-11-06,2.319999933242798,1.61,0.7099999332427978,-0.5050000190734865,bull_steep,bull_steep,normal,17
2017-11-07,2.306999921798706,1.63,0.6769999217987062,-0.530000123977661,bull_steep,bull_steep,normal,18
2017-11-08,2.325000047683716,1.65,0.6750000476837159,-0.5229999351501464,bull_steep,bull_steep,normal,19
2017-11-09,2.3310000896453857,1.63,0.7010000896453858,-0.506999921798706,bull_steep,bull_steep,normal,20
2017-11-10,2.400000095367432,1.67,0.7300000953674322,-0.46699981689453063,bull_steep,bull_steep,normal,21
2017-11-13,2.400000095367432,1.7,0.7000000953674321,-0.468999862670898,bull_steep,bull_steep,normal,22
2017-11-14,2.38100004196167,1.68,0.70100004196167,-0.43699999809265133,bull_steep,bull_steep,normal,23
2017-11-15,2.3350000381469727,1.68,0.6550000381469727,-0.5180000209808353,bull_steep,bull_steep,normal,24
2017-11-16,2.361000061035156,1.72,0.6410000610351558,-0.5280000209808353,bull_steep,bull_steep,normal,25
2017-11-17,2.3540000915527344,1.73,0.6240000915527344,-0.5480000114440917,bull_steep,bull_steep,normal,26
2017-11-20,2.371999979019165,1.77,0.601999979019165,-0.581999979019165,bull_steep,bull_steep,normal,27
2017-11-21,2.36299991607666,1.77,0.5929999160766601,-0.5980000019073486,bull_steep,bull_steep,normal,28
2017-11-22,2.322000026702881,1.74,0.5820000267028809,-0.6100000190734862,bull_steep,bull_steep,normal,29
2017-11-24,2.3399999141693115,1.75,0.5899999141693115,-0.6380001354217528,bull_steep,bull_steep,normal,30
2017-11-27,2.328000068664551,1.74,0.5880000686645508,-0.6339999485015868,bull_steep,bull_steep,normal,31
2017-11-28,2.338000059127808,1.75,0.5880000591278081,-0.6199999809265133,bull_steep,bull_steep,normal,32
2017-11-29,2.375999927520752,1.78,0.5959999275207519,-0.5990001010894772,bull_steep,bull_steep,normal,33
2017-11-30,2.4170000553131104,1.78,0.6370000553131103,-0.5409998416900634,bull_steep,bull_steep,normal,34
2017-12-01,2.361999988555908,1.78,0.5819999885559082,-0.5900000858306884,bull_steep,bull_steep,normal,35
2017-12-04,2.378999948501587,1.8,0.5789999485015869,-0.591999979019165,bull_steep,bull_steep,normal,36
2017-12-05,2.3559999465942383,1.83,0.5259999465942382,-0.6470001029968262,bull_steep,bull_steep,normal,37
2017-12-06,2.3299999237060547,1.78,0.5499999237060547,-0.6160001850128174,bull_steep,bull_steep,normal,38
2017-12-07,2.375999927520752,1.8,0.5759999275207519,-0.5499999809265137,bull_steep,bull_steep,normal,39
2017-12-08,2.382999897003174,1.8,0.5829998970031738,-0.5750000858306885,bull_steep,bull_steep,normal,40
2017-12-11,2.384999990463257,1.82,0.5649999904632568,-0.5750001049041753,bull_steep,bull_steep,normal,41
2017-12-12,2.4030001163482666,1.83,0.5730001163482665,-0.5299997901916504,bull_steep,bull_steep,normal,42
2017-12-13,2.3489999771118164,1.79,0.5589999771118164,-0.549999942779541,bull_steep,bull_steep,normal,43
2017-12-14,2.345999956130981,1.82,0.5259999561309809,-0.5999999618530278,bull_steep,bull_steep,normal,44
2017-12-15,2.3550000190734863,1.84,0.5150000190734862,-0.6209998703002935,bull_steep,bull_steep,normal,45
2017-12-18,2.3919999599456787,1.84,0.5519999599456786,-0.573999948501587,bull_steep,bull_steep,normal,46
2017-12-19,2.463000059127808,1.87,0.593000059127808,-0.5169998455047604,bull_steep,bull_steep,normal,47
2017-12-20,2.496999979019165,1.87,0.6269999790191649,-0.4729999256134034,bull_steep,bull_steep,normal,48
2017-12-21,2.4809999465942383,1.89,0.5909999465942384,-0.526000165939331,bull_steep,bull_steep,normal,49
2017-12-22,2.484999895095825,1.91,0.5749998950958253,-0.5280000400543212,bull_steep,bull_steep,normal,50
2017-12-26,2.4670000076293945,1.92,0.5470000076293946,-0.5359998989105224,bull_steep,bull_steep,normal,51
2017-12-27,2.4140000343322754,1.89,0.5240000343322755,-0.5470000267028803,bull_steep,bull_steep,normal,52
2017-12-28,2.431999921798706,1.91,0.5219999217987061,-0.5360001754760741,bull_steep,bull_steep,normal,53
2017-12-29,2.4049999713897705,1.89,0.5149999713897706,-0.5410000324249267,bull_steep,bull_steep,normal,54
2018-01-02,2.4649999141693115,1.92,0.5449999141693116,-0.4770001983642578,bull_steep,bull_steep,normal,55
2018-01-03,2.447000026702881,1.94,0.5070000267028809,-0.5350000667572021,bull_steep,bull_steep,normal,56
2018-01-04,2.453000068664551,1.96,0.4930000686645508,-0.5059998321533203,bull_steep,bull_steep,normal,57
2018-01-05,2.4760000705718994,1.96,0.5160000705718994,-0.4959998321533208,bull_steep,bull_steep,normal,58
2018-01-08,2.4800000190734863,1.96,0.5200000190734864,-0.5109999179840088,bull_steep,bull_steep,normal,59
2018-01-09,2.5460000038146973,1.98,0.5660000038146973,-0.47099998474121096,bull_steep,bull_steep,normal,60
2018-01-10,2.549999952316284,1.98,0.5699999523162842,-0.45300004959106444,bull_steep,bull_steep,normal,61
2018-01-11,2.5309998989105225,1.98,0.5509998989105225,-0.48600000381469766,bull_steep,bull_steep,normal,62
2018-01-12,2.552000045776367,1.99,0.5620000457763672,-0.46900006294250485,bull_steep,bull_steep,normal,63
2018-01-16,2.5439999103546143,2.03,0.5139999103546145,-0.5320000934600828,bull_steep,bull_steep,normal,64
2018-01-17,2.578000068664551,2.05,0.528000068664551,-0.4739999961853021,bull_steep,bull_steep,normal,65
2018-01-18,2.611000061035156,2.05,0.561000061035156,-0.4839999866485598,bull_steep,bull_steep,normal,66
2018-01-19,2.63700008392334,2.06,0.5770000839233398,-0.44899991989135746,bull_steep,bull_steep,normal,67
2018-01-22,2.664999961853028,2.08,0.5849999618530277,-0.4240000534057613,bull_steep,bull_steep,normal,68
2018-01-23,2.624000072479248,2.06,0.564000072479248,-0.4719998741149902,bull_steep,bull_steep,normal,69
2018-01-24,2.6540000438690186,2.08,0.5740000438690185,-0.45799995422363327,bull_steep,bull_steep,normal,70
2018-01-25,2.621000051498413,2.08,0.541000051498413,-0.5049998760223389,bull_steep,bull_steep,normal,71
2018-01-26,2.6619999408721924,2.13,0.5319999408721925,-0.5050001239776605,bull_steep,bull_steep,normal,72
2018-01-29,2.6989998817443848,2.11,0.5889998817443849,-0.4750001525878904,bull_steep,bull_steep,normal,73
2018-01-30,2.7260000705718994,2.13,0.5960000705718995,-0.4540000247955325,bull_steep,bull_steep,normal,74
2018-01-31,2.720000028610229,2.14,0.5800000286102289,-0.4650000095367437,bull_steep,bull_steep,normal,75
2018-02-01,2.7730000019073486,2.16,0.6130000019073485,-0.4150000572204595,bull_steep,bull_steep,normal,76
2018-02-02,2.8540000915527344,2.15,0.7040000915527345,-0.33499990463256824,normal,bull_steep,normal,77
2018-02-05,2.7939999103546143,2.08,0.7139999103546142,-0.24200016975402838,normal,bull_steep,normal,78
2018-02-06,2.7679998874664307,2.1,0.6679998874664306,-0.2950001525878907,normal,bull_steep,normal,79
2018-02-07,2.844000101089477,2.15,0.6940001010894772,-0.2709997844696048,normal,bull_steep,normal,80
2018-02-08,2.8510000705718994,2.13,0.7210000705718995,-0.24299987792968736,normal,normal,bull_steep,1
2018-02-09,2.8289999961853027,2.05,0.7789999961853029,-0.1960000896453855,normal,normal,bull_steep,2
2018-02-12,2.8570001125335693,2.09,0.7670001125335695,-0.20899991989135724,normal,normal,bull_steep,3
2018-02-13,2.8399999141693115,2.1,0.7399999141693114,-0.2150002002716065,normal,normal,bull_steep,4
2018-02-14,2.9130001068115234,2.17,0.7430001068115235,-0.20699989318847645,normal,normal,bull_steep,5
2018-02-15,2.8910000324249268,2.19,0.7010000324249268,-0.2359999752044677,normal,normal,bull_steep,6
2018-02-16,2.877000093460083,2.21,0.667000093460083,-0.24900000572204584,normal,normal,bull_steep,7
2018-02-20,2.8929998874664307,2.25,0.6429998874664307,-0.29400012016296384,normal,normal,bull_steep,8
2018-02-21,2.943000078201294,2.26,0.6830000782012942,-0.19599984169006324,normal,normal,bull_steep,9
2018-02-22,2.9170000553131104,2.25,0.6670000553131104,-0.19499986648559564,normal,normal,bull_steep,10
2018-02-23,2.871000051498413,2.25,0.6210000514984131,-0.22600002288818355,normal,normal,bull_steep,11
2018-02-26,2.858999967575073,2.22,0.6389999675750726,-0.21900000572204648,normal,normal,bull_steep,12
2018-02-27,2.907999992370605,2.27,0.637999992370605,-0.22600001335144082,normal,normal,bull_steep,13
2018-02-28,2.868000030517578,2.25,0.6180000305175781,-0.23099985122680655,normal,normal,bull_steep,14
2018-03-01,2.803999900817871,2.22,0.5839999008178709,-0.2790001583099371,normal,normal,bull_steep,15
2018-03-02,2.8570001125335693,2.25,0.6070001125335693,-0.21999990463256847,normal,normal,bull_steep,16
2018-03-05,2.88100004196167,2.24,0.6410000419616697,-0.146999969482422,normal,normal,bull_steep,17
2018-03-06,2.877000093460083,2.25,0.627000093460083,-0.1849998474121093,normal,normal,bull_steep,18
2018-03-07,2.882999897003174,2.25,0.6329998970031738,-0.20400016784667918,normal,normal,bull_steep,19
2018-03-08,2.865999937057495,2.25,0.6159999370574951,-0.21400012016296377,normal,normal,bull_steep,20
2018-03-09,2.8940000534057617,2.27,0.6240000534057617,-0.1690000629425048,normal,normal,bull_steep,21
2018-03-12,2.869999885559082,2.27,0.599999885559082,-0.1950000858306884,normal,normal,bull_steep,22
2018-03-13,2.8480000495910645,2.26,0.5880000495910647,-0.22500006675720186,normal,normal,bull_steep,23
2018-03-14,2.816999912261963,2.26,0.5569999122619631,-0.24700014114379854,normal,normal,bull_steep,24
2018-03-15,2.825999975204468,2.29,0.5359999752044682,-0.24100010871887156,normal,normal,bull_steep,25
2018-03-16,2.8480000495910645,2.31,0.5380000495910644,-0.2799999046325685,normal,normal,bull_steep,26
2018-03-19,2.845000028610229,2.31,0.535000028610229,-0.3459999275207519,normal,normal,bull_steep,27
2018-03-20,2.878999948501587,2.34,0.5389999485015871,-0.34800001144409176,normal,normal,bull_steep,28
2018-03-21,2.907000064849853,2.31,0.597000064849853,-0.3249999809265143,normal,normal,bull_steep,29
2018-03-22,2.8320000171661377,2.29,0.5420000171661377,-0.3939999389648434,normal,normal,bull_steep,30
2018-03-23,2.8299999237060547,2.28,0.5499999237060549,-0.3740001869201659,normal,normal,bull_steep,31
2018-03-26,2.8429999351501465,2.33,0.5129999351501464,-0.4569999504089357,bull_steep,normal,bull_steep,32
2018-03-27,2.7860000133514404,2.26,0.5260000133514406,-0.4669998741149901,bull_steep,normal,bull_steep,33
2018-03-28,2.775000095367432,2.28,0.4950000953674323,-0.4759999561309809,bull_steep,normal,bull_steep,34
2018-03-29,2.740999937057495,2.27,0.4709999370574951,-0.521000051498413,bull_steep,normal,bull_steep,35
2018-04-02,2.7320001125335693,2.25,0.48200011253356934,-0.49499979019165075,bull_steep,bull_steep,normal,1
2018-04-03,2.7839999198913574,2.28,0.5039999198913576,-0.47400012969970673,bull_steep,bull_steep,normal,2
2018-04-04,2.7880001068115234,2.28,0.5080001068115236,-0.4609998989105222,bull_steep,bull_steep,normal,3
2018-04-05,2.8320000171661377,2.3,0.5320000171661379,-0.4169999980926511,bull_steep,bull_steep,normal,4
2018-04-06,2.775000095367432,2.27,0.5050000953674321,-0.39799991607665963,normal,bull_steep,normal,5
2018-04-09,2.7860000133514404,2.29,0.4960000133514404,-0.40199987411499016,bull_steep,bull_steep,normal,6
2018-04-10,2.796999931335449,2.32,0.4769999313354494,-0.4190001010894773,bull_steep,bull_steep,normal,7
2018-04-11,2.789999961853028,2.32,0.46999996185302795,-0.4020001506805413,bull_steep,bull_steep,normal,8
2018-04-12,2.8340001106262207,2.34,0.49400011062622085,-0.38999983787536596,normal,bull_steep,normal,9
2018-04-13,2.8289999961853027,2.37,0.45899999618530263,-0.4669999790191657,bull_steep,bull_steep,normal,10
2018-04-16,2.8320000171661377,2.39,0.44200001716613757,-0.4800000476837154,bull_steep,bull_steep,normal,11
2018-04-17,2.813999891281128,2.41,0.4039998912811278,-0.5460000514984131,bull_steep,bull_steep,normal,12
2018-04-18,2.867000102996826,2.42,0.44700010299682624,-0.5019999313354491,bull_steep,bull_steep,normal,13
2018-04-19,2.9140000343322754,2.44,0.47400003433227544,-0.4780000209808348,bull_steep,bull_steep,normal,14
2018-04-20,2.950999975204468,2.46,0.49099997520446825,-0.4199999523162836,bull_steep,bull_steep,normal,15
2018-04-23,2.9730000495910645,2.49,0.48300004959106424,-0.4190000343322755,bull_steep,bull_steep,normal,16
2018-04-24,2.9830000400543213,2.48,0.5030000400543213,-0.3849998855590824,normal,bull_steep,normal,17
2018-04-25,3.0239999294281006,2.49,0.5339999294281004,-0.37300003051757824,normal,bull_steep,normal,18
2018-04-26,2.990000009536743,2.49,0.500000009536743,-0.3969999599456788,normal,bull_steep,normal,19
2018-04-27,2.9570000171661377,2.49,0.4670000171661375,-0.45599997520446744,bull_steep,bull_steep,normal,20
2018-04-30,2.936000108718872,2.49,0.44600010871887186,-0.4649998283386232,bull_steep,bull_steep,normal,21
2018-05-01,2.9760000705718994,2.5,0.4760000705718994,-0.4059998226165775,bull_steep,bull_steep,normal,22
2018-05-02,2.96399998664856,2.49,0.4739999866485598,-0.4149999046325681,bull_steep,bull_steep,normal,23
2018-05-03,2.946000099182129,2.49,0.4560000991821287,-0.43300000190734833,bull_steep,bull_steep,normal,24
2018-05-04,2.944000005722046,2.51,0.4340000057220461,-0.48200002670288056,bull_steep,bull_steep,normal,25
2018-05-07,2.950000047683716,2.49,0.4600000476837156,-0.43600002288818374,bull_steep,bull_steep,normal,26
2018-05-08,2.969000101089477,2.51,0.4590001010894773,-0.4199997806549074,bull_steep,bull_steep,normal,27
2018-05-09,3.003999948501587,2.54,0.4639999485015869,-0.40000005722045895,bull_steep,bull_steep,normal,28
2018-05-10,2.970999956130981,2.54,0.43099995613098097,-0.4290001106262211,bull_steep,bull_steep,normal,29
2018-05-11,2.970999956130981,2.54,0.43099995613098097,-0.4539999580383305,bull_steep,bull_steep,normal,30
2018-05-14,2.994999885559082,2.55,0.4449998855590822,-0.406000118255615,bull_steep,bull_steep,normal,31
2018-05-15,3.0799999237060547,2.58,0.4999999237060546,-0.3640000820159912,normal,bull_steep,normal,32
2018-05-16,3.095000028610229,2.58,0.515000028610229,-0.3039998817443852,normal,bull_steep,normal,33
2018-05-17,3.108999967575073,2.57,0.538999967575073,-0.2899999523162844,normal,bull_steep,normal,34
2018-05-18,3.066999912261963,2.55,0.5169999122619631,-0.28900000572204565,normal,bull_steep,normal,35
2018-05-21,3.065000057220459,2.58,0.4850000572204589,-0.3279998302459717,normal,normal,bull_steep,1
2018-05-22,3.065000057220459,2.59,0.4750000572204591,-0.3159999942779539,normal,normal,bull_steep,2
2018-05-23,3.003000020980835,2.53,0.47300002098083516,-0.3340000438690178,normal,normal,bull_steep,3
2018-05-24,2.9809999465942383,2.5,0.4809999465942383,-0.2889999866485595,normal,normal,bull_steep,4
2018-05-25,2.930999994277954,2.48,0.4509999942779541,-0.3570000457763671,normal,normal,bull_steep,5
2018-05-29,2.7679998874664307,2.32,0.4479998874664308,-0.34300022125244123,normal,normal,bull_steep,6
2018-05-30,2.8420000076293945,2.42,0.4220000076293946,-0.36900010108947745,normal,normal,bull_steep,7
2018-05-31,2.822000026702881,2.4,0.42200002670288095,-0.382999973297119,normal,normal,bull_steep,8
2018-06-01,2.8949999809265137,2.47,0.4249999809265135,-0.4160000228881837,bull_steep,normal,bull_steep,9
2018-06-04,2.937000036239624,2.52,0.417000036239624,-0.42799989700317376,bull_steep,normal,bull_steep,10
2018-06-05,2.9189999103546143,2.49,0.42899991035461404,-0.3980001163482667,normal,normal,bull_steep,11
2018-06-06,2.9749999046325684,2.52,0.45499990463256834,-0.3569999980926519,normal,normal,bull_steep,12
2018-06-07,2.933000087738037,2.5,0.4330000877380371,-0.39600000381469735,normal,normal,bull_steep,13
2018-06-08,2.937000036239624,2.5,0.437000036239624,-0.4059999942779542,bull_steep,normal,bull_steep,14
2018-06-11,2.9570000171661377,2.52,0.4370000171661377,-0.3899999332427979,normal,normal,bull_steep,15
2018-06-12,2.9570000171661377,2.54,0.41700001716613766,-0.411000099182129,bull_steep,normal,bull_steep,16
2018-06-13,2.976999998092652,2.59,0.38699999809265195,-0.4150000858306879,bull_steep,normal,bull_steep,17
2018-06-14,2.946000099182129,2.59,0.35600009918212905,-0.42399992942810005,bull_steep,normal,bull_steep,18
2018-06-15,2.924000024795532,2.55,0.37400002479553196,-0.40500006675720246,bull_steep,normal,bull_steep,19
2018-06-18,2.9260001182556152,2.56,0.3660001182556152,-0.4729998970031739,bull_steep,bull_steep,normal,1
2018-06-19,2.8929998874664307,2.54,0.35299988746643063,-0.5060001277923585,bull_steep,bull_steep,normal,2
2018-06-20,2.927999973297119,2.56,0.3679999732971191,-0.48800000190734916,bull_steep,bull_steep,normal,3
2018-06-21,2.8970000743865967,2.56,0.3370000743865966,-0.5099998188018804,bull_steep,bull_steep,normal,4
2018-06-22,2.900000095367432,2.56,0.34000009536743203,-0.5240000152587887,bull_steep,bull_steep,normal,5
2018-06-25,2.875,2.54,0.33499999999999996,-0.5249999237060547,bull_steep,bull_steep,normal,6
2018-06-26,2.880000114440918,2.53,0.35000011444091816,-0.5099997901916502,bull_steep,bull_steep,normal,7
2018-06-27,2.82699990272522,2.52,0.30699990272522015,-0.5229999828338618,bull_steep,bull_steep,normal,8
2018-06-28,2.8469998836517334,2.52,0.3269998836517334,-0.5080001449584957,bull_steep,bull_steep,normal,9
2018-06-29,2.8489999771118164,2.52,0.3289999771118164,-0.5060000514984127,bull_steep,bull_steep,normal,10
2018-07-02,2.865999937057495,2.57,0.2959999370574953,-0.5170000171661375,bull_steep,bull_steep,normal,11
2018-07-03,2.838000059127808,2.53,0.30800005912780826,-0.46199991226196224,bull_steep,bull_steep,normal,12
2018-07-05,2.8399999141693115,2.55,0.2899999141693117,-0.4770000076293943,bull_steep,bull_steep,normal,13
2018-07-06,2.8310000896453857,2.53,0.30100008964538594,-0.4570000076293943,bull_steep,bull_steep,normal,14
2018-07-09,2.859999895095825,2.57,0.28999989509582536,-0.4590000915527346,bull_steep,bull_steep,normal,15
2018-07-10,2.872999906539917,2.59,0.28299990653991713,-0.4580001926422117,bull_steep,bull_steep,normal,16
2018-07-11,2.8420000076293945,2.58,0.26200000762939446,-0.5190000343322754,bull_steep,bull_steep,normal,17
2018-07-12,2.8529999256134038,2.6,0.2529999256134037,-0.5430000019073482,bull_steep,bull_steep,normal,18
2018-07-13,2.8310000896453857,2.59,0.24100008964538588,-0.5649998092651365,bull_steep,bull_steep,normal,19
2018-07-16,2.8580000400543213,2.59,0.26800004005432143,-0.5659999656677244,bull_steep,bull_steep,normal,20
2018-07-17,2.864000082015991,2.62,0.2440000820159911,-0.5779998207092292,bull_steep,bull_steep,normal,21
2018-07-18,2.875,2.6,0.2749999999999999,-0.5629999732971191,bull_steep,bull_steep,normal,22
2018-07-19,2.8469998836517334,2.6,0.2469998836517333,-0.5430000019073487,bull_steep,bull_steep,normal,23
2018-07-20,2.8949999809265137,2.6,0.2949999809265136,-0.4809999465942383,bull_steep,bull_steep,normal,24
2018-07-23,2.9649999141693115,2.64,0.3249999141693114,-0.44100001335144046,bull_steep,bull_steep,normal,25
2018-07-24,2.9489998817443848,2.63,0.31899988174438487,-0.41800000190734843,bull_steep,bull_steep,normal,26
2018-07-25,2.936000108718872,2.66,0.27600010871887193,-0.43699982643127466,bull_steep,bull_steep,normal,27
2018-07-26,2.9749999046325684,2.69,0.2849999046325684,-0.42500002861022934,bull_steep,bull_steep,normal,28
2018-07-27,2.9600000381469727,2.67,0.2900000381469727,-0.38699988365173343,normal,bull_steep,normal,29
2018-07-30,2.9749999046325684,2.66,0.3149999046325682,-0.3600001430511477,normal,bull_steep,normal,30
2018-07-31,2.96399998664856,2.67,0.2939999866485601,-0.40700010299682576,bull_steep,bull_steep,normal,31
2018-08-01,3.003000020980835,2.67,0.33300002098083503,-0.3970000743865971,normal,bull_steep,normal,32
2018-08-02,2.986000061035156,2.66,0.32600006103515566,-0.37400003433227647,normal,bull_steep,normal,33
2018-08-03,2.953000068664551,2.63,0.3230000686645509,-0.3779999732971191,normal,bull_steep,normal,34
2018-08-06,2.937999963760376,2.64,0.29799996376037585,-0.35700007438659687,normal,bull_steep,normal,35
2018-08-07,2.9730000495910645,2.68,0.2930000495910643,-0.34800001144409154,normal,normal,bull_steep,1
2018-08-08,2.970999956130981,2.68,0.29099995613098084,-0.33300013542175355,normal,normal,bull_steep,2
2018-08-09,2.934999942779541,2.64,0.2949999427795409,-0.30700003623962413,normal,normal,bull_steep,3
2018-08-10,2.8570001125335693,2.61,0.24700011253356946,-0.3459998035430907,normal,normal,bull_steep,4
2018-08-13,2.877000093460083,2.61,0.26700009346008313,-0.31499993324279774,normal,normal,bull_steep,5
2018-08-14,2.8949999809265137,2.63,0.2649999809265138,-0.32499993324279774,normal,normal,bull_steep,6
2018-08-15,2.851999998092652,2.61,0.24199999809265194,-0.34600007057189885,normal,normal,bull_steep,7
2018-08-16,2.871000051498413,2.63,0.2410000514984132,-0.34700000762939487,normal,normal,bull_steep,8
2018-08-17,2.872999906539917,2.61,0.2629999065399171,-0.3330000209808348,normal,normal,bull_steep,9
2018-08-20,2.822999954223633,2.6,0.22299995422363272,-0.4140001010894776,bull_steep,normal,bull_steep,10
2018-08-21,2.844000101089477,2.61,0.23400010108947722,-0.34799988746643096,normal,normal,bull_steep,11
2018-08-22,2.822999954223633,2.6,0.22299995422363272,-0.35599999427795415,normal,normal,bull_steep,12
2018-08-23,2.821000099182129,2.61,0.21100009918212903,-0.3149998474121092,normal,normal,bull_steep,13
2018-08-24,2.825999975204468,2.63,0.19599997520446832,-0.35399994850158634,normal,normal,bull_steep,14
2018-08-27,2.8480000495910645,2.67,0.17800004959106452,-0.3979998779296874,normal,normal,bull_steep,15
2018-08-28,2.884000062942505,2.67,0.21400006294250495,-0.36899983406066883,normal,normal,bull_steep,16
2018-08-29,2.884000062942505,2.67,0.21400006294250495,-0.3509999275207518,normal,normal,bull_steep,17
2018-08-30,2.859999895095825,2.64,0.21999989509582507,-0.35300022125244146,normal,normal,bull_steep,18
2018-08-31,2.8529999256134038,2.62,0.23299992561340366,-0.3260000514984127,normal,normal,bull_steep,19
2018-09-04,2.9019999504089355,2.66,0.2419999504089354,-0.28400000572204553,normal,normal,bull_steep,20
2018-09-05,2.9019999504089355,2.66,0.2419999504089354,-0.27300006866455084,normal,normal,bull_steep,21
2018-09-06,2.878999948501587,2.64,0.2389999485015868,-0.31300001144409184,normal,normal,bull_steep,22
2018-09-07,2.941999912261963,2.71,0.23199991226196293,-0.36100014686584503,normal,normal,bull_steep,23
2018-09-10,2.937000036239624,2.73,0.20700003623962404,-0.4199999427795409,bull_steep,normal,bull_steep,24
2018-09-11,2.976999998092652,2.76,0.21699999809265202,-0.37399994850158635,normal,normal,bull_steep,25
2018-09-12,2.963000059127808,2.74,0.22300005912780785,-0.3519998359680174,normal,normal,bull_steep,26
2018-09-13,2.963000059127808,2.76,0.20300005912780827,-0.34399994850158633,normal,normal,bull_steep,27
2018-09-14,2.99399995803833,2.78,0.21399995803833027,-0.3100000762939452,normal,normal,bull_steep,28
2018-09-17,3.000999927520752,2.78,0.22099992752075215,-0.300999994277954,normal,normal,bull_steep,29
2018-09-18,3.0480000972747803,2.81,0.23800009727478022,-0.2769998741149904,normal,normal,bull_steep,30
2018-09-19,3.0829999446868896,2.81,0.2729999446868896,-0.271999969482422,normal,normal,bull_steep,31
2018-09-20,3.078000068664551,2.81,0.26800006866455073,-0.23899995803833018,normal,normal,bull_steep,32
2018-09-21,3.068000078201294,2.81,0.2580000782012939,-0.23499999046325692,normal,normal,bull_steep,33
2018-09-24,3.078000068664551,2.83,0.2480000686645507,-0.26800000190734874,normal,normal,bull_steep,34
2018-09-25,3.101999998092652,2.83,0.27199999809265174,-0.24800002098083462,normal,normal,bull_steep,35
2018-09-26,3.061000108718872,2.83,0.231000108718872,-0.3349998950958253,normal,normal,bull_steep,36
2018-09-27,3.055999994277954,2.83,0.22599999427795403,-0.34399995803833017,normal,normal,bull_steep,37
2018-09-28,3.055999994277954,2.81,0.24599999427795405,-0.30499990463256843,normal,normal,bull_steep,38
2018-10-01,3.0799999237060547,2.82,0.25999992370605485,-0.30200012207031235,normal,normal,bull_steep,39
2018-10-02,3.055999994277954,2.82,0.23599999427795426,-0.2779999160766602,normal,normal,bull_steep,40
2018-10-03,3.1610000133514404,2.85,0.31100001335144034,-0.21700005531311062,normal,normal,bull_steep,41
2018-10-04,3.197000026702881,2.87,0.32700002670288075,-0.23400003433227523,normal,normal,bull_steep,42
2018-10-05,3.2249999046325684,2.88,0.34499990463256847,-0.23200017929077132,normal,normal,bull_steep,43
2018-10-09,3.2079999446868896,2.88,0.32799994468688976,-0.25700001716613796,normal,normal,bull_steep,44
2018-10-10,3.2249999046325684,2.88,0.34499990463256847,-0.21900016784667953,normal,normal,bull_steep,45
2018-10-11,3.132999897003174,2.85,0.28299989700317374,-0.29100014686584474,normal,normal,bull_steep,46
2018-10-12,3.1410000324249268,2.85,0.29100003242492667,-0.25000001907348635,normal,normal,bull_steep,47
2018-10-15,3.1630001068115234,2.85,0.31300010681152335,-0.21899983406066914,normal,normal,bull_steep,48
2018-10-16,3.1559998989105225,2.87,0.28599989891052235,-0.30299998283386254,normal,normal,bull_steep,49
2018-10-17,3.178999900817871,2.89,0.28899990081787097,-0.30700016975402855,normal,normal,bull_steep,50
2018-10-18,3.174999952316284,2.87,0.3049999523162841,-0.27500007629394485,normal,normal,bull_steep,51
2018-10-19,3.197999954223633,2.92,0.2779999542236329,-0.3350000476837156,normal,normal,bull_steep,52
2018-10-22,3.196000099182129,2.92,0.276000099182129,-0.4279999923706055,bull_steep,normal,bull_steep,53
2018-10-23,3.1659998893737797,2.89,0.2759998893737796,-0.43800002098083457,bull_steep,normal,bull_steep,54
2018-10-24,3.124000072479248,2.84,0.2840000724792482,-0.3839998149871824,normal,normal,bull_steep,55
2018-10-25,3.135999917984009,2.86,0.2759999179840089,-0.41800018310546827,bull_steep,normal,bull_steep,56
2018-10-26,3.07699990272522,2.81,0.2669999027252201,-0.4540001678466794,bull_steep,normal,bull_steep,57
2018-10-29,3.086999893188477,2.81,0.27699989318847695,-0.502000102996826,bull_steep,normal,bull_steep,58
2018-10-30,3.109999895095825,2.84,0.26999989509582534,-0.49700021743774414,bull_steep,normal,bull_steep,59
2018-10-31,3.1589999198913574,2.87,0.2889999198913573,-0.4509999942779541,bull_steep,bull_steep,normal,1
2018-11-01,3.1440000534057617,2.84,0.30400005340576186,-0.43900005340576165,bull_steep,bull_steep,normal,2
2018-11-02,3.21399998664856,2.91,0.3039999866485599,-0.39700004577636694,normal,bull_steep,normal,3
2018-11-05,3.200999975204468,2.91,0.2909999752044681,-0.37600011825561497,normal,bull_steep,normal,4
2018-11-06,3.21399998664856,2.93,0.28399998664855985,-0.3589999008178708,normal,bull_steep,normal,5
2018-11-07,3.213000059127808,2.96,0.2530000591278081,-0.43000001907348606,bull_steep,bull_steep,normal,6
2018-11-08,3.233999967575073,2.98,0.2539999675750728,-0.41300008773803754,bull_steep,bull_steep,normal,7
2018-11-09,3.188999891281128,2.94,0.24899989128112798,-0.3720001602172851,normal,bull_steep,normal,8
2018-11-13,3.1449999809265137,2.89,0.25499998092651355,-0.38399998664855906,normal,bull_steep,normal,9
2018-11-14,3.119999885559082,2.86,0.25999988555908216,-0.37800010681152285,normal,bull_steep,normal,10
2018-11-15,3.118000030517578,2.86,0.25800003051757825,-0.3599999999999999,normal,bull_steep,normal,11
2018-11-16,3.0739998817443848,2.81,0.2639998817443847,-0.3200000190734862,normal,normal,bull_steep,1
2018-11-19,3.056999921798706,2.79,0.266999921798706,-0.3400001907348633,normal,normal,bull_steep,2
2018-11-20,3.0480000972747803,2.79,0.25800009727478024,-0.38299994468688947,normal,normal,bull_steep,3
2018-11-21,3.061000108718872,2.81,0.251000108718872,-0.375999984741211,normal,normal,bull_steep,4
2018-11-23,3.053999900817871,2.81,0.24399990081787104,-0.3889999961853028,normal,normal,bull_steep,5
2018-11-26,3.072000026702881,2.84,0.232000026702881,-0.3839999103546141,normal,normal,bull_steep,6
2018-11-27,3.055000066757202,2.83,0.22500006675720208,-0.3989999866485596,normal,normal,bull_steep,7
2018-11-28,3.0439999103546143,2.81,0.2339999103546142,-0.3659999752044678,normal,normal,bull_steep,8
2018-11-29,3.0350000858306885,2.81,0.22500008583068842,-0.36299996376037624,normal,normal,bull_steep,9
2018-11-30,3.013000011444092,2.8,0.21300001144409197,-0.34399990081787113,normal,normal,bull_steep,10
2018-12-03,2.992000102996826,2.83,0.1620001029968261,-0.3739998722076421,normal,normal,bull_steep,11
2018-12-04,2.924000024795532,2.8,0.12400002479553196,-0.41400002479553244,bull_steep,normal,bull_steep,12
2018-12-06,2.875999927520752,2.75,0.12599992752075195,-0.40900010108947704,bull_steep,normal,bull_steep,13
2018-12-07,2.8499999046325684,2.72,0.12999990463256816,-0.4090000438690189,bull_steep,normal,bull_steep,14
2018-12-10,2.8559999465942383,2.72,0.13599994659423809,-0.46100011825561493,bull_steep,normal,bull_steep,15
2018-12-11,2.878999948501587,2.78,0.09899994850158711,-0.44300006866455055,bull_steep,bull_steep,normal,1
2018-12-12,2.9059998989105225,2.77,0.13599989891052244,-0.41400002479553244,bull_steep,bull_steep,normal,2
2018-12-13,2.9110000133514404,2.75,0.16100001335144043,-0.351999921798706,normal,bull_steep,normal,3
2018-12-14,2.8910000324249268,2.73,0.16100003242492678,-0.36499998092651387,normal,bull_steep,normal,4
2018-12-17,2.8570001125335693,2.7,0.15700011253356916,-0.3379999828338631,normal,bull_steep,normal,5
2018-12-18,2.825000047683716,2.65,0.1750000476837159,-0.2959998893737792,normal,bull_steep,normal,6
2018-12-19,2.7780001163482666,2.63,0.1480001163482667,-0.33399999618530263,normal,normal,bull_steep,1
2018-12-20,2.7890000343322754,2.67,0.11900003433227546,-0.38499988555908216,normal,normal,bull_steep,2
2018-12-21,2.7920000553131104,2.63,0.16200005531311046,-0.3460000514984132,normal,normal,bull_steep,3
2018-12-24,2.749000072479248,2.55,0.19900007247924822,-0.33299994468688965,normal,normal,bull_steep,4
2018-12-26,2.796999931335449,2.61,0.18699993133544934,-0.3180001640319827,normal,normal,bull_steep,5
2018-12-27,2.743000030517578,2.56,0.18300003051757807,-0.3129999828338623,normal,normal,bull_steep,6
2018-12-28,2.736000061035156,2.52,0.2160000610351558,-0.2609998703002936,normal,normal,bull_steep,7
2018-12-31,2.686000108718872,2.48,0.2060001087188721,-0.26399985313415586,normal,normal,bull_steep,8
2019-01-02,2.6610000133514404,2.5,0.16100001335144043,-0.3330000972747804,normal,normal,bull_steep,9
2019-01-03,2.553999900817871,2.39,0.16399990081787097,-0.29500009536743166,normal,normal,bull_steep,10
2019-01-04,2.6589999198913574,2.5,0.15899991989135742,-0.28300009727478015,normal,normal,bull_steep,11
2019-01-07,2.681999921798706,2.53,0.15199992179870625,-0.25199996948242154,normal,normal,bull_steep,12
2019-01-08,2.7160000801086426,2.58,0.1360000801086425,-0.31100002288818374,normal,normal,bull_steep,13
2019-01-09,2.7279999256134038,2.56,0.1679999256134037,-0.30600010871887173,normal,normal,bull_steep,14
2019-01-10,2.7309999465942383,2.56,0.17099994659423823,-0.32000002861023,normal,normal,bull_steep,15
2019-01-11,2.700999975204468,2.55,0.1509999752044684,-0.33200007438659584,normal,normal,bull_steep,16
2019-01-14,2.7100000381469727,2.53,0.18000003814697285,-0.32300000190734846,normal,normal,bull_steep,17
2019-01-15,2.7109999656677246,2.53,0.1809999656677248,-0.35299996376037557,normal,normal,bull_steep,18
2019-01-16,2.7309999465942383,2.55,0.18099994659423846,-0.3190000629425045,normal,normal,bull_steep,19
2019-01-17,2.749000072479248,2.56,0.189000072479248,-0.2779999446868895,normal,normal,bull_steep,20
2019-01-18,2.7839999198913574,2.62,0.16399991989135732,-0.28200018882751454,normal,normal,bull_steep,21
2019-01-22,2.7300000190734863,2.58,0.15000001907348626,-0.32600005149841316,normal,normal,bull_steep,22
2019-01-23,2.755000114440918,2.58,0.1750001144409179,-0.2989998722076419,normal,normal,bull_steep,23
2019-01-24,2.711999893188477,2.56,0.15199989318847695,-0.30400020599365174,normal,normal,bull_steep,24
2019-01-25,2.753000020980835,2.6,0.15300002098083487,-0.28099998474121124,normal,normal,bull_steep,25
2019-01-28,2.74399995803833,2.6,0.14399995803833,-0.3160000896453856,normal,normal,bull_steep,26
2019-01-29,2.711999893188477,2.56,0.15199989318847695,-0.30700020790100035,normal,normal,bull_steep,27
2019-01-30,2.694999933242798,2.52,0.17499993324279783,-0.28900001525878904,normal,normal,bull_steep,28
2019-01-31,2.634999990463257,2.45,0.18499999046325666,-0.2459999656677243,normal,normal,bull_steep,29
2019-02-01,2.690999984741211,2.52,0.17099998474121092,-0.25999997138977005,normal,normal,bull_steep,30
2019-02-04,2.7239999771118164,2.53,0.1939999771118166,-0.2509999084472656,normal,normal,bull_steep,31
2019-02-05,2.70199990272522,2.53,0.17199990272522037,-0.32800002098083425,normal,normal,bull_steep,32
2019-02-06,2.70199990272522,2.52,0.18199990272522015,-0.3330001258850088,normal,normal,bull_steep,33
2019-02-07,2.6519999504089355,2.48,0.17199995040893556,-0.3670000171661374,normal,normal,bull_steep,34
2019-02-08,2.631999969482422,2.45,0.1819999694824217,-0.33499994277954137,normal,normal,bull_steep,35
2019-02-11,2.6610000133514404,2.48,0.18100001335144045,-0.30400004386901847,normal,normal,bull_steep,36
2019-02-12,2.684000015258789,2.5,0.18400001525878906,-0.29100004196167006,normal,normal,bull_steep,37
2019-02-13,2.7079999446868896,2.53,0.17799994468688984,-0.2950000762939453,normal,normal,bull_steep,38
2019-02-14,2.657000064849853,2.5,0.15700006484985307,-0.3239998817443852,normal,normal,bull_steep,39
2019-02-15,2.6659998893737797,2.52,0.14599988937377972,-0.3050001049041744,normal,normal,bull_steep,40
2019-02-19,2.6470000743865967,2.5,0.14700007438659668,-0.30099981307983414,normal,normal,bull_steep,41
2019-02-20,2.6540000438690186,2.5,0.15400004386901855,-0.26799996376037605,normal,normal,bull_steep,42
2019-02-21,2.687999963760376,2.53,0.15799996376037617,-0.2640000629425048,normal,normal,bull_steep,43
2019-02-22,2.6549999713897705,2.48,0.17499997138977053,-0.25000000953674295,normal,normal,bull_steep,44
2019-02-25,2.6730000972747803,2.51,0.1630000972747805,-0.2539999389648435,normal,normal,bull_steep,45
2019-02-26,2.635999917984009,2.48,0.1559999179840088,-0.27299999237060524,normal,normal,bull_steep,46
2019-02-27,2.693000078201294,2.5,0.19300007820129395,-0.2619998264312744,normal,normal,bull_steep,47
2019-02-28,2.7109999656677246,2.52,0.1909999656677246,-0.24200012207031252,normal,normal,bull_steep,48
2019-03-01,2.755000114440918,2.55,0.20500011444091815,-0.23199992179870588,normal,normal,bull_steep,49
2019-03-04,2.7219998836517334,2.55,0.17199988365173358,-0.2650001335144041,normal,normal,bull_steep,50
2019-03-05,2.7219998836517334,2.55,0.17199988365173358,-0.24500013351440408,normal,normal,bull_steep,51
2019-03-06,2.691999912261963,2.52,0.17199991226196287,-0.21500008583068908,normal,normal,bull_steep,52
2019-03-07,2.635999917984009,2.47,0.1659999179840086,-0.19000018119812045,normal,normal,bull_steep,53
2019-03-08,2.625,2.45,0.17499999999999982,-0.19900002479553214,normal,normal,bull_steep,54
2019-03-11,2.6429998874664307,2.47,0.17299988746643047,-0.1930002307891847,normal,normal,bull_steep,55
2019-03-12,2.6050000190734863,2.45,0.15500001907348615,-0.19799986839294448,normal,normal,bull_steep,56
2019-03-13,2.611000061035156,2.45,0.16100006103515563,-0.20699991226196346,normal,normal,bull_steep,57
2019-03-14,2.630000114440918,2.46,0.170000114440918,-0.16699995994567862,normal,normal,bull_steep,58
2019-03-15,2.5929999351501465,2.43,0.16299993515014632,-0.1770001602172857,normal,normal,bull_steep,59
2019-03-18,2.601999998092652,2.45,0.15199999809265163,-0.18300000190734833,normal,normal,bull_steep,60
2019-03-19,2.614000082015991,2.46,0.15400008201599125,-0.19600003242492692,normal,normal,bull_steep,61
2019-03-20,2.5350000858306885,2.4,0.13500008583068857,-0.1719998168945316,normal,normal,bull_steep,62
2019-03-21,2.5369999408721924,2.41,0.12699994087219224,-0.19999994277954114,normal,normal,bull_steep,63
2019-03-22,2.4549999237060547,2.31,0.14499992370605463,-0.18400005340576175,normal,normal,bull_steep,64
2019-03-25,2.4200000762939453,2.26,0.16000007629394553,-0.13599986076354975,normal,normal,bull_steep,65
2019-03-26,2.4140000343322754,2.24,0.17400003433227518,-0.13400002479553308,normal,normal,bull_steep,66
2019-03-27,2.374000072479248,2.22,0.15400007247924785,-0.13599984169006385,normal,normal,bull_steep,67
2019-03-28,2.388999938964844,2.23,0.1589999389648442,-0.14200015068054173,normal,normal,bull_steep,68
2019-03-29,2.4140000343322754,2.27,0.14400003433227537,-0.14599986076354998,normal,normal,bull_steep,69
2019-04-01,2.496999979019165,2.33,0.16699997901916497,-0.11599992752075217,normal,normal,bull_steep,70
2019-04-02,2.4809999465942383,2.3,0.18099994659423846,-0.081000061035156,normal,normal,bull_steep,71
2019-04-03,2.5169999599456787,2.33,0.18699995994567864,-0.06599996566772504,normal,normal,bull_steep,72
2019-04-04,2.51200008392334,2.33,0.18200008392333977,-0.05900000572204611,normal,normal,bull_steep,73
2019-04-05,2.500999927520752,2.35,0.15099992752075186,-0.11700011253356957,normal,normal,bull_steep,74
2019-04-08,2.5190000534057617,2.36,0.15900005340576184,-0.08500002861022926,normal,normal,bull_steep,75
2019-04-09,2.499000072479248,2.35,0.14900007247924796,-0.12599992752075195,normal,normal,bull_steep,76
2019-04-10,2.476999998092652,2.31,0.16699999809265176,-0.07999988555908155,normal,normal,bull_steep,77
2019-04-11,2.503999948501587,2.35,0.15399994850158683,-0.14100003242492676,normal,normal,bull_steep,78
2019-04-12,2.559999942779541,2.4,0.1599999427795411,-0.1649999713897703,normal,normal,bull_steep,79
2019-04-15,2.552999973297119,2.4,0.15299997329711923,-0.16599990844726564,normal,normal,bull_steep,80
2019-04-16,2.5920000076293945,2.41,0.1820000076293944,-0.09400010108947754,normal,normal,bull_steep,81
2019-04-17,2.5920000076293945,2.4,0.19200000762939462,-0.09299989700317379,normal,normal,bull_steep,82
2019-04-18,2.559999942779541,2.38,0.17999994277954112,-0.1100000953674316,normal,normal,bull_steep,83
2019-04-22,2.5899999141693115,2.38,0.20999991416931163,-0.10499999046325659,normal,normal,bull_steep,84
2019-04-23,2.569999933242798,2.36,0.20999993324279798,-0.08400005340576211,normal,normal,bull_steep,85
2019-04-24,2.5220000743865967,2.32,0.20200007438659684,-0.1309999465942382,normal,normal,bull_steep,86
2019-04-25,2.5339999198913574,2.33,0.20399991989135735,-0.12200014114379831,normal,normal,bull_steep,87
2019-04-26,2.505000114440918,2.28,0.22500011444091816,-0.09799995422363272,normal,normal,bull_steep,88
2019-04-29,2.5360000133514404,2.3,0.2360000133514406,-0.061999950408935245,normal,normal,bull_steep,89
2019-04-30,2.509000062942505,2.27,0.23900006294250487,-0.05399998664855943,normal,normal,bull_steep,90
2019-05-01,2.510999917984009,2.31,0.20099991798400874,-0.0900000381469721,normal,normal,bull_steep,91
2019-05-02,2.552000045776367,2.35,0.2020000457763671,-0.09299989700317379,normal,normal,bull_steep,92
2019-05-03,2.5309998989105225,2.33,0.2009998989105224,-0.04600021362304707,normal,normal,bull_steep,93
2019-05-06,2.5,2.31,0.18999999999999995,-0.07700009346008319,normal,normal,bull_steep,94
2019-05-07,2.447999954223633,2.28,0.167999954223633,-0.09700002670288077,normal,normal,bull_steep,95
2019-05-08,2.4820001125335693,2.3,0.1820001125335695,-0.05999988555908242,normal,normal,bull_steep,96
2019-05-09,2.4570000171661377,2.26,0.1970000171661379,-0.044000034332275284,normal,normal,bull_steep,97
2019-05-10,2.4549999237060547,2.26,0.1949999237060549,-0.06799998283386222,normal,normal,bull_steep,98
2019-05-13,2.4049999713897705,2.18,0.22499997138977035,0.0020000171661376243,normal,normal,bull_steep,99
2019-05-14,2.4189999103546143,2.2,0.21899991035461408,-0.01500019073486314,normal,normal,bull_steep,100
2019-05-15,2.378999948501587,2.16,0.21899994850158677,-0.004000005722045952,normal,normal,bull_steep,101
2019-05-16,2.4049999713897705,2.2,0.20499997138977033,-0.0060001277923587,normal,normal,bull_steep,102
2019-05-17,2.3929998874664307,2.2,0.1929998874664305,-0.0030000877380378377,normal,normal,bull_steep,103
2019-05-20,2.4159998893737797,2.21,0.20599988937377978,0.027999839782715252,normal,normal,bull_steep,104
2019-05-21,2.4260001182556152,2.26,0.16600011825561545,-0.047999944686889506,normal,normal,bull_steep,105
2019-05-22,2.3929998874664307,2.23,0.16299988746643068,-0.05100017547607427,normal,normal,bull_steep,106
2019-05-23,2.2960000038146973,2.12,0.17600000381469716,-0.04399989128112791,normal,normal,bull_steep,107
2019-05-24,2.3239998817443848,2.16,0.16399988174438462,-0.06900004386901903,normal,normal,bull_steep,108
2019-05-28,2.2679998874664307,2.12,0.14799988746643056,-0.09400006294250485,normal,normal,bull_steep,109
2019-05-29,2.236000061035156,2.09,0.14600006103515595,-0.09599988937377946,normal,normal,bull_steep,110
2019-05-30,2.226999998092652,2.06,0.16699999809265176,-0.07199995040893503,normal,normal,bull_steep,111
2019-05-31,2.1419999599456787,1.95,0.19199995994567876,-0.03999995231628417,normal,normal,bull_steep,112
2019-06-03,2.0810000896453857,1.82,0.2610000896453857,0.05400005340576164,normal,normal,bull_steep,113
2019-06-04,2.11899995803833,1.88,0.23899995803833018,0.02199995994567816,normal,normal,bull_steep,114
2019-06-05,2.122999906539917,1.83,0.2929999065399169,0.06999984741210907,normal,normal,bull_steep,115
2019-06-06,2.124000072479248,1.88,0.24400007247924815,0.04100001335143988,normal,normal,bull_steep,116
2019-06-07,2.0840001106262207,1.85,0.23400011062622061,0.02000015258789034,normal,normal,bull_steep,117
2019-06-10,2.1429998874664307,1.9,0.24299988746643075,0.021999959945678604,normal,normal,bull_steep,118
2019-06-11,2.140000104904175,1.93,0.21000010490417487,-0.027999992370605353,normal,normal,bull_steep,119
2019-06-12,2.127000093460083,1.88,0.24700009346008311,-0.02599985122680648,normal,normal,bull_steep,120
2019-06-13,2.0910000801086426,1.83,0.2610000801086425,-0.006999988555908221,normal,normal,bull_steep,121
2019-06-14,2.0929999351501465,1.84,0.2529999351501464,-0.005000143051147488,normal,normal,bull_steep,122
2019-06-17,2.0859999656677246,1.86,0.2259999656677245,-0.0220001029968262,normal,normal,bull_steep,123
2019-06-18,2.059999942779541,1.86,0.19999994277954092,-0.07200005531311082,normal,normal,bull_steep,124
2019-06-19,2.0290000438690186,1.74,0.28900004386901856,0.057999935150146564,normal,normal,bull_steep,125
2019-06-20,2.000999927520752,1.72,0.280999927520752,0.05499993324279795,normal,normal,bull_steep,126
2019-06-21,2.068000078201294,1.77,0.2980000782012939,0.05200008392333988,normal,normal,bull_steep,127
2019-06-24,2.0209999084472656,1.72,0.30099990844726565,0.040999984741210804,normal,normal,bull_steep,128
2019-06-25,1.99399995803833,1.71,0.2839999580383301,0.04799996376037585,normal,normal,bull_steep,129
2019-06-26,2.049000024795532,1.77,0.27900002479553176,-0.031999988555908576,normal,normal,bull_steep,130
2019-06-27,2.005000114440918,1.74,0.265000114440918,-0.061999912261962775,normal,normal,bull_steep,131
2019-06-28,2.0,1.75,0.25,-0.09499990463256847,normal,normal,bull_steep,132
2019-07-01,2.0339999198913574,1.78,0.2539999198913574,-0.07400002479553236,normal,normal,bull_steep,133
2019-07-02,1.9759999513626096,1.77,0.20599995136260962,-0.13899995326995884,normal,normal,bull_steep,134
2019-07-03,1.9529999494552608,1.77,0.18299994945526077,-0.09999994754791297,normal,normal,bull_steep,135
2019-07-05,2.0480000972747803,1.87,0.17800009727478017,-0.1129999351501465,normal,normal,bull_steep,136
2019-07-08,2.0339999198913574,1.88,0.15399991989135753,-0.15900018692016582,normal,normal,bull_steep,137
2019-07-09,2.053999900817871,1.92,0.13399990081787116,-0.1519999980926512,normal,normal,bull_steep,138
2019-07-10,2.061000108718872,1.82,0.241000108718872,-0.04799979209899896,normal,normal,bull_steep,139
2019-07-11,2.119999885559082,1.85,0.26999988555908194,-0.03500006675720213,normal,normal,bull_steep,140
2019-07-12,2.1059999465942383,1.84,0.2659999465942382,-0.012000007629394682,normal,normal,bull_steep,141
2019-07-15,2.0920000076293945,1.83,0.26200000762939446,-0.014000091552734517,normal,normal,bull_steep,142
2019-07-16,2.121999979019165,1.87,0.25199997901916493,-0.023999910354614684,normal,normal,bull_steep,143
2019-07-17,2.061000108718872,1.83,0.231000108718872,-0.05299996376037619,normal,normal,bull_steep,144
2019-07-18,2.0380001068115234,1.77,0.2680001068115234,-0.007999811172485494,normal,normal,bull_steep,145
2019-07-19,2.0480000972747803,1.8,0.24800009727478023,-0.01899980545043989,normal,normal,bull_steep,146
2019-07-22,2.0429999828338623,1.8,0.24299998283386226,-0.03399991035461469,normal,normal,bull_steep,147
2019-07-23,2.0739998817443848,1.83,0.2439998817443847,-0.026000013351440643,normal,normal,bull_steep,148
2019-07-24,2.049999952316284,1.83,0.2199999523162841,-0.0689999675750732,normal,normal,bull_steep,149
2019-07-25,2.0739998817443848,1.86,0.21399988174438467,-0.09000017166137719,normal,normal,bull_steep,150
2019-07-26,2.0810000896453857,1.86,0.22100008964538564,-0.08299989700317423,normal,normal,bull_steep,151
2019-07-29,2.055000066757202,1.85,0.20500006675720206,-0.08599990844726602,normal,normal,bull_steep,152
2019-07-30,2.061000108718872,1.85,0.21100010871887198,-0.07299987792968787,normal,normal,bull_steep,153
2019-07-31,2.0209999084472656,1.89,0.13099990844726572,-0.12200015068054237,normal,normal,bull_steep,154
2019-08-01,1.8940000534057615,1.73,0.16400005340576151,-0.0899999141693113,normal,normal,bull_steep,155
2019-08-02,1.8550000190734863,1.72,0.13500001907348635,-0.11399987220764163,normal,normal,bull_steep,156
2019-08-05,1.7350000143051147,1.59,0.14500001430511467,-0.10999996662139888,normal,normal,bull_steep,157
2019-08-06,1.7389999628067017,1.6,0.13899996280670157,-0.12099992275238058,normal,normal,bull_steep,158
2019-08-07,1.684000015258789,1.59,0.09400001525878898,-0.16400001525878927,normal,normal,bull_steep,159
2019-08-08,1.715999960899353,1.62,0.09599996089935292,-0.1679999208450318,normal,normal,bull_steep,160
2019-08-09,1.7339999675750732,1.63,0.10399996757507335,-0.16299995422363267,normal,normal,bull_steep,161
2019-08-12,1.6390000581741333,1.58,0.05900005817413323,-0.199000039100647,normal,normal,bull_steep,162
2019-08-13,1.6799999475479126,1.66,0.019999947547912678,-0.23100016117095934,normal,normal,bull_steep,163
2019-08-14,1.5809999704360962,1.58,0.0009999704360961204,-0.24299993038177492,normal,normal,bull_steep,164
2019-08-15,1.5290000438690186,1.48,0.04900004386901857,-0.18299998283386243,normal,normal,bull_steep,165
2019-08-16,1.5390000343322754,1.48,0.05900003433227541,-0.16600003242492667,normal,normal,bull_steep,166
2019-08-19,1.5980000495910645,1.53,0.06800004959106443,-0.16599986076354978,normal,normal,bull_steep,167
2019-08-20,1.5609999895095823,1.5,0.0609999895095823,-0.16400009632110613,normal,normal,bull_steep,168
2019-08-21,1.5770000219345093,1.56,0.017000021934509224,-0.19599998950958275,normal,normal,bull_steep,169
2019-08-22,1.6100000143051147,1.61,1.4305114648394124e-08,-0.16200008869171145,normal,normal,bull_steep,170
2019-08-23,1.527999997138977,1.51,0.017999997138977042,-0.10600002765655492,normal,normal,bull_steep,171
2019-08-26,1.5449999570846558,1.54,0.004999957084655726,-0.12099997043609623,normal,normal,bull_steep,172
2019-08-27,1.4900000095367432,1.53,-0.03999999046325686,-0.16999989509582503,inverted_flat,normal,bull_steep,173
2019-08-28,1.465999960899353,1.5,-0.03400003910064697,-0.16999998569488506,inverted_flat,normal,bull_steep,174
2019-08-29,1.5160000324249268,1.53,-0.013999967575073269,-0.11299991607666038,inverted_flat,normal,bull_steep,175
2019-08-30,1.50600004196167,1.5,0.006000041961669922,-0.12999985694885252,normal,normal,bull_steep,176
2019-09-03,1.465999960899353,1.47,-0.004000039100646946,-0.16500005245208738,inverted_flat,normal,bull_steep,177
2019-09-04,1.4589999914169312,1.43,0.028999991416931215,-0.13200004100799556,normal,normal,bull_steep,178
2019-09-05,1.565000057220459,1.55,0.01500005722045894,-0.14200005531311022,normal,normal,bull_steep,179
2019-09-06,1.5499999523162842,1.53,0.019999952316284153,-0.15500009536743176,normal,normal,bull_steep,180
2019-09-09,1.621999979019165,1.58,0.04199997901916497,-0.10600013732910174,normal,normal,bull_steep,181
2019-09-10,1.7020000219345093,1.67,0.03200002193450935,-0.08700001239776611,normal,normal,bull_steep,182
2019-09-11,1.7330000400543213,1.68,0.05300004005432135,-0.1090000152587891,normal,normal,bull_steep,183
2019-09-12,1.7910000085830688,1.72,0.07100000858306887,-0.12800006389617935,normal,normal,bull_steep,184
2019-09-13,1.902999997138977,1.79,0.11299999713897702,-0.07399993419647233,normal,normal,bull_steep,185
2019-09-16,1.840999960899353,1.74,0.10099996089935304,-0.08200006961822504,normal,normal,bull_steep,186
2019-09-17,1.812000036239624,1.72,0.09200003623962405,-0.12400002479553174,normal,normal,bull_steep,187
2019-09-18,1.7860000133514404,1.77,0.016000013351440412,-0.19000009536743168,normal,normal,bull_steep,188
2019-09-19,1.77400004863739,1.74,0.034000048637389924,-0.1269999647140505,normal,normal,bull_steep,189
2019-09-20,1.7549999952316284,1.69,0.06499999523162847,-0.0989999055862425,normal,normal,bull_steep,190
2019-09-23,1.7079999446868896,1.68,0.02799994468688971,-0.1309999752044677,normal,normal,bull_steep,191
2019-09-24,1.6349999904632568,1.6,0.03499999046325675,-0.1169999313354495,normal,normal,bull_steep,192
2019-09-25,1.7319999933242798,1.68,0.05199999332427985,-0.08400008678436266,normal,normal,bull_steep,193
2019-09-26,1.684999942779541,1.66,0.024999942779541096,-0.14299998283386262,normal,normal,bull_steep,194
2019-09-27,1.6749999523162842,1.63,0.044999952316284286,-0.12599999427795394,normal,normal,bull_steep,195
2019-09-30,1.6749999523162842,1.63,0.044999952316284286,-0.10600002288818411,normal,normal,bull_steep,196
2019-10-01,1.6440000534057615,1.56,0.08400005340576144,-0.09599998474121141,normal,normal,bull_steep,197
2019-10-02,1.5959999561309814,1.48,0.11599995613098146,-0.06500000953674334,normal,normal,bull_steep,198
2019-10-03,1.5360000133514404,1.39,0.14600001335144053,-0.03499993324279793,normal,normal,bull_steep,199
2019-10-04,1.5149999856948853,1.4,0.11499998569488534,-0.07400008678436265,normal,normal,bull_steep,200
2019-10-07,1.5529999732971191,1.46,0.09299997329711918,-0.07099994659423814,normal,normal,bull_steep,201
2019-10-08,1.5369999408721924,1.42,0.11699994087219245,-0.0330000782012938,normal,normal,bull_steep,202
2019-10-09,1.5889999866485596,1.47,0.1189999866485596,-0.0560001277923583,normal,normal,bull_steep,203
2019-10-10,1.6579999923706057,1.53,0.12799999237060566,-0.02399990081787129,normal,normal,bull_steep,204
2019-10-11,1.7519999742507937,1.63,0.12199997425079379,-0.031000046730041086,normal,normal,bull_steep,205
2019-10-15,1.7710000276565552,1.61,0.16100002765655508,0.01700006961822509,normal,normal,bull_steep,206
2019-10-16,1.7480000257492063,1.58,0.16800002574920625,0.016000132560729297,normal,normal,bull_steep,207
2019-10-17,1.756999969482422,1.6,0.156999969482422,-0.017999963760375826,normal,normal,bull_steep,208
2019-10-18,1.746999979019165,1.58,0.16699997901916497,-0.01800001144409169,normal,normal,bull_steep,209
2019-10-21,1.7920000553131104,1.62,0.17200005531311024,0.0010000705718993252,normal,normal,bull_steep,210
2019-10-22,1.7680000066757202,1.6,0.16800000667572013,-0.025999970436096476,normal,normal,bull_steep,211
2019-10-23,1.758999943733215,1.58,0.17899994373321504,0.007000041007994673,normal,normal,bull_steep,212
2019-10-24,1.7660000324249268,1.58,0.1860000324249267,0.004000129699706534,normal,normal,bull_steep,213
2019-10-25,1.8009999990463257,1.63,0.1709999990463258,-0.0009999513626097745,normal,normal,bull_steep,214
2019-10-28,1.8530000448226929,1.64,0.21300004482269297,0.03100007534027127,normal,normal,bull_steep,215
2019-10-29,1.8350000381469729,1.64,0.19500003814697298,0.014000024795532529,normal,normal,bull_steep,216
2019-10-30,1.7979999780654907,1.61,0.18799997806549062,0.0039999628067015625,normal,normal,bull_steep,217
2019-10-31,1.690999984741211,1.52,0.17099998474121092,-0.006999959945678924,normal,normal,bull_steep,218
2019-11-01,1.7280000448226929,1.56,0.16800004482269282,0.010999979972839746,normal,normal,bull_steep,219
2019-11-04,1.7860000133514404,1.6,0.18600001335144034,0.04000012397766062,normal,normal,bull_steep,220
2019-11-05,1.866000056266785,1.63,0.236000056266785,0.08899998188018832,normal,normal,bull_steep,221
2019-11-06,1.8140000104904173,1.61,0.20400001049041716,0.049999966621398606,normal,normal,bull_steep,222
2019-11-07,1.9259999990463257,1.68,0.24599999904632575,0.08800003528594957,normal,normal,bull_steep,223
2019-11-08,1.932999968528748,1.68,0.25299996852874806,0.07799999713897754,normal,normal,bull_steep,224
2019-11-12,1.909000039100647,1.66,0.24900003910064705,0.08599994182586657,normal,normal,bull_steep,225
2019-11-13,1.870000004768372,1.63,0.24000000476837213,0.08400008678436333,normal,normal,bull_steep,226
2019-11-14,1.815000057220459,1.58,0.2350000572204589,0.04199997901916497,normal,normal,bull_steep,227
2019-11-15,1.8339999914169312,1.61,0.22399999141693105,0.03300002574920646,normal,normal,bull_steep,228
2019-11-18,1.807999968528748,1.6,0.2079999685287479,0.0029998540878297675,normal,normal,bull_steep,229
2019-11-19,1.7860000133514404,1.6,0.18600001335144034,0.014000129699706765,normal,normal,bull_steep,230
2019-11-20,1.7380000352859497,1.56,0.17800003528594965,0.006000151634216078,normal,normal,bull_steep,231
2019-11-21,1.7719999551773071,1.6,0.17199995517730704,4.2915344167226976e-08,normal,normal,bull_steep,232
2019-11-22,1.77400004863739,1.61,0.16400004863738982,-0.0019998693466187767,normal,normal,bull_steep,233
2019-11-25,1.7640000581741333,1.61,0.1540000581741332,-0.02099994182586662,normal,normal,bull_steep,234
2019-11-26,1.7400000095367432,1.58,0.1600000095367431,-0.012999877929687376,normal,normal,bull_steep,235
2019-11-27,1.7669999599456787,1.63,0.13699995994567882,-0.018000059127807333,normal,normal,bull_steep,236
2019-11-29,1.7760000228881836,1.61,0.1660000228881835,0.004999961853027868,normal,normal,bull_steep,237
2019-12-02,1.8359999656677248,1.61,0.22599996566772473,0.05599985122680673,normal,normal,bull_steep,238
2019-12-03,1.7089999914169312,1.53,0.17899999141693113,0.0160000562667848,normal,normal,bull_steep,239
2019-12-04,1.781000018119812,1.58,0.20100001811981194,0.04900002002716031,normal,normal,bull_steep,240
2019-12-05,1.7970000505447388,1.58,0.2170000505447387,0.06299996852874745,normal,normal,bull_steep,241
2019-12-06,1.8420000076293943,1.61,0.2320000076293942,0.09699992179870565,normal,normal,bull_steep,242
2019-12-09,1.8289999961853027,1.63,0.19899999618530284,0.0720000553131106,normal,normal,bull_steep,243
2019-12-10,1.8329999446868896,1.65,0.18299994468688974,0.0380000209808351,normal,normal,bull_steep,244
2019-12-11,1.7899999618530271,1.61,0.17999996185302702,0.0199998855590815,normal,normal,bull_steep,245
2019-12-12,1.8969999551773071,1.66,0.2369999551773072,0.06299992084503203,normal,normal,bull_steep,246
2019-12-13,1.819000005722046,1.61,0.2090000057220458,0.05499993324279795,normal,normal,bull_steep,247
2019-12-16,1.8919999599456787,1.65,0.2419999599456788,0.08300002098083459,normal,normal,bull_steep,248
2019-12-17,1.8890000581741333,1.63,0.2590000581741334,0.11500002384185803,normal,normal,bull_steep,249
2019-12-18,1.924000024795532,1.63,0.2940000247955321,0.12700004577636714,normal,normal,bull_steep,250
2019-12-19,1.9079999923706052,1.62,0.28799999237060514,0.10700004577636668,normal,normal,bull_steep,251
2019-12-20,1.9170000553131104,1.63,0.28700005531311046,0.10000009536743182,normal,normal,bull_steep,252
2019-12-23,1.934999942779541,1.64,0.2949999427795411,0.11299985885620134,normal,normal,bull_steep,253
2019-12-24,1.909999966621399,1.62,0.2899999666213988,0.13900003910064695,normal,normal,bull_steep,254
2019-12-26,1.9049999713897705,1.64,0.2649999713897706,0.10599991798400876,normal,normal,bull_steep,255
2019-12-27,1.8739999532699585,1.59,0.2839999532699584,0.13499988079071046,normal,normal,bull_steep,256
2019-12-30,1.8949999809265137,1.58,0.3149999809265136,0.14799998283386184,normal,normal,bull_steep,257
2019-12-31,1.919000029563904,1.58,0.33900002956390396,0.18500008106231713,normal,normal,bull_steep,258
2020-01-02,1.8819999694824217,1.58,0.3019999694824216,0.14200002670288048,normal,normal,bull_steep,259
2020-01-03,1.787999987602234,1.53,0.2579999876022341,0.10500001430511485,normal,normal,bull_steep,260
2020-01-06,1.8109999895095823,1.54,0.27099998950958226,0.08899998188018787,normal,normal,bull_steep,261
2020-01-07,1.8270000219345093,1.54,0.28700002193450924,0.09500001430511462,normal,normal,bull_steep,262
2020-01-08,1.8739999532699585,1.58,0.2939999532699584,0.1140000104904173,normal,normal,bull_steep,263
2020-01-09,1.8580000400543213,1.58,0.2780000400543212,0.06800012588500959,normal,normal,bull_steep,264
2020-01-10,1.825000047683716,1.56,0.265000047683716,0.05500011444091801,normal,normal,bull_steep,265
2020-01-13,1.8480000495910645,1.58,0.2680000495910644,0.06599997520446754,normal,normal,bull_steep,266
2020-01-14,1.8179999589920044,1.58,0.23799995899200432,0.03400003910064697,normal,normal,bull_steep,267
2020-01-15,1.787999987602234,1.56,0.22799998760223406,0.0029998731613158913,normal,normal,bull_steep,268
2020-01-16,1.809000015258789,1.58,0.229000015258789,-0.006999998092651616,normal,normal,bull_steep,269
2020-01-17,1.8359999656677248,1.58,0.25599996566772476,0.016999902725219895,normal,normal,bull_steep,270
2020-01-21,1.7690000534057615,1.53,0.23900005340576147,0.038000135421752734,normal,normal,bull_steep,271
2020-01-22,1.7690000534057615,1.53,0.23900005340576147,0.03700000762939437,normal,normal,bull_steep,272
2020-01-23,1.7400000095367432,1.51,0.23000000953674316,0.029000110626220765,normal,normal,bull_steep,273
2020-01-24,1.680999994277954,1.49,0.1909999942779541,0.0009999942779541637,normal,normal,bull_steep,274
2020-01-27,1.6050000190734863,1.44,0.16500001907348638,-0.0029999351501466265,normal,normal,bull_steep,275
2020-01-28,1.6410000324249268,1.45,0.1910000324249268,0.008999919891357289,normal,normal,bull_steep,276
2020-01-29,1.593999981880188,1.42,0.17399998188018806,-0.02300003528594985,normal,normal,bull_steep,277
2020-01-30,1.5579999685287476,1.41,0.14799996852874764,-0.04699995517730726,normal,normal,bull_steep,278
2020-01-31,1.5199999809265137,1.33,0.1899999809265136,-0.03499999046325675,normal,normal,bull_steep,279
2020-02-03,1.5199999809265137,1.36,0.15999998092651357,-0.058999929428100506,normal,normal,bull_steep,280
2020-02-04,1.6030000448226929,1.41,0.19300004482269295,-0.02599990367889382,normal,normal,bull_steep,281
2020-02-05,1.64900004863739,1.44,0.20900004863738997,0.004000077247619638,normal,normal,bull_steep,282
2020-02-06,1.6440000534057615,1.44,0.20400005340576155,0.011000165939331064,normal,normal,bull_steep,283
2020-02-07,1.5779999494552612,1.41,0.1679999494552613,-0.037999939918518466,normal,normal,bull_steep,284
2020-02-10,1.5470000505447388,1.37,0.17700005054473866,0.010999932289123215,normal,normal,bull_steep,285
2020-02-11,1.590000033378601,1.41,0.18000003337860115,0.017000145912170472,normal,normal,bull_steep,286
2020-02-12,1.6299999952316284,1.44,0.18999999523162847,0.013999991416931312,normal,normal,bull_steep,287
2020-02-13,1.6169999837875366,1.44,0.17699998378753667,0.013000102043152051,normal,normal,bull_steep,288
2020-02-14,1.5880000591278076,1.42,0.1680000591278077,0.02000017166137713,normal,normal,bull_steep,289
2020-02-18,1.555999994277954,1.41,0.14599999427795418,-6.675720176652078e-08,normal,normal,bull_steep,290
2020-02-19,1.5700000524520874,1.42,0.15000005245208747,-0.016999945640564285,normal,normal,bull_steep,291
2020-02-20,1.524999976158142,1.39,0.1349999761581422,-0.05699998378753657,normal,normal,bull_steep,292
2020-02-21,1.4709999561309814,1.34,0.13099995613098137,-0.13000013351440431,normal,normal,bull_steep,293
2020-02-24,1.3769999742507937,1.26,0.11699997425079367,-0.12199998378753651,normal,normal,bull_steep,294
2020-02-25,1.3300000429153442,1.2,0.13000004291534428,-0.16299986362457264,normal,normal,bull_steep,295
2020-02-26,1.309999942779541,1.16,0.1499999427795411,-0.09400012969970706,normal,normal,bull_steep,296
2020-02-27,1.2990000247955322,1.11,0.18900002479553213,-0.045000085830688485,normal,normal,bull_steep,297
2020-02-28,1.1269999742507937,0.86,0.2669999742507937,0.02400008678436294,normal,normal,bull_steep,298
2020-03-02,1.0880000591278076,0.84,0.24800005912780765,0.03799995422363278,normal,normal,bull_steep,299
2020-03-03,1.0099999904632568,0.71,0.29999999046325687,0.05299989700317376,normal,normal,bull_steep,300
2020-03-04,0.9919999837875366,0.67,0.3219999837875366,0.060999903678894074,normal,normal,bull_steep,301
2020-03-05,0.9259999990463256,0.59,0.3359999990463256,0.0830000638961792,normal,normal,bull_steep,302
2020-03-06,0.7059999704360962,0.49,0.2159999704360962,-0.009999995231628311,normal,normal,bull_steep,303
2020-03-09,0.4990000128746032,0.38,0.11900001287460321,-0.0809999299049377,normal,normal,bull_steep,304
2020-03-10,0.7480000257492065,0.5,0.24800002574920654,-0.04100001811981202,normal,normal,bull_steep,305
2020-03-11,0.8199999928474426,0.5,0.3199999928474426,0.03900006532669065,normal,normal,bull_steep,306
2020-03-12,0.8489999771118164,0.5,0.3489999771118164,0.05099989891052248,normal,normal,bull_steep,307
2020-03-13,0.9509999752044678,0.49,0.4609999752044678,0.16000006675720213,normal,normal,bull_steep,308
2020-03-16,0.7279999852180481,0.36,0.3679999852180481,0.084000027179718,normal,normal,bull_steep,309
2020-03-17,0.996999979019165,0.47,0.5269999790191651,0.2479999542236333,normal,normal,bull_steep,310
2020-03-18,1.2660000324249268,0.54,0.7260000324249267,0.46099991798400874,bear_steep,normal,bull_steep,311
2020-03-19,1.11899995803833,0.44,0.6789999580383301,0.42899995803833013,bear_steep,normal,bull_steep,312
2020-03-20,0.9380000233650208,0.37,0.5680000233650208,0.31400010347366336,normal,normal,bull_steep,313
2020-03-23,0.7639999985694885,0.28,0.4839999985694885,0.2780000472068789,normal,normal,bull_steep,314
2020-03-24,0.8159999847412109,0.38,0.43599998474121093,0.25300003528595016,normal,normal,bull_steep,315
2020-03-25,0.8579999804496765,0.34,0.5179999804496764,0.33999988317489627,normal,normal,bull_steep,316
2020-03-26,0.8109999895095825,0.3,0.5109999895095825,0.35700006961822495,normal,normal,bull_steep,317
2020-03-27,0.7490000128746033,0.25,0.49900001287460327,0.3650001120567321,normal,normal,bull_steep,318
2020-03-30,0.6700000166893005,0.23,0.44000001668930055,0.19899990797042855,normal,normal,bull_steep,319
2020-03-31,0.6980000138282776,0.23,0.4680000138282776,0.19800012826919566,normal,normal,bull_steep,320
2020-04-01,0.6349999904632568,0.23,0.40499999046325685,0.13900004386901865,normal,normal,bull_steep,321
2020-04-02,0.6269999742507935,0.23,0.3969999742507935,0.13499996662139901,normal,normal,bull_steep,322
2020-04-03,0.5870000123977661,0.23,0.35700001239776613,0.1050000333786012,normal,normal,bull_steep,323
2020-04-06,0.6759999990463257,0.27,0.40599999904632567,0.17499989032745367,normal,normal,bull_steep,324
2020-04-07,0.7360000014305115,0.28,0.45600000143051145,0.18799989461898803,normal,normal,bull_steep,325
2020-04-08,0.7639999985694885,0.27,0.4939999985694885,0.24599990129470828,normal,normal,bull_steep,326
2020-04-09,0.7289999723434448,0.23,0.49899997234344484,0.2559999895095826,normal,normal,bull_steep,327
2020-04-13,0.7490000128746033,0.25,0.49900001287460327,0.2550001311302186,normal,normal,bull_steep,328
2020-04-14,0.7519999742507935,0.23,0.5219999742507935,0.30200002193450937,normal,normal,bull_steep,329
2020-04-15,0.6380000114440918,0.2,0.4380000114440918,0.22400012969970712,normal,normal,bull_steep,330
2020-04-16,0.609000027179718,0.2,0.409000027179718,0.18799993753433236,normal,normal,bull_steep,331
2020-04-17,0.6539999842643738,0.2,0.45399998426437377,0.2489999175071717,normal,normal,bull_steep,332
2020-04-20,0.6259999871253967,0.2,0.4259999871253967,0.21499987840652474,normal,normal,bull_steep,333
2020-04-21,0.5709999799728394,0.2,0.37099997997283934,0.24000007152557362,normal,normal,bull_steep,334
2020-04-22,0.6190000176429749,0.22,0.3990000176429749,0.23499996423721337,normal,normal,bull_steep,335
2020-04-23,0.6129999756813049,0.22,0.39299997568130496,0.2579999566078186,normal,normal,bull_steep,336
2020-04-24,0.5960000157356262,0.22,0.37600001573562625,0.23100000143051158,normal,normal,bull_steep,337
2020-04-27,0.656000018119812,0.24,0.416000018119812,0.27700005531311045,normal,normal,bull_steep,338
2020-04-28,0.6100000143051147,0.2,0.41000001430511473,0.31599999904632575,normal,normal,bull_steep,339
2020-04-29,0.6269999742507935,0.2,0.42699997425079345,0.3310000133514405,normal,normal,bull_steep,340
2020-04-30,0.621999979019165,0.2,0.42199997901916503,0.3180000114440917,normal,normal,bull_steep,341
2020-05-01,0.6420000195503235,0.2,0.4420000195503235,0.38299996137619025,normal,normal,bull_steep,342
2020-05-04,0.6370000243186951,0.19,0.44700002431869507,0.4270000767707824,bear_steep,normal,bull_steep,343
2020-05-05,0.6570000052452087,0.19,0.46700000524520874,0.4660000348091126,bear_steep,normal,bull_steep,344
2020-05-06,0.7110000252723694,0.17,0.5410000252723693,0.4919999814033508,bear_steep,normal,bull_steep,345
2020-05-07,0.6309999823570251,0.13,0.5009999823570251,0.44199994802474973,bear_steep,normal,bull_steep,346
2020-05-08,0.6819999814033508,0.16,0.5219999814033508,0.4539999318122864,bear_steep,bear_steep,normal,1
2020-05-11,0.7260000109672546,0.17,0.5560000109672546,0.4950000214576723,bear_steep,bear_steep,normal,2
2020-05-12,0.6779999732971191,0.17,0.5079999732971191,0.4909999513626099,bear_steep,bear_steep,normal,3
2020-05-13,0.6489999890327454,0.16,0.48899998903274533,0.4889999747276307,bear_steep,bear_steep,normal,4
2020-05-14,0.6190000176429749,0.16,0.4590000176429748,0.4410000205039978,bear_steep,bear_steep,normal,5
2020-05-15,0.6399999856948853,0.16,0.4799999856948852,0.4750000286102295,bear_steep,bear_steep,normal,6
2020-05-18,0.7440000176429749,0.18,0.5640000176429749,0.6040000081062318,bear_steep,bear_steep,normal,7
2020-05-19,0.7110000252723694,0.17,0.5410000252723693,0.5750000643730163,bear_steep,bear_steep,normal,8
2020-05-20,0.6800000071525574,0.16,0.5200000071525573,0.5339999747276306,bear_steep,bear_steep,normal,9
2020-05-21,0.6769999861717224,0.17,0.5069999861717224,0.5009999442100525,bear_steep,bear_steep,normal,10
2020-05-22,0.6570000052452087,0.17,0.4870000052452087,0.49100004434585565,bear_steep,bear_steep,normal,11
2020-05-26,0.6980000138282776,0.18,0.5180000138282777,0.48900002241134644,bear_steep,bear_steep,normal,12
2020-05-27,0.6800000071525574,0.19,0.49000000715255737,0.47499994993209843,bear_steep,bear_steep,normal,13
2020-05-28,0.7049999833106995,0.17,0.5349999833106994,0.5150000309944153,bear_steep,bear_steep,normal,14
2020-05-29,0.6480000019073486,0.16,0.4880000019073486,0.44600002288818363,bear_steep,bear_steep,normal,15
2020-06-01,0.6620000004768372,0.14,0.5220000004768371,0.4899999785423278,bear_steep,bear_steep,normal,16
2020-06-02,0.6800000071525574,0.17,0.5100000071525573,0.456999967098236,bear_steep,bear_steep,normal,17
2020-06-03,0.7609999775886536,0.19,0.5709999775886536,0.49999996900558474,bear_steep,bear_steep,normal,18
2020-06-04,0.8199999928474426,0.19,0.6299999928474427,0.5169999957084657,bear_steep,bear_steep,normal,19
2020-06-05,0.9039999842643738,0.22,0.6839999842643738,0.5830000233650208,bear_steep,bear_steep,normal,20
2020-06-08,0.8840000033378601,0.22,0.6640000033378601,0.5719999670982361,bear_steep,bear_steep,normal,21
2020-06-09,0.8289999961853027,0.2,0.6289999961853028,0.6129999828338624,bear_steep,bear_steep,normal,22
2020-06-10,0.7480000257492065,0.17,0.5780000257492065,0.5439999771118166,bear_steep,bear_steep,normal,23
2020-06-11,0.652999997138977,0.19,0.46299999713897705,0.3980000019073486,normal,bear_steep,normal,24
2020-06-12,0.6990000009536743,0.19,0.5090000009536744,0.48100005626678466,bear_steep,bear_steep,normal,25
2020-06-15,0.7020000219345093,0.19,0.5120000219345093,0.4770000314712526,bear_steep,bear_steep,normal,26
2020-06-16,0.7559999823570251,0.21,0.5459999823570252,0.49399998903274533,bear_steep,bear_steep,normal,27
2020-06-17,0.7329999804496765,0.19,0.5429999804496766,0.5180000376701355,bear_steep,bear_steep,normal,28
2020-06-18,0.6940000057220459,0.19,0.504000005722046,0.45900005340576167,bear_steep,bear_steep,normal,29
2020-06-19,0.6970000267028809,0.19,0.5070000267028809,0.4620000743865966,bear_steep,bear_steep,normal,30
2020-06-22,0.7039999961853027,0.19,0.5139999961853028,0.42999994277954134,bear_steep,bear_steep,normal,31
2020-06-23,0.7089999914169312,0.18,0.5289999914169312,0.41300003528594975,bear_steep,bear_steep,normal,32
2020-06-24,0.6840000152587891,0.19,0.49400001525878906,0.34800000190734853,normal,bear_steep,normal,33
2020-06-25,0.6740000247955322,0.17,0.5040000247955322,0.38900003910064684,normal,bear_steep,normal,34
2020-06-26,0.6359999775886536,0.17,0.4659999775886535,0.37300000429153435,normal,bear_steep,normal,35
2020-06-29,0.6359999775886536,0.16,0.47599997758865353,0.3590000367164611,normal,bear_steep,normal,36
2020-06-30,0.652999997138977,0.16,0.492999997138977,0.3740000104904174,normal,normal,bear_steep,1
2020-07-01,0.6819999814033508,0.17,0.5119999814033508,0.3839999890327451,normal,normal,bear_steep,2
2020-07-02,0.6690000295639038,0.16,0.5090000295639038,0.38700005531311,normal,normal,bear_steep,3
2020-07-06,0.6840000152587891,0.16,0.524000015258789,0.36299998760223395,normal,normal,bear_steep,4
2020-07-07,0.6499999761581421,0.16,0.48999997615814206,0.3219999504089358,normal,normal,bear_steep,5
2020-07-08,0.652999997138977,0.16,0.492999997138977,0.336000027656555,normal,normal,bear_steep,6
2020-07-09,0.6050000190734863,0.16,0.4450000190734863,0.27800004005432133,normal,normal,bear_steep,7
2020-07-10,0.6330000162124634,0.16,0.47300001621246335,0.3009999608993531,normal,normal,bear_steep,8
2020-07-13,0.6399999856948853,0.16,0.4799999856948852,0.3119999790191651,normal,normal,bear_steep,9
2020-07-14,0.6150000095367432,0.14,0.47500000953674315,0.2960000658035281,normal,normal,bear_steep,10
2020-07-15,0.6299999952316284,0.16,0.4699999952316284,0.2839999628067017,normal,normal,bear_steep,11
2020-07-16,0.6119999885559082,0.16,0.45199998855590817,0.2809999895095824,normal,normal,bear_steep,12
2020-07-17,0.628000020980835,0.14,0.48800002098083495,0.274999976158142,normal,normal,bear_steep,13
2020-07-20,0.6200000047683716,0.16,0.46000000476837155,0.2649999666213986,normal,normal,bear_steep,14
2020-07-21,0.6069999933242798,0.14,0.46699999332427977,0.27900001525878915,normal,normal,bear_steep,15
2020-07-22,0.5950000286102295,0.14,0.4550000286102295,0.28400004386901856,normal,normal,bear_steep,16
2020-07-23,0.5820000171661377,0.16,0.42200001716613766,0.25399997234344485,normal,normal,bear_steep,17
2020-07-24,0.5889999866485596,0.14,0.44899998664855956,0.2629999732971192,normal,normal,bear_steep,18
2020-07-27,0.609000027179718,0.15,0.459000027179718,0.222999970912933,normal,normal,bear_steep,19
2020-07-28,0.5809999704360962,0.14,0.4409999704360962,0.23699995994567902,normal,normal,bear_steep,20
2020-07-29,0.5789999961853027,0.12,0.45899999618530274,0.212999997138977,normal,normal,bear_steep,21
2020-07-30,0.5410000085830688,0.11,0.43100000858306886,0.1780000400543208,normal,normal,bear_steep,22
2020-07-31,0.5360000133514404,0.11,0.42600001335144044,0.1769999742507934,normal,normal,bear_steep,23
2020-08-03,0.5630000233650208,0.11,0.45300002336502077,0.21300001859664863,normal,normal,bear_steep,24
2020-08-04,0.5149999856948853,0.11,0.40499998569488527,0.16999992847442635,normal,normal,bear_steep,25
2020-08-05,0.5429999828338623,0.11,0.4329999828338623,0.20899999141693126,normal,normal,bear_steep,26
2020-08-06,0.5360000133514404,0.11,0.42600001335144044,0.21800004482269253,normal,normal,bear_steep,27
2020-08-07,0.5619999766349792,0.13,0.43199997663497924,0.2459999632835389,normal,normal,bear_steep,28
2020-08-10,0.5740000009536743,0.14,0.4340000009536743,0.25599996566772465,normal,normal,bear_steep,29
2020-08-11,0.6579999923706055,0.16,0.49799999237060544,0.3260000371932984,normal,normal,bear_steep,30
2020-08-12,0.6700000166893005,0.16,0.5100000166893005,0.3459999680519107,normal,normal,bear_steep,31
2020-08-13,0.7160000205039978,0.16,0.5560000205039978,0.40199996232986457,bear_steep,normal,bear_steep,32
2020-08-14,0.7089999914169312,0.14,0.5689999914169311,0.40899998188018805,bear_steep,normal,bear_steep,33
2020-08-17,0.6830000281333923,0.14,0.5430000281333923,0.4060000681877135,bear_steep,normal,bear_steep,34
2020-08-18,0.6690000295639038,0.14,0.5290000295639038,0.3630000066757203,normal,normal,bear_steep,35
2020-08-19,0.675000011920929,0.14,0.5350000119209289,0.3090000462532042,normal,normal,bear_steep,36
2020-08-20,0.6439999938011169,0.13,0.5139999938011169,0.3350000023841858,normal,normal,bear_steep,37
2020-08-21,0.6399999856948853,0.16,0.4799999856948852,0.2789999675750733,normal,normal,bear_steep,38
2020-08-24,0.6460000276565552,0.14,0.5060000276565552,0.28899997711181646,normal,normal,bear_steep,39
2020-08-25,0.6819999814033508,0.15,0.5319999814033508,0.2999999737739566,normal,normal,bear_steep,40
2020-08-26,0.6869999766349792,0.16,0.5269999766349792,0.3279999804496764,normal,normal,bear_steep,41
2020-08-27,0.7459999918937683,0.16,0.5859999918937683,0.40300004720687854,bear_steep,normal,bear_steep,42
2020-08-28,0.7289999723434448,0.14,0.5889999723434448,0.4090000104904178,bear_steep,normal,bear_steep,43
2020-08-31,0.6930000185966492,0.14,0.5530000185966492,0.31600006341934195,normal,normal,bear_steep,44
2020-09-01,0.671999990940094,0.13,0.541999990940094,0.3329999852180482,normal,normal,bear_steep,45
2020-09-02,0.6510000228881836,0.14,0.5110000228881836,0.2690000629425048,normal,normal,bear_steep,46
2020-09-03,0.621999979019165,0.13,0.49199997901916503,0.23299992084503163,normal,normal,bear_steep,47
2020-09-04,0.7210000157356262,0.14,0.5810000157356262,0.2869999909400941,normal,normal,bear_steep,48
2020-09-08,0.6840000152587891,0.14,0.544000015258789,0.2560000228881839,normal,normal,bear_steep,49
2020-09-09,0.703000009059906,0.14,0.563000009059906,0.27599995374679553,normal,normal,bear_steep,50
2020-09-10,0.6850000023841858,0.14,0.5450000023841858,0.25000005960464466,normal,normal,bear_steep,51
2020-09-11,0.6690000295639038,0.13,0.5390000295639038,0.24900006294250498,normal,normal,bear_steep,52
2020-09-14,0.6710000038146973,0.14,0.5310000038146973,0.26600003242492665,normal,normal,bear_steep,53
2020-09-15,0.6790000200271606,0.14,0.5390000200271606,0.2550000667572022,normal,normal,bear_steep,54
2020-09-16,0.6869999766349792,0.14,0.5469999766349792,0.23199999570846563,normal,normal,bear_steep,55
2020-09-17,0.6840000152587891,0.13,0.5540000152587891,0.2149999856948851,normal,normal,bear_steep,56
2020-09-18,0.6940000057220459,0.14,0.5540000057220459,0.2520000362396243,normal,normal,bear_steep,57
2020-09-21,0.6710000038146973,0.14,0.5310000038146973,0.27300001621246317,normal,normal,bear_steep,58
2020-09-22,0.6639999747276306,0.13,0.5339999747276306,0.26299998521804835,normal,normal,bear_steep,59
2020-09-23,0.6759999990463257,0.14,0.5359999990463257,0.24899997711181643,normal,normal,bear_steep,60
2020-09-24,0.6660000085830688,0.14,0.5260000085830688,0.2320000553131104,normal,normal,bear_steep,61
2020-09-25,0.6589999794960022,0.12,0.5389999794960022,0.260999939441681,normal,normal,bear_steep,62
2020-09-28,0.6629999876022339,0.14,0.5229999876022339,0.2579999399185179,normal,normal,bear_steep,63
2020-09-29,0.6449999809265137,0.11,0.5349999809265137,0.2669999313354493,normal,normal,bear_steep,64
2020-09-30,0.6769999861717224,0.13,0.5469999861717224,0.3090000271797181,normal,normal,bear_steep,65
2020-10-01,0.6769999861717224,0.14,0.5369999861717224,0.30899999856948834,normal,normal,bear_steep,66
2020-10-02,0.6959999799728394,0.13,0.5659999799728394,0.33699996471405036,normal,normal,bear_steep,67
2020-10-05,0.7620000243186951,0.14,0.622000024318695,0.3660000586509703,normal,normal,bear_steep,68
2020-10-06,0.7419999837875366,0.14,0.6019999837875366,0.36299993038177514,normal,normal,bear_steep,69
2020-10-07,0.7850000262260437,0.16,0.6250000262260437,0.3859999728202822,normal,normal,bear_steep,70
2020-10-08,0.7649999856948853,0.13,0.6349999856948852,0.4049999761581421,bear_steep,normal,bear_steep,71
2020-10-09,0.7749999761581421,0.16,0.6149999761581421,0.42399998188018795,bear_steep,normal,bear_steep,72
2020-10-13,0.7269999980926514,0.16,0.5669999980926513,0.40199997901916495,bear_steep,normal,bear_steep,73
2020-10-14,0.722000002861023,0.14,0.5820000028610229,0.39099997043609613,normal,normal,bear_steep,74
2020-10-15,0.7310000061988831,0.14,0.591000006198883,0.417000024318695,bear_steep,normal,bear_steep,75
2020-10-16,0.7440000176429749,0.14,0.6040000176429748,0.4560000491142272,bear_steep,normal,bear_steep,76
2020-10-19,0.7609999775886536,0.16,0.6009999775886535,0.41099999666213993,bear_steep,normal,bear_steep,77
2020-10-20,0.796999990940094,0.14,0.656999990940094,0.4970000100135804,bear_steep,normal,bear_steep,78
2020-10-21,0.8159999847412109,0.14,0.6759999847412109,0.482999939918518,bear_steep,bear_steep,normal,1
2020-10-22,0.8479999899864197,0.16,0.6879999899864196,0.4789999413490297,bear_steep,bear_steep,normal,2
2020-10-23,0.8410000205039978,0.18,0.6610000205039979,0.4569999670982363,bear_steep,bear_steep,normal,3
2020-10-26,0.8009999990463257,0.16,0.6409999990463257,0.47300004959106434,bear_steep,bear_steep,normal,4
2020-10-27,0.777999997138977,0.16,0.617999997138977,0.44099994659423836,bear_steep,bear_steep,normal,5
2020-10-28,0.781000018119812,0.16,0.621000018119812,0.4409999847412108,bear_steep,bear_steep,normal,6
2020-10-29,0.8349999785423279,0.16,0.6749999785423278,0.4849999833106994,bear_steep,bear_steep,normal,7
2020-10-30,0.8600000143051147,0.14,0.7200000143051147,0.5430000305175781,bear_steep,bear_steep,normal,8
2020-11-02,0.8489999771118164,0.16,0.6889999771118164,0.5209999179840087,bear_steep,bear_steep,normal,9
2020-11-03,0.8820000290870667,0.17,0.7120000290870666,0.5660000348091124,bear_steep,bear_steep,normal,10
2020-11-04,0.7680000066757202,0.14,0.6280000066757202,0.47799995422363273,bear_steep,bear_steep,normal,11
2020-11-05,0.7760000228881836,0.14,0.6360000228881836,0.5010000467300414,bear_steep,bear_steep,normal,12
2020-11-06,0.8199999928474426,0.16,0.6599999928474426,0.5290000367164612,bear_steep,bear_steep,normal,13
2020-11-09,0.9580000042915344,0.17,0.7880000042915344,0.6710000300407407,bear_steep,bear_steep,normal,14
2020-11-10,0.972000002861023,0.19,0.782000002861023,0.6519999599456787,bear_steep,bear_steep,normal,15
2020-11-12,0.8849999904632568,0.17,0.7149999904632568,0.5650000476837157,bear_steep,bear_steep,normal,16
2020-11-13,0.8930000066757202,0.17,0.7230000066757202,0.533999981880188,bear_steep,bear_steep,normal,17
2020-11-16,0.906000018119812,0.19,0.7160000181198121,0.4490000438690184,bear_steep,bear_steep,normal,18
2020-11-17,0.871999979019165,0.18,0.6919999790191651,0.44399991989135745,bear_steep,bear_steep,normal,19
2020-11-18,0.8820000290870667,0.16,0.7220000290870666,0.42200003862380975,bear_steep,bear_steep,normal,20
2020-11-19,0.8539999723434448,0.18,0.6739999723434449,0.3519999885559083,normal,bear_steep,normal,21
2020-11-20,0.8289999961853027,0.16,0.6689999961853027,0.3329999971389771,normal,bear_steep,normal,22
2020-11-23,0.8569999933242798,0.16,0.6969999933242798,0.48100002288818355,bear_steep,bear_steep,normal,23
2020-11-24,0.8820000290870667,0.16,0.7220000290870666,0.6030000162124634,bear_steep,bear_steep,normal,24
2020-11-25,0.878000020980835,0.17,0.7080000209808349,0.4599999952316284,bear_steep,bear_steep,normal,25
2020-11-27,0.8420000076293945,0.16,0.6820000076293945,0.3620000147819519,normal,bear_steep,normal,26
2020-11-30,0.843999981880188,0.16,0.683999981880188,0.33500000476837155,normal,bear_steep,normal,27
2020-12-01,0.9340000152587892,0.17,0.7640000152587891,0.30300004005432135,normal,bear_steep,normal,28
2020-12-02,0.9480000138282776,0.16,0.7880000138282776,0.42000002861022945,bear_steep,bear_steep,normal,29
2020-12-03,0.9200000166893004,0.16,0.7600000166893004,0.23300003767013533,normal,bear_steep,normal,30
2020-12-04,0.968999981880188,0.16,0.808999981880188,0.08299994945526123,normal,bear_steep,normal,31
2020-12-07,0.9279999732971193,0.14,0.7879999732971192,0.1090000152587891,normal,bear_steep,normal,32
2020-12-08,0.912999987602234,0.14,0.772999987602234,0.20499996423721323,normal,bear_steep,normal,33
2020-12-09,0.9409999847412108,0.16,0.7809999847412108,0.2969999861717223,normal,normal,bear_steep,1
2020-12-10,0.9079999923706056,0.14,0.7679999923706056,0.33200000762939463,normal,normal,bear_steep,2
2020-12-11,0.8930000066757202,0.11,0.7830000066757202,0.2650000262260438,normal,normal,bear_steep,3
2020-12-14,0.8920000195503235,0.13,0.7620000195503235,0.251000030040741,normal,normal,bear_steep,4
2020-12-15,0.9229999780654908,0.11,0.8129999780654908,0.3139999651908876,normal,normal,bear_steep,5
2020-12-16,0.9200000166893004,0.13,0.7900000166893004,0.34999999999999987,normal,normal,bear_steep,6
2020-12-17,0.9300000071525574,0.13,0.8000000071525574,0.33199999332427976,normal,normal,bear_steep,7
2020-12-18,0.9480000138282776,0.13,0.8180000138282776,0.41300002336502073,bear_steep,normal,bear_steep,8
2020-12-21,0.9409999847412108,0.13,0.8109999847412108,0.41400001049041735,bear_steep,normal,bear_steep,9
2020-12-22,0.9179999828338624,0.13,0.7879999828338624,0.4309999704360963,bear_steep,normal,bear_steep,10
2020-12-23,0.9549999833106996,0.13,0.8249999833106996,0.4189999842643739,bear_steep,normal,bear_steep,11
2020-12-24,0.9279999732971193,0.13,0.7979999732971192,0.3419999718666078,normal,normal,bear_steep,12
2020-12-28,0.9330000281333924,0.13,0.8030000281333924,0.30900002956390393,normal,normal,bear_steep,13
2020-12-29,0.9350000023841858,0.12,0.8150000023841858,0.31600003004074095,normal,normal,bear_steep,14
2020-12-30,0.9259999990463256,0.12,0.8059999990463256,0.3069999861717223,normal,normal,bear_steep,15
2020-12-31,0.9169999957084656,0.13,0.7869999957084656,0.2650000214576721,normal,normal,bear_steep,16
2021-01-04,0.9169999957084656,0.11,0.8069999957084656,0.3689999842643738,normal,normal,bear_steep,17
2021-01-05,0.9549999833106996,0.13,0.8249999833106996,0.41599995613098156,bear_steep,normal,bear_steep,18
2021-01-06,1.0420000553131104,0.14,0.9020000553131103,0.44800007104873657,bear_steep,normal,bear_steep,19
2021-01-07,1.0709999799728394,0.14,0.9309999799728393,0.5049999928474427,bear_steep,normal,bear_steep,20
2021-01-08,1.1050000190734863,0.14,0.9650000190734863,0.594000039100647,bear_steep,normal,bear_steep,21
2021-01-11,1.131999969482422,0.14,0.9919999694824221,0.5929999518394472,bear_steep,bear_steep,normal,1
2021-01-12,1.1380000114440918,0.14,0.9980000114440918,0.6050000357627868,bear_steep,bear_steep,normal,2
2021-01-13,1.0880000591278076,0.14,0.9480000591278076,0.5720000433921814,bear_steep,bear_steep,normal,3
2021-01-14,1.128999948501587,0.16,0.9689999485015869,0.5529999303817749,bear_steep,bear_steep,normal,4
2021-01-15,1.097000002861023,0.13,0.967000002861023,0.5569999885559083,bear_steep,bear_steep,normal,5
2021-01-19,1.0920000076293943,0.14,0.9520000076293943,0.5250000333786009,bear_steep,bear_steep,normal,6
2021-01-20,1.090000033378601,0.13,0.9600000333786011,0.5380000543594361,bear_steep,bear_steep,normal,7
2021-01-21,1.1089999675750732,0.13,0.9789999675750732,0.5369999480247498,bear_steep,bear_steep,normal,8
2021-01-22,1.090999960899353,0.13,0.960999960899353,0.513999936580658,bear_steep,bear_steep,normal,9
2021-01-25,1.0399999618530271,0.13,0.9099999618530271,0.4429999566078184,bear_steep,bear_steep,normal,10
2021-01-26,1.0399999618530271,0.11,0.9299999618530271,0.3889999365806578,normal,bear_steep,normal,11
2021-01-27,1.0140000581741333,0.12,0.8940000581741333,0.39300007581710816,normal,bear_steep,normal,12
2021-01-28,1.0570000410079956,0.12,0.9370000410079956,0.4150000596046448,bear_steep,bear_steep,normal,13
2021-01-29,1.093000054359436,0.11,0.983000054359436,0.42700004339218145,bear_steep,bear_steep,normal,14
2021-02-01,1.0770000219345093,0.11,0.9670000219345093,0.4590000486373902,bear_steep,bear_steep,normal,15
2021-02-02,1.1050000190734863,0.11,0.9950000190734863,0.506000030040741,bear_steep,bear_steep,normal,16
2021-02-03,1.13100004196167,0.11,1.0210000419616698,0.562000024318695,bear_steep,bear_steep,normal,17
2021-02-04,1.1390000581741333,0.11,1.0290000581741332,0.549000072479248,bear_steep,bear_steep,normal,18
2021-02-05,1.1699999570846558,0.09,1.0799999570846557,0.5159999394416808,bear_steep,bear_steep,normal,19
2021-02-08,1.159999966621399,0.11,1.0499999666213988,0.5089999413490295,bear_steep,bear_steep,normal,20
2021-02-09,1.156999945640564,0.11,1.0469999456405639,0.5269999384880065,bear_steep,bear_steep,normal,21
2021-02-10,1.1330000162124634,0.11,1.0230000162124633,0.5160000300407409,bear_steep,bear_steep,normal,22
2021-02-11,1.1579999923706057,0.11,1.0479999923706056,0.5609999871253969,bear_steep,bear_steep,normal,23
2021-02-12,1.2000000476837158,0.11,1.0900000476837157,0.5720000338554381,bear_steep,bear_steep,normal,24
2021-02-16,1.2990000247955322,0.13,1.1690000247955323,0.6790000176429749,bear_steep,bear_steep,normal,25
2021-02-17,1.3009999990463257,0.11,1.1909999990463256,0.6560000157356262,bear_steep,bear_steep,normal,26
2021-02-18,1.2869999408721924,0.11,1.1769999408721923,0.6889999389648437,bear_steep,bear_steep,normal,27
2021-02-19,1.3450000286102295,0.11,1.2350000286102294,0.7130000281333922,bear_steep,bear_steep,normal,28
2021-02-22,1.3700000047683716,0.11,1.2600000047683715,0.7499999976158142,bear_steep,bear_steep,normal,29
2021-02-23,1.3619999885559082,0.11,1.251999988555908,0.6810000109672545,bear_steep,bear_steep,normal,30
2021-02-24,1.3890000581741333,0.12,1.2690000581741332,0.6390000653266905,bear_steep,bear_steep,normal,31
2021-02-25,1.5180000066757202,0.17,1.3480000066757203,0.6640000224113465,bear_steep,bear_steep,normal,32
2021-02-26,1.4600000381469729,0.14,1.320000038146973,0.6560000348091128,bear_steep,bear_steep,normal,33
2021-03-01,1.4459999799728394,0.13,1.3159999799728395,0.6869999837875367,bear_steep,bear_steep,normal,34
2021-03-02,1.4149999618530271,0.13,1.284999961853027,0.7069999361038205,bear_steep,bear_steep,normal,35
2021-03-03,1.4700000286102295,0.14,1.3300000286102294,0.8670000314712523,bear_steep,bear_steep,normal,36
2021-03-04,1.5499999523162842,0.14,1.409999952316284,0.9009999513626097,bear_steep,bear_steep,normal,37
2021-03-05,1.5540000200271606,0.14,1.4140000200271605,0.9019999980926512,bear_steep,bear_steep,normal,38
2021-03-08,1.5959999561309814,0.17,1.4259999561309815,0.8799999737739563,bear_steep,bear_steep,normal,39
2021-03-09,1.5460000038146973,0.17,1.3760000038146973,0.8330000233650208,bear_steep,bear_steep,normal,40
2021-03-10,1.5199999809265137,0.16,1.3599999809265138,0.8559999752044678,bear_steep,bear_steep,normal,41
2021-03-11,1.5269999504089355,0.14,1.3869999504089354,0.8799999237060545,bear_steep,bear_steep,normal,42
2021-03-12,1.6349999904632568,0.14,1.4949999904632567,0.9809999942779539,bear_steep,bear_steep,normal,43
2021-03-15,1.6069999933242798,0.14,1.4669999933242797,0.9380000019073484,bear_steep,bear_steep,normal,44
2021-03-16,1.621000051498413,0.15,1.4710000514984132,0.9770000362396241,bear_steep,bear_steep,normal,45
2021-03-17,1.6410000324249268,0.13,1.5110000324249269,1.0070000076293946,bear_steep,bear_steep,normal,46
2021-03-18,1.7300000190734863,0.16,1.5700000190734864,1.104000041484833,bear_steep,bear_steep,normal,47
2021-03-19,1.7319999933242798,0.16,1.5719999933242799,1.0960000157356262,bear_steep,bear_steep,normal,48
2021-03-22,1.684000015258789,0.15,1.5340000152587892,1.0410000181198122,bear_steep,bear_steep,normal,49
2021-03-23,1.6380000114440918,0.15,1.4880000114440919,0.9760000300407411,bear_steep,bear_steep,normal,50
2021-03-24,1.6139999628067017,0.14,1.4739999628067015,0.9649999332427978,bear_steep,bear_steep,normal,51
2021-03-25,1.6139999628067017,0.14,1.4739999628067015,0.9499999475479125,bear_steep,bear_steep,normal,52
2021-03-26,1.659999966621399,0.14,1.5199999666213988,1.0299999904632569,bear_steep,bear_steep,normal,53
2021-03-29,1.7209999561309814,0.14,1.5809999561309813,1.0879999589920044,bear_steep,bear_steep,normal,54
2021-03-30,1.72599995136261,0.16,1.5659999513626102,1.120999932289124,bear_steep,bear_steep,normal,55
2021-03-31,1.746000051498413,0.16,1.5860000514984132,1.1130000352859497,bear_steep,bear_steep,normal,56
2021-04-01,1.6790000200271606,0.17,1.5090000200271607,1.0290000343322756,bear_steep,bear_steep,normal,57
2021-04-05,1.7200000286102295,0.17,1.5500000286102296,1.0750000190734865,bear_steep,bear_steep,normal,58
2021-04-06,1.656000018119812,0.16,1.496000018119812,1.0260000228881836,bear_steep,bear_steep,normal,59
2021-04-07,1.652999997138977,0.16,1.4929999971389771,1.0410000085830688,bear_steep,bear_steep,normal,60
2021-04-08,1.631999969482422,0.14,1.4919999694824222,1.0039999485015874,bear_steep,bear_steep,normal,61
2021-04-09,1.6660000085830688,0.16,1.506000008583069,1.0460000038146973,bear_steep,bear_steep,normal,62
2021-04-12,1.6749999523162842,0.18,1.4949999523162842,1.0279999589920044,bear_steep,bear_steep,normal,63
2021-04-13,1.6230000257492063,0.16,1.4630000257492064,1.007999997138977,bear_steep,bear_steep,normal,64
2021-04-14,1.6380000114440918,0.16,1.4780000114440919,1.055999994277954,bear_steep,bear_steep,normal,65
2021-04-15,1.5299999713897705,0.16,1.3699999713897706,0.920999984741211,bear_steep,bear_steep,normal,66
2021-04-16,1.5729999542236328,0.16,1.412999954223633,0.9539999270439149,bear_steep,bear_steep,normal,67
2021-04-19,1.60099995136261,0.16,1.4409999513626102,0.999999980926514,bear_steep,bear_steep,normal,68
2021-04-20,1.562000036239624,0.15,1.4120000362396241,0.9530000400543214,bear_steep,bear_steep,normal,69
2021-04-21,1.5640000104904177,0.15,1.4140000104904178,0.9830000019073489,bear_steep,bear_steep,normal,70
2021-04-22,1.5540000200271606,0.16,1.3940000200271607,0.9680000066757203,bear_steep,bear_steep,normal,71
2021-04-23,1.5670000314712524,0.16,1.4070000314712525,0.9540000081062318,bear_steep,bear_steep,normal,72
2021-04-26,1.5700000524520874,0.18,1.3900000524520875,0.9850000667572022,bear_steep,bear_steep,normal,73
2021-04-27,1.621999979019165,0.17,1.451999979019165,1.0189999961853027,bear_steep,bear_steep,normal,74
2021-04-28,1.6200000047683716,0.17,1.4500000047683717,1.023999991416931,bear_steep,bear_steep,normal,75
2021-04-29,1.6399999856948853,0.16,1.4799999856948853,1.0480000090599062,bear_steep,bear_steep,normal,76
2021-04-30,1.63100004196167,0.16,1.47100004196167,1.0370000410079956,bear_steep,bear_steep,normal,77
2021-05-03,1.6069999933242798,0.16,1.4469999933242799,0.9490000009536744,bear_steep,bear_steep,normal,78
2021-05-04,1.5920000076293943,0.16,1.4320000076293944,0.9219999909400939,bear_steep,bear_steep,normal,79
2021-05-05,1.5839999914169312,0.16,1.4239999914169312,0.8679999709129335,bear_steep,bear_steep,normal,80
2021-05-06,1.5609999895095823,0.16,1.4009999895095824,0.8319999980926512,bear_steep,bear_steep,normal,81
2021-05-07,1.5770000219345093,0.14,1.4370000219345092,0.8939999938011168,bear_steep,bear_steep,normal,82
2021-05-10,1.6019999980926514,0.16,1.4419999980926514,0.9129999685287477,bear_steep,bear_steep,normal,83
2021-05-11,1.6239999532699585,0.16,1.4639999532699586,0.9289999413490296,bear_steep,bear_steep,normal,84
2021-05-12,1.6950000524520874,0.16,1.5350000524520875,1.0210000586509707,bear_steep,bear_steep,normal,85
2021-05-13,1.6679999828338623,0.16,1.5079999828338624,1.027999997138977,bear_steep,bear_steep,normal,86
2021-05-14,1.6349999904632568,0.16,1.474999990463257,0.9689999628067018,bear_steep,bear_steep,normal,87
2021-05-17,1.6399999856948853,0.16,1.4799999856948853,0.9480000042915345,bear_steep,bear_steep,normal,88
2021-05-18,1.6419999599456787,0.16,1.4819999599456788,0.9549999833106996,bear_steep,bear_steep,normal,89
2021-05-19,1.6829999685287476,0.16,1.5229999685287476,0.9369999766349794,bear_steep,bear_steep,normal,90
2021-05-20,1.633999943733215,0.15,1.4839999437332152,0.8949999713897704,bear_steep,bear_steep,normal,91
2021-05-21,1.631999969482422,0.17,1.4619999694824222,0.908999950885773,bear_steep,bear_steep,normal,92
2021-05-24,1.6080000400543213,0.15,1.4580000400543214,0.9160000491142274,bear_steep,bear_steep,normal,93
2021-05-25,1.5640000104904177,0.15,1.4140000104904178,0.9029999876022342,bear_steep,bear_steep,normal,94
2021-05-26,1.5740000009536743,0.14,1.4340000009536742,0.9420000219345092,bear_steep,bear_steep,normal,95
2021-05-27,1.6100000143051147,0.14,1.4700000143051146,0.8889999985694884,bear_steep,bear_steep,normal,96
2021-05-28,1.5809999704360962,0.14,1.440999970436096,0.896999955177307,bear_steep,bear_steep,normal,97
2021-06-01,1.6150000095367432,0.16,1.4550000095367432,0.8920000004768373,bear_steep,bear_steep,normal,98
2021-06-02,1.590999960899353,0.13,1.4609999608993531,0.9159999585151674,bear_steep,bear_steep,normal,99
2021-06-03,1.625,0.16,1.465,0.9259999704360963,bear_steep,bear_steep,normal,100
2021-06-04,1.559999942779541,0.14,1.419999942779541,0.8889999389648436,bear_steep,bear_steep,normal,101
2021-06-07,1.569000005722046,0.16,1.409000005722046,0.8699999856948853,bear_steep,bear_steep,normal,102
2021-06-08,1.527999997138977,0.14,1.387999997138977,0.8410000205039977,bear_steep,bear_steep,normal,103
2021-06-09,1.4889999628067017,0.16,1.3289999628067017,0.7749999475479127,bear_steep,bear_steep,normal,104
2021-06-10,1.4589999914169312,0.14,1.318999991416931,0.7649999856948851,bear_steep,bear_steep,normal,105
2021-06-11,1.462000012397766,0.16,1.302000012397766,0.7710000085830687,bear_steep,bear_steep,normal,106
2021-06-14,1.5010000467300415,0.16,1.3410000467300416,0.807000072002411,bear_steep,bear_steep,normal,107
2021-06-15,1.4989999532699585,0.16,1.3389999532699586,0.8029999542236329,bear_steep,bear_steep,normal,108
2021-06-16,1.569000005722046,0.21,1.359000005722046,0.8329999971389771,bear_steep,bear_steep,normal,109
2021-06-17,1.5110000371932983,0.23,1.2810000371932984,0.7420000576972962,bear_steep,bear_steep,normal,110
2021-06-18,1.4500000476837158,0.26,1.1900000476837158,0.6670000600814819,bear_steep,bear_steep,normal,111
2021-06-21,1.4839999675750732,0.27,1.2139999675750732,0.6789999866485595,bear_steep,bear_steep,normal,112
2021-06-22,1.472000002861023,0.25,1.222000002861023,0.6750000166893005,bear_steep,bear_steep,normal,113
2021-06-23,1.4869999885559082,0.26,1.2269999885559082,0.6900000023841858,bear_steep,bear_steep,normal,114
2021-06-24,1.4869999885559082,0.26,1.2269999885559082,0.6610000085830688,bear_steep,bear_steep,normal,115
2021-06-25,1.5360000133514404,0.28,1.2560000133514404,0.6339999890327453,bear_steep,bear_steep,normal,116
2021-06-28,1.4780000448226929,0.25,1.2280000448226929,0.6260000610351563,bear_steep,bear_steep,normal,117
2021-06-29,1.4800000190734863,0.27,1.2100000190734863,0.5849999928474426,bear_steep,bear_steep,normal,118
2021-06-30,1.4429999589920044,0.25,1.1929999589920044,0.5579999732971191,bear_steep,bear_steep,normal,119
2021-07-01,1.4800000190734863,0.25,1.2300000190734863,0.6150000429153443,bear_steep,bear_steep,normal,120
2021-07-02,1.430999994277954,0.24,1.190999994277954,0.6239999961853028,bear_steep,bear_steep,normal,121
2021-07-06,1.3700000047683716,0.22,1.1500000047683716,0.5680000019073487,bear_steep,bear_steep,normal,122
2021-07-07,1.3209999799728394,0.22,1.1009999799728394,0.5099999737739563,bear_steep,bear_steep,normal,123
2021-07-08,1.287999987602234,0.19,1.0979999876022342,0.4939999699592593,bear_steep,bear_steep,normal,124
2021-07-09,1.3559999465942385,0.23,1.1259999465942385,0.524999969005585,bear_steep,bear_steep,normal,125
2021-07-12,1.3630000352859497,0.23,1.1330000352859497,0.47600004434585574,bear_steep,bear_steep,normal,126
2021-07-13,1.4149999618530271,0.26,1.1549999618530271,0.4789999771118162,bear_steep,bear_steep,normal,127
2021-07-14,1.3559999465942385,0.23,1.1259999465942385,0.4379999566078189,bear_steep,bear_steep,normal,128
2021-07-15,1.2970000505447388,0.23,1.0670000505447388,0.4060000300407409,bear_steep,bear_steep,normal,129
2021-07-16,1.2999999523162842,0.25,1.0499999523162842,0.4089999532699585,bear_steep,bear_steep,normal,130
2021-07-19,1.180999994277954,0.21,0.9709999942779541,0.3529999971389771,normal,bear_steep,normal,131
2021-07-20,1.2089999914169312,0.2,1.0089999914169312,0.3879999732971192,normal,bear_steep,normal,132
2021-07-21,1.2799999713897705,0.22,1.0599999713897705,0.3849999928474427,normal,bear_steep,normal,133
2021-07-22,1.2649999856948853,0.2,1.0649999856948853,0.34499997138977057,normal,bear_steep,normal,134
2021-07-23,1.2860000133514404,0.22,1.0660000133514405,0.3770000362396241,normal,normal,bear_steep,1
2021-07-26,1.2760000228881836,0.22,1.0560000228881836,0.343999993801117,normal,normal,bear_steep,2
2021-07-27,1.2339999675750732,0.2,1.0339999675750733,0.4059999608993531,bear_steep,normal,bear_steep,3
2021-07-28,1.2610000371932983,0.2,1.0610000371932984,0.4250000143051148,bear_steep,normal,bear_steep,4
2021-07-29,1.2690000534057615,0.2,1.0690000534057615,0.40900006055831895,bear_steep,normal,bear_steep,5
2021-07-30,1.2389999628067017,0.19,1.0489999628067017,0.26099995851516733,normal,normal,bear_steep,6
2021-08-02,1.1740000247955322,0.17,1.0040000247955323,0.2220000219345093,normal,normal,bear_steep,7
2021-08-03,1.1759999990463257,0.17,1.0059999990463258,0.29100000858306896,normal,normal,bear_steep,8
2021-08-04,1.184000015258789,0.17,1.0140000152587891,0.29100000858306896,normal,normal,bear_steep,9
2021-08-05,1.2170000076293943,0.21,1.0070000076293943,0.2909999895095823,normal,normal,bear_steep,10
2021-08-06,1.2899999618530271,0.21,1.0799999618530272,0.38799998283386206,normal,normal,bear_steep,11
2021-08-09,1.3170000314712524,0.23,1.0870000314712525,0.36500000238418584,normal,normal,bear_steep,12
2021-08-10,1.3420000076293943,0.24,1.1020000076293943,0.42800003528594943,bear_steep,normal,bear_steep,13
2021-08-11,1.3289999961853027,0.23,1.0989999961853028,0.43000000000000005,bear_steep,normal,bear_steep,14
2021-08-12,1.3669999837875366,0.23,1.1369999837875366,0.4399999904632569,bear_steep,normal,bear_steep,15
2021-08-13,1.2970000505447388,0.23,1.0670000505447388,0.34500002145767217,normal,normal,bear_steep,16
2021-08-16,1.256999969482422,0.21,1.0469999694824221,0.3389999485015872,normal,normal,bear_steep,17
2021-08-17,1.2580000162124634,0.23,1.0280000162124634,0.3460000085830689,normal,normal,bear_steep,18
2021-08-18,1.2730000019073486,0.23,1.0430000019073487,0.3590000200271607,normal,normal,bear_steep,19
2021-08-19,1.2419999837875366,0.22,1.0219999837875366,0.2579999685287475,normal,normal,bear_steep,20
2021-08-20,1.2599999904632568,0.23,1.0299999904632569,0.2419999766349793,normal,normal,bear_steep,21
2021-08-23,1.2549999952316284,0.23,1.0249999952316284,0.26499997854232804,normal,normal,bear_steep,22
2021-08-24,1.2899999618530271,0.24,1.0499999618530271,0.24099997997283917,normal,normal,bear_steep,23
2021-08-25,1.3420000076293943,0.23,1.1120000076293943,0.3240000343322751,normal,normal,bear_steep,24
2021-08-26,1.3420000076293943,0.25,1.0920000076293943,0.3190000200271603,normal,normal,bear_steep,25
2021-08-27,1.312000036239624,0.22,1.092000036239624,0.31100005149841325,normal,normal,bear_steep,26
2021-08-30,1.284999966621399,0.2,1.084999966621399,0.3169999742507934,normal,normal,bear_steep,27
2021-08-31,1.3040000200271606,0.2,1.1040000200271607,0.32100001335144046,normal,normal,bear_steep,28
2021-09-01,1.3020000457763672,0.2,1.1020000457763672,0.34000002622604375,normal,normal,bear_steep,29
2021-09-02,1.2940000295639038,0.2,1.0940000295639039,0.281000051498413,normal,normal,bear_steep,30
2021-09-03,1.3220000267028809,0.21,1.112000026702881,0.3220000100135805,normal,normal,bear_steep,31
2021-09-07,1.3700000047683716,0.22,1.1500000047683716,0.34999999761581424,normal,normal,bear_steep,32
2021-09-08,1.3339999914169312,0.22,1.1139999914169312,0.2959999775886536,normal,normal,bear_steep,33
2021-09-09,1.2990000247955322,0.23,1.0690000247955322,0.2580000400543214,normal,normal,bear_steep,34
2021-09-10,1.340999960899353,0.23,1.110999960899353,0.32299997806549063,normal,normal,bear_steep,35
2021-09-13,1.3240000009536743,0.21,1.1140000009536744,0.2890000176429748,normal,normal,bear_steep,36
2021-09-14,1.2769999504089355,0.21,1.0669999504089356,0.26899997711181634,normal,normal,bear_steep,37
2021-09-15,1.3040000200271606,0.21,1.0940000200271607,0.29099999189376824,normal,normal,bear_steep,38
2021-09-16,1.3309999704360962,0.23,1.1009999704360962,0.2859999680519104,normal,normal,bear_steep,39
2021-09-17,1.3700000047683716,0.23,1.1400000047683716,0.334000005722046,normal,normal,bear_steep,40
2021-09-20,1.309000015258789,0.23,1.079000015258789,0.2920000195503235,normal,normal,bear_steep,41
2021-09-21,1.3240000009536743,0.22,1.1040000009536743,0.29700000524520875,normal,normal,bear_steep,42
2021-09-22,1.3359999656677246,0.25,1.0859999656677246,0.26099998235702504,normal,normal,bear_steep,43
2021-09-23,1.409999966621399,0.27,1.139999966621399,0.23799991130828857,normal,normal,bear_steep,44
2021-09-24,1.4600000381469729,0.29,1.1700000381469728,0.2390000581741335,normal,normal,bear_steep,45
2021-09-27,1.4839999675750732,0.31,1.1739999675750732,0.20899994850158687,normal,normal,bear_steep,46
2021-09-28,1.534000039100647,0.31,1.224000039100647,0.23200006961822484,normal,normal,bear_steep,47
2021-09-29,1.5410000085830688,0.3,1.2410000085830688,0.24299999713897702,normal,normal,bear_steep,48
2021-09-30,1.5290000438690186,0.28,1.2490000438690185,0.3009999847412109,normal,normal,bear_steep,49
2021-10-01,1.4789999723434448,0.27,1.2089999723434448,0.24000002384185792,normal,normal,bear_steep,50
2021-10-04,1.4809999465942385,0.27,1.2109999465942385,0.24399994373321554,normal,normal,bear_steep,51
2021-10-05,1.5290000438690186,0.28,1.2490000438690185,0.29700003623962423,normal,normal,bear_steep,52
2021-10-06,1.52400004863739,0.3,1.2240000486373899,0.2640000152587888,normal,normal,bear_steep,53
2021-10-07,1.5709999799728394,0.32,1.2509999799728393,0.27200001239776606,normal,normal,bear_steep,54
2021-10-08,1.6050000190734863,0.32,1.2850000190734863,0.32400005817413324,normal,normal,bear_steep,55
2021-10-12,1.5800000429153442,0.35,1.2300000429153441,0.32000008106231703,normal,normal,bear_steep,56
2021-10-13,1.5490000247955322,0.37,1.1790000247955321,0.24900006294250498,normal,normal,bear_steep,57
2021-10-14,1.5190000534057615,0.36,1.1590000534057614,0.2649999952316281,normal,normal,bear_steep,58
2021-10-15,1.5759999752044678,0.41,1.1659999752044679,0.22899993419647224,normal,normal,bear_steep,59
2021-10-18,1.5839999914169312,0.44,1.1439999914169312,0.16099993705749516,normal,normal,bear_steep,60
2021-10-19,1.6349999904632568,0.41,1.224999990463257,0.2579999685287476,normal,normal,bear_steep,61
2021-10-20,1.6360000371932983,0.4,1.2360000371932984,0.2410000181198121,normal,normal,bear_steep,62
2021-10-21,1.6759999990463257,0.45,1.2259999990463257,0.2049999570846559,normal,normal,bear_steep,63
2021-10-22,1.6549999713897705,0.48,1.1749999713897705,0.14599991321563732,normal,normal,bear_steep,64
2021-10-25,1.6349999904632568,0.47,1.1649999904632569,0.08500003337860118,normal,normal,bear_steep,65
2021-10-26,1.61899995803833,0.47,1.14899995803833,0.09899999141693128,normal,normal,bear_steep,66
2021-10-27,1.5290000438690186,0.5,1.0290000438690186,-0.017999901771545312,normal,normal,bear_steep,67
2021-10-28,1.5679999589920044,0.5,1.0679999589920044,0.04499994277954111,normal,normal,bear_steep,68
2021-10-29,1.5570000410079956,0.48,1.0770000410079956,0.02900004863739003,normal,normal,bear_steep,69
2021-11-01,1.5750000476837158,0.5,1.0750000476837158,-0.014999999999999902,normal,normal,bear_steep,70
2021-11-02,1.5490000247955322,0.46,1.0890000247955323,-0.08000000000000007,normal,normal,bear_steep,71
2021-11-03,1.5789999961853027,0.47,1.1089999961853028,-0.08200000286102282,normal,normal,bear_steep,72
2021-11-04,1.52400004863739,0.41,1.11400004863739,-0.06299989223480229,normal,normal,bear_steep,73
2021-11-05,1.4529999494552612,0.39,1.062999949455261,-0.1720000791549683,normal,normal,bear_steep,74
2021-11-08,1.496999979019165,0.45,1.046999979019165,-0.2130000257492064,normal,normal,bear_steep,75
2021-11-09,1.4320000410079956,0.41,1.0220000410079957,-0.22999994754791242,normal,normal,bear_steep,76
2021-11-10,1.559999942779541,0.51,1.049999942779541,-0.2190001153945922,normal,normal,bear_steep,77
2021-11-12,1.5820000171661377,0.53,1.0520000171661377,-0.2959999895095826,normal,normal,bear_steep,78
2021-11-15,1.6230000257492063,0.53,1.0930000257492063,-0.22700001239776668,normal,normal,bear_steep,79
2021-11-16,1.633999943733215,0.54,1.093999943733215,-0.2220000362396244,normal,normal,bear_steep,80
2021-11-17,1.6039999723434448,0.52,1.0839999723434448,-0.2009999895095822,normal,normal,bear_steep,81
2021-11-18,1.5889999866485596,0.52,1.0689999866485596,-0.2610000419616698,normal,normal,bear_steep,82
2021-11-19,1.5360000133514404,0.52,1.0160000133514404,-0.39399993896484364,normal,normal,bear_steep,83
2021-11-22,1.625,0.63,0.995,-0.4190000200271605,bull_steep,normal,bear_steep,84
2021-11-23,1.6670000553131104,0.6,1.0670000553131103,-0.35899990081787125,normal,normal,bear_steep,85
2021-11-24,1.6449999809265137,0.64,1.0049999809265135,-0.3710000228881838,normal,normal,bear_steep,86
2021-11-26,1.4819999933242798,0.5,0.9819999933242798,-0.37799998760223397,normal,normal,bear_steep,87
2021-11-29,1.5299999713897705,0.51,1.0199999713897705,-0.3669999790191649,normal,normal,bear_steep,88
2021-11-30,1.4429999589920044,0.52,0.9229999589920044,-0.5720000314712523,bull_steep,normal,bear_steep,89
2021-12-01,1.434000015258789,0.56,0.874000015258789,-0.5929999780654907,bull_steep,normal,bear_steep,90
2021-12-02,1.4479999542236328,0.63,0.8179999542236328,-0.6530000972747804,bull_steep,normal,bear_steep,91
2021-12-03,1.343000054359436,0.6,0.7430000543594361,-0.7679999780654908,bull_steep,normal,bear_steep,92
2021-12-06,1.434000015258789,0.65,0.784000015258789,-0.7860000038146974,bull_steep,bull_steep,normal,1
2021-12-07,1.4800000190734863,0.7,0.7800000190734864,-0.7919999742507935,bull_steep,bull_steep,normal,2
2021-12-08,1.508999943733215,0.68,0.8289999437332151,-0.7050000715255741,bull_steep,bull_steep,normal,3
2021-12-09,1.4869999885559082,0.7,0.7869999885559082,-0.7010000228881836,bull_steep,bull_steep,normal,4
2021-12-10,1.4889999628067017,0.67,0.8189999628067016,-0.6549999999999999,bull_steep,bull_steep,normal,5
2021-12-13,1.4240000247955322,0.66,0.7640000247955322,-0.7099999380111693,bull_steep,bull_steep,normal,6
2021-12-14,1.437999963760376,0.67,0.7679999637603759,-0.7520000028610229,bull_steep,bull_steep,normal,7
2021-12-15,1.4630000591278076,0.69,0.7730000591278077,-0.8079998970031737,bull_steep,bull_steep,normal,8
2021-12-16,1.4220000505447388,0.64,0.7820000505447388,-0.7839999008178714,bull_steep,bull_steep,normal,9
2021-12-17,1.4019999504089355,0.66,0.7419999504089355,-0.8440001010894777,bull_steep,bull_steep,normal,10
2021-12-20,1.4190000295639038,0.65,0.7690000295639038,-0.7399999904632569,bull_steep,bull_steep,normal,11
2021-12-21,1.4869999885559082,0.7,0.7869999885559082,-0.7630000400543213,bull_steep,bull_steep,normal,12
2021-12-22,1.4570000171661377,0.68,0.7770000171661376,-0.7190000009536744,bull_steep,bull_steep,normal,13
2021-12-23,1.493000030517578,0.71,0.7830000305175779,-0.7099999666213992,bull_steep,bull_steep,normal,14
2021-12-27,1.4809999465942385,0.76,0.7209999465942385,-0.7710000228881837,bull_steep,bull_steep,normal,15
2021-12-28,1.4809999465942385,0.74,0.7409999465942385,-0.7650000619888304,bull_steep,bull_steep,normal,16
2021-12-29,1.5429999828338623,0.75,0.7929999828338623,-0.7019999694824219,bull_steep,bull_steep,normal,17
2021-12-30,1.5149999856948853,0.73,0.7849999856948853,-0.6780000400543211,bull_steep,bull_steep,normal,18
2021-12-31,1.5119999647140503,0.73,0.7819999647140503,-0.6960000467300416,bull_steep,bull_steep,normal,19
2022-01-03,1.628000020980835,0.78,0.8480000209808349,-0.5219999504089357,bull_steep,bull_steep,normal,20
2022-01-04,1.6679999828338623,0.77,0.8979999828338623,-0.5149999713897706,bull_steep,bull_steep,normal,21
2022-01-05,1.7050000429153442,0.83,0.8750000429153443,-0.5659999084472659,bull_steep,bull_steep,normal,22
2022-01-06,1.7330000400543213,0.88,0.8530000400543213,-0.5589999961853028,bull_steep,bull_steep,normal,23
2022-01-07,1.7710000276565552,0.87,0.9010000276565552,-0.5129999828338626,bull_steep,bull_steep,normal,24
2022-01-10,1.7799999713897705,0.92,0.8599999713897705,-0.5340000486373903,bull_steep,bull_steep,normal,25
2022-01-11,1.746000051498413,0.9,0.8460000514984131,-0.5609999799728395,bull_steep,bull_steep,normal,26
2022-01-12,1.725000023841858,0.92,0.8050000238418579,-0.5850000286102296,bull_steep,bull_steep,normal,27
2022-01-13,1.7109999656677246,0.91,0.8009999656677246,-0.6510000133514405,bull_steep,bull_steep,normal,28
2022-01-14,1.7719999551773071,0.99,0.7819999551773071,-0.6680000495910645,bull_steep,bull_steep,normal,29
2022-01-18,1.8650000095367432,1.06,0.8050000095367431,-0.6749999761581422,bull_steep,bull_steep,normal,30
2022-01-19,1.8270000219345093,1.04,0.7870000219345092,-0.6840000200271608,bull_steep,bull_steep,normal,31
2022-01-20,1.8329999446868896,1.08,0.7529999446868896,-0.6940000486373903,bull_steep,bull_steep,normal,32
2022-01-21,1.746999979019165,1.01,0.736999979019165,-0.6950000286102294,bull_steep,bull_steep,normal,33
2022-01-24,1.7350000143051147,0.99,0.7450000143051148,-0.6789999771118165,bull_steep,bull_steep,normal,34
2022-01-25,1.7829999923706057,1.02,0.7629999923706057,-0.6379999971389767,bull_steep,bull_steep,normal,35
2022-01-26,1.8480000495910645,1.13,0.7180000495910646,-0.7189999723434446,bull_steep,bull_steep,normal,36
2022-01-27,1.807000041007996,1.18,0.6270000410079961,-0.8149999570846553,bull_steep,bull_steep,normal,37
2022-01-28,1.781999945640564,1.15,0.631999945640564,-0.8320000076293945,bull_steep,bull_steep,normal,38
2022-01-31,1.781999945640564,1.18,0.601999945640564,-0.9330001068115235,bull_steep,bull_steep,normal,39
2022-02-01,1.7999999523162842,1.18,0.6199999523162842,-0.8880000305175781,bull_steep,bull_steep,normal,40
2022-02-02,1.7660000324249268,1.16,0.6060000324249268,-0.8689999580383301,bull_steep,bull_steep,normal,41
2022-02-03,1.8270000219345093,1.19,0.6370000219345093,-0.842999963760376,bull_steep,bull_steep,normal,42
2022-02-04,1.9299999475479128,1.31,0.6199999475479128,-0.862000012397766,bull_steep,bull_steep,normal,43
2022-02-07,1.9160000085830688,1.3,0.6160000085830688,-0.9069999599456788,bull_steep,bull_steep,normal,44
2022-02-08,1.9539999961853027,1.35,0.6039999961853026,-0.8799999475479126,bull_steep,bull_steep,normal,45
2022-02-09,1.9290000200271609,1.36,0.5690000200271608,-0.8929999494552614,bull_steep,bull_steep,normal,46
2022-02-10,2.0309998989105225,1.61,0.42099989891052236,-1.037000141143799,bull_steep,bull_steep,normal,47
2022-02-11,1.955000042915344,1.5,0.455000042915344,-0.9589999675750738,bull_steep,bull_steep,normal,48
2022-02-14,1.996000051498413,1.58,0.416000051498413,-1.0179999494552612,bull_steep,bull_steep,normal,49
2022-02-15,2.0450000762939453,1.58,0.46500007629394524,-1.0049999380111694,bull_steep,bull_steep,normal,50
2022-02-16,2.046999931335449,1.52,0.5269999313354492,-0.9140000391006469,bull_steep,bull_steep,normal,51
2022-02-17,1.972000002861023,1.49,0.48200000286102296,-0.9730000066757203,bull_steep,bull_steep,normal,52
2022-02-18,1.932000041007996,1.47,0.4620000410079961,-0.9989999198913571,bull_steep,bull_steep,normal,53
2022-02-22,1.9479999542236328,1.56,0.38799995422363276,-1.0770000457763673,bull_steep,bull_steep,normal,54
2022-02-23,1.9769999980926516,1.58,0.3969999980926515,-1.0229999446868894,bull_steep,bull_steep,normal,55
2022-02-24,1.968999981880188,1.54,0.42899998188018795,-0.980000023841858,bull_steep,bull_steep,normal,56
2022-02-25,1.9859999418258667,1.55,0.43599994182586665,-0.9520000553131103,bull_steep,bull_steep,normal,57
2022-02-28,1.83899998664856,1.44,0.39899998664856007,-0.9299999761581417,bull_steep,bull_steep,normal,58
2022-03-01,1.7070000171661377,1.31,0.39700001716613764,-0.9219999742507934,bull_steep,bull_steep,normal,59
2022-03-02,1.8650000095367432,1.5,0.36500000953674316,-0.9370000028610228,bull_steep,bull_steep,normal,60
2022-03-03,1.843999981880188,1.53,0.31399998188018796,-1.0270000648498536,bull_steep,bull_steep,normal,61
2022-03-04,1.7239999771118164,1.5,0.2239999771118164,-1.1149999761581422,bull_steep,bull_steep,normal,62
2022-03-07,1.7510000467300415,1.55,0.20100004673004146,-1.1579999589920045,bull_steep,bull_steep,normal,63
2022-03-08,1.871999979019165,1.63,0.24199997901916515,-1.0390000581741332,bull_steep,bull_steep,normal,64
2022-03-09,1.9479999542236328,1.68,0.2679999542236329,-0.9220000934600829,bull_steep,bull_steep,normal,65
2022-03-10,2.010999917984009,1.72,0.2909999179840088,-0.9230000495910644,bull_steep,bull_steep,normal,66
2022-03-11,2.003999948501587,1.75,0.2539999485015869,-0.968000054359436,bull_steep,bull_steep,normal,67
2022-03-14,2.140000104904175,1.87,0.2700001049041747,-0.9569998836517335,bull_steep,bull_steep,normal,68
2022-03-15,2.1600000858306885,1.85,0.3100000858306884,-0.9169999027252198,bull_steep,bull_steep,normal,69
2022-03-16,2.187999963760376,1.95,0.23799996376037602,-1.0180000495910644,bull_steep,bull_steep,normal,70
2022-03-17,2.191999912261963,1.94,0.25199991226196294,-0.9760001325607299,bull_steep,bull_steep,normal,71
2022-03-18,2.1480000019073486,1.97,0.17800000190734866,-1.0320000171661377,bull_steep,bull_steep,normal,72
2022-03-21,2.315000057220459,2.14,0.17500005722045886,-1.0179999017715455,bull_steep,bull_steep,normal,73
2022-03-22,2.372999906539917,2.18,0.19299990653991683,-1.0370001125335695,bull_steep,bull_steep,normal,74
2022-03-23,2.321000099182129,2.13,0.191000099182129,-0.9999998950958251,bull_steep,bull_steep,normal,75
2022-03-24,2.3410000801086426,2.13,0.21100008010864268,-0.9389999246597289,bull_steep,bull_steep,normal,76
2022-03-25,2.492000102996826,2.3,0.19200010299682635,-0.908999876976013,bull_steep,bull_steep,normal,77
2022-03-28,2.476999998092652,2.35,0.12699999809265172,-0.9709999895095824,bull_steep,bull_steep,normal,78
2022-03-29,2.400000095367432,2.35,0.050000095367431996,-1.0759998512268065,bull_steep,bull_steep,normal,79
2022-03-30,2.3580000400543213,2.31,0.048000040054321236,-1.0849999952316285,bull_steep,bull_steep,normal,80
2022-03-31,2.32699990272522,2.28,0.046999902725220366,-1.1080000591278067,bull_steep,bull_steep,normal,81
2022-04-01,2.377000093460083,2.44,-0.06299990653991694,-1.1889998531341555,bull_steep,bull_steep,normal,82
2022-04-04,2.4119999408721924,2.43,-0.018000059127807777,-1.0850001096725466,bull_steep,bull_steep,normal,83
2022-04-05,2.555999994277954,2.51,0.045999994277954315,-1.0039999580383299,bull_steep,bull_steep,normal,84
2022-04-06,2.608999967575073,2.5,0.1089999675750728,-0.8620000267028813,bull_steep,bull_steep,normal,85
2022-04-07,2.6519999504089355,2.47,0.18199995040893535,-0.8270000410079958,bull_steep,bull_steep,normal,86
2022-04-08,2.713000059127808,2.53,0.18300005912780826,-0.8769999122619623,bull_steep,bull_steep,normal,87
2022-04-11,2.7799999713897705,2.5,0.2799999713897705,-0.7850000143051148,bull_steep,bull_steep,normal,88
2022-04-12,2.7249999046325684,2.39,0.33499990463256824,-0.7310001087188722,bull_steep,bull_steep,normal,89
2022-04-13,2.687000036239624,2.37,0.3170000362396239,-0.7389999866485597,bull_steep,bull_steep,normal,90
2022-04-14,2.828000068664551,2.47,0.3580000686645506,-0.6759998989105227,bull_steep,bull_steep,normal,91
2022-04-18,2.861999988555908,2.46,0.40199998855590824,-0.6590000486373901,bull_steep,bull_steep,normal,92
2022-04-19,2.9130001068115234,2.61,0.30300010681152356,-0.765999946594238,bull_steep,bull_steep,normal,93
2022-04-20,2.8399999141693115,2.6,0.23999991416931143,-0.8090000486373903,bull_steep,bull_steep,normal,94
2022-04-21,2.9170000553131104,2.68,0.2370000553131102,-0.7669999694824221,bull_steep,bull_steep,normal,95
2022-04-22,2.9059998989105225,2.72,0.18599989891052227,-0.8200001001358035,bull_steep,bull_steep,normal,96
2022-04-25,2.825999975204468,2.63,0.19599997520446832,-0.8180000400543208,bull_steep,bull_steep,normal,97
2022-04-26,2.7720000743865967,2.54,0.23200007438659664,-0.7749999332427977,bull_steep,bull_steep,normal,98
2022-04-27,2.818000078201294,2.58,0.23800007820129387,-0.8419998836517333,bull_steep,bull_steep,normal,99
2022-04-28,2.86299991607666,2.63,0.23299991607666026,-0.8540001153945922,bull_steep,bull_steep,normal,100
2022-04-29,2.88700008392334,2.7,0.18700008392333967,-0.9149999237060547,bull_steep,bull_steep,normal,101
2022-05-02,2.996000051498413,2.73,0.2660000514984131,-0.8329999446868896,bull_steep,bull_steep,normal,102
2022-05-03,2.9600000381469727,2.78,0.18000003814697285,-0.9569999456405638,bull_steep,bull_steep,normal,103
2022-05-04,2.9170000553131104,2.66,0.2570000553131102,-0.8099999952316286,bull_steep,bull_steep,normal,104
2022-05-05,3.065999984741211,2.71,0.355999984741211,-0.6909999847412112,bull_steep,bull_steep,normal,105
2022-05-06,3.122999906539917,2.72,0.4029999065399168,-0.6250001096725466,bull_steep,bull_steep,normal,106
2022-05-09,3.0789999961853027,2.61,0.46899999618530286,-0.5740000057220458,bull_steep,bull_steep,normal,107
2022-05-10,2.993000030517578,2.62,0.373000030517578,-0.6489999532699586,bull_steep,bull_steep,normal,108
2022-05-11,2.9210000038146973,2.66,0.2610000038146971,-0.7689999866485597,bull_steep,bull_steep,normal,109
2022-05-12,2.816999912261963,2.56,0.25699991226196284,-0.7680000829696656,bull_steep,bull_steep,normal,110
2022-05-13,2.934999942779541,2.61,0.32499994277954114,-0.725000019073486,bull_steep,bull_steep,normal,111
2022-05-16,2.877000093460083,2.58,0.29700009346008294,-0.8149999141693114,bull_steep,bull_steep,normal,112
2022-05-17,2.9679999351501465,2.71,0.2579999351501465,-0.8340000724792478,bull_steep,bull_steep,normal,113
2022-05-18,2.885999917984009,2.68,0.20599991798400863,-0.8860001182556154,bull_steep,bull_steep,normal,114
2022-05-19,2.8550000190734863,2.63,0.22500001907348643,-0.8599999475479125,bull_steep,bull_steep,normal,115
2022-05-20,2.7869999408721924,2.6,0.1869999408721923,-0.9170000791549684,bull_steep,bull_steep,normal,116
2022-05-23,2.858999967575073,2.65,0.2089999675750729,-0.8930000782012943,bull_steep,bull_steep,normal,117
2022-05-24,2.759999990463257,2.5,0.25999999046325684,-0.834000039100647,bull_steep,bull_steep,normal,118
2022-05-25,2.749000072479248,2.48,0.26900007247924806,-0.8429999542236328,bull_steep,bull_steep,normal,119
2022-05-26,2.75600004196167,2.46,0.29600004196166996,-0.8539999628067017,bull_steep,bull_steep,normal,120
2022-05-27,2.743000030517578,2.47,0.27300003051757793,-0.8409999608993532,bull_steep,bull_steep,normal,121
2022-05-31,2.844000101089477,2.53,0.3140001010894773,-0.754999923706055,bull_steep,bull_steep,normal,122
2022-06-01,2.930999994277954,2.66,0.27099999427795396,-0.8399999666213991,bull_steep,bull_steep,normal,123
2022-06-02,2.9130001068115234,2.65,0.2630001068115235,-0.8509998941421508,bull_steep,bull_steep,normal,124
2022-06-03,2.9570000171661377,2.66,0.29700001716613755,-0.769999933242798,bull_steep,bull_steep,normal,125
2022-06-06,3.0380001068115234,2.73,0.30800010681152346,-0.7859999132156372,bull_steep,bull_steep,normal,126
2022-06-07,2.9719998836517334,2.75,0.2219998836517334,-0.8790000867843628,bull_steep,bull_steep,normal,127
2022-06-08,3.0290000438690186,2.78,0.24900004386901875,-0.8909999608993528,bull_steep,bull_steep,normal,128
2022-06-09,3.0439999103546143,2.83,0.2139999103546142,-0.8650001049041749,bull_steep,bull_steep,normal,129
2022-06-10,3.1559998989105225,3.06,0.09599989891052241,-1.008000102043152,bull_steep,bull_steep,normal,130
2022-06-13,3.365999937057495,3.4,-0.034000062942504794,-1.1200000286102294,bull_steep,bull_steep,normal,131
2022-06-14,3.4830000400543213,3.45,0.03300004005432111,-1.1069999265670778,bull_steep,bull_steep,normal,132
2022-06-15,3.3949999809265137,3.2,0.1949999809265135,-0.9750000572204593,bull_steep,bull_steep,normal,133
2022-06-16,3.306999921798706,3.14,0.16699992179870593,-1.0070000457763673,bull_steep,bull_steep,normal,134
2022-06-17,3.239000082015991,3.17,0.06900008201599128,-1.1549999570846556,bull_steep,bull_steep,normal,135
2022-06-21,3.306999921798706,3.21,0.09699992179870609,-1.1440000867843627,bull_steep,bull_steep,normal,136
2022-06-22,3.1559998989105225,3.06,0.09599989891052241,-1.1530001449584961,bull_steep,bull_steep,normal,137
2022-06-23,3.068000078201294,3.01,0.05800007820129416,-1.1509998941421506,bull_steep,bull_steep,normal,138
2022-06-24,3.125,3.04,0.08499999999999996,-1.1259999465942385,bull_steep,bull_steep,normal,139
2022-06-27,3.194000005722046,3.08,0.11400000572204583,-1.1350000381469727,bull_steep,bull_steep,normal,140
2022-06-28,3.2060000896453857,3.1,0.10600008964538565,-1.1179999589920042,bull_steep,bull_steep,normal,141
2022-06-29,3.0929999351501465,3.06,0.03299993515014643,-1.2180000448226929,bull_steep,bull_steep,normal,142
2022-06-30,2.9719998836517334,2.92,0.05199988365173347,-1.2330001354217528,bull_steep,bull_steep,normal,143
2022-07-01,2.888999938964844,2.84,0.048999938964844336,-1.1810001039504998,bull_steep,bull_steep,normal,144
2022-07-05,2.809000015258789,2.82,-0.010999984741210778,-1.190000009536743,bull_steep,bull_steep,normal,145
2022-07-06,2.9130001068115234,2.97,-0.05699989318847676,-1.2159999465942382,bull_steep,bull_steep,normal,146
2022-07-07,3.007999897003174,3.03,-0.022000102996825976,-1.1880000782012938,bull_steep,bull_steep,normal,147
2022-07-08,3.1010000705718994,3.12,-0.018999929428100693,-1.162999920845032,bull_steep,bull_steep,normal,148
2022-07-11,2.990999937057495,3.07,-0.07900006294250472,-1.3040000534057616,bull_steep,bull_steep,normal,149
2022-07-12,2.9579999446868896,3.03,-0.07200005531311016,-1.3080000925064086,bull_steep,bull_steep,normal,150
2022-07-13,2.9040000438690186,3.13,-0.22599995613098134,-1.451999955177307,bull_steep,bull_steep,normal,151
2022-07-14,2.9600000381469727,3.15,-0.18999996185302725,-1.3649999332427978,bull_steep,bull_steep,normal,152
2022-07-15,2.930000066757202,3.13,-0.19999993324279774,-1.3649999237060546,bull_steep,bull_steep,normal,153
2022-07-18,2.9600000381469727,3.15,-0.18999996185302725,-1.3389999198913574,bull_steep,bull_steep,normal,154
2022-07-19,3.0190000534057617,3.23,-0.21099994659423826,-1.2399999904632568,bull_steep,bull_steep,normal,155
2022-07-20,3.0360000133514404,3.25,-0.21399998664855957,-1.281999945640564,bull_steep,bull_steep,normal,156
2022-07-21,2.9100000858306885,3.1,-0.1899999141693116,-1.2669999551773072,bull_steep,bull_steep,normal,157
2022-07-22,2.782999992370605,2.98,-0.19700000762939496,-1.2720000553131108,bull_steep,bull_steep,normal,158
2022-07-25,2.819999933242798,3.0,-0.18000006675720215,-1.2690000915527344,bull_steep,bull_steep,normal,159
2022-07-26,2.7869999408721924,3.02,-0.23300005912780763,-1.3420000553131104,bull_steep,bull_steep,normal,160
2022-07-27,2.733999967575073,2.96,-0.22600003242492717,-1.3400000810623172,bull_steep,bull_steep,normal,161
2022-07-28,2.680999994277954,2.85,-0.169000005722046,-1.231999955177307,bull_steep,bull_steep,normal,162
2022-07-29,2.6419999599456787,2.89,-0.2480000400543214,-1.2950000190734865,bull_steep,bull_steep,normal,163
2022-08-01,2.6059999465942383,2.9,-0.29400005340576163,-1.3160000944137573,bull_steep,bull_steep,normal,164
2022-08-02,2.740999937057495,3.06,-0.31900006294250494,-1.369000005722046,bull_steep,bull_steep,normal,165
2022-08-03,2.747999906539917,3.1,-0.3520000934600831,-1.4040001106262208,bull_steep,bull_steep,normal,166
2022-08-04,2.6760001182556152,3.03,-0.35399988174438457,-1.4469999074935909,bull_steep,bull_steep,normal,167
2022-08-05,2.8399999141693115,3.24,-0.4000000858306887,-1.4940000295639038,bull_steep,bull_steep,normal,168
2022-08-08,2.765000104904175,3.21,-0.44499989509582516,-1.52899986743927,bull_steep,bull_steep,normal,169
2022-08-09,2.796999931335449,3.28,-0.4830000686645506,-1.5520000553131101,bull_steep,bull_steep,normal,170
2022-08-10,2.7860000133514404,3.23,-0.44399998664855955,-1.46,bull_steep,bull_steep,normal,171
2022-08-11,2.888000011444092,3.23,-0.3419999885559082,-1.3369999885559083,bull_steep,bull_steep,normal,172
2022-08-12,2.8489999771118164,3.25,-0.4010000228881836,-1.4680000782012939,bull_steep,bull_steep,normal,173
2022-08-15,2.7909998893737797,3.2,-0.40900011062622044,-1.414000091552734,bull_steep,bull_steep,normal,174
2022-08-16,2.8239998817443848,3.25,-0.42600011825561523,-1.408000111579895,bull_steep,bull_steep,normal,175
2022-08-17,2.8929998874664307,3.28,-0.38700011253356914,-1.4070000839233396,bull_steep,bull_steep,normal,176
2022-08-18,2.880000114440918,3.22,-0.3399998855590822,-1.2629998445510866,bull_steep,bull_steep,normal,177
2022-08-19,2.989000082015991,3.25,-0.2609999179840088,-1.1349999332427978,bull_steep,bull_steep,normal,178
2022-08-22,3.0369999408721924,3.32,-0.28300005912780746,-1.1010000133514404,bull_steep,bull_steep,normal,179
2022-08-23,3.053999900817871,3.29,-0.23600009918212894,-0.979000153541565,bull_steep,bull_steep,normal,180
2022-08-24,3.1059999465942383,3.36,-0.2540000534057616,-1.0380000686645507,bull_steep,bull_steep,normal,181
2022-08-25,3.026000022888184,3.35,-0.32399997711181605,-1.1039999961853024,bull_steep,bull_steep,normal,182
2022-08-26,3.0350000858306885,3.37,-0.33499991416931163,-1.1639998579025268,bull_steep,bull_steep,normal,183
2022-08-29,3.109999895095825,3.42,-0.31000010490417473,-1.097000093460083,bull_steep,bull_steep,normal,184
2022-08-30,3.109999895095825,3.46,-0.35000010490417477,-1.1690000677108765,bull_steep,bull_steep,normal,185
2022-08-31,3.132999897003174,3.45,-0.31700010299682635,-1.0810001277923584,bull_steep,bull_steep,normal,186
2022-09-01,3.265000104904175,3.51,-0.24499989509582498,-1.012999858856201,bull_steep,bull_steep,normal,187
2022-09-02,3.193000078201294,3.4,-0.20699992179870597,-0.9799999809265136,bull_steep,bull_steep,normal,188
2022-09-06,3.3399999141693115,3.5,-0.16000008583068848,-0.9420001363754272,bull_steep,bull_steep,normal,189
2022-09-07,3.265000104904175,3.45,-0.18499989509582537,-0.9269998455047609,bull_steep,bull_steep,normal,190
2022-09-08,3.2920000553131104,3.48,-0.18799994468688963,-0.9569999742507934,bull_steep,bull_steep,normal,191
2022-09-09,3.321000099182129,3.56,-0.23899990081787115,-1.0259998893737794,bull_steep,bull_steep,normal,192
2022-09-12,3.361999988555908,3.58,-0.21800001144409187,-0.9950000286102295,bull_steep,bull_steep,normal,193
2022-09-13,3.421999931335449,3.75,-0.3280000686645508,-1.1110000991821287,bull_steep,bull_steep,normal,194
2022-09-14,3.4119999408721924,3.78,-0.3680000591278074,-1.089000005722046,bull_steep,bull_steep,normal,195
2022-09-15,3.4590001106262207,3.87,-0.4109998893737794,-1.151999835968018,bull_steep,bull_steep,normal,196
2022-09-16,3.447999954223633,3.85,-0.4020000457763673,-1.1950000286102296,bull_steep,bull_steep,normal,197
2022-09-19,3.490000009536743,3.95,-0.459999990463257,-1.2449999761581423,bull_steep,bull_steep,normal,198
2022-09-20,3.571000099182129,3.96,-0.38899990081787106,-1.1709998655319214,bull_steep,bull_steep,normal,199
2022-09-21,3.509999990463257,4.02,-0.5100000095367427,-1.3580000305175777,bull_steep,bull_steep,normal,200
2022-09-22,3.7079999446868896,4.11,-0.40200005531311067,-1.300000038146973,bull_steep,bull_steep,normal,201
2022-09-23,3.697000026702881,4.2,-0.5029999732971193,-1.3780000162124635,bull_steep,bull_steep,normal,202
2022-09-26,3.878000020980835,4.27,-0.3919999790191646,-1.245000019073486,bull_steep,bull_steep,normal,203
2022-09-27,3.96399998664856,4.3,-0.3360000133514398,-1.2370000410079949,bull_steep,bull_steep,normal,204
2022-09-28,3.704999923706055,4.07,-0.36500007629394515,-1.2250000476837157,bull_steep,bull_steep,normal,205
2022-09-29,3.746999979019165,4.16,-0.4130000209808351,-1.2590000724792483,bull_steep,bull_steep,normal,206
2022-09-30,3.803999900817871,4.22,-0.41600009918212866,-1.2210001230239866,bull_steep,bull_steep,normal,207
2022-10-03,3.651000022888184,4.12,-0.46899997711181607,-1.2699999427795405,bull_steep,bull_steep,normal,208
2022-10-04,3.617000102996826,4.1,-0.4829998970031735,-1.2649998521804806,bull_steep,bull_steep,normal,209
2022-10-05,3.759000062942505,4.15,-0.3909999370574955,-1.1959999465942386,bull_steep,bull_steep,normal,210
2022-10-06,3.825999975204468,4.23,-0.4040000247955322,-1.1910000467300415,bull_steep,bull_steep,normal,211
2022-10-07,3.882999897003174,4.3,-0.417000102996826,-1.1700000476837156,bull_steep,bull_steep,normal,212
2022-10-11,3.938999891281128,4.3,-0.3610001087188719,-1.098000087738037,bull_steep,bull_steep,normal,213
2022-10-12,3.901999950408936,4.28,-0.37800004959106426,-1.123000063896179,bull_steep,bull_steep,normal,214
2022-10-13,3.95199990272522,4.47,-0.5180000972747796,-1.2810000896453853,bull_steep,bull_steep,normal,215
2022-10-14,4.010000228881836,4.48,-0.4699997711181645,-1.187999820709229,bull_steep,bull_steep,normal,216
2022-10-17,4.014999866485596,4.45,-0.4350001335144045,-1.0620001745224006,bull_steep,bull_steep,normal,217
2022-10-18,3.997999906539917,4.43,-0.4320000934600827,-1.0640000391006468,bull_steep,bull_steep,normal,218
2022-10-19,4.126999855041504,4.55,-0.4230001449584959,-1.02500009059906,bull_steep,bull_steep,normal,219
2022-10-20,4.22599983215332,4.62,-0.3940001678466798,-1.014000120162964,bull_steep,bull_steep,normal,220
2022-10-21,4.2129998207092285,4.49,-0.2770001792907717,-0.8830002117156985,bull_steep,bull_steep,normal,221
2022-10-24,4.234000205993652,4.5,-0.26599979400634766,-0.902999815940857,bull_steep,bull_steep,normal,222
2022-10-25,4.107999801635742,4.42,-0.31200019836425774,-0.9320001459121705,bull_steep,bull_steep,normal,223
2022-10-26,4.014999866485596,4.39,-0.375000133514404,-0.9910001420974728,bull_steep,bull_steep,normal,224
2022-10-27,3.937000036239624,4.3,-0.3629999637603758,-0.9669999599456784,bull_steep,bull_steep,normal,225
2022-10-28,4.010000228881836,4.41,-0.3999997711181642,-0.968999791145325,bull_steep,bull_steep,normal,226
2022-10-31,4.077000141143799,4.51,-0.43299985885620096,-0.8539997577667233,bull_steep,bull_steep,normal,227
2022-11-01,4.052000045776367,4.54,-0.48799995422363285,-0.9429999971389769,bull_steep,bull_steep,normal,228
2022-11-02,4.059000015258789,4.61,-0.5509999847412113,-0.9670000362396243,bull_steep,bull_steep,normal,229
2022-11-03,4.124000072479248,4.71,-0.5859999275207519,-1.0510000038146972,bull_steep,bull_steep,normal,230
2022-11-04,4.156000137329102,4.66,-0.5039998626708986,-1.0309997940063478,bull_steep,bull_steep,normal,231
2022-11-07,4.214000225067139,4.72,-0.5059997749328611,-0.987999777793884,bull_steep,bull_steep,normal,232
2022-11-08,4.125999927520752,4.67,-0.544000072479248,-1.006000113487244,bull_steep,bull_steep,normal,233
2022-11-09,4.151000022888184,4.61,-0.4589999771118167,-0.8469999313354495,bull_steep,bull_steep,normal,234
2022-11-10,3.828999996185303,4.34,-0.5110000038146967,-0.9080000019073482,bull_steep,bull_steep,normal,235
2022-11-14,3.865000009536743,4.4,-0.5349999904632572,-0.9639999723434451,bull_steep,bull_steep,normal,236
2022-11-15,3.799000024795532,4.37,-0.5709999752044683,-1.006999917030335,bull_steep,bull_steep,normal,237
2022-11-16,3.691999912261963,4.35,-0.6580000877380368,-1.0570000743865968,bull_steep,bull_steep,normal,238
2022-11-17,3.775000095367432,4.43,-0.6549999046325676,-1.0519999217987053,bull_steep,bull_steep,normal,239
2022-11-18,3.818000078201294,4.51,-0.6919999217987058,-1.056999931335449,bull_steep,bull_steep,normal,240
2022-11-21,3.825000047683716,4.48,-0.6549999523162846,-0.9689999341964726,bull_steep,bull_steep,normal,241
2022-11-22,3.757999897003174,4.47,-0.7120001029968259,-0.9360000801086423,bull_steep,bull_steep,normal,242
2022-11-23,3.7060000896453857,4.46,-0.7539999103546142,-0.9549999570846557,bull_steep,bull_steep,normal,243
2022-11-25,3.690999984741211,4.42,-0.729000015258789,-0.9709999942779541,bull_steep,bull_steep,normal,244
2022-11-28,3.703000068664551,4.46,-0.7569999313354492,-1.024999885559082,bull_steep,bull_steep,normal,245
2022-11-29,3.747999906539917,4.48,-0.7320000934600834,-1.0230000114440922,bull_steep,bull_steep,normal,246
2022-11-30,3.703000068664551,4.38,-0.6769999313354491,-0.930999879837036,bull_steep,bull_steep,normal,247
2022-12-01,3.5290000438690186,4.25,-0.7209999561309814,-0.9910000610351561,bull_steep,bull_steep,normal,248
2022-12-02,3.50600004196167,4.28,-0.7739999580383303,-1.0840000438690187,bull_steep,bull_steep,normal,249
2022-12-05,3.5989999771118164,4.41,-0.8110000228881837,-1.0489999866485598,bull_steep,bull_steep,normal,250
2022-12-06,3.513000011444092,4.34,-0.8269999885559081,-1.078999900817871,bull_steep,bull_steep,normal,251
2022-12-07,3.407999992370605,4.26,-0.8520000076293948,-1.0300000095367434,bull_steep,bull_steep,normal,252
2022-12-08,3.490999937057495,4.31,-0.8190000629425045,-0.9940001201629634,bull_steep,bull_steep,normal,253
2022-12-09,3.566999912261963,4.33,-0.7630000877380372,-0.955999994277954,bull_steep,bull_steep,normal,254
2022-12-12,3.611000061035156,4.39,-0.7789999389648439,-0.9700000381469729,bull_steep,bull_steep,normal,255
2022-12-13,3.500999927520752,4.22,-0.7190000724792478,-0.9300001525878905,bull_steep,bull_steep,normal,256
2022-12-14,3.503000020980835,4.23,-0.7269999790191655,-0.9190000820159918,bull_steep,bull_steep,normal,257
2022-12-15,3.450000047683716,4.23,-0.7799999523162846,-0.9069999504089363,bull_steep,bull_steep,normal,258
2022-12-16,3.4820001125335693,4.17,-0.6879998874664306,-0.7379999828338626,bull_steep,bull_steep,normal,259
2022-12-19,3.5810000896453857,4.25,-0.6689999103546143,-0.7169999504089355,bull_steep,bull_steep,normal,260
2022-12-20,3.684000015258789,4.25,-0.5659999847412109,-0.6129998874664313,bull_steep,bull_steep,normal,261
2022-12-21,3.684000015258789,4.21,-0.5259999847412109,-0.46300007820129396,bull_steep,bull_steep,normal,262
2022-12-22,3.6689999103546143,4.24,-0.571000089645386,-0.5530000305175782,bull_steep,bull_steep,normal,263
2022-12-23,3.750999927520752,4.31,-0.5590000724792477,-0.605000066757202,bull_steep,bull_steep,normal,264
2022-12-27,3.859999895095825,4.32,-0.4600001049041751,-0.5690000724792479,bull_steep,bull_steep,normal,265
2022-12-28,3.88700008392334,4.31,-0.42299991607665977,-0.6049998664855951,bull_steep,bull_steep,normal,266
2022-12-29,3.8350000381469727,4.34,-0.5049999618530272,-0.6880000209808355,bull_steep,bull_steep,normal,267
2022-12-30,3.878999948501587,4.41,-0.5310000514984132,-0.8110000228881837,bull_steep,bull_steep,normal,268
2023-01-03,3.7929999828338623,4.4,-0.607000017166138,-0.9419999217987063,bull_steep,bull_steep,normal,269
2023-01-04,3.7090001106262207,4.36,-0.6509998893737796,-0.9679999256134035,bull_steep,bull_steep,normal,270
2023-01-05,3.7200000286102295,4.45,-0.7299999713897707,-1.0880000400543213,bull_steep,bull_steep,normal,271
2023-01-06,3.569000005722046,4.24,-0.6709999942779543,-1.0729999828338626,bull_steep,bull_steep,normal,272
2023-01-09,3.5169999599456787,4.19,-0.6730000400543217,-0.9760001468658452,bull_steep,bull_steep,normal,273
2023-01-10,3.621000051498413,4.24,-0.6189999485015871,-0.8589998626708986,bull_steep,bull_steep,normal,274
2023-01-11,3.553999900817871,4.2,-0.6460000991821291,-0.8830001544952393,bull_steep,bull_steep,normal,275
2023-01-12,3.4489998817443848,4.12,-0.6710001182556153,-0.8570000171661376,bull_steep,bull_steep,normal,276
2023-01-13,3.510999917984009,4.22,-0.709000082015991,-0.9050000572204593,bull_steep,bull_steep,normal,277
2023-01-17,3.5350000858306885,4.18,-0.6449999141693112,-0.8769999885559079,bull_steep,bull_steep,normal,278
2023-01-18,3.375,4.06,-0.6849999999999996,-0.9230000782012935,bull_steep,bull_steep,normal,279
2023-01-19,3.3970000743865967,4.09,-0.6929999256134032,-0.9259998416900634,bull_steep,bull_steep,normal,280
2023-01-20,3.483999967575073,4.14,-0.6560000324249269,-0.8430001163482665,bull_steep,bull_steep,normal,281
2023-01-23,3.525000095367432,4.21,-0.6849999046325679,-0.950999956130981,bull_steep,bull_steep,normal,282
2023-01-24,3.469000101089477,4.12,-0.650999898910523,-0.8309999370574959,bull_steep,bull_steep,normal,283
2023-01-25,3.461999893188477,4.11,-0.6480001068115233,-0.9050001621246335,bull_steep,bull_steep,normal,284
2023-01-26,3.493000030517578,4.17,-0.6769999694824218,-1.0329999542236328,bull_steep,bull_steep,normal,285
2023-01-27,3.5179998874664307,4.19,-0.6720001125335697,-1.0750000190734865,bull_steep,bull_steep,normal,286
2023-01-30,3.5510001182556152,4.25,-0.6989998817443848,-1.1679998779296876,bull_steep,bull_steep,normal,287
2023-01-31,3.5290000438690186,4.21,-0.6809999561309814,-1.0539999866485594,bull_steep,bull_steep,normal,288
2023-02-01,3.3970000743865967,4.09,-0.6929999256134032,-0.9539999294281003,bull_steep,bull_steep,normal,289
2023-02-02,3.3959999084472656,4.09,-0.6940000915527342,-0.9510000038146971,bull_steep,bull_steep,normal,290
2023-02-03,3.532000064849853,4.3,-0.7679999351501468,-1.092999877929688,bull_steep,bull_steep,normal,291
2023-02-06,3.634000062942505,4.44,-0.8059999370574955,-1.1030000305175784,bull_steep,bull_steep,normal,292
2023-02-07,3.674000024795532,4.47,-0.795999975204468,-1.0539999103546145,bull_steep,bull_steep,normal,293
2023-02-08,3.6530001163482666,4.45,-0.7969998836517336,-1.0029998016357422,bull_steep,bull_steep,normal,294
2023-02-09,3.683000087738037,4.48,-0.7969999122619633,-1.0219999313354498,bull_steep,bull_steep,normal,295
2023-02-10,3.74399995803833,4.5,-0.7560000419616699,-0.9429999828338622,bull_steep,bull_steep,normal,296
2023-02-13,3.7170000076293945,4.52,-0.802999992370605,-1.011999959945678,bull_steep,bull_steep,normal,297
2023-02-14,3.760999917984009,4.6,-0.8390000820159909,-1.0990000724792477,bull_steep,bull_steep,normal,298
2023-02-15,3.809000015258789,4.62,-0.810999984741211,-1.080000057220459,bull_steep,bull_steep,normal,299
2023-02-16,3.8429999351501465,4.62,-0.7770000648498536,-1.0730001068115236,bull_steep,bull_steep,normal,300
2023-02-17,3.828000068664551,4.6,-0.7719999313354489,-1.0449999618530268,bull_steep,bull_steep,normal,301
2023-02-21,3.954999923706055,4.67,-0.7150000762939448,-1.029000177383422,bull_steep,bull_steep,normal,302
2023-02-22,3.92300009727478,4.66,-0.7369999027252203,-1.0079998970031743,bull_steep,bull_steep,normal,303
2023-02-23,3.878999948501587,4.66,-0.7810000514984132,-1.0440001583099368,bull_steep,bull_steep,normal,304
2023-02-24,3.9489998817443848,4.78,-0.8310001182556155,-1.128000135421753,bull_steep,bull_steep,normal,305
2023-02-27,3.921999931335449,4.78,-0.858000068664551,-1.1660001754760745,bull_steep,bull_steep,normal,306
2023-02-28,3.9159998893737793,4.81,-0.8940001106262203,-1.1159999942779537,bull_steep,bull_steep,normal,307
2023-03-01,3.99399995803833,4.89,-0.8960000419616696,-1.1450000858306884,bull_steep,bull_steep,normal,308
2023-03-02,4.072999954223633,4.89,-0.8170000457763669,-1.030999956130981,bull_steep,bull_steep,normal,309
2023-03-03,3.96399998664856,4.86,-0.8960000133514403,-0.9919999122619627,bull_steep,bull_steep,normal,310
2023-03-06,3.983000040054321,4.89,-0.9069999599456788,-0.872999897003174,bull_steep,bull_steep,normal,311
2023-03-07,3.974999904632568,5.0,-1.025000095367432,-1.0580001354217532,bull_steep,bull_steep,normal,312
2023-03-08,3.9760000705718994,5.05,-1.0739999294281004,-1.268999910354614,bull_steep,bull_steep,normal,313
2023-03-09,3.924999952316284,4.9,-0.9750000476837162,-1.141999969482422,bull_steep,bull_steep,normal,314
2023-03-10,3.694999933242798,4.6,-0.9050000667572018,-0.9740001487731931,bull_steep,bull_steep,normal,315
2023-03-13,3.515000104904175,4.03,-0.5149998950958254,-0.6119998168945315,bull_steep,bull_steep,normal,316
2023-03-14,3.638000011444092,4.2,-0.5619999885559084,-0.6579998874664308,bull_steep,bull_steep,normal,317
2023-03-15,3.492000102996826,3.93,-0.437999897003174,-0.49599997520446815,bull_steep,bull_steep,normal,318
2023-03-16,3.5850000381469727,4.14,-0.554999961853027,-0.639999961853027,bull_steep,bull_steep,normal,319
2023-03-17,3.3949999809265137,3.81,-0.4150000190734864,-0.5290000247955322,bull_steep,bull_steep,normal,320
2023-03-20,3.4809999465942383,3.92,-0.43900005340576165,-0.5450001430511473,bull_steep,bull_steep,normal,321
2023-03-21,3.6059999465942383,4.17,-0.5640000534057616,-0.5969999885559081,bull_steep,bull_steep,normal,322
2023-03-22,3.5,3.96,-0.45999999999999996,-0.5119998836517334,bull_steep,bull_steep,normal,323
2023-03-23,3.4059998989105225,3.76,-0.3540001010894773,-0.40300004005432166,bull_steep,bull_steep,normal,324
2023-03-24,3.380000114440918,3.76,-0.3799998855590818,-0.36899990081787104,normal,bull_steep,normal,325
2023-03-27,3.5280001163482666,3.94,-0.41199988365173335,-0.3549999904632566,normal,bull_steep,normal,326
2023-03-28,3.563999891281128,4.02,-0.45600010871887164,-0.43400000572204567,bull_steep,bull_steep,normal,327
2023-03-29,3.565999984741211,4.08,-0.5140000152587891,-0.49500008583068844,bull_steep,bull_steep,normal,328
2023-03-30,3.5510001182556152,4.1,-0.5489998817443844,-0.4699998188018797,bull_steep,bull_steep,normal,329
2023-03-31,3.49399995803833,4.06,-0.5660000419616695,-0.4939999866485594,bull_steep,bull_steep,normal,330
2023-04-03,3.430000066757202,3.97,-0.539999933242798,-0.3139999771118167,normal,bull_steep,normal,331
2023-04-04,3.336999893188477,3.84,-0.5030001068115229,-0.3130001449584956,normal,bull_steep,normal,332
2023-04-05,3.2869999408721924,3.79,-0.5030000591278077,-0.3030001258850099,normal,bull_steep,normal,333
2023-04-06,3.2880001068115234,3.82,-0.5319998931884764,-0.34199993133544915,normal,bull_steep,normal,334
2023-04-10,3.414999961853028,4.0,-0.5850000381469722,-0.37400009155273395,normal,normal,bull_steep,1
2023-04-11,3.434000015258789,4.03,-0.5959999847412112,-0.3819999980926516,normal,normal,bull_steep,2
2023-04-12,3.4210000038146973,3.95,-0.5289999961853029,-0.3390000820159913,normal,normal,bull_steep,3
2023-04-13,3.45199990272522,3.96,-0.5080000972747798,-0.31100008964538484,normal,normal,bull_steep,4
2023-04-14,3.5220000743865967,4.08,-0.5579999256134034,-0.37799985885620124,normal,normal,bull_steep,5
2023-04-17,3.5910000801086426,4.18,-0.5889999198913571,-0.3559998607635495,normal,normal,bull_steep,6
2023-04-18,3.572000026702881,4.19,-0.6179999732971195,-0.39199994087219237,normal,normal,bull_steep,7
2023-04-19,3.601999998092652,4.24,-0.6380000019073484,-0.4689999961853024,bull_steep,normal,bull_steep,8
2023-04-20,3.5450000762939453,4.14,-0.5949999237060544,-0.34699988365173295,normal,normal,bull_steep,9
2023-04-21,3.569999933242798,4.17,-0.6000000667572021,-0.30600001335144045,normal,normal,bull_steep,10
2023-04-24,3.515000104904175,4.12,-0.6049998950958253,-0.28599983215332037,normal,normal,bull_steep,11
2023-04-25,3.3959999084472656,3.86,-0.46400009155273425,-0.11199999809265115,inverted_flat,normal,bull_steep,12
2023-04-26,3.431999921798706,3.9,-0.46800007820129386,-0.11400019645690929,inverted_flat,normal,bull_steep,13
2023-04-27,3.5280001163482666,4.07,-0.5419998836517337,-0.141999797821045,inverted_flat,normal,bull_steep,14
2023-04-28,3.45199990272522,4.04,-0.5880000972747799,-0.1430002021789547,inverted_flat,normal,bull_steep,15
2023-05-01,3.5739998817443848,4.14,-0.5660001182556149,-0.08300004959106433,inverted_flat,inverted_flat,normal,1
2023-05-02,3.438999891281128,3.97,-0.5310001087188723,-0.08700012207031271,inverted_flat,inverted_flat,normal,2
2023-05-03,3.4030001163482666,3.89,-0.4869998836517335,-0.14499989509582534,inverted_flat,inverted_flat,normal,3
2023-05-04,3.3510000705718994,3.75,-0.3989999294281006,0.002000093460083008,inverted_flat,inverted_flat,normal,4
2023-05-05,3.446000099182129,3.92,-0.473999900817871,-0.06499979019165059,inverted_flat,inverted_flat,normal,5
2023-05-08,3.5209999084472656,4.0,-0.4790000915527344,-0.05299997329711914,inverted_flat,inverted_flat,normal,6
2023-05-09,3.5209999084472656,4.01,-0.48900009155273416,-0.10199997901916502,inverted_flat,inverted_flat,normal,7
2023-05-10,3.438999891281128,3.9,-0.461000108718872,-0.12100022315978975,inverted_flat,inverted_flat,normal,8
2023-05-11,3.3970000743865967,3.89,-0.49299992561340344,-0.23200000762939466,normal,inverted_flat,normal,9
2023-05-12,3.463000059127808,3.98,-0.5169999408721919,-0.23399988174438446,normal,inverted_flat,normal,10
2023-05-15,3.507999897003174,3.99,-0.4820001029968264,-0.24600000381469744,normal,inverted_flat,normal,11
2023-05-16,3.549000024795532,4.06,-0.5109999752044678,-0.25699992179870623,normal,inverted_flat,normal,12
2023-05-17,3.5810000896453857,4.12,-0.5389999103546144,-0.2149999332427983,normal,normal,inverted_flat,1
2023-05-18,3.6480000019073486,4.24,-0.5919999980926516,-0.25700008392333995,normal,normal,inverted_flat,2
2023-05-19,3.691999912261963,4.28,-0.5880000877380374,-0.2779999828338626,normal,normal,inverted_flat,3
2023-05-22,3.7190001010894775,4.29,-0.5709998989105225,-0.22099979400634773,normal,normal,inverted_flat,4
2023-05-23,3.697999954223633,4.26,-0.562000045776367,-0.24499994277954062,normal,normal,inverted_flat,5
2023-05-24,3.7190001010894775,4.31,-0.5909998989105221,-0.3460000038146971,normal,normal,inverted_flat,6
2023-05-25,3.813999891281128,4.5,-0.6860001087188721,-0.4790001869201661,bull_steep,normal,inverted_flat,7
2023-05-26,3.809999942779541,4.54,-0.730000057220459,-0.5699999713897705,bull_steep,normal,inverted_flat,8
2023-05-30,3.700000047683716,4.46,-0.7599999523162841,-0.5750000572204588,bull_steep,normal,inverted_flat,9
2023-05-31,3.63700008392334,4.4,-0.7629999160766605,-0.5749999713897709,bull_steep,normal,inverted_flat,10
2023-06-01,3.608000040054321,4.33,-0.7219999599456792,-0.4830000591278081,bull_steep,bull_steep,normal,1
2023-06-02,3.690999984741211,4.5,-0.8090000152587891,-0.5910000038146972,bull_steep,bull_steep,normal,2
2023-06-05,3.693000078201294,4.46,-0.766999921798706,-0.43899985313415524,bull_steep,bull_steep,normal,3
2023-06-06,3.6989998817443848,4.51,-0.811000118255615,-0.4430000591278076,bull_steep,bull_steep,normal,4
2023-06-07,3.783999919891357,4.56,-0.7760000801086426,-0.36500019073486323,normal,bull_steep,normal,5
2023-06-08,3.71399998664856,4.52,-0.8060000133514396,-0.4039999675750723,bull_steep,bull_steep,normal,6
2023-06-09,3.744999885559082,4.59,-0.8450001144409178,-0.3850001239776608,normal,bull_steep,normal,7
2023-06-12,3.765000104904175,4.55,-0.784999895095825,-0.39599999427795396,normal,bull_steep,normal,8
2023-06-13,3.83899998664856,4.67,-0.8310000133514399,-0.3210000038146972,normal,bull_steep,normal,9
2023-06-14,3.796000003814697,4.74,-0.9439999961853034,-0.5419999408721927,bull_steep,bull_steep,normal,10
2023-06-15,3.7279999256134033,4.62,-0.8920000743865968,-0.38900010108947747,normal,bull_steep,normal,11
2023-06-16,3.7690000534057617,4.7,-0.9309999465942385,-0.5389999675750738,bull_steep,bull_steep,normal,12
2023-06-20,3.7290000915527344,4.68,-0.9509999084472653,-0.6149998950958255,bull_steep,bull_steep,normal,13
2023-06-21,3.723000049591065,4.68,-0.9569999504089348,-0.5919998741149897,bull_steep,bull_steep,normal,14
2023-06-22,3.799000024795532,4.77,-0.9709999752044678,-0.5579999542236327,bull_steep,bull_steep,normal,15
2023-06-23,3.739000082015991,4.71,-0.9709999179840088,-0.5549998188018801,bull_steep,bull_steep,normal,16
2023-06-26,3.7190001010894775,4.65,-0.9309998989105228,-0.46199992179870675,bull_steep,bull_steep,normal,17
2023-06-27,3.767999887466431,4.74,-0.9720001125335691,-0.48900021553039563,bull_steep,bull_steep,normal,18
2023-06-28,3.7100000381469727,4.71,-0.9999999618530273,-0.6090000247955318,bull_steep,bull_steep,normal,19
2023-06-29,3.8540000915527344,4.87,-1.0159999084472657,-0.6119998836517335,bull_steep,bull_steep,normal,20
2023-06-30,3.819000005722046,4.87,-1.0509999942779542,-0.6339998912811282,bull_steep,bull_steep,normal,21
2023-07-03,3.858000040054321,4.94,-1.0819999599456795,-0.7209998512268077,bull_steep,bull_steep,normal,22
2023-07-05,3.944999933242798,4.94,-0.9950000667572025,-0.6170000171661383,bull_steep,bull_steep,normal,23
2023-07-06,4.040999889373779,4.99,-0.9490001106262209,-0.43100001335144134,bull_steep,bull_steep,normal,24
2023-07-07,4.050000190734863,4.94,-0.8899998092651371,-0.4200000381469726,bull_steep,bull_steep,normal,25
2023-07-10,4.00600004196167,4.85,-0.8439999580383297,-0.40899982452392525,bull_steep,bull_steep,normal,26
2023-07-11,3.9800000190734863,4.88,-0.8999999809265136,-0.46799988746643084,bull_steep,bull_steep,normal,27
2023-07-12,3.861000061035156,4.72,-0.858999938964844,-0.43599979400634803,bull_steep,bull_steep,normal,28
2023-07-13,3.760999917984009,4.59,-0.8290000820159911,-0.4349999141693113,bull_steep,bull_steep,normal,29
2023-07-14,3.819000005722046,4.74,-0.9209999942779543,-0.6439998149871826,bull_steep,bull_steep,normal,30
2023-07-17,3.796999931335449,4.74,-0.943000068664551,-0.6770002746582033,bull_steep,bull_steep,normal,31
2023-07-18,3.7890000343322754,4.74,-0.9509999656677248,-0.6389997673034671,bull_steep,bull_steep,normal,32
2023-07-19,3.742000102996826,4.74,-0.997999897003174,-0.6229997634887701,bull_steep,bull_steep,normal,33
2023-07-20,3.8540000915527344,4.8,-0.9459999084472654,-0.5829999446868896,bull_steep,bull_steep,normal,34
2023-07-21,3.836999893188477,4.82,-0.9830001068115233,-0.5830003356933591,bull_steep,bull_steep,normal,35
2023-07-24,3.857000112533569,4.81,-0.9529998874664307,-0.5200000286102298,bull_steep,bull_steep,normal,36
2023-07-25,3.911999940872192,4.85,-0.9380000591278077,-0.45000010490417486,bull_steep,bull_steep,normal,37
2023-07-26,3.8510000705718994,4.82,-0.9689999294281009,-0.4179999446868896,bull_steep,bull_steep,normal,38
2023-07-27,4.01200008392334,4.91,-0.8979999160766603,-0.3119999885559084,normal,bull_steep,normal,39
2023-07-28,3.9690001010894775,4.87,-0.9009998989105226,-0.397000036239624,normal,bull_steep,normal,40
2023-07-31,3.9590001106262207,4.88,-0.9209998893737792,-0.4150001144409181,bull_steep,bull_steep,normal,41
2023-08-01,4.051000118255615,4.92,-0.8689998817443847,-0.3249998092651367,normal,bull_steep,normal,42
2023-08-02,4.078000068664551,4.88,-0.8019999313354491,-0.3429999542236324,normal,bull_steep,normal,43
2023-08-03,4.189000129699707,4.9,-0.7109998703002933,-0.19999986648559664,inverted_flat,bull_steep,normal,44
2023-08-04,4.059999942779541,4.78,-0.7200000572204592,-0.18500006675720204,inverted_flat,bull_steep,normal,45
2023-08-07,4.078000068664551,4.76,-0.681999931335449,-0.11099995613098068,inverted_flat,bull_steep,normal,46
2023-08-08,4.026000022888184,4.74,-0.7139999771118166,-0.055999889373779865,inverted_flat,bull_steep,normal,47
2023-08-09,4.01200008392334,4.79,-0.7779999160766602,-0.12300001144409256,inverted_flat,inverted_flat,bull_steep,1
2023-08-10,4.079999923706055,4.82,-0.7400000762939456,-0.048000154495239755,inverted_flat,inverted_flat,bull_steep,2
2023-08-11,4.168000221252441,4.89,-0.7219997787475583,-0.06699982643127367,inverted_flat,inverted_flat,bull_steep,3
2023-08-14,4.184000015258789,4.96,-0.7759999847412109,-0.06399988174438498,inverted_flat,inverted_flat,bull_steep,4
2023-08-15,4.2210001945495605,4.92,-0.6989998054504394,0.05500010490417484,inverted_flat,inverted_flat,bull_steep,5
2023-08-16,4.257999897003174,4.97,-0.7120001029968259,0.016999912261963068,inverted_flat,inverted_flat,bull_steep,6
2023-08-17,4.308000087738037,4.94,-0.6319999122619633,0.1250000190734859,inverted_flat,inverted_flat,bull_steep,7
2023-08-18,4.250999927520752,4.92,-0.669000072479248,0.06300002098083546,inverted_flat,inverted_flat,bull_steep,8
2023-08-21,4.3420000076293945,4.97,-0.6279999923706052,0.04899993896484389,inverted_flat,inverted_flat,bull_steep,9
2023-08-22,4.328000068664551,5.02,-0.6919999313354488,0.029000024795532653,inverted_flat,inverted_flat,bull_steep,10
2023-08-23,4.197999954223633,4.95,-0.7520000457763674,0.02199991226196296,inverted_flat,inverted_flat,bull_steep,11
2023-08-24,4.235000133514404,4.98,-0.7449998664855961,0.0660001564025876,inverted_flat,inverted_flat,bull_steep,12
2023-08-25,4.238999843597412,5.03,-0.7910001564025881,0.03599983215331992,inverted_flat,inverted_flat,bull_steep,13
2023-08-28,4.211999893188477,4.98,-0.7680001068115239,0.0839999008178709,inverted_flat,inverted_flat,bull_steep,14
2023-08-29,4.122000217437744,4.87,-0.747999782562256,0.07100028038024853,inverted_flat,inverted_flat,bull_steep,15
2023-08-30,4.118000030517578,4.9,-0.7819999694824222,-0.01899988174438505,inverted_flat,inverted_flat,bull_steep,16
2023-08-31,4.0929999351501465,4.85,-0.7570000648498532,0.021999874114990714,inverted_flat,inverted_flat,bull_steep,17
2023-09-01,4.172999858856201,4.87,-0.6970001411437989,0.021999931335448863,inverted_flat,inverted_flat,bull_steep,18
2023-09-05,4.26800012588501,4.94,-0.6719998741149906,0.05500010490417484,inverted_flat,inverted_flat,bull_steep,19
2023-09-06,4.289999961853027,5.01,-0.7200000381469724,0.05999991416931216,inverted_flat,inverted_flat,bull_steep,20
2023-09-07,4.260000228881836,4.94,-0.6799997711181645,0.00800011634826614,inverted_flat,inverted_flat,bull_steep,21
2023-09-08,4.257999897003174,4.98,-0.7220001029968266,-0.05300019264221234,inverted_flat,inverted_flat,bull_steep,22
2023-09-11,4.288000106811523,4.97,-0.6819998931884763,-0.11599990844726538,inverted_flat,inverted_flat,bull_steep,23
2023-09-12,4.263999938964844,4.98,-0.7160000610351567,-0.19000007629394577,inverted_flat,inverted_flat,bull_steep,24
2023-09-13,4.249000072479248,4.96,-0.7109999275207519,-0.13999983787536596,inverted_flat,inverted_flat,bull_steep,25
2023-09-14,4.288000106811523,5.0,-0.7119998931884766,-0.1529998207092289,inverted_flat,inverted_flat,bull_steep,26
2023-09-15,4.322000026702881,5.02,-0.6979999732971187,-0.23799986839294363,normal,inverted_flat,bull_steep,27
2023-09-18,4.318999767303467,5.05,-0.731000232696533,-0.30800031661987326,normal,inverted_flat,bull_steep,28
2023-09-19,4.364999771118164,5.08,-0.715000228881836,-0.2100002670288088,normal,inverted_flat,bull_steep,29
2023-09-20,4.348999977111816,5.12,-0.7710000228881837,-0.23999997138977047,normal,inverted_flat,bull_steep,30
2023-09-21,4.480000019073486,5.12,-0.6399999809265138,-0.03299996376037573,inverted_flat,inverted_flat,bull_steep,31
2023-09-22,4.438000202178955,5.1,-0.6619997978210446,-0.01099990844726495,inverted_flat,inverted_flat,bull_steep,32
2023-09-25,4.541999816894531,5.09,-0.5480001831054686,0.18199978828430208,inverted_flat,inverted_flat,bull_steep,33
2023-09-26,4.558000087738037,5.04,-0.4819999122619629,0.1890000820159914,inverted_flat,inverted_flat,bull_steep,34
2023-09-27,4.625999927520752,5.1,-0.4740000724792477,0.198999967575074,inverted_flat,inverted_flat,bull_steep,35
2023-09-28,4.5970001220703125,5.04,-0.44299987792968754,0.1760000705718996,inverted_flat,inverted_flat,bull_steep,36
2023-09-29,4.572999954223633,5.03,-0.45700004577636744,0.18900005340576165,inverted_flat,inverted_flat,bull_steep,37
2023-10-02,4.683000087738037,5.12,-0.436999912261963,0.23400020599365234,normal,inverted_flat,bull_steep,38
2023-10-03,4.802000045776367,5.15,-0.34799995422363317,0.3610001277923578,normal,inverted_flat,bull_steep,39
2023-10-04,4.735000133514404,5.05,-0.3149998664855955,0.3300000476837157,normal,inverted_flat,bull_steep,40
2023-10-05,4.7170000076293945,5.03,-0.3129999923706057,0.3720000076293939,normal,inverted_flat,bull_steep,41
2023-10-06,4.783999919891357,5.08,-0.29600008010864265,0.39699984550476053,normal,normal,inverted_flat,1
2023-10-10,4.65500020980835,4.96,-0.30499979019165036,0.3510002422332765,normal,normal,inverted_flat,2
2023-10-11,4.59499979019165,4.99,-0.3950002098083498,0.28999969482421806,normal,normal,inverted_flat,3
2023-10-12,4.711999893188477,5.06,-0.34800010681152305,0.30299979209899996,normal,normal,inverted_flat,4
2023-10-13,4.629000186920166,5.04,-0.410999813079834,0.2370002937316893,normal,normal,inverted_flat,5
2023-10-16,4.711999893188477,5.09,-0.3780001068115233,0.2989998626708985,normal,normal,inverted_flat,6
2023-10-17,4.8470001220703125,5.19,-0.3429998779296879,0.32900023460388184,normal,normal,inverted_flat,7
2023-10-18,4.90399980545044,5.19,-0.28600019454956005,0.4129996871948247,normal,normal,inverted_flat,8
2023-10-19,4.98799991607666,5.14,-0.15200008392333952,0.5289998722076419,normal,normal,inverted_flat,9
2023-10-20,4.923999786376953,5.07,-0.14600021362304716,0.546999711990356,normal,normal,inverted_flat,10
2023-10-23,4.8379998207092285,5.05,-0.2120001792907713,0.4819999122619629,normal,normal,inverted_flat,11
2023-10-24,4.840000152587891,5.02,-0.17999984741210895,0.5880000877380378,normal,normal,inverted_flat,12
2023-10-25,4.953000068664551,5.08,-0.1269999313354493,0.6790000057220462,normal,normal,inverted_flat,13
2023-10-26,4.84499979019165,5.02,-0.17500020980834918,0.6209997653961188,normal,normal,inverted_flat,14
2023-10-27,4.84499979019165,4.99,-0.14500020980834982,0.6519996738433838,normal,normal,inverted_flat,15
2023-10-30,4.875,5.03,-0.15500000000000025,0.6419999122619631,normal,normal,inverted_flat,16
2023-10-31,4.875,5.07,-0.19500000000000028,0.5610000419616696,normal,normal,inverted_flat,17
2023-11-01,4.789000034332275,4.95,-0.1609999656677248,0.6420000267028803,normal,normal,inverted_flat,18
2023-11-02,4.669000148773193,4.98,-0.31099985122680707,0.5280002307891838,normal,normal,inverted_flat,19
2023-11-03,4.558000087738037,4.83,-0.27199991226196296,0.5390000724792481,normal,normal,inverted_flat,20
2023-11-06,4.662000179290772,4.93,-0.26799982070922734,0.5090002441406263,normal,normal,inverted_flat,21
2023-11-07,4.571000099182129,4.91,-0.33899990081787124,0.4330000305175776,normal,normal,inverted_flat,22
2023-11-08,4.5229997634887695,4.93,-0.4070002365112302,0.3079998397827146,normal,normal,inverted_flat,23
2023-11-09,4.630000114440918,5.03,-0.3999998855590823,0.33700001716613803,normal,normal,inverted_flat,24
2023-11-10,4.627999782562256,5.04,-0.4120002174377442,0.36899983406066905,normal,normal,inverted_flat,25
2023-11-13,4.631999969482422,5.02,-0.3880000305175777,0.4430000877380378,normal,normal,inverted_flat,26
2023-11-14,4.440999984741211,4.8,-0.3590000152587889,0.49900005340576215,normal,normal,inverted_flat,27
2023-11-15,4.534999847412109,4.9,-0.365000152587891,0.5289999580383293,normal,normal,inverted_flat,28
2023-11-16,4.445000171661377,4.83,-0.3849998283386231,0.5110002136230465,normal,normal,inverted_flat,29
2023-11-17,4.440999984741211,4.88,-0.43900001525878896,0.3780000305175779,normal,normal,inverted_flat,30
2023-11-20,4.421999931335449,4.89,-0.46800006866455046,0.42799994468688984,normal,normal,inverted_flat,31
2023-11-21,4.418000221252441,4.86,-0.4419997787475589,0.4650001811981199,normal,normal,inverted_flat,32
2023-11-22,4.415999889373779,4.89,-0.4740001106262204,0.5509999847412117,normal,normal,inverted_flat,33
2023-11-24,4.4720001220703125,4.92,-0.44799987792968743,0.626000051498413,normal,normal,inverted_flat,34
2023-11-27,4.388999938964844,4.84,-0.4510000610351561,0.5239999866485601,normal,normal,inverted_flat,35
2023-11-28,4.335999965667725,4.73,-0.3940000343322758,0.511000032424926,normal,normal,inverted_flat,36
2023-11-29,4.270999908447266,4.64,-0.36900009155273406,0.1459998035430914,inverted_flat,normal,inverted_flat,37
2023-11-30,4.352000236511231,4.73,-0.37799976348876907,0.1840002250671393,inverted_flat,normal,inverted_flat,38
2023-12-01,4.22599983215332,4.56,-0.3340001678466793,0.10399972915649469,inverted_flat,normal,inverted_flat,39
2023-12-04,4.288000106811523,4.64,-0.35199989318847624,0.20300006866455078,normal,normal,inverted_flat,40
2023-12-05,4.171000003814697,4.57,-0.398999996185303,0.016000022888183363,inverted_flat,normal,inverted_flat,41
2023-12-06,4.120999813079834,4.6,-0.47900018692016566,-0.04000013351440401,inverted_flat,normal,inverted_flat,42
2023-12-07,4.129000186920166,4.58,-0.45099981307983406,0.11300024032592759,inverted_flat,normal,inverted_flat,43
2023-12-08,4.244999885559082,4.71,-0.46500011444091793,-0.005000114440917969,inverted_flat,normal,inverted_flat,44
2023-12-11,4.238999843597412,4.71,-0.47100015640258786,-0.11700005531311053,inverted_flat,inverted_flat,normal,1
2023-12-12,4.205999851226807,4.73,-0.5240001487731938,-0.14400026321411197,inverted_flat,inverted_flat,normal,2
2023-12-13,4.0329999923706055,4.46,-0.4270000076293945,-0.01500012397766115,inverted_flat,inverted_flat,normal,3
2023-12-14,3.930000066757202,4.37,-0.43999993324279796,0.016000175476073686,inverted_flat,inverted_flat,normal,4
2023-12-15,3.927999973297119,4.44,-0.5120000267028813,0.0019999885559078834,inverted_flat,inverted_flat,normal,5
2023-12-18,3.953999996185303,4.43,-0.47600000381469654,0.07299987792968787,inverted_flat,inverted_flat,normal,6
2023-12-19,3.921999931335449,4.41,-0.4880000686645509,0.07799997329711861,inverted_flat,inverted_flat,normal,7
2023-12-20,3.877000093460083,4.34,-0.46299990653991685,0.0770000267028812,inverted_flat,inverted_flat,normal,8
2023-12-21,3.8940000534057617,4.33,-0.43599994659423835,0.0670001602172845,inverted_flat,inverted_flat,normal,9
2023-12-22,3.901000022888184,4.31,-0.40899997711181557,0.09400008201599208,inverted_flat,inverted_flat,normal,10
2023-12-26,3.885999917984009,4.26,-0.374000082015991,0.1579998111724854,inverted_flat,inverted_flat,normal,11
2023-12-27,3.7890000343322754,4.2,-0.4109999656677248,0.17400007247924743,inverted_flat,inverted_flat,normal,12
2023-12-28,3.849999904632568,4.26,-0.41000009536743187,0.18599988937377931,inverted_flat,inverted_flat,normal,13
2023-12-29,3.865999937057495,4.23,-0.3640000629425053,0.1649999332427976,inverted_flat,inverted_flat,normal,14
2024-01-02,3.946000099182129,4.33,-0.38399990081787116,0.12400019645690863,inverted_flat,inverted_flat,normal,15
2024-01-03,3.9070000648498535,4.33,-0.42299993515014656,0.13499999046325684,inverted_flat,inverted_flat,normal,16
2024-01-04,3.990999937057495,4.38,-0.3890000629425048,0.19999985694885236,inverted_flat,inverted_flat,normal,17
2024-01-05,4.041999816894531,4.4,-0.3580001831054691,0.2599997901916504,normal,inverted_flat,normal,18
2024-01-08,4.001999855041504,4.36,-0.3580001449584964,0.279999856948852,normal,inverted_flat,normal,19
2024-01-09,4.019000053405762,4.36,-0.3409999465942386,0.25399997711181577,normal,inverted_flat,normal,20
2024-01-10,4.03000020980835,4.37,-0.3399997901916505,0.2600002765655516,normal,inverted_flat,normal,21
2024-01-11,3.9769999980926514,4.26,-0.2830000019073484,0.3219998931884769,normal,normal,inverted_flat,1
2024-01-12,3.950000047683716,4.14,-0.18999995231628386,0.2740001392364504,normal,normal,inverted_flat,2
2024-01-16,4.065999984741211,4.22,-0.1540000152587888,0.31400006294250504,normal,normal,inverted_flat,3
2024-01-17,4.105999946594238,4.34,-0.23400005340576158,0.3079998302459721,normal,normal,inverted_flat,4
2024-01-18,4.144000053405762,4.34,-0.19599994659423814,0.3920001506805417,normal,normal,inverted_flat,5
2024-01-19,4.145999908447266,4.39,-0.24400009155273406,0.32200002670288086,normal,normal,inverted_flat,6
2024-01-22,4.093999862670898,4.37,-0.27600013732910167,0.2549999713897706,normal,normal,inverted_flat,7
2024-01-23,4.142000198364258,4.31,-0.1679998016357418,0.3190000820159917,normal,normal,inverted_flat,8
2024-01-24,4.177999973297119,4.34,-0.16200002670288072,0.23699990272521987,normal,normal,inverted_flat,9
2024-01-25,4.131999969482422,4.28,-0.14800003051757837,0.32599987030029265,normal,normal,inverted_flat,10
2024-01-26,4.159999847412109,4.34,-0.18000015258789048,0.2989999389648439,normal,normal,inverted_flat,11
2024-01-29,4.091000080108643,4.29,-0.19899991989135746,0.2900001716613767,normal,normal,inverted_flat,12
2024-01-30,4.059000015258789,4.36,-0.30099998474121126,0.16000012397766072,inverted_flat,normal,inverted_flat,13
2024-01-31,3.9670000076293945,4.27,-0.30299999237060504,0.1899999332427984,inverted_flat,normal,inverted_flat,14
2024-02-01,3.86299991607666,4.2,-0.33700008392334,0.1799998569488519,inverted_flat,normal,inverted_flat,15
2024-02-02,4.0329999923706055,4.36,-0.32700000762939485,0.15500009536743153,inverted_flat,normal,inverted_flat,16
2024-02-05,4.164000034332275,4.46,-0.2959999656677246,0.21500000953674325,normal,normal,inverted_flat,17
2024-02-06,4.090000152587891,4.39,-0.29999984741210906,0.2390000629425053,normal,normal,inverted_flat,18
2024-02-07,4.110000133514404,4.41,-0.29999986648559585,0.29200013160705574,normal,normal,inverted_flat,19
2024-02-08,4.170000076293945,4.46,-0.28999992370605465,0.2980001640319827,normal,normal,inverted_flat,20
2024-02-09,4.186999797821045,4.48,-0.2930002021789555,0.277999696731567,normal,normal,inverted_flat,21
2024-02-12,4.171999931335449,4.46,-0.28800006866455075,0.27399997711181623,normal,normal,inverted_flat,22
2024-02-13,4.315999984741211,4.64,-0.32400001525878874,0.2669998836517333,normal,normal,inverted_flat,23
2024-02-14,4.267000198364258,4.56,-0.2929998016357418,0.3930003070831303,normal,normal,inverted_flat,24
2024-02-15,4.239999771118164,4.56,-0.32000022888183555,0.4099998283386235,normal,normal,inverted_flat,25
2024-02-16,4.295000076293945,4.64,-0.34499992370605437,0.4150000286102298,normal,normal,inverted_flat,26
2024-02-20,4.275000095367432,4.59,-0.3149999046325682,0.4480000114440923,normal,normal,inverted_flat,27
2024-02-21,4.324999809265137,4.64,-0.31500019073486296,0.40699976921081626,normal,normal,inverted_flat,28
2024-02-22,4.327000141143799,4.69,-0.36299985885620156,0.4460001564025875,normal,normal,inverted_flat,29
2024-02-23,4.260000228881836,4.67,-0.409999771118164,0.357000150680542,normal,normal,inverted_flat,30
2024-02-26,4.298999786376953,4.69,-0.39100021362304727,0.41999990463256776,normal,normal,inverted_flat,31
2024-02-27,4.315000057220459,4.7,-0.3849999427795412,0.39100013732910144,normal,normal,inverted_flat,32
2024-02-28,4.27400016784668,4.64,-0.36599983215332,0.44000018119811957,normal,normal,inverted_flat,33
2024-02-29,4.251999855041504,4.64,-0.3880001449584958,0.45699996948242205,normal,normal,inverted_flat,34
2024-03-01,4.179999828338623,4.54,-0.360000171661377,0.42499972343444803,normal,normal,inverted_flat,35
2024-03-04,4.218999862670898,4.61,-0.3910001373291019,0.43999987602233803,normal,normal,inverted_flat,36
2024-03-05,4.13700008392334,4.54,-0.4029999160766602,0.5410000801086432,normal,normal,inverted_flat,37
2024-03-06,4.104000091552734,4.55,-0.44599990844726545,0.44600016593933134,normal,normal,inverted_flat,38
2024-03-07,4.0920000076293945,4.5,-0.40799999237060547,0.522999954223633,normal,normal,inverted_flat,39
2024-03-08,4.089000225067139,4.48,-0.39099977493286175,0.5600001335144036,normal,normal,inverted_flat,40
2024-03-11,4.104000091552734,4.51,-0.4059999084472654,0.5510000419616694,normal,normal,inverted_flat,41
2024-03-12,4.15500020980835,4.58,-0.42499979019165046,0.5460001850128173,normal,normal,inverted_flat,42
2024-03-13,4.191999912261963,4.61,-0.41800008773803743,0.5529998302459713,normal,normal,inverted_flat,43
2024-03-14,4.297999858856201,4.68,-0.38200014114379854,0.5489997577667243,normal,normal,inverted_flat,44
2024-03-15,4.303999900817871,4.72,-0.41600009918212866,0.5560000133514404,normal,normal,inverted_flat,45
2024-03-18,4.340000152587891,4.73,-0.3899998474121098,0.6100001144409175,normal,normal,inverted_flat,46
2024-03-19,4.296999931335449,4.68,-0.3830000686645505,0.6329998397827152,normal,normal,inverted_flat,47
2024-03-20,4.2729997634887695,4.59,-0.3170002365112303,0.7339997577667239,normal,normal,inverted_flat,48
2024-03-21,4.270999908447266,4.62,-0.3490000915527345,0.7329998683929451,normal,normal,inverted_flat,49
2024-03-22,4.2179999351501465,4.59,-0.3720000648498534,0.6230000019073492,normal,normal,inverted_flat,50
2024-03-25,4.252999782562256,4.54,-0.2870002174377442,0.6619998931884767,normal,normal,inverted_flat,51
2024-03-26,4.234000205993652,4.56,-0.32599979400634727,0.5640000152587898,normal,normal,inverted_flat,52
2024-03-27,4.196000099182129,4.54,-0.34399990081787113,0.5000000572204586,normal,normal,inverted_flat,53
2024-03-28,4.205999851226807,4.59,-0.3840001487731932,0.5159998321533203,normal,normal,inverted_flat,54
2024-04-01,4.328999996185303,4.72,-0.391000003814697,0.46799993515014693,normal,normal,inverted_flat,55
2024-04-02,4.364999771118164,4.7,-0.3350002288818361,0.49399985313415495,normal,normal,inverted_flat,56
2024-04-03,4.355000019073486,4.68,-0.3249999809265134,0.5960000133514409,normal,normal,inverted_flat,57
2024-04-04,4.309000015258789,4.65,-0.3409999847412113,0.6020000839233397,normal,normal,inverted_flat,58
2024-04-05,4.377999782562256,4.73,-0.35200021743774457,0.5989997482299803,normal,normal,inverted_flat,59
2024-04-08,4.423999786376953,4.78,-0.3560002136230471,0.6419996833801269,normal,normal,inverted_flat,60
2024-04-09,4.366000175476074,4.74,-0.373999824523926,0.5720000839233395,normal,normal,inverted_flat,61
2024-04-10,4.559999942779541,4.97,-0.41000005722045874,0.5730000495910645,normal,normal,inverted_flat,62
2024-04-11,4.576000213623047,4.93,-0.35399978637695284,0.5990001010894779,normal,normal,inverted_flat,63
2024-04-12,4.499000072479248,4.88,-0.38099992752075185,0.5570001316070559,normal,normal,inverted_flat,64
2024-04-15,4.627999782562256,4.93,-0.30200021743774386,0.666999711990357,normal,normal,inverted_flat,65
2024-04-16,4.658999919891357,4.97,-0.31100008010864233,0.586999835968018,normal,normal,inverted_flat,66
2024-04-17,4.585000038146973,4.93,-0.34499996185302706,0.5559999370574955,normal,normal,inverted_flat,67
2024-04-18,4.646999835968018,4.98,-0.33300016403198285,0.5879997253417963,normal,normal,inverted_flat,68
2024-04-19,4.614999771118164,4.97,-0.3550002288818357,0.513999652862549,normal,normal,inverted_flat,69
2024-04-22,4.623000144958496,4.97,-0.34699985504150366,0.45500007629394545,normal,normal,inverted_flat,70
2024-04-23,4.5980000495910645,4.86,-0.26199995040893587,0.44899991989135746,normal,normal,inverted_flat,71
2024-04-24,4.651999950408936,4.89,-0.23800004959106325,0.482000007629396,normal,normal,inverted_flat,72
2024-04-25,4.705999851226807,4.96,-0.2540001487731933,0.4279997825622557,normal,normal,inverted_flat,73
2024-04-26,4.669000148773193,4.96,-0.2909998512268066,0.42300012588501,normal,normal,inverted_flat,74
2024-04-29,4.613999843597412,4.97,-0.35600015640258764,0.42199975967407255,normal,normal,inverted_flat,75
2024-04-30,4.685999870300293,5.04,-0.35400012969970707,0.38599994659423853,normal,normal,inverted_flat,76
2024-05-01,4.59499979019165,4.96,-0.3650002098083496,0.3569995689392087,normal,normal,inverted_flat,77
2024-05-02,4.571000099182129,4.87,-0.2989999008178712,0.4770000839233397,normal,normal,inverted_flat,78
2024-05-03,4.5,4.81,-0.3099999999999996,0.3889998054504398,normal,normal,inverted_flat,79
2024-05-06,4.488999843597412,4.82,-0.3310001564025882,0.38099994659423775,normal,normal,inverted_flat,80
2024-05-07,4.4629998207092285,4.82,-0.35700017929077177,0.2749997329711915,normal,normal,inverted_flat,81
2024-05-08,4.492000102996826,4.84,-0.3479998970031737,0.3210001754760743,normal,normal,inverted_flat,82
2024-05-09,4.448999881744385,4.8,-0.35100011825561506,0.27699987411499016,normal,normal,inverted_flat,83
2024-05-10,4.504000186920166,4.87,-0.3659998130798341,0.3260001182556147,normal,normal,inverted_flat,84
2024-05-13,4.480999946594238,4.85,-0.36900005340576136,0.382999992370606,normal,normal,inverted_flat,85
2024-05-14,4.445000171661377,4.81,-0.36499982833862266,0.3800000381469735,normal,normal,inverted_flat,86
2024-05-15,4.355999946594238,4.73,-0.37400005340576215,0.417000102996826,normal,normal,inverted_flat,87
2024-05-16,4.376999855041504,4.78,-0.40300014495849634,0.3649999618530275,normal,normal,inverted_flat,88
2024-05-17,4.420000076293945,4.83,-0.40999992370605476,0.3379998588562012,normal,normal,inverted_flat,89
2024-05-20,4.436999797821045,4.82,-0.38300020217895536,0.39899976730346687,normal,normal,inverted_flat,90
2024-05-21,4.414000034332275,4.82,-0.4059999656677249,0.35100009918212827,normal,normal,inverted_flat,91
2024-05-22,4.434000015258789,4.86,-0.42599998474121126,0.2710001564025877,normal,normal,inverted_flat,92
2024-05-23,4.474999904632568,4.91,-0.4350000953674318,0.23699977874755884,normal,normal,inverted_flat,93
2024-05-24,4.4670000076293945,4.93,-0.4629999923706052,0.25700004577636726,normal,normal,inverted_flat,94
2024-05-28,4.541999816894531,4.94,-0.39800018310546914,0.2819995880126953,normal,normal,inverted_flat,95
2024-05-29,4.624000072479248,4.96,-0.3359999275207519,0.3860001754760747,normal,normal,inverted_flat,96
2024-05-30,4.553999900817871,4.92,-0.36600009918212884,0.3159997940063475,normal,normal,inverted_flat,97
2024-05-31,4.513999938964844,4.89,-0.37600006103515593,0.34000000000000075,normal,normal,inverted_flat,98
2024-06-03,4.401999950408936,4.82,-0.41800004959106385,0.29299987792968807,normal,normal,inverted_flat,99
2024-06-04,4.335999965667725,4.77,-0.43400003433227496,0.2779998588562016,normal,normal,inverted_flat,100
2024-06-05,4.289000034332275,4.72,-0.43099996566772436,0.26700000762939435,normal,normal,inverted_flat,101
2024-06-06,4.281000137329102,4.72,-0.4389998626708982,0.29200037002563484,normal,normal,inverted_flat,102
2024-06-07,4.429999828338623,4.87,-0.44000017166137706,0.27500005722045895,normal,normal,inverted_flat,103
2024-06-10,4.468999862670898,4.87,-0.40100013732910167,0.36999988555908203,normal,normal,inverted_flat,104
2024-06-11,4.40399980545044,4.81,-0.40600019454955927,0.2339997863769545,normal,normal,inverted_flat,105
2024-06-12,4.295000076293945,4.75,-0.4549999237060547,0.20699987411498988,normal,normal,inverted_flat,106
2024-06-13,4.23799991607666,4.68,-0.44200008392333956,0.10600009918212905,inverted_flat,normal,inverted_flat,107
2024-06-14,4.2129998207092285,4.67,-0.4570001792907714,0.024999732971191513,inverted_flat,normal,inverted_flat,108
2024-06-17,4.27899980545044,4.75,-0.47100019454955966,0.002999877929688033,inverted_flat,normal,inverted_flat,109
2024-06-18,4.2170000076293945,4.69,-0.47299999237060586,-0.030000114440918324,inverted_flat,normal,inverted_flat,110
2024-06-20,4.254000186920166,4.7,-0.44599981307983416,0.011000232696533274,inverted_flat,inverted_flat,normal,1
2024-06-21,4.256999969482422,4.7,-0.4430000305175783,-0.006000118255615305,inverted_flat,inverted_flat,normal,2
2024-06-24,4.248000144958496,4.71,-0.46199985504150387,-0.1139999008178707,inverted_flat,inverted_flat,normal,3
2024-06-25,4.23799991607666,4.65,-0.4120000839233402,-0.09700021743774467,inverted_flat,inverted_flat,normal,4
2024-06-26,4.315999984741211,4.71,-0.394000015258789,-0.08100002288818331,inverted_flat,inverted_flat,normal,5
2024-06-27,4.288000106811523,4.7,-0.41199989318847674,-0.11599981307983409,inverted_flat,inverted_flat,normal,6
2024-06-28,4.3429999351501465,4.71,-0.3670000648498535,-0.062000274658203125,inverted_flat,inverted_flat,normal,7
2024-07-01,4.479000091552734,4.77,-0.2909999084472652,0.10400030136108462,inverted_flat,inverted_flat,normal,8
2024-07-02,4.435999870300293,4.74,-0.30400012969970724,0.0439999771118158,inverted_flat,inverted_flat,normal,9
2024-07-03,4.355000019073486,4.71,-0.35499998092651364,0.055999832153320384,inverted_flat,inverted_flat,normal,10
2024-07-05,4.271999835968018,4.6,-0.32800016403198207,0.04999994277954123,inverted_flat,inverted_flat,normal,11
2024-07-08,4.269000053405762,4.62,-0.3509999465942384,-0.008000068664550497,inverted_flat,inverted_flat,normal,12
2024-07-09,4.300000190734863,4.62,-0.3199998092651368,-0.033999614715576776,inverted_flat,inverted_flat,normal,13
2024-07-10,4.28000020980835,4.62,-0.3399997901916505,-0.18799970626831097,inverted_flat,inverted_flat,normal,14
2024-07-11,4.192999839782715,4.5,-0.30700016021728516,-0.160999946594238,inverted_flat,inverted_flat,normal,15
2024-07-12,4.189000129699707,4.45,-0.26099987030029315,-0.04899969100952184,inverted_flat,inverted_flat,normal,16
2024-07-15,4.229000091552734,4.44,-0.21099990844726602,-0.031000061035157067,inverted_flat,inverted_flat,normal,17
2024-07-16,4.166999816894531,4.43,-0.26300018310546847,-0.13600025177001918,inverted_flat,inverted_flat,normal,18
2024-07-17,4.145999908447266,4.42,-0.2740000915527343,-0.09899988174438512,inverted_flat,inverted_flat,normal,19
2024-07-18,4.189000129699707,4.46,-0.27099987030029293,-0.1259996604919431,inverted_flat,inverted_flat,normal,20
2024-07-19,4.238999843597412,4.49,-0.2510001564025881,-0.09600015640258786,inverted_flat,inverted_flat,normal,21
2024-07-22,4.260000228881836,4.5,-0.23999977111816406,-0.04499977111816378,inverted_flat,inverted_flat,normal,22
2024-07-23,4.238999843597412,4.4,-0.16100015640258825,-1.9073486345888568e-07,inverted_flat,inverted_flat,normal,23
2024-07-24,4.285999774932861,4.37,-0.08400022506713878,0.2269996261596683,normal,inverted_flat,normal,24
2024-07-25,4.25600004196167,4.41,-0.15399995803833022,0.11799995422363274,inverted_flat,inverted_flat,normal,25
2024-07-26,4.199999809265137,4.36,-0.1600001907348636,0.10799962997436374,inverted_flat,inverted_flat,normal,26
2024-07-29,4.177999973297119,4.36,-0.18200002670288118,0.15699987411499006,inverted_flat,inverted_flat,normal,27
2024-07-30,4.14300012588501,4.35,-0.20699987411498988,0.2000003623962403,normal,inverted_flat,normal,28
2024-07-31,4.109000205993652,4.29,-0.1809997940063477,0.2190000915527346,normal,inverted_flat,normal,29
2024-08-01,3.9760000705718994,4.16,-0.18399992942810073,0.22800028800964345,normal,inverted_flat,normal,30
2024-08-02,3.7920000553131104,3.88,-0.08799994468688954,0.30000008583068816,normal,inverted_flat,normal,31
2024-08-05,3.785000085830689,3.89,-0.1049999141693112,0.2540001010894777,normal,normal,inverted_flat,1
2024-08-06,3.888000011444092,3.99,-0.10199998855590842,0.26300016403198256,normal,normal,inverted_flat,2
2024-08-07,3.9679999351501465,4.0,-0.032000064849853516,0.3529997634887696,normal,normal,inverted_flat,3
2024-08-08,3.996999979019165,4.04,-0.043000020980834996,0.39599999427795396,normal,normal,inverted_flat,4
2024-08-09,3.941999912261963,4.05,-0.10800008773803693,0.35999998092651353,normal,normal,inverted_flat,5
2024-08-12,3.908999919891357,4.01,-0.10100008010864281,0.3409996986389161,normal,normal,inverted_flat,6
2024-08-13,3.8519999980926514,3.93,-0.07800000190734879,0.3960001087188716,normal,normal,inverted_flat,7
2024-08-14,3.819999933242798,3.94,-0.1200000667572021,0.32799981117248533,normal,normal,inverted_flat,8
2024-08-15,3.9260001182556152,4.08,-0.15399988174438484,0.29700017929077127,normal,normal,inverted_flat,9
2024-08-16,3.891999959945679,4.06,-0.16800004005432045,0.22599999427795536,normal,normal,inverted_flat,10
2024-08-19,3.867000102996826,4.06,-0.19299989700317344,0.17600019454956062,inverted_flat,normal,inverted_flat,11
2024-08-20,3.818000078201294,3.99,-0.17199992179870627,0.2059998416900628,normal,normal,inverted_flat,12
2024-08-21,3.7780001163482666,3.92,-0.14199988365173333,0.19200028419494597,inverted_flat,normal,inverted_flat,13
2024-08-22,3.861999988555908,3.99,-0.128000011444092,0.22399988174438423,normal,normal,inverted_flat,14
2024-08-23,3.806999921798706,3.9,-0.09300007820129386,0.30599991798400916,normal,normal,inverted_flat,15
2024-08-26,3.818000078201294,3.91,-0.0919999217987062,0.38700026512145946,normal,normal,inverted_flat,16
2024-08-27,3.8329999446868896,3.83,0.0029999446868895774,0.45399975776672363,bear_steep,normal,inverted_flat,17
2024-08-28,3.8410000801086426,3.83,0.011000080108642507,0.47600019454956044,bear_steep,normal,inverted_flat,18
2024-08-29,3.867000102996826,3.87,-0.0029998970031739347,0.4680002593994139,normal,normal,inverted_flat,19
2024-08-30,3.91100001335144,3.91,0.0010000133514398435,0.5250001621246336,bear_steep,normal,inverted_flat,20
2024-09-03,3.8440001010894775,3.88,-0.035999898910522354,0.39100010871887214,normal,normal,inverted_flat,21
2024-09-04,3.767999887466431,3.76,0.007999887466431321,0.4479998207092293,bear_steep,normal,inverted_flat,22
2024-09-05,3.7309999465942383,3.75,-0.01900005340576172,0.49299997329711953,normal,normal,inverted_flat,23
2024-09-06,3.7100000381469727,3.66,0.050000038146972514,0.526000041961669,bear_steep,normal,inverted_flat,24
2024-09-09,3.697000026702881,3.68,0.0170000267028807,0.5050000953674316,bear_steep,normal,inverted_flat,25
2024-09-10,3.6459999084472656,3.59,0.05599990844726577,0.5189998149871826,bear_steep,normal,inverted_flat,26
2024-09-11,3.6530001163482666,3.62,0.033000116348266495,0.46900006294250485,bear_steep,normal,inverted_flat,27
2024-09-12,3.680000066757202,3.64,0.040000066757202024,0.4490000438690176,bear_steep,bear_steep,normal,1
2024-09-13,3.650000095367432,3.57,0.08000009536743224,0.45400017738342324,bear_steep,bear_steep,normal,2
2024-09-16,3.621000051498413,3.56,0.06100005149841303,0.4720000171661378,bear_steep,bear_steep,normal,3
2024-09-17,3.641999959945679,3.59,0.0519999599456793,0.46200005531311117,bear_steep,bear_steep,normal,4
2024-09-18,3.684999942779541,3.61,0.07499994277954114,0.43900000572204645,bear_steep,bear_steep,normal,5
2024-09-19,3.740000009536743,3.59,0.1500000095367433,0.5339999103546145,bear_steep,bear_steep,normal,6
2024-09-20,3.7279999256134033,3.55,0.1779999256134035,0.60099986076355,bear_steep,bear_steep,normal,7
2024-09-23,3.739000082015991,3.57,0.16900008201599137,0.5580001449584961,bear_steep,bear_steep,normal,8
2024-09-24,3.736000061035156,3.49,0.2460000610351556,0.6040002441406247,bear_steep,bear_steep,normal,9
2024-09-25,3.7809998989105225,3.53,0.25099989891052266,0.6090000438690191,bear_steep,bear_steep,normal,10
2024-09-26,3.7909998893737793,3.6,0.1909998893737792,0.5319998359680178,bear_steep,bear_steep,normal,11
2024-09-27,3.749000072479248,3.55,0.19900007247924822,0.5389998626708987,bear_steep,bear_steep,normal,12
2024-09-30,3.802000045776367,3.66,0.14200004577636705,0.42500004768371547,bear_steep,bear_steep,normal,13
2024-10-01,3.743000030517578,3.61,0.13300003051757825,0.3229999828338621,normal,bear_steep,normal,14
2024-10-02,3.785000085830689,3.63,0.15500008583068903,0.30900010108947784,normal,bear_steep,normal,15
2024-10-03,3.849999904632568,3.7,0.14999990463256774,0.3839999580383293,normal,bear_steep,normal,16
2024-10-04,3.9809999465942383,3.93,0.05099994659423812,0.24699989318847626,normal,bear_steep,normal,17
2024-10-07,4.026000022888184,3.99,0.03600002288818338,0.28000011444091744,normal,normal,bear_steep,1
2024-10-08,4.0329999923706055,3.98,0.052999992370605487,0.32900012969970716,normal,normal,bear_steep,2
2024-10-09,4.066999912261963,3.99,0.07699991226196268,0.24499971389770447,normal,normal,bear_steep,3
2024-10-10,4.0960001945495605,3.98,0.11600019454956056,0.2780002212524413,normal,normal,bear_steep,4
2024-10-11,4.072999954223633,3.95,0.12299995422363263,0.270999984741211,normal,normal,bear_steep,5
2024-10-15,4.038000106811523,3.95,0.08800010681152326,0.26800025939941374,normal,normal,bear_steep,6
2024-10-16,4.015999794006348,3.93,0.0859997940063475,0.28499971389770495,normal,normal,bear_steep,7
2024-10-17,4.0960001945495605,3.96,0.13600019454956058,0.43700017929077184,bear_steep,normal,bear_steep,8
2024-10-18,4.072999954223633,3.95,0.12299995422363263,0.4259999465942377,bear_steep,normal,bear_steep,9
2024-10-21,4.182000160217285,4.02,0.16200016021728558,0.4990002441406256,bear_steep,normal,bear_steep,10
2024-10-22,4.203999996185303,4.03,0.17399999618530249,0.5010000038146973,bear_steep,normal,bear_steep,11
2024-10-23,4.242000102996826,4.07,0.1720001029968259,0.46800006866455046,bear_steep,bear_steep,normal,1
2024-10-24,4.199999809265137,4.07,0.12999980926513643,0.4299996566772455,bear_steep,bear_steep,normal,2
2024-10-25,4.23199987411499,4.11,0.12199987411498991,0.42199974060058576,bear_steep,bear_steep,normal,3
2024-10-28,4.277999877929688,4.12,0.15799987792968828,0.44799980163574293,bear_steep,bear_steep,normal,4
2024-10-29,4.27400016784668,4.11,0.16400016784667937,0.45700037002563487,bear_steep,bear_steep,normal,5
2024-10-30,4.265999794006348,4.15,0.1159997940063473,0.40399986267089805,bear_steep,bear_steep,normal,6
2024-10-31,4.283999919891357,4.16,0.12399991989135728,0.447999935150146,bear_steep,bear_steep,normal,7
2024-11-01,4.361000061035156,4.21,0.15100006103515629,0.4439998626708981,bear_steep,bear_steep,normal,8
2024-11-04,4.309000015258789,4.17,0.13900001525878913,0.4590002441406247,bear_steep,bear_steep,normal,9
2024-11-05,4.289000034332275,4.19,0.099000034332275,0.44399995803832937,bear_steep,bear_steep,normal,10
2024-11-06,4.426000118255615,4.27,0.15600011825561566,0.4710000228881839,bear_steep,bear_steep,normal,11
2024-11-07,4.341000080108643,4.21,0.1310000801086426,0.4460002708435056,bear_steep,bear_steep,normal,12
2024-11-08,4.306000232696533,4.26,0.046000232696533416,0.409000091552735,bear_steep,bear_steep,normal,13
2024-11-12,4.432000160217285,4.34,0.0920001602172853,0.5019999313354493,bear_steep,bear_steep,normal,14
2024-11-13,4.451000213623047,4.27,0.1810002136230473,0.5720004272460946,bear_steep,bear_steep,normal,15
2024-11-14,4.418000221252441,4.34,0.07800022125244155,0.46300016403198274,bear_steep,bear_steep,normal,16
2024-11-15,4.427999973297119,4.31,0.11799997329711953,0.4839998054504395,bear_steep,bear_steep,normal,17
2024-11-18,4.414000034332275,4.29,0.12400003433227536,0.5120001792907711,bear_steep,bear_steep,normal,18
2024-11-19,4.379000186920166,4.27,0.10900018692016644,0.46900035858154343,bear_steep,bear_steep,normal,19
2024-11-20,4.406000137329102,4.31,0.09600013732910195,0.48700027465820384,bear_steep,bear_steep,normal,20
2024-11-21,4.432000160217285,4.34,0.0920001602172853,0.4950000762939455,bear_steep,bear_steep,normal,21
2024-11-22,4.409999847412109,4.37,0.03999984741210927,0.4859997558593747,bear_steep,bear_steep,normal,22
2024-11-25,4.264999866485596,4.21,0.05499986648559574,0.4629998588562012,bear_steep,bear_steep,normal,23
2024-11-26,4.302000045776367,4.21,0.09200004577636722,0.482999820709229,bear_steep,bear_steep,normal,24
2024-11-27,4.242000102996826,4.19,0.05200010299682578,0.4580000114440912,bear_steep,bear_steep,normal,25
2024-11-29,4.177999973297119,4.13,0.04799997329711925,0.4729997634887697,bear_steep,bear_steep,normal,26
2024-12-02,4.196000099182129,4.17,0.026000099182128977,0.4440001869201664,bear_steep,bear_steep,normal,27
2024-12-03,4.2230000495910645,4.17,0.053000049591064524,0.43500019073486307,bear_steep,bear_steep,normal,28
2024-12-04,4.179999828338623,4.13,0.04999982833862315,0.4659999275207518,bear_steep,bear_steep,normal,29
2024-12-05,4.179999828338623,4.15,0.02999982833862269,0.4199996757507325,bear_steep,bear_steep,normal,30
2024-12-06,4.151000022888184,4.1,0.05100002288818395,0.43400009155273445,bear_steep,bear_steep,normal,31
2024-12-09,4.198999881744385,4.13,0.06899988174438487,0.3860001182556152,normal,bear_steep,normal,32
2024-12-10,4.2210001945495605,4.15,0.07100019454956019,0.4200002861022947,bear_steep,bear_steep,normal,33
2024-12-11,4.270999908447266,4.15,0.12099990844726527,0.49299997329711864,bear_steep,bear_steep,normal,34
2024-12-12,4.323999881744385,4.18,0.14399988174438505,0.4310000991821292,bear_steep,bear_steep,normal,35
2024-12-13,4.39900016784668,4.25,0.1490001678466797,0.47499996185302695,bear_steep,bear_steep,normal,36
2024-12-16,4.396999835968018,4.25,0.14699983596801758,0.4909997367858887,bear_steep,bear_steep,normal,37
2024-12-17,4.385000228881836,4.25,0.13500022888183594,0.5190003776550292,bear_steep,bear_steep,normal,38
2024-12-18,4.49399995803833,4.35,0.14399995803833043,0.5349999618530275,bear_steep,bear_steep,normal,39
2024-12-19,4.570000171661377,4.32,0.25000017166137667,0.5850004005432128,bear_steep,bear_steep,normal,40
2024-12-20,4.52400016784668,4.3,0.22400016784667987,0.5490001487731933,bear_steep,bear_steep,normal,41
2024-12-23,4.598999977111816,4.3,0.2989999771118166,0.6399999618530279,bear_steep,bear_steep,normal,42
2024-12-24,4.591000080108643,4.29,0.30100008010864254,0.6530002975463871,bear_steep,bear_steep,normal,43
2024-12-26,4.578999996185303,4.3,0.2789999961853029,0.63500020980835,bear_steep,bear_steep,normal,44
2024-12-27,4.61899995803833,4.31,0.30899995803833047,0.6829997825622565,bear_steep,bear_steep,normal,45
2024-12-30,4.545000076293945,4.24,0.3050000762939451,0.7150001335144038,bear_steep,bear_steep,normal,46
2024-12-31,4.572999954223633,4.25,0.3229999542236328,0.6769997406005857,bear_steep,bear_steep,normal,47
2025-01-02,4.574999809265137,4.25,0.3249998092651367,0.7059997367858886,bear_steep,bear_steep,normal,48
2025-01-03,4.5960001945495605,4.28,0.3160001945495603,0.6180004119873042,bear_steep,bear_steep,normal,49
2025-01-06,4.618000030517578,4.28,0.3380000305175779,0.6490001106262202,bear_steep,bear_steep,normal,50
2025-01-07,4.683000087738037,4.3,0.3830000877380373,0.7280000495910643,bear_steep,bear_steep,normal,51
2025-01-08,4.692999839782715,4.28,0.4129998397827146,0.7460000038146974,bear_steep,bear_steep,normal,52
2025-01-10,4.776000022888184,4.4,0.37600002288818324,0.7310002517700189,bear_steep,bear_steep,normal,53
2025-01-13,4.802999973297119,4.4,0.4029999732971188,0.7499998283386224,bear_steep,bear_steep,normal,54
2025-01-14,4.788000106811523,4.37,0.41800010681152333,0.6800000572204592,bear_steep,bear_steep,normal,55
2025-01-15,4.652999877929688,4.27,0.3829998779296888,0.6209999275207521,bear_steep,bear_steep,normal,56
2025-01-16,4.605999946594238,4.23,0.37599994659423785,0.6300000953674312,bear_steep,bear_steep,normal,57
2025-01-17,4.609000205993652,4.27,0.33900020599365277,0.6300000572204594,bear_steep,bear_steep,normal,58
2025-01-21,4.573999881744385,4.29,0.28399988174438473,0.6400000381469724,bear_steep,bear_steep,normal,59
2025-01-22,4.598999977111816,4.29,0.30899997711181637,0.6630001068115234,bear_steep,bear_steep,normal,60
2025-01-23,4.638000011444092,4.29,0.34800001144409176,0.7130002212524413,bear_steep,bear_steep,normal,61
2025-01-24,4.625999927520752,4.27,0.3559999275207524,0.6549998283386236,bear_steep,bear_steep,normal,62
2025-01-27,4.527999877929688,4.17,0.35799987792968846,0.6679998779296881,bear_steep,bear_steep,normal,63
2025-01-28,4.551000118255615,4.19,0.36100011825561484,0.692000274658203,bear_steep,bear_steep,normal,64
2025-01-29,4.554999828338623,4.21,0.3449998283386231,0.7020000076293949,bear_steep,bear_steep,normal,65
2025-01-30,4.51200008392334,4.18,0.33200008392334013,0.6799999809265138,bear_steep,bear_steep,normal,66
2025-01-31,4.568999767303467,4.22,0.34899976730346705,0.6999998855590821,bear_steep,bear_steep,normal,67
2025-02-03,4.543000221252441,4.26,0.2830002212524416,0.6490000343322757,bear_steep,bear_steep,normal,68
2025-02-04,4.513000011444092,4.21,0.30300001144409183,0.6720000648498532,bear_steep,bear_steep,normal,69
2025-02-05,4.421999931335449,4.17,0.2519999313354493,0.616999759674072,bear_steep,bear_steep,normal,70
2025-02-06,4.440000057220459,4.21,0.23000005722045902,0.6040001106262212,bear_steep,bear_steep,normal,71
2025-02-07,4.486999988555908,4.29,0.19699998855590817,0.6000001335144045,bear_steep,bear_steep,normal,72
2025-02-10,4.493000030517578,4.28,0.21300003051757788,0.6229999542236326,bear_steep,bear_steep,normal,73
2025-02-11,4.537000179290772,4.29,0.24700017929077234,0.6300003814697277,bear_steep,bear_steep,normal,74
2025-02-12,4.63700008392334,4.36,0.2770000839233395,0.6830000495910644,bear_steep,bear_steep,normal,75
2025-02-13,4.525000095367432,4.31,0.21500009536743203,0.6410000801086433,bear_steep,bear_steep,normal,76
2025-02-14,4.4720001220703125,4.26,0.2120001220703127,0.6470002174377445,bear_steep,bear_steep,normal,77
2025-02-18,4.544000148773193,4.29,0.2540001487731933,0.7170001411437985,bear_steep,bear_steep,normal,78
2025-02-19,4.534999847412109,4.28,0.2549998474121091,0.6530000305175783,bear_steep,bear_steep,normal,79
2025-02-20,4.5,4.28,0.21999999999999975,0.5559999275207517,bear_steep,bear_steep,normal,80
2025-02-21,4.420000076293945,4.19,0.23000007629394492,0.5960001754760738,bear_steep,bear_steep,normal,81
2025-02-24,4.39300012588501,4.13,0.26300012588500987,0.6390001869201658,bear_steep,bear_steep,normal,82
2025-02-25,4.297999858856201,4.07,0.2279998588562009,0.6459999084472647,bear_steep,bear_steep,normal,83
2025-02-26,4.249000072479248,4.05,0.19900007247924822,0.6330001068115232,bear_steep,bear_steep,normal,84
2025-02-27,4.284999847412109,4.07,0.2149998474121091,0.6459998130798335,bear_steep,bear_steep,normal,85
2025-02-28,4.230999946594238,3.99,0.24099994659423807,0.6799998092651363,bear_steep,bear_steep,normal,86
2025-03-03,4.179999828338623,3.96,0.21999982833862308,0.6600000000000001,bear_steep,bear_steep,normal,87
2025-03-04,4.210000038146973,3.96,0.2500000381469727,0.6510001754760744,bear_steep,bear_steep,normal,88
2025-03-05,4.264999866485596,3.99,0.2749998664855955,0.6810000610351548,bear_steep,bear_steep,normal,89
2025-03-06,4.285999774932861,3.96,0.32599977493286136,0.780999698638916,bear_steep,bear_steep,normal,90
2025-03-07,4.316999912261963,3.99,0.3269999122619627,0.7689999961853022,bear_steep,bear_steep,normal,91
2025-03-10,4.2129998207092285,3.89,0.3229998207092284,0.7799999999999998,bear_steep,bear_steep,normal,92
2025-03-11,4.288000106811523,3.94,0.3480001068115235,0.8190003013610831,bear_steep,bear_steep,normal,93
2025-03-12,4.317999839782715,4.01,0.30799983978271506,0.7809998321533209,bear_steep,bear_steep,normal,94
2025-03-13,4.27400016784668,3.94,0.33400016784667974,0.7799999809265139,bear_steep,bear_steep,normal,95
2025-03-14,4.308000087738037,4.02,0.28800008773803754,0.7310001182556158,bear_steep,bear_steep,normal,96
2025-03-17,4.306000232696533,4.06,0.2460002326965336,0.7080000877380375,bear_steep,bear_steep,normal,97
2025-03-18,4.281000137329102,4.04,0.24100013732910153,0.6530002212524417,bear_steep,bear_steep,normal,98
2025-03-19,4.25600004196167,3.99,0.2660000419616697,0.6600000572204587,bear_steep,bear_steep,normal,99
2025-03-20,4.232999801635742,3.95,0.282999801635742,0.6949996948242188,bear_steep,bear_steep,normal,100
2025-03-21,4.251999855041504,3.94,0.31199985504150396,0.6789999198913574,bear_steep,bear_steep,normal,101
2025-03-24,4.330999851226807,4.04,0.2909998512268066,0.5819997596740718,bear_steep,bear_steep,normal,102
2025-03-25,4.307000160217285,3.96,0.3470001602172852,0.6510002899169924,bear_steep,bear_steep,normal,103
2025-03-26,4.3379998207092285,3.98,0.35799982070922853,0.7129998016357422,bear_steep,bear_steep,normal,104
2025-03-27,4.36899995803833,3.97,0.3989999580383299,0.727000122070312,bear_steep,bear_steep,normal,105
2025-03-28,4.255000114440918,3.89,0.36500011444091784,0.7160000610351562,bear_steep,bear_steep,normal,106
2025-03-31,4.245999813079834,3.89,0.35599981307983386,0.6759996223449707,bear_steep,bear_steep,normal,107
2025-04-01,4.156000137329102,3.87,0.28600013732910146,0.625999927520752,bear_steep,bear_steep,normal,108
2025-04-02,4.196000099182129,3.91,0.28600009918212876,0.5930002593994139,bear_steep,bear_steep,normal,109
2025-04-03,4.054999828338623,3.71,0.3449998283386231,0.6059996986389162,bear_steep,bear_steep,normal,110
2025-04-04,3.984999895095825,3.68,0.30499989509582504,0.515999803543091,bear_steep,bear_steep,normal,111
2025-04-07,4.15500020980835,3.73,0.4250002098083496,0.6880003929138181,bear_steep,bear_steep,normal,112
2025-04-08,4.26200008392334,3.71,0.5520000839233399,0.8260001754760742,bear_steep,bear_steep,normal,113
2025-04-09,4.400000095367432,3.91,0.4900000953674315,0.7609999656677244,bear_steep,bear_steep,normal,114
2025-04-10,4.394000053405762,3.84,0.5540000534057619,0.80500020980835,bear_steep,bear_steep,normal,115
2025-04-11,4.493000030517578,3.96,0.5330000305175782,0.7729998016357422,bear_steep,bear_steep,normal,116
2025-04-14,4.363999843597412,3.84,0.5239998435974123,0.6850000000000005,bear_steep,bear_steep,normal,117
2025-04-15,4.322999954223633,3.84,0.48299995422363295,0.5670001792907717,bear_steep,bear_steep,normal,118
2025-04-16,4.27899980545044,3.77,0.5089998054504403,0.6629997634887705,bear_steep,bear_steep,normal,119
2025-04-17,4.333000183105469,3.81,0.5230001831054687,0.6830003738403323,bear_steep,bear_steep,normal,120
2025-04-21,4.40500020980835,3.75,0.6550002098083496,0.8370002365112308,bear_steep,bear_steep,normal,121
2025-04-22,4.388999938964844,3.76,0.628999938964844,0.8359998130798338,bear_steep,bear_steep,normal,122
2025-04-23,4.38700008392334,3.81,0.5770000839233398,0.7579998779296875,bear_steep,bear_steep,normal,123
2025-04-24,4.304999828338623,3.77,0.534999828338623,0.7189997577667238,bear_steep,bear_steep,normal,124
2025-04-25,4.265999794006348,3.74,0.5259997940063474,0.613999738693237,bear_steep,bear_steep,normal,125
2025-04-28,4.216000080108643,3.67,0.5460000801086426,0.6509999942779539,bear_steep,bear_steep,normal,126
2025-04-29,4.172999858856201,3.65,0.5229998588562013,0.6249998474121097,bear_steep,bear_steep,normal,127
2025-04-30,4.177000045776367,3.6,0.5770000457763671,0.6090001106262206,bear_steep,bear_steep,normal,128
2025-05-01,4.230999946594238,3.7,0.5309999465942381,0.5739999675750731,bear_steep,bear_steep,normal,129
2025-05-02,4.322000026702881,3.83,0.4920000267028808,0.6000001144409177,bear_steep,bear_steep,normal,130
2025-05-05,4.3429999351501465,3.83,0.5129999351501464,0.6140000152587892,bear_steep,bear_steep,normal,131
2025-05-06,4.308000087738037,3.78,0.5280000877380373,0.6060000896453861,bear_steep,bear_steep,normal,132
2025-05-07,4.275000095367432,3.78,0.49500009536743184,0.6150001621246339,bear_steep,bear_steep,normal,133
2025-05-08,4.373000144958496,3.9,0.4730001449584962,0.627000026702881,bear_steep,bear_steep,normal,134
2025-05-09,4.375,3.88,0.4950000000000001,0.6630000400543206,bear_steep,bear_steep,normal,135
2025-05-12,4.456999778747559,3.98,0.4769997787475586,0.669999675750732,bear_steep,bear_steep,normal,136
2025-05-13,4.499000072479248,4.02,0.4790000724792485,0.6509999942779547,bear_steep,bear_steep,normal,137
2025-05-14,4.527999877929688,4.05,0.47799987792968857,0.6199997615814219,bear_steep,bear_steep,normal,138
2025-05-15,4.454999923706055,3.96,0.4949999237060547,0.6229999351501467,bear_steep,bear_steep,normal,139
2025-05-16,4.440999984741211,3.98,0.46099998474121096,0.5540000629425048,bear_steep,bear_steep,normal,140
2025-05-19,4.474999904632568,3.97,0.5049999046325682,0.5969998264312744,bear_steep,bear_steep,normal,141
2025-05-20,4.480999946594238,3.97,0.5109999465942381,0.5080000019073485,bear_steep,bear_steep,normal,142
2025-05-21,4.5960001945495605,4.0,0.5960001945495605,0.585000114440918,bear_steep,bear_steep,normal,143
2025-05-22,4.552999973297119,4.0,0.5529999732971191,0.5559998703002931,bear_steep,bear_steep,normal,144
2025-05-23,4.508999824523926,4.0,0.5089998245239258,0.5079998111724859,bear_steep,bear_steep,normal,145
2025-05-27,4.434000015258789,3.92,0.5140000152587891,0.5499999141693115,bear_steep,bear_steep,normal,146
2025-05-28,4.477000236511231,3.96,0.5170002365112314,0.5090003490448001,bear_steep,bear_steep,normal,147
2025-05-29,4.423999786376953,3.92,0.5039997863769532,0.5229998397827149,bear_steep,bear_steep,normal,148
2025-05-30,4.415999889373779,3.89,0.5259998893737792,0.47599985122680666,bear_steep,bear_steep,normal,149
2025-06-02,4.461999893188477,3.94,0.5219998931884766,0.5049998664855959,bear_steep,bear_steep,normal,150
2025-06-03,4.460000038146973,3.96,0.5000000381469727,0.4440001296997069,bear_steep,bear_steep,normal,151
2025-06-04,4.364999771118164,3.87,0.49499977111816396,0.46199965476989746,bear_steep,bear_steep,normal,152
2025-06-05,4.394000053405762,3.92,0.4740000534057618,0.43399998664855977,bear_steep,bear_steep,normal,153
2025-06-06,4.510000228881836,4.04,0.4700002288818359,0.39000013351440366,normal,bear_steep,normal,154
2025-06-09,4.48199987411499,4.01,0.47199987411499045,0.4109998226165774,bear_steep,bear_steep,normal,155
2025-06-10,4.473999977111816,4.01,0.4639999771118166,0.4120000171661373,bear_steep,bear_steep,normal,156
2025-06-11,4.412000179290772,3.94,0.4720001792907724,0.3970002365112313,normal,bear_steep,normal,157
2025-06-12,4.35699987411499,3.9,0.4569998741149903,0.306999864578247,normal,bear_steep,normal,158
2025-06-13,4.423999786376953,3.96,0.46399978637695316,0.28599986076354966,normal,bear_steep,normal,159
2025-06-16,4.452000141143799,3.97,0.48200014114379863,0.31300005912780726,normal,bear_steep,normal,160
2025-06-17,4.39300012588501,3.94,0.4530001258850098,0.20700006484985423,normal,normal,bear_steep,1
2025-06-18,4.396999835968018,3.94,0.45699983596801763,0.20599993705749498,normal,normal,bear_steep,2
2025-06-20,4.375,3.9,0.4750000000000001,0.2840001106262209,normal,normal,bear_steep,3
2025-06-23,4.320000171661377,3.84,0.4800001716613771,0.28100009918212887,normal,normal,bear_steep,4
2025-06-24,4.293000221252441,3.75,0.5430002212524414,0.40100017547607436,bear_steep,normal,bear_steep,5
2025-06-25,4.293000221252441,3.74,0.5530002212524412,0.42000019073486294,bear_steep,normal,bear_steep,6
2025-06-26,4.252999782562256,3.7,0.5529997825622557,0.39799969673156665,normal,normal,bear_steep,7
2025-06-27,4.2829999923706055,3.73,0.5529999923706055,0.40300008773803775,bear_steep,normal,bear_steep,8
2025-06-30,4.230000019073486,3.72,0.5100000190734861,0.459000072479248,bear_steep,normal,bear_steep,9
2025-07-01,4.250999927520752,3.78,0.47099992752075215,0.43499990463256877,bear_steep,normal,bear_steep,10
2025-07-02,4.293000221252441,3.78,0.5130002212524416,0.4600002288818361,bear_steep,normal,bear_steep,11
2025-07-03,4.3480000495910645,3.88,0.46800004959106456,0.3910001373291019,normal,normal,bear_steep,12
2025-07-07,4.394999980926514,3.9,0.49499998092651376,0.3789997863769532,normal,normal,bear_steep,13
2025-07-08,4.414999961853027,3.9,0.5149999618530274,0.3920000076293948,normal,normal,bear_steep,14
2025-07-09,4.3420000076293945,3.86,0.48200000762939466,0.3939999008178714,normal,normal,bear_steep,15
2025-07-10,4.3460001945495605,3.86,0.48600019454956067,0.4000004005432132,bear_steep,normal,bear_steep,16
2025-07-11,4.422999858856201,3.9,0.5229998588562013,0.3869996643066407,normal,normal,bear_steep,17
2025-07-14,4.427000045776367,3.9,0.5270000457763673,0.40400009155273464,bear_steep,normal,bear_steep,18
2025-07-15,4.488999843597412,3.95,0.5389998435974119,0.37699968338012635,normal,normal,bear_steep,19
2025-07-16,4.454999923706055,3.88,0.5749999237060548,0.4009999275207523,bear_steep,normal,bear_steep,20
2025-07-17,4.4629998207092285,3.91,0.5529998207092284,0.3809997177124025,normal,normal,bear_steep,21
2025-07-18,4.432000160217285,3.88,0.5520001602172853,0.42200035095214883,bear_steep,normal,bear_steep,22
2025-07-21,4.372000217437744,3.85,0.522000217437744,0.40000034332275414,bear_steep,normal,bear_steep,23
2025-07-22,4.335999965667725,3.83,0.5059999656677245,0.34800008773803626,normal,normal,bear_steep,24
2025-07-23,4.388000011444092,3.88,0.5080000114440919,0.34399984359741254,normal,normal,bear_steep,25
2025-07-24,4.4079999923706055,3.91,0.4979999923706053,0.382000198364258,normal,normal,bear_steep,26
2025-07-25,4.386000156402588,3.91,0.47600015640258775,0.35200023651123047,normal,normal,bear_steep,27
2025-07-28,4.420000076293945,3.91,0.5100000762939452,0.3590000152587889,normal,normal,bear_steep,28
2025-07-29,4.329999923706055,3.86,0.4699999237060548,0.3309999084472657,normal,normal,bear_steep,29
2025-07-30,4.375999927520752,3.94,0.435999927520752,0.336999893188477,normal,normal,bear_steep,30
2025-07-31,4.360000133514404,3.94,0.42000013351440435,0.2640000152587887,normal,normal,bear_steep,31
2025-08-01,4.21999979019165,3.69,0.5299997901916504,0.39899971008300783,normal,normal,bear_steep,32
2025-08-04,4.199999809265137,3.69,0.5099998092651368,0.46399957656860336,bear_steep,normal,bear_steep,33
2025-08-05,4.196000099182129,3.72,0.4760000991821287,0.3839999389648434,normal,normal,bear_steep,34
2025-08-06,4.21999979019165,3.69,0.5299997901916504,0.34899957656860314,normal,normal,bear_steep,35
2025-08-07,4.24399995803833,3.72,0.5239999580383299,0.44599973678588833,bear_steep,normal,bear_steep,36
2025-08-08,4.284999847412109,3.76,0.5249998474121096,0.40699987411499006,bear_steep,normal,bear_steep,37
2025-08-11,4.2729997634887695,3.76,0.5129997634887697,0.3889997291564944,normal,normal,bear_steep,38
2025-08-12,4.293000221252441,3.72,0.5730002212524412,0.46400003433227477,bear_steep,normal,bear_steep,39
2025-08-13,4.23799991607666,3.67,0.5679999160766602,0.4719997787475583,bear_steep,normal,bear_steep,40
2025-08-14,4.293000221252441,3.74,0.5530002212524412,0.4610000610351559,bear_steep,normal,bear_steep,41
2025-08-15,4.328000068664551,3.75,0.5780000686645508,0.5380002212524415,bear_steep,normal,bear_steep,42
2025-08-18,4.341000080108643,3.77,0.5710000801086426,0.5160002136230468,bear_steep,bear_steep,normal,1
2025-08-19,4.302000045776367,3.75,0.5520000457763672,0.45999999999999996,bear_steep,bear_steep,normal,2
2025-08-20,4.296000003814697,3.74,0.556000003814697,0.5039999008178713,bear_steep,bear_steep,normal,3
2025-08-21,4.329999923706055,3.79,0.5399999237060547,0.4919999504089354,bear_steep,bear_steep,normal,4
2025-08-22,4.260000228881836,3.68,0.5800002288818358,0.5540001296997068,bear_steep,bear_steep,normal,5
2025-08-25,4.275000095367432,3.73,0.5450000953674317,0.49200004577636713,bear_steep,bear_steep,normal,6
2025-08-26,4.257999897003174,3.61,0.647999897003174,0.5980000686645508,bear_steep,bear_steep,normal,7
2025-08-27,4.23799991607666,3.59,0.6479999160766603,0.6180000877380376,bear_steep,bear_steep,normal,8
2025-08-28,4.206999778747559,3.62,0.5869997787475585,0.5359997558593745,bear_steep,bear_steep,normal,9
2025-08-29,4.227000236511231,3.59,0.6370002365112315,0.5680003547668466,bear_steep,bear_steep,normal,10
2025-09-02,4.276999950408936,3.66,0.6169999504089363,0.5459997558593761,bear_steep,bear_steep,normal,11
2025-09-03,4.210999965667725,3.61,0.6009999656677247,0.48000005722045946,bear_steep,bear_steep,normal,12
2025-09-04,4.176000118255615,3.59,0.5860001182556154,0.4420002365112303,bear_steep,bear_steep,normal,13
2025-09-05,4.085999965667725,3.51,0.5759999656677248,0.42699979782104514,bear_steep,bear_steep,normal,14
2025-09-08,4.046000003814697,3.49,0.556000003814697,0.4090001678466795,bear_steep,bear_steep,normal,15
2025-09-09,4.073999881744385,3.54,0.5339998817443847,0.3989996528625488,normal,bear_steep,normal,16
2025-09-10,4.0320000648498535,3.54,0.4920000648498535,0.34800010681152305,normal,bear_steep,normal,17
2025-09-11,4.011000156402588,3.52,0.4910001564025879,0.2409999847412112,normal,bear_steep,normal,18
2025-09-12,4.060999870300293,3.56,0.5009998703002929,0.27699970245361305,normal,bear_steep,normal,19
2025-09-15,4.033999919891357,3.54,0.4939999198913574,0.1949999427795408,normal,normal,bear_steep,1
2025-09-16,4.026000022888184,3.51,0.5160000228881838,0.21499994277954126,normal,normal,bear_steep,2
2025-09-17,4.076000213623047,3.52,0.5560002136230469,0.27700021743774395,normal,normal,bear_steep,3
2025-09-18,4.104000091552734,3.57,0.5340000915527345,0.22500013351440407,normal,normal,bear_steep,4
2025-09-19,4.138999938964844,3.57,0.5689999389648439,0.2639998626708988,normal,normal,bear_steep,5
2025-09-22,4.14300012588501,3.61,0.5330001258850099,0.21000017166137708,normal,normal,bear_steep,6
2025-09-23,4.119999885559082,3.53,0.5899998855590822,0.2650000762939455,normal,normal,bear_steep,7
2025-09-24,4.146999835968018,3.57,0.5769998359680177,0.26099964141845744,normal,normal,bear_steep,8
2025-09-25,4.171999931335449,3.64,0.5319999313354491,0.19399990081787122,normal,normal,bear_steep,9
2025-09-26,4.186999797821045,3.63,0.556999797821045,0.17399971008300774,normal,normal,bear_steep,10
2025-09-29,4.140999794006348,3.63,0.5109997940063478,0.09799995422363317,normal,normal,bear_steep,11
2025-09-30,4.1479997634887695,3.6,0.5479997634887694,0.1719997406005862,normal,normal,bear_steep,12
2025-10-01,4.105999946594238,3.55,0.5559999465942385,0.15299997329711967,normal,normal,bear_steep,13
2025-10-02,4.0879998207092285,3.55,0.5379998207092287,0.11999971389770536,normal,normal,bear_steep,14
2025-10-03,4.11899995803833,3.58,0.53899995803833,0.1560000801086412,normal,normal,bear_steep,15
2025-10-06,4.162000179290772,3.6,0.5620001792907723,0.18600023269653443,normal,normal,bear_steep,16
2025-10-07,4.126999855041504,3.57,0.5569998550415041,0.2179996490478513,normal,normal,bear_steep,17
2025-10-08,4.129000186920166,3.58,0.549000186920166,0.2650003051757812,normal,normal,bear_steep,18
2025-10-09,4.1479997634887695,3.6,0.5479997634887694,0.23899978637695307,normal,normal,bear_steep,19
2025-10-10,4.051000118255615,3.52,0.5310001182556152,0.18300010681152346,normal,normal,bear_steep,20
2025-10-14,4.021999835968018,3.48,0.5419998359680176,0.18599990844726522,normal,normal,bear_steep,21
2025-10-15,4.046000003814697,3.5,0.5460000038146973,0.1880001258850088,normal,normal,bear_steep,22
2025-10-16,3.9760000705718994,3.41,0.5660000705718993,0.20499995231628443,normal,normal,bear_steep,23
2025-10-17,4.006999969482422,3.46,0.5469999694824219,0.20200014114379883,normal,normal,bear_steep,24
2025-10-20,3.986000061035156,3.46,0.5260000610351558,0.1939999771118157,normal,normal,bear_steep,25
2025-10-21,3.963000059127808,3.45,0.5130000591278079,0.16400029182434084,normal,normal,bear_steep,26
2025-10-22,3.953000068664551,3.45,0.5030000686645506,0.21999984741210898,normal,normal,bear_steep,27
2025-10-23,3.990999937057495,3.48,0.5109999370574951,0.2079999256134033,normal,normal,bear_steep,28
2025-10-24,3.996999979019165,3.48,0.5169999790191651,0.26500004768371577,normal,normal,bear_steep,29
2025-10-27,3.996999979019165,3.48,0.5169999790191651,0.28699992179870604,normal,normal,bear_steep,30
2025-10-28,3.983000040054321,3.47,0.5130000400543206,0.3160000514984125,normal,normal,bear_steep,31
2025-10-29,4.058000087738037,3.59,0.46800008773803725,0.2550000572204594,normal,normal,bear_steep,32
2025-10-30,4.0929999351501465,3.61,0.4829999351501466,0.23599975585937427,normal,normal,bear_steep,33
2025-10-31,4.10099983215332,3.6,0.5009998321533202,0.2239997482299807,normal,normal,bear_steep,34
2025-11-03,4.105999946594238,3.6,0.5059999465942382,0.29099985122680616,normal,normal,bear_steep,35
2025-11-04,4.089000225067139,3.58,0.5090002250671386,0.2970001029968259,normal,normal,bear_steep,36
2025-11-05,4.1570000648498535,3.63,0.5270000648498536,0.2729999160766603,normal,normal,bear_steep,37
2025-11-06,4.0929999351501465,3.57,0.5229999351501466,0.2680000877380375,normal,normal,bear_steep,38
2025-11-07,4.0929999351501465,3.55,0.5429999351501467,0.3229999351501469,normal,normal,bear_steep,39
2025-11-10,4.110000133514404,3.58,0.5300001335144042,0.3000000572204593,normal,normal,bear_steep,40
2025-11-12,4.065000057220459,3.56,0.5050000572204589,0.24199993133544906,normal,normal,bear_steep,41
2025-11-13,4.111999988555908,3.58,0.5319999885559081,0.30400012969970724,normal,normal,bear_steep,42
2025-11-14,4.1479997634887695,3.62,0.5279997634887694,0.3289996910095212,normal,normal,bear_steep,43
2025-11-17,4.132999897003174,3.6,0.5329998970031737,0.31800004959106465,normal,normal,bear_steep,44
2025-11-18,4.123000144958496,3.58,0.543000144958496,0.30200019836425795,normal,normal,bear_steep,45
2025-11-19,4.132999897003174,3.58,0.5529998970031738,0.3330000686645507,normal,normal,bear_steep,46
2025-11-20,4.105999946594238,3.55,0.5559999465942385,0.30599990844726577,normal,normal,bear_steep,47
2025-11-21,4.063000202178955,3.51,0.5530002021789553,0.2780003356933598,normal,normal,bear_steep,48
2025-11-24,4.038000106811523,3.46,0.5780001068115235,0.2520003318786621,normal,normal,bear_steep,49
2025-11-25,4.001999855041504,3.43,0.5719998550415037,0.24499994277954107,normal,normal,bear_steep,50
2025-11-26,3.997999906539917,3.45,0.5479999065399168,0.22500008583068842,normal,normal,bear_steep,51
2025-11-28,4.017000198364258,3.47,0.5470001983642576,0.19900009155273413,normal,normal,bear_steep,52
2025-12-01,4.0960001945495605,3.54,0.5560001945495605,0.24800035476684545,normal,normal,bear_steep,53
2025-12-02,4.085999965667725,3.51,0.5759999656677248,0.24199979782104508,normal,normal,bear_steep,54
2025-12-03,4.057000160217285,3.49,0.5670001602172849,0.2790000724792474,normal,normal,bear_steep,55
2025-12-04,4.107999801635742,3.52,0.5879998016357422,0.3419995689392086,normal,normal,bear_steep,56
2025-12-05,4.138999938964844,3.56,0.5789999389648437,0.33799980163574217,normal,normal,bear_steep,57
2025-12-08,4.171999931335449,3.57,0.6019999313354494,0.33599988937377967,normal,normal,bear_steep,58
2025-12-09,4.185999870300293,3.61,0.5759998703002931,0.2930000686645511,normal,normal,bear_steep,59
2025-12-10,4.164000034332275,3.54,0.6240000343322754,0.3120001792907714,normal,normal,bear_steep,60
2025-12-11,4.140999794006348,3.52,0.6209997940063476,0.32999994277954103,normal,normal,bear_steep,61
2025-12-12,4.193999767303467,3.52,0.6739997673034668,0.3269996070861816,normal,normal,bear_steep,62
2025-12-15,4.182000160217285,3.51,0.6720001602172854,0.31400033950805684,normal,normal,bear_steep,63
2025-12-16,4.14900016784668,3.48,0.6690001678466797,0.2700002098083498,normal,normal,bear_steep,64
2025-12-17,4.151000022888184,3.49,0.6610000228881834,0.29599990844726554,normal,normal,bear_steep,65
2025-12-18,4.116000175476074,3.46,0.6560001754760743,0.3000003623962404,normal,normal,bear_steep,66
2025-12-19,4.151000022888184,3.48,0.6710000228881836,0.38499988555908216,normal,normal,bear_steep,67
2025-12-22,4.169000148773193,3.44,0.7290001487731934,0.44300004959106465,bear_steep,normal,bear_steep,68
2025-12-23,4.169000148773193,3.48,0.6890001487731934,0.3440003204345703,normal,normal,bear_steep,69
2025-12-24,4.136000156402588,3.47,0.6660001564025877,0.36100026130676266,normal,normal,bear_steep,70
2025-12-26,4.136000156402588,3.46,0.6760001564025879,0.2509999465942383,normal,normal,bear_steep,71
2025-12-29,4.116000175476074,3.45,0.666000175476074,0.11400009155273416,normal,normal,bear_steep,72
2025-12-30,4.130000114440918,3.45,0.6800001144409178,0.1900000190734863,normal,normal,bear_steep,73
2025-12-31,4.163000106811523,3.47,0.6930001068115232,0.13900005340576138,normal,normal,bear_steep,74
2026-01-02,4.186999797821045,3.47,0.7169997978210447,0.18399976730346657,normal,normal,bear_steep,75
2026-01-05,4.164999961853027,3.46,0.7049999618530274,0.18100011825561513,normal,normal,bear_steep,76
2026-01-06,4.178999900817871,3.47,0.7089999008178709,0.22599994659423794,normal,normal,bear_steep,77
2026-01-07,4.138000011444092,3.47,0.6680000114440916,0.15900020599365128,normal,normal,bear_steep,78
2026-01-08,4.183000087738037,3.49,0.6930000877380369,0.1699999046325682,normal,normal,bear_steep,79
2026-01-09,4.171000003814697,3.54,0.6310000038146972,-0.02400020599365238,normal,normal,bear_steep,80
2026-01-12,4.186999797821045,3.54,0.6469997978210449,0.017999858856200923,normal,normal,bear_steep,81
2026-01-13,4.171000003814697,3.53,0.6410000038146975,0.06399991989135767,normal,normal,bear_steep,82
2026-01-14,4.139999866485596,3.51,0.6299998664855959,0.09500003814697289,normal,normal,bear_steep,83
2026-01-15,4.159999847412109,3.56,0.5999998474121093,0.07400005340576188,normal,normal,bear_steep,84
2026-01-16,4.230999946594238,3.59,0.6409999465942384,0.09499986648559577,normal,normal,bear_steep,85
2026-01-20,4.295000076293945,3.6,0.6950000762939452,0.17200021743774396,normal,normal,bear_steep,86
2026-01-21,4.252999782562256,3.6,0.6529997825622558,0.07599973678588867,normal,normal,bear_steep,87
2026-01-22,4.249000072479248,3.61,0.6390000724792482,0.10800012588501007,normal,normal,bear_steep,88
2026-01-23,4.238999843597412,3.6,0.638999843597412,0.14699981689453123,normal,normal,bear_steep,89
2026-01-26,4.2129998207092285,3.56,0.6529998207092285,0.13999988555908205,normal,normal,bear_steep,90
2026-01-27,4.2230000495910645,3.53,0.6930000495910646,0.16499996185302734,normal,normal,bear_steep,91
2026-01-28,4.250999927520752,3.56,0.6909999275207519,0.19599983215332006,normal,normal,bear_steep,92
2026-01-29,4.227000236511231,3.53,0.6970002365112316,0.22400009155273537,normal,normal,bear_steep,93
2026-01-30,4.241000175476074,3.52,0.7210001754760742,0.2260001754760741,normal,normal,bear_steep,94
2026-02-02,4.275000095367432,3.57,0.7050000953674318,0.2280003166198732,normal,normal,bear_steep,95
2026-02-03,4.27400016784668,3.57,0.7040001678466798,0.22500009536743137,normal,normal,bear_steep,96
2026-02-04,4.275000095367432,3.57,0.7050000953674318,0.22700021743774323,normal,normal,bear_steep,97
2026-02-05,4.210000038146973,3.47,0.7400000381469725,0.24500011444091774,normal,normal,bear_steep,98
2026-02-06,4.205999851226807,3.5,0.7059998512268066,0.24499986648559569,normal,normal,bear_steep,99
2026-02-09,4.197999954223633,3.48,0.7179999542236328,0.21300004959106467,normal,normal,bear_steep,100
2026-02-10,4.146999835968018,3.45,0.6969998359680174,0.18599988937377931,normal,normal,bear_steep,101
2026-02-11,4.171999931335449,3.52,0.6519999313354492,0.055999736785888654,normal,normal,bear_steep,102
2026-02-12,4.104000091552734,3.47,0.6340000915527342,0.08100011825561504,normal,normal,bear_steep,103
2026-02-13,4.056000232696533,3.4,0.6560002326965333,0.1470004081726075,normal,normal,bear_steep,104
2026-02-17,4.052000045776367,3.43,0.622000045776367,0.1080000305175779,normal,normal,bear_steep,105
2026-02-18,4.078999996185303,3.47,0.6089999961853025,0.09199975967407115,normal,normal,bear_steep,106
2026-02-19,4.074999809265137,3.47,0.6049998092651365,0.10100002288818333,normal,normal,bear_steep,107
2026-02-20,4.085999965667725,3.48,0.6059999656677246,0.08000007629394545,normal,normal,bear_steep,108
2026-02-23,4.02899980545044,3.43,0.5989998054504402,0.07699991226196357,normal,normal,bear_steep,109
2026-02-24,4.0329999923706055,3.43,0.6029999923706053,0.10299995422363262,normal,normal,bear_steep,110
2026-02-25,4.047999858856201,3.45,0.597999858856201,0.10300008773803704,normal,normal,bear_steep,111
2026-02-26,4.017000198364258,3.42,0.5970001983642579,0.1230001449584961,normal,normal,bear_steep,112
2026-02-27,3.961999893188477,3.38,0.5819998931884771,0.11199966430664121,normal,normal,bear_steep,113
2026-03-02,4.047999858856201,3.47,0.577999858856201,0.10599998474121053,normal,normal,bear_steep,114
2026-03-03,4.056000232696533,3.51,0.5460002326965334,0.0820002555847168,normal,normal,bear_steep,115
2026-03-04,4.079999923706055,3.54,0.5399999237060547,0.06799974441528223,normal,normal,bear_steep,116
2026-03-05,4.145999908447266,3.57,0.5759999084472658,0.11900003433227546,normal,normal,bear_steep,117
2026-03-06,4.132999897003174,3.56,0.5729998970031738,0.10900011062622061,normal,normal,bear_steep,118
2026-03-09,4.136000156402588,3.56,0.5760001564025878,0.0940000152587892,normal,normal,bear_steep,119
2026-03-10,4.136000156402588,3.57,0.566000156402588,0.11300003051757823,normal,normal,bear_steep,120
2026-03-11,4.208000183105469,3.64,0.5680001831054686,0.111000347137451,normal,normal,bear_steep,121
2026-03-12,4.2729997634887695,3.76,0.5129997634887697,0.037999763488769656,normal,normal,bear_steep,122
2026-03-13,4.284999847412109,3.73,0.5549998474121094,0.0749996757507323,normal,normal,bear_steep,123
2026-03-16,4.21999979019165,3.68,0.5399997901916502,-0.0030004310607911755,normal,normal,bear_steep,124
2026-03-17,4.202000141143799,3.68,0.5220001411437987,-0.031000080108642525,normal,normal,bear_steep,125
2026-03-18,4.258999824523926,3.76,0.498999824523926,-0.05399995803832969,normal,normal,bear_steep,126
2026-03-19,4.281000137329102,3.79,0.4910001373291015,-0.06199985504150396,normal,normal,bear_steep,127
2026-03-20,4.390999794006348,3.88,0.5109997940063478,0.00099977493286163,normal,normal,bear_steep,128
2026-03-23,4.334000110626221,3.83,0.5040001106262206,0.033000183105468484,normal,normal,bear_steep,129
2026-03-24,4.392000198364258,3.9,0.4920001983642579,-0.0210000228881837,normal,normal,bear_steep,130
2026-03-25,4.328000068664551,3.84,0.4880000686645509,0.020000019073486364,normal,normal,bear_steep,131
2026-03-26,4.415999889373779,3.96,0.45599988937377933,-0.03900009155273443,normal,normal,bear_steep,132
2026-03-27,4.440000057220459,3.88,0.5600000572204591,0.04500009536743166,normal,normal,bear_steep,133
2026-03-30,4.3420000076293945,3.82,0.5220000076293947,0.040000000000000036,normal,normal,bear_steep,134
2026-03-31,4.310999870300293,3.79,0.5209998703002929,0.03499967575073226,normal,normal,bear_steep,135
2026-04-01,4.318999767303467,3.81,0.5089997673034667,-0.014000091552734517,normal,normal,bear_steep,136
2026-04-02,4.313000202178955,3.79,0.523000202178955,-0.003999843597412234,normal,normal,bear_steep,137
2026-04-06,4.335000038146973,3.84,0.4950000381469728,-0.04399980545043913,normal,normal,bear_steep,138
2026-04-07,4.3429999351501465,3.81,0.5329999351501464,-0.04199998855590836,normal,normal,bear_steep,139
2026-04-08,4.290999889373779,3.79,0.5009998893737793,-0.05199993133544911,normal,normal,bear_steep,140
2026-04-09,4.293000221252441,3.78,0.5130002212524416,-0.03899993896484366,normal,normal,bear_steep,141
2026-04-10,4.316999912261963,3.81,0.5069999122619628,-0.015000305175781214,normal,normal,bear_steep,142
2026-04-13,4.296999931335449,3.78,0.5169999313354494,0.010999965667724876,normal,normal,bear_steep,143
2026-04-14,4.25600004196167,3.76,0.49600004196167014,-0.011999969482421768,normal,normal,bear_steep,144
2026-04-15,4.2820000648498535,3.76,0.5220000648498537,0.024000072479248402,normal,normal,bear_steep,145
2026-04-16,4.309000015258789,3.78,0.5290000152587893,0.05299985885620151,normal,normal,bear_steep,146
2026-04-17,4.245999813079834,3.71,0.535999813079834,0.02599973678588885,normal,normal,bear_steep,147
2026-04-20,4.25,3.72,0.5299999999999998,0.06000007629394499,normal,normal,bear_steep,148
2026-04-21,4.291999816894531,3.78,0.5119998168945314,0.07599988937377944,normal,normal,bear_steep,149
2026-04-22,4.294000148773193,3.79,0.5040001487731933,0.08400001525878897,normal,normal,bear_steep,150
2026-04-23,4.322999954223633,3.83,0.49299995422363274,-0.0369998359680177,normal,normal,bear_steep,151
2026-04-24,4.309999942779541,3.78,0.5299999427795412,0.02000013351440444,normal,normal,bear_steep,152
2026-04-27,4.335999965667725,3.78,0.5559999656677248,0.0799998664855961,normal,normal,bear_steep,153
2026-04-28,4.354000091552734,3.84,0.5140000915527345,-0.015999698638915927,normal,normal,bear_steep,154
2026-04-29,4.418000221252441,3.92,0.4980002212524415,-0.025999736785888405,normal,normal,bear_steep,155
2026-04-30,4.389999866485596,3.88,0.5099998664855958,-0.014999980926513778,normal,normal,bear_steep,156
2026-05-01,4.377999782562256,3.88,0.49799978256225597,-0.014999980926513778,normal,normal,bear_steep,157
2026-05-04,4.446000099182129,3.95,0.49600009918212873,-0.07700012207031248,normal,normal,bear_steep,158
2026-05-05,4.415999889373779,3.93,0.48599988937377914,-0.08200002670288109,normal,normal,bear_steep,159
2026-05-06,4.355999946594238,3.87,0.4859999465942382,-0.06700027465820302,normal,normal,bear_steep,160
2026-05-07,4.392000198364258,3.92,0.4720001983642579,-0.1059998703002929,normal,normal,bear_steep,161
2026-05-08,4.363999843597412,3.9,0.4639998435974122,-0.10700023651123036,normal,normal,bear_steep,162
2026-05-11,4.409999847412109,3.95,0.4599998474121092,-0.09200019836425799,normal,normal,bear_steep,163
2026-05-12,4.4629998207092285,4.0,0.4629998207092285,-0.09300018310546854,normal,normal,bear_steep,164
2026-05-13,4.480999946594238,3.98,0.5009999465942383,-0.03899997711181635,normal,normal,bear_steep,165
2026-05-14,4.460999965667725,4.0,0.4609999656677246,-0.11900026321411117,normal,normal,bear_steep,166
2026-05-15,4.59499979019165,4.09,0.5049997901916505,-0.040000305175781126,normal,normal,bear_steep,167
2026-05-18,4.623000144958496,4.07,0.5530001449584958,-0.09499975204467814,normal,normal,bear_steep,168
2026-05-19,4.666999816894531,4.13,0.5369998168945314,-0.11100009918212894,normal,normal,bear_steep,169
2026-05-20,4.572000026702881,4.04,0.5320000267028808,-0.05499975204467766,normal,normal,bear_steep,170
2026-05-21,4.585999965667725,4.08,0.5059999656677245,-0.13100027084350696,normal,normal,bear_steep,171
2026-05-22,4.558000087738037,4.13,0.4280000877380372,-0.18899986267089908,normal,normal,bear_steep,172
2026-05-26,4.493000030517578,4.01,0.48300003051757834,-0.1179999351501464,normal,normal,bear_steep,173
2026-05-27,4.480999946594238,4.0,0.4809999465942383,-0.1050001716613771,normal,normal,bear_steep,174
2026-05-28,4.454999923706055,3.99,0.4649999237060545,-0.11100004196167035,normal,normal,bear_steep,175
2026-05-29,4.453000068664551,3.98,0.4730000686645508,-0.08299993515014625,normal,normal,bear_steep,176
2026-06-01,4.474999904632568,4.05,0.42499990463256854,-0.1089999771118162,normal,normal,bear_steep,177
2026-06-02,4.454999923706055,4.05,0.40499992370605487,-0.08700014114379861,normal,normal,bear_steep,178
2026-06-03,4.491000175476074,4.08,0.41100017547607415,-0.07999998092651373,normal,normal,bear_steep,179
2026-06-04,4.477000236511231,4.05,0.42700023651123153,-0.07399963378906138,normal,normal,bear_steep,180
2026-06-05,4.535999774932861,4.17,0.3659997749328614,-0.128000144958496,normal,normal,bear_steep,181
2026-06-08,4.552000045776367,4.15,0.40200004577636683,-0.11399997711181697,normal,normal,bear_steep,182
2026-06-09,4.527999877929688,4.13,0.3979998779296885,-0.15800033569335836,normal,normal,bear_steep,183
2026-06-10,4.541999816894531,4.13,0.41199981689453136,-0.12200027465820318,normal,normal,bear_steep,184
2026-06-11,4.4629998207092285,4.05,0.4129998207092287,-0.15600011825561522,normal,normal,bear_steep,185
2026-06-12,4.486999988555908,4.09,0.39699998855590835,-0.13600013732910154,normal,normal,bear_steep,186
2026-06-15,4.468999862670898,4.07,0.39899986267089815,-0.19100002288818407,normal,normal,bear_steep,187
2026-06-16,4.427999973297119,4.05,0.3779999732971193,-0.19899986267089842,normal,normal,bear_steep,188
2026-06-17,4.4629998207092285,4.2,0.26299982070922834,-0.26900011062622076,normal,normal,bear_steep,189
2026-06-18,4.451000213623047,4.19,0.2610002136230465,-0.29599958419799854,normal,normal,bear_steep,190
2026-06-22,4.508999824523926,4.24,0.26899982452392557,-0.2419999694824222,normal,normal,bear_steep,191
2026-06-23,4.493000030517578,4.16,0.333000030517578,-0.21499973297119146,normal,normal,bear_steep,192
2026-06-24,4.401999950408936,4.11,0.2919999504089361,-0.26399999618530234,normal,normal,bear_steep,193
2026-06-25,4.392000198364258,4.09,0.30200019836425795,-0.23599962234497074,normal,normal,bear_steep,194
2026-06-26,4.372000217437744,4.07,0.30200021743774386,-0.23699974060058615,normal,normal,bear_steep,195
2026-06-29,4.374000072479248,4.1,0.2740000724792484,-0.2880001068115239,normal,normal,bear_steep,196
2026-06-30,4.418000221252441,4.14,0.2780002212524417,-0.27899963378906234,normal,normal,bear_steep,197
2026-07-01,4.474999904632568,4.17,0.30499990463256843,-0.24400028228759751,normal,normal,bear_steep,198
2026-07-02,4.485000133514404,4.14,0.3450001335144046,-0.20299962997436483,normal,normal,bear_steep,199
2026-07-06,4.479000091552734,4.13,0.3490000915527345,-0.18200002670288074,normal,normal,bear_steep,200
2026-07-07,4.52899980545044,4.19,0.33899980545043995,-0.20300003051757765,normal,normal,bear_steep,201
2026-07-08,4.568999767303467,4.21,0.35899976730346683,-0.18700023651123043,normal,normal,bear_steep,202
2026-07-09,4.539000034332275,4.16,0.37900003433227525,-0.18700003623962402,normal,normal,bear_steep,203
2026-07-10,4.568999767303467,4.21,0.35899976730346683,-0.18800020217895508,normal,normal,bear_steep,204
2026-07-13,4.609000205993652,4.26,0.34900020599365256,-0.17699985504150328,normal,normal,bear_steep,205
2026-07-14,4.585000038146973,4.18,0.40500003814697294,-0.10800002098083494,normal,normal,bear_steep,206
2026-07-15,4.545000076293945,4.13,0.4150000762939454,-0.08799999237060518,normal,normal,bear_steep,207
2026-07-16,4.568999767303467,4.16,0.40899976730346665,-0.10200016975402848,normal,normal,bear_steep,208
2026-07-17,4.540999889373779,4.18,0.3609998893737796,-0.15600008964538548,normal,normal,bear_steep,209
2026-07-20,4.5980000495910645,4.21,0.3880000495910645,-0.12899992942810057,normal,normal,bear_steep,210
2026-07-21,4.627999782562256,4.26,0.3679997825622561,-0.14500025749206458,normal,normal,bear_steep,211
2026-07-22,4.6570000648498535,4.31,0.3470000648498539,-0.12100002288818335,normal,normal,bear_steep,212
2026-07-23,4.703000068664551,4.37,0.3330000686645507,-0.14999986648559593,normal,normal,bear_steep,213
2026-07-24,4.678999900817871,4.33,0.348999900817871,-0.1519999313354492,normal,normal,bear_steep,214
2026-07-27,4.640999794006348,4.31,0.33099979400634805,-0.17500015258789015,normal,normal,bear_steep,215
2026-07-28,4.604000091552734,4.26,0.3440000915527346,-0.165000133514404,normal,normal,bear_steep,216
2026-07-29,4.622000217437744,4.22,0.4020002174377444,-0.12499984741210923,normal,normal,bear_steep,217
2026-07-30,4.663000106811523,4.23,0.433000106811523,-0.08999982833862363,normal,normal,bear_steep,218
2026-07-31,4.744999885559082,4.28,0.4649998855590818,-0.07800004959106488,normal,normal,bear_steep,219
2026-08-03,4.685999870300293,4.25,0.43599987030029297,-0.09400026321411126,normal,normal,bear_steep,220
2026-08-04,4.626999855041504,4.2,0.42699985504150373,-0.0780002021789552,normal,normal,bear_steep,221
2026-08-05,4.617000102996826,4.18,0.43700010299682646,-0.09499988555908168,normal,normal,bear_steep,222
2026-08-06,4.670000076293945,4.25,0.4200000762939453,-0.10799968719482411,normal,normal,bear_steep,223
2026-08-07,4.659999847412109,4.19,0.469999847412109,-0.06300004959106476,normal,normal,bear_steep,224
2026-08-10,4.698999881744385,4.25,0.44899988174438477,-0.09400026321411126,normal,normal,bear_steep,225
2026-08-11,4.684000015258789,4.22,0.4640000152587893,-0.08899988174438445,normal,normal,bear_steep,226
2026-08-12,4.682000160217285,4.2,0.482000160217285,-0.07399978637695348,normal,normal,bear_steep,227
2026-08-13,4.640999794006348,4.15,0.4909997940063473,-0.06200040817260799,normal,normal,bear_steep,228
2026-08-14,4.696000099182129,4.17,0.526000099182129,-0.052000007629394496,normal,normal,bear_steep,229
