date,open,high,low,close,volume
2003-12-05,101.5,102.19999694824219,101.5,101.8499984741211,48500
2003-12-08,101.9000015258789,101.91000366210938,101.6500015258789,101.76000213623047,43900
2003-12-09,101.8499984741211,102.04000091552734,101.5,101.5,80000
2003-12-10,101.8499984741211,101.88999938964844,101.63999938964844,101.7699966430664,98000
2003-12-11,101.47000122070312,102.27999877929688,101.47000122070312,102.16999816894531,75500
2003-12-12,102.0999984741211,102.33999633789062,102.08999633789062,102.08999633789062,82000
2003-12-15,102.0,102.13999938964844,101.69000244140625,101.87000274658203,146300
2003-12-16,101.66999816894531,101.81999969482422,101.4800033569336,101.76000213623047,135400
2003-12-17,102.05000305175781,102.0999984741211,101.69999694824219,101.7300033569336,138400
2003-12-18,101.75,102.18000030517578,101.75,102.16999816894531,107400
2003-12-19,101.8499984741211,102.19999694824219,101.83999633789062,102.12000274658203,87800
2003-12-22,102.08000183105469,102.12999725341797,101.80000305175781,102.01000213623047,287300
2003-12-23,101.80999755859375,101.88999938964844,101.5,101.5,111400
2003-12-24,101.9000015258789,102.08999633789062,101.77999877929688,102.06999969482422,34600
2003-12-26,102.19000244140625,102.25,102.12999725341797,102.25,32800
2003-12-29,102.02999877929688,102.0999984741211,101.83999633789062,101.94999694824219,127300
2003-12-30,101.68000030517578,101.91999816894531,101.5999984741211,101.68000030517578,103300
2003-12-31,101.72000122070312,101.80000305175781,101.68000030517578,101.70999908447266,74800
2004-01-02,101.5,101.63999938964844,101.19999694824219,101.48999786376953,106900
2004-01-05,101.1500015258789,101.3499984741211,101.08000183105469,101.3499984741211,115700
2004-01-06,101.58999633789062,102.05000305175781,101.55000305175781,102.0,114000
2004-01-07,101.9000015258789,102.2300033569336,101.81999969482422,102.08000183105469,101700
2004-01-08,101.86000061035156,102.08000183105469,101.37999725341797,101.69000244140625,132100
2004-01-09,102.5,102.52999877929688,102.2300033569336,102.45999908447266,112800
2004-01-12,102.26000213623047,102.7300033569336,102.22000122070312,102.37999725341797,132500
2004-01-13,102.44000244140625,102.87999725341797,102.37999725341797,102.87999725341797,115400
2004-01-14,102.8499984741211,102.93000030517578,102.68000030517578,102.9000015258789,85400
2004-01-15,102.80999755859375,103.02999877929688,102.73999786376953,103.02999877929688,63300
2004-01-16,103.27999877929688,103.27999877929688,102.93000030517578,103.08000183105469,101200
2004-01-20,102.9000015258789,103.12000274658203,102.8499984741211,102.98999786376953,140200
2004-01-21,103.19000244140625,103.45999908447266,103.11000061035156,103.41000366210938,174600
2004-01-22,103.36000061035156,103.62999725341797,103.22000122070312,103.58000183105469,175400
2004-01-23,103.62999725341797,103.72000122070312,102.8499984741211,102.8499984741211,257400
2004-01-26,102.77999877929688,102.79000091552734,102.43000030517578,102.47000122070312,242000
2004-01-27,102.48999786376953,102.91000366210938,102.48999786376953,102.87999725341797,243500
2004-01-28,102.86000061035156,103.22000122070312,102.37999725341797,102.45999908447266,282300
2004-01-29,102.31999969482422,102.44999694824219,102.0999984741211,102.41000366210938,219200
2004-01-30,102.54000091552734,102.9800033569336,102.48999786376953,102.94999694824219,111700
2004-02-02,102.9800033569336,103.33000183105469,102.9000015258789,103.12999725341797,161500
2004-02-03,103.48999786376953,103.48999786376953,103.27999877929688,103.31999969482422,112500
2004-02-04,103.22000122070312,103.37999725341797,103.19000244140625,103.31999969482422,128900
2004-02-05,103.26000213623047,103.30999755859375,102.80999755859375,103.01000213623047,169000
2004-02-06,103.43000030517578,103.58999633789062,103.3499984741211,103.43000030517578,156400
2004-02-09,103.5199966430664,103.68000030517578,103.5199966430664,103.63999938964844,144800
2004-02-10,103.55999755859375,103.55999755859375,103.26000213623047,103.36000061035156,185200
2004-02-11,103.20999908447266,103.97000122070312,103.16000366210938,103.77999877929688,195800
2004-02-12,103.7300033569336,103.81999969482422,103.47000122070312,103.48999786376953,188900
2004-02-13,103.83000183105469,104.29000091552734,103.69999694824219,104.29000091552734,123000
2004-02-17,103.86000061035156,103.9000015258789,103.69999694824219,103.77999877929688,186400
2004-02-18,103.93000030517578,103.9800033569336,103.77999877929688,103.80000305175781,129900
2004-02-19,103.5,103.83999633789062,103.5,103.83999633789062,85000
2004-02-20,103.7699966430664,103.79000091552734,103.45999908447266,103.55000305175781,119300
2004-02-23,103.56999969482422,103.87999725341797,103.55000305175781,103.87999725341797,113500
2004-02-24,103.94000244140625,104.19999694824219,103.94000244140625,104.0999984741211,167500
2004-02-25,104.16000366210938,104.37000274658203,104.16000366210938,104.37000274658203,161900
2004-02-26,104.37000274658203,104.55999755859375,104.30000305175781,104.55999755859375,105500
2004-02-27,104.73999786376953,105.22000122070312,104.73999786376953,105.16000366210938,176400
2004-03-01,105.47000122070312,105.79000091552734,105.37999725341797,105.7699966430664,207800
2004-03-02,105.69999694824219,105.72000122070312,105.18000030517578,105.43000030517578,165800
2004-03-03,105.19000244140625,105.37000274658203,105.0199966430664,105.3499984741211,165200
2004-03-04,105.06999969482422,105.37999725341797,105.05000305175781,105.37999725341797,114600
2004-03-05,106.58999633789062,106.69000244140625,106.37999725341797,106.37999725341797,141500
2004-03-08,106.70999908447266,106.83999633789062,106.66000366210938,106.73999786376953,142100
2004-03-09,106.81999969482422,107.18000030517578,106.77999877929688,107.08000183105469,179900
2004-03-10,106.9000015258789,106.9800033569336,106.5999984741211,106.73999786376953,138800
2004-03-11,106.83999633789062,106.87000274658203,106.30000305175781,106.47000122070312,147700
2004-03-12,106.36000061035156,106.47000122070312,106.25,106.30000305175781,109000
2004-03-15,106.3499984741211,106.56999969482422,106.31999969482422,106.55000305175781,129100
2004-03-16,106.83999633789062,107.19000244140625,106.62999725341797,107.1500015258789,334600
2004-03-17,107.5,107.66999816894531,107.3499984741211,107.58999633789062,90400
2004-03-18,107.55000305175781,107.66000366210938,107.30000305175781,107.41000366210938,90300
2004-03-19,107.30000305175781,107.31999969482422,106.80000305175781,106.83999633789062,76600
2004-03-22,107.02999877929688,107.11000061035156,106.94000244140625,107.0999984741211,102300
2004-03-23,107.0199966430664,107.2699966430664,106.95999908447266,107.26000213623047,73200
2004-03-24,107.41000366210938,107.55000305175781,107.36000061035156,107.54000091552734,83200
2004-03-25,107.41999816894531,107.48999786376953,107.3499984741211,107.38999938964844,110600
2004-03-26,107.2699966430664,107.30000305175781,106.7300033569336,106.93000030517578,134400
2004-03-29,106.63999938964844,106.66000366210938,106.38999938964844,106.58000183105469,114600
2004-03-30,106.83999633789062,106.88999938964844,106.61000061035156,106.62999725341797,88800
2004-03-31,106.54000091552734,106.9800033569336,106.5,106.91000366210938,147800
2004-04-01,106.25,106.43000030517578,106.0,106.3499984741211,100100
2004-04-02,105.12000274658203,105.1500015258789,104.70999908447266,104.80000305175781,170600
2004-04-05,104.44999694824219,104.44999694824219,104.13999938964844,104.22000122070312,156300
2004-04-06,104.3499984741211,104.44999694824219,104.23999786376953,104.37999725341797,94600
2004-04-07,104.19999694824219,104.31999969482422,103.69999694824219,103.76000213623047,174200
2004-04-08,103.72000122070312,103.94999694824219,103.66999816894531,103.83999633789062,100900
2004-04-12,103.69999694824219,103.94000244140625,103.66999816894531,103.83999633789062,83200
2004-04-13,103.25,103.43000030517578,103.23999786376953,103.30000305175781,101900
2004-04-14,103.0999984741211,103.12000274658203,102.88999938964844,103.02999877929688,131000
2004-04-15,103.0,103.06999969482422,102.75,102.80000305175781,59000
2004-04-16,103.2699966430664,103.5,103.26000213623047,103.43000030517578,115300
2004-04-19,103.5,103.5999984741211,103.3499984741211,103.43000030517578,194400
2004-04-20,103.19000244140625,103.30000305175781,102.5999984741211,102.62999725341797,76900
2004-04-21,102.54000091552734,102.75,102.2300033569336,102.62999725341797,101100
2004-04-22,102.79000091552734,102.87999725341797,102.5,102.5,66500
2004-04-23,102.2699966430664,102.2699966430664,101.36000061035156,101.45999908447266,199600
2004-04-26,101.5,102.02999877929688,101.5,101.94999694824219,86500
2004-04-27,102.44000244140625,102.44999694824219,102.11000061035156,102.30999755859375,67800
2004-04-28,102.22000122070312,102.22000122070312,101.44000244140625,101.44000244140625,82400
2004-04-29,101.37000274658203,101.73999786376953,100.80000305175781,100.9000015258789,86500
2004-04-30,101.1500015258789,101.36000061035156,101.02999877929688,101.26000213623047,95100
2004-05-03,100.68000030517578,101.0,100.68000030517578,100.75,66600
2004-05-04,101.08000183105469,101.30000305175781,100.72000122070312,100.80000305175781,77100
2004-05-05,100.97000122070312,101.0,100.7300033569336,100.76000213623047,93700
2004-05-06,100.66999816894531,100.68000030517578,100.3499984741211,100.4000015258789,77100
2004-05-07,99.5999984741211,99.8499984741211,99.52999877929688,99.8499984741211,136800
2004-05-10,99.8499984741211,99.93000030517578,99.69999694824219,99.77999877929688,135000
2004-05-11,99.75,100.22000122070312,99.72000122070312,100.22000122070312,162300
2004-05-12,100.44999694824219,100.69999694824219,100.36000061035156,100.36000061035156,119200
2004-05-13,100.4000015258789,100.72000122070312,100.4000015258789,100.58000183105469,82800
2004-05-14,100.44000244140625,100.9000015258789,100.44000244140625,100.83000183105469,94400
2004-05-17,101.25,101.58999633789062,101.18000030517578,101.58999633789062,139500
2004-05-18,101.66000366210938,101.83999633789062,101.62000274658203,101.76000213623047,118900
2004-05-19,101.6500015258789,102.08999633789062,101.58999633789062,101.94999694824219,117000
2004-05-20,102.0999984741211,102.47000122070312,102.06999969482422,102.44000244140625,79000
2004-05-21,102.66999816894531,102.75,101.75,101.87999725341797,97700
2004-05-24,101.91999816894531,102.37000274658203,101.75,102.25,59300
2004-05-25,102.3499984741211,102.61000061035156,102.0999984741211,102.13999938964844,70700
2004-05-26,102.30000305175781,102.52999877929688,102.2699966430664,102.52999877929688,89500
2004-05-27,102.61000061035156,102.87000274658203,102.37000274658203,102.8499984741211,102400
2004-05-28,102.55000305175781,102.79000091552734,102.30000305175781,102.75,188900
2004-06-01,101.75,102.2699966430664,101.5199966430664,102.16999816894531,70900
2004-06-02,101.91999816894531,101.97000122070312,101.54000091552734,101.6500015258789,56400
2004-06-03,101.33000183105469,101.48999786376953,101.2300033569336,101.38999938964844,108600
2004-06-04,101.5,101.5,101.08000183105469,101.1500015258789,66000
2004-06-07,101.0999984741211,101.26000213623047,100.86000061035156,101.23999786376953,92300
2004-06-08,101.0199966430664,101.0199966430664,100.76000213623047,100.79000091552734,94700
2004-06-09,100.55000305175781,100.58999633789062,100.2300033569336,100.5,89500
2004-06-10,100.55000305175781,100.69999694824219,100.41000366210938,100.61000061035156,115600
2004-06-14,100.3499984741211,100.38999938964844,100.0999984741211,100.16999816894531,97000
2004-06-15,100.7699966430664,101.19000244140625,100.75,101.02999877929688,74700
2004-06-16,100.80999755859375,101.01000213623047,100.6500015258789,100.95999908447266,137300
2004-06-17,100.87999725341797,101.2300033569336,100.83999633789062,101.1500015258789,114200
2004-06-18,101.3499984741211,101.4800033569336,101.30000305175781,101.30000305175781,118700
2004-06-21,101.51000213623047,101.54000091552734,101.33999633789062,101.44000244140625,65600
2004-06-22,101.25,101.30000305175781,101.0999984741211,101.26000213623047,100000
2004-06-23,101.1500015258789,101.33999633789062,101.13999938964844,101.30000305175781,60800
2004-06-24,101.62999725341797,101.6500015258789,101.36000061035156,101.4000015258789,47200
2004-06-25,101.19999694824219,101.37999725341797,101.19000244140625,101.33999633789062,68100
2004-06-28,101.0199966430664,101.08999633789062,100.58999633789062,100.63999938964844,104700
2004-06-29,100.5999984741211,101.02999877929688,100.5199966430664,101.0199966430664,46600
2004-06-30,101.22000122070312,101.94999694824219,101.19999694824219,101.91999816894531,221600
2004-07-01,101.69999694824219,102.0,101.5999984741211,102.0,94400
2004-07-02,102.7699966430664,102.94999694824219,102.66999816894531,102.91999816894531,57000
2004-07-06,102.8499984741211,102.88999938964844,102.55999755859375,102.6500015258789,57900
2004-07-07,102.5,102.62000274658203,102.33000183105469,102.44999694824219,40200
2004-07-08,102.22000122070312,102.56999969482422,102.19999694824219,102.5,49500
2004-07-09,102.5,102.5199966430664,102.30999755859375,102.41000366210938,45400
2004-07-12,102.55999755859375,102.62000274658203,102.25,102.29000091552734,41200
2004-07-13,102.05000305175781,102.19000244140625,102.01000213623047,102.13999938964844,47400
2004-07-14,101.0199966430664,102.18000030517578,101.0199966430664,102.13999938964844,35700
2004-07-15,102.0999984741211,102.3499984741211,102.0999984741211,102.3499984741211,45100
2004-07-16,102.62000274658203,102.97000122070312,102.62000274658203,102.8499984741211,68400
2004-07-19,102.73999786376953,102.83000183105469,102.62999725341797,102.80000305175781,45300
2004-07-20,102.52999877929688,102.55999755859375,101.98999786376953,102.05999755859375,52200
2004-07-21,101.94999694824219,102.19000244140625,101.8499984741211,102.18000030517578,48600
2004-07-22,102.22000122070312,102.27999877929688,102.0199966430664,102.25,39500
2004-07-23,102.30999755859375,102.4800033569336,102.25,102.4800033569336,35200
2004-07-26,102.27999877929688,102.30000305175781,102.06999969482422,102.13999938964844,45200
2004-07-27,101.9000015258789,101.93000030517578,101.12000274658203,101.18000030517578,58600
2004-07-28,101.22000122070312,101.51000213623047,101.19999694824219,101.48999786376953,42600
2004-07-29,101.52999877929688,101.80000305175781,101.52999877929688,101.7699966430664,48300
2004-07-30,101.95999908447266,102.33000183105469,101.95999908447266,102.33000183105469,40700
2004-08-02,101.80000305175781,102.02999877929688,101.6500015258789,101.9000015258789,43500
2004-08-03,101.95999908447266,102.16000366210938,101.94000244140625,102.11000061035156,33900
2004-08-04,102.0,102.2300033569336,101.9800033569336,102.05000305175781,44600
2004-08-05,102.26000213623047,102.47000122070312,102.1500015258789,102.36000061035156,38800
2004-08-06,103.5999984741211,103.69000244140625,103.2300033569336,103.44999694824219,65000
2004-08-09,103.31999969482422,103.44999694824219,103.25,103.38999938964844,54100
2004-08-10,103.5,103.55999755859375,102.9000015258789,102.98999786376953,98100
2004-08-11,103.0,103.47000122070312,102.93000030517578,103.4000015258789,47000
2004-08-12,103.38999938964844,104.05999755859375,103.33000183105469,103.98999786376953,44700
2004-08-13,104.19000244140625,104.52999877929688,104.19000244140625,104.38999938964844,41000
2004-08-16,104.19000244140625,104.23999786376953,103.87000274658203,103.87000274658203,68200
2004-08-17,103.5999984741211,103.98999786376953,103.5999984741211,103.9800033569336,65500
2004-08-18,104.25,104.25,103.55999755859375,103.56999969482422,38800
2004-08-19,103.62999725341797,104.19999694824219,103.5199966430664,104.19999694824219,46700
2004-08-20,104.25,104.25,104.0,104.08000183105469,54300
2004-08-23,103.79000091552734,103.80000305175781,103.55000305175781,103.62000274658203,58800
2004-08-24,103.41999816894531,103.45999908447266,103.27999877929688,103.43000030517578,65300
2004-08-25,103.48999786376953,103.69000244140625,103.38999938964844,103.44000244140625,39800
2004-08-26,103.44999694824219,103.66999816894531,103.37000274658203,103.61000061035156,31900
2004-08-27,103.69999694824219,103.81999969482422,103.62999725341797,103.66000366210938,30900
2004-08-30,103.73999786376953,103.93000030517578,103.63999938964844,103.91999816894531,40800
2004-08-31,104.08000183105469,104.75,104.04000091552734,104.52999877929688,54400
2004-09-01,104.0,104.19000244140625,103.69000244140625,104.12000274658203,30200
2004-09-02,103.9800033569336,104.0,103.58000183105469,103.62000274658203,37000
2004-09-03,103.31999969482422,103.44999694824219,103.0999984741211,103.44999694824219,55100
2004-09-07,103.0999984741211,103.33999633789062,103.04000091552734,103.16999816894531,84800
2004-09-08,103.0199966430664,103.66999816894531,102.93000030517578,103.66999816894531,75400
2004-09-09,103.63999938964844,103.87999725341797,103.47000122070312,103.47000122070312,36200
2004-09-10,103.75,103.7699966430664,103.48999786376953,103.48999786376953,55300
2004-09-13,103.44999694824219,103.79000091552734,103.41000366210938,103.75,45400
2004-09-14,103.68000030517578,103.81999969482422,103.5,103.7699966430664,67700
2004-09-15,103.44999694824219,103.54000091552734,103.2699966430664,103.4000015258789,53900
2004-09-16,103.0999984741211,103.83999633789062,103.0999984741211,103.69999694824219,64200
2004-09-17,103.6500015258789,103.7300033569336,103.3499984741211,103.4800033569336,58500
2004-09-20,103.55000305175781,103.87000274658203,103.4800033569336,103.8499984741211,61600
2004-09-21,103.5999984741211,103.9000015258789,103.52999877929688,103.77999877929688,35000
2004-09-22,103.73999786376953,104.4000015258789,103.69999694824219,104.37000274658203,88300
2004-09-23,104.3499984741211,104.44999694824219,103.9000015258789,104.0,79100
2004-09-24,103.8499984741211,103.98999786376953,103.69999694824219,103.88999938964844,45100
2004-09-27,104.16000366210938,104.44999694824219,104.0999984741211,104.4000015258789,84600
2004-09-28,104.5,104.69000244140625,104.41000366210938,104.63999938964844,62600
2004-09-29,104.41999816894531,104.45999908447266,104.0999984741211,104.19999694824219,130500
2004-09-30,103.76000213623047,104.29000091552734,103.6500015258789,104.19000244140625,112100
2004-10-01,103.69000244140625,103.86000061035156,103.5,103.69999694824219,90000
2004-10-04,103.23999786376953,103.55000305175781,103.16000366210938,103.44999694824219,45800
2004-10-05,103.61000061035156,103.75,103.52999877929688,103.72000122070312,42100
2004-10-06,103.38999938964844,103.41999816894531,103.05000305175781,103.05000305175781,52400
2004-10-07,103.0199966430664,103.23999786376953,102.75,103.19999694824219,55700
2004-10-08,104.05999755859375,104.06999969482422,103.8499984741211,104.05000305175781,50300
2004-10-11,104.05000305175781,104.44000244140625,104.0,104.31999969482422,35300
2004-10-12,104.3499984741211,104.44999694824219,104.19000244140625,104.30000305175781,62200
2004-10-13,104.01000213623047,104.55000305175781,104.0,104.5199966430664,59000
2004-10-14,104.5,104.80000305175781,104.5,104.72000122070312,34300
2004-10-15,104.81999969482422,104.94999694824219,104.58000183105469,104.72000122070312,61000
2004-10-18,104.68000030517578,104.69999694824219,104.44000244140625,104.69999694824219,38900
2004-10-19,104.33000183105469,104.72000122070312,104.27999877929688,104.72000122070312,62300
2004-10-20,104.91000366210938,105.18000030517578,104.83000183105469,105.18000030517578,43700
2004-10-21,105.19999694824219,105.5,105.19999694824219,105.48999786376953,47700
2004-10-22,105.37999725341797,105.5,105.25,105.5,51900
2004-10-25,105.6500015258789,105.75,105.43000030517578,105.4800033569336,41300
2004-10-26,105.4800033569336,105.5,105.27999877929688,105.41999816894531,54700
2004-10-27,105.41999816894531,105.6500015258789,104.5,104.5999984741211,82200
2004-10-28,104.6500015258789,105.36000061035156,104.58000183105469,105.08000183105469,53800
2004-10-29,105.11000061035156,105.33000183105469,105.0,105.33000183105469,55300
2004-11-01,105.0,105.19999694824219,104.66000366210938,104.79000091552734,52200
2004-11-02,105.05999755859375,105.37000274658203,105.0199966430664,105.37000274658203,45500
2004-11-03,105.0,105.5,104.91000366210938,105.44999694824219,50700
2004-11-04,105.52999877929688,105.5999984741211,105.0999984741211,105.19999694824219,51000
2004-11-05,104.44999694824219,104.75,104.33000183105469,104.70999908447266,88500
2004-11-08,104.3499984741211,104.5999984741211,104.3499984741211,104.58000183105469,93800
2004-11-09,104.5,104.55000305175781,104.4000015258789,104.44000244140625,57200
2004-11-10,104.18000030517578,104.5,104.05000305175781,104.2699966430664,83300
2004-11-11,104.4000015258789,104.58999633789062,104.4000015258789,104.52999877929688,62500
2004-11-12,104.44999694824219,104.8499984741211,104.37999725341797,104.7300033569336,83300
2004-11-15,104.80000305175781,105.13999938964844,104.75,105.12000274658203,124900
2004-11-16,105.08000183105469,105.19000244140625,104.91000366210938,105.06999969482422,130400
2004-11-17,105.04000091552734,105.58999633789062,105.04000091552734,105.44000244140625,75500
2004-11-18,105.0999984741211,105.5999984741211,105.0999984741211,105.58999633789062,60500
2004-11-19,105.30000305175781,105.4000015258789,104.9000015258789,105.30000305175781,75800
2004-11-22,105.4800033569336,105.8499984741211,105.4800033569336,105.7699966430664,82100
2004-11-23,105.5199966430664,105.8499984741211,105.5,105.56999969482422,69100
2004-11-24,105.58999633789062,105.98999786376953,105.55000305175781,105.8499984741211,120900
2004-11-26,105.2699966430664,105.44999694824219,105.2699966430664,105.43000030517578,33400
2004-11-29,105.05000305175781,105.12000274658203,104.80000305175781,104.94999694824219,87100
2004-11-30,104.80000305175781,104.9000015258789,104.69999694824219,104.81999969482422,104700
2004-12-01,104.6500015258789,104.6500015258789,104.12000274658203,104.37000274658203,94000
2004-12-02,104.16999816894531,104.19999694824219,104.02999877929688,104.12000274658203,75100
2004-12-03,104.80000305175781,105.4000015258789,104.73999786376953,105.0,54600
2004-12-06,105.16999816894531,105.29000091552734,105.08999633789062,105.25,100200
2004-12-07,105.18000030517578,105.30000305175781,105.0,105.29000091552734,87000
2004-12-08,105.47000122070312,106.01000213623047,105.41000366210938,106.01000213623047,142600
2004-12-09,105.9000015258789,106.19999694824219,105.66000366210938,105.76000213623047,79300
2004-12-10,105.91999816894531,105.9800033569336,105.55000305175781,105.5999984741211,89900
2004-12-13,105.62000274658203,105.86000061035156,105.62000274658203,105.79000091552734,75900
2004-12-14,105.62999725341797,106.0,105.55000305175781,106.0,74300
2004-12-15,106.30000305175781,106.72000122070312,106.30000305175781,106.72000122070312,78000
2004-12-16,106.5,106.55999755859375,106.0,106.05000305175781,88000
2004-12-17,105.76000213623047,106.1500015258789,105.75,106.1500015258789,61200
2004-12-20,106.2699966430664,106.43000030517578,106.20999908447266,106.38999938964844,79300
2004-12-21,106.4800033569336,107.02999877929688,106.41000366210938,107.01000213623047,122100
2004-12-22,106.81999969482422,106.8499984741211,106.43000030517578,106.55000305175781,101900
2004-12-23,106.55000305175781,106.9000015258789,106.5199966430664,106.72000122070312,94700
2004-12-27,106.4000015258789,106.44999694824219,106.2300033569336,106.37999725341797,104500
2004-12-28,106.23999786376953,106.25,105.94999694824219,106.19000244140625,128900
2004-12-29,106.19000244140625,106.22000122070312,105.80000305175781,105.93000030517578,150500
2004-12-30,105.72000122070312,106.22000122070312,105.66000366210938,106.20999908447266,74300
2004-12-31,105.77999877929688,106.08000183105469,105.75,105.80999755859375,87900
2005-01-03,105.5,105.80000305175781,105.48999786376953,105.77999877929688,110100
2005-01-04,105.75,106.4000015258789,105.05000305175781,105.05000305175781,136400
2005-01-05,105.0,105.1500015258789,104.69999694824219,104.93000030517578,221400
2005-01-06,105.0,105.26000213623047,104.94999694824219,105.0999984741211,204800
2005-01-07,105.2699966430664,105.3499984741211,104.75,104.83000183105469,219600
2005-01-10,104.9800033569336,104.98999786376953,104.80000305175781,104.9000015258789,132200
2005-01-11,104.93000030517578,105.1500015258789,104.9000015258789,105.0,121700
2005-01-12,104.95999908447266,105.4000015258789,104.94999694824219,105.37000274658203,482700
2005-01-13,105.37999725341797,105.69000244140625,105.3499984741211,105.63999938964844,169500
2005-01-14,105.3499984741211,105.87999725341797,105.3499984741211,105.6500015258789,206700
2005-01-18,105.37000274658203,105.6500015258789,105.30000305175781,105.6500015258789,166300
2005-01-19,105.55000305175781,105.56999969482422,105.31999969482422,105.55000305175781,152400
2005-01-20,105.36000061035156,105.66000366210938,105.3499984741211,105.5999984741211,156600
2005-01-21,105.41000366210938,105.80000305175781,105.4000015258789,105.75,168400
2005-01-24,105.77999877929688,105.94999694824219,105.66000366210938,105.93000030517578,139800
2005-01-25,105.75,105.8499984741211,105.0999984741211,105.25,207400
2005-01-26,105.30999755859375,105.4800033569336,105.25,105.37999725341797,122100
2005-01-27,105.25,105.44999694824219,105.16999816894531,105.3499984741211,106400
2005-01-28,105.5999984741211,105.80000305175781,105.44999694824219,105.76000213623047,175800
2005-01-31,105.56999969482422,105.83000183105469,105.5,105.81999969482422,166400
2005-02-01,105.5999984741211,105.66000366210938,105.36000061035156,105.4800033569336,228600
2005-02-02,105.31999969482422,105.47000122070312,105.04000091552734,105.30000305175781,154400
2005-02-03,105.01000213623047,105.19000244140625,105.0,105.12000274658203,149800
2005-02-04,105.68000030517578,106.0999984741211,105.6500015258789,105.80000305175781,130900
2005-02-07,105.80000305175781,106.19999694824219,105.76000213623047,106.1500015258789,133700
2005-02-08,106.1500015258789,106.66999816894531,106.1500015258789,106.66999816894531,111000
2005-02-09,106.63999938964844,107.31999969482422,106.63999938964844,107.25,113100
2005-02-10,106.94999694824219,107.08000183105469,106.62000274658203,106.62999725341797,108000
2005-02-11,106.62000274658203,106.86000061035156,106.58000183105469,106.68000030517578,135000
2005-02-14,106.88999938964844,107.12000274658203,106.8499984741211,107.08000183105469,138000
2005-02-15,106.75,106.8499984741211,106.43000030517578,106.5199966430664,139000
2005-02-16,106.44999694824219,106.45999908447266,106.04000091552734,106.23999786376953,142200
2005-02-17,105.98999786376953,106.25,105.94999694824219,106.11000061035156,202200
2005-02-18,105.68000030517578,106.02999877929688,105.68000030517578,106.0,172300
2005-02-22,105.83000183105469,105.87999725341797,105.62000274658203,105.69999694824219,168000
2005-02-23,105.8499984741211,105.94999694824219,105.7300033569336,105.93000030517578,150200
2005-02-24,106.13999938964844,106.19999694824219,105.63999938964844,105.69999694824219,145200
2005-02-25,105.62999725341797,105.70999908447266,105.5199966430664,105.6500015258789,122900
2005-02-28,105.61000061035156,105.68000030517578,104.9000015258789,105.0999984741211,189300
2005-03-01,105.0199966430664,105.30000305175781,105.0199966430664,105.1500015258789,100100
2005-03-02,105.2300033569336,105.43000030517578,105.18000030517578,105.2699966430664,161600
2005-03-03,105.4000015258789,105.6500015258789,105.3499984741211,105.41999816894531,181200
2005-03-04,105.47000122070312,105.94000244140625,105.36000061035156,105.8499984741211,175000
2005-03-07,105.94000244140625,106.19999694824219,105.9000015258789,106.1500015258789,226300
2005-03-08,105.7699966430664,105.94999694824219,105.70999908447266,105.87000274658203,120100
2005-03-09,105.37000274658203,105.37000274658203,105.05000305175781,105.16000366210938,196300
2005-03-10,105.08999633789062,105.19999694824219,104.55000305175781,104.94999694824219,252800
2005-03-11,104.58999633789062,104.69999694824219,104.44000244140625,104.5,132100
2005-03-14,104.4000015258789,104.72000122070312,104.4000015258789,104.69999694824219,111600
2005-03-15,104.83999633789062,104.9000015258789,104.4800033569336,104.55999755859375,136400
2005-03-16,104.69000244140625,105.11000061035156,104.6500015258789,104.94999694824219,190300
2005-03-17,105.45999908447266,105.62999725341797,105.26000213623047,105.31999969482422,383800
2005-03-18,105.25,105.33999633789062,105.0999984741211,105.16000366210938,104000
2005-03-21,105.13999938964844,105.1500015258789,104.93000030517578,104.97000122070312,122000
2005-03-22,105.18000030517578,105.26000213623047,104.25,104.2699966430664,169900
2005-03-23,103.75,104.0999984741211,103.6500015258789,103.94999694824219,287900
2005-03-24,104.2300033569336,104.33999633789062,104.06999969482422,104.30000305175781,171500
2005-03-28,103.88999938964844,103.9800033569336,103.83999633789062,103.86000061035156,149300
2005-03-29,103.9800033569336,104.22000122070312,103.80999755859375,104.13999938964844,109600
2005-03-30,104.22000122070312,104.55999755859375,104.1500015258789,104.55999755859375,160000
2005-03-31,104.8499984741211,105.3499984741211,104.80000305175781,105.33000183105469,222700
2005-04-01,105.45999908447266,105.5199966430664,104.70999908447266,105.16999816894531,234600
2005-04-04,105.19999694824219,105.44999694824219,105.16000366210938,105.27999877929688,408800
2005-04-05,105.0999984741211,105.19999694824219,104.80999755859375,105.0,102400
2005-04-06,105.12999725341797,105.2300033569336,105.01000213623047,105.05999755859375,186200
2005-04-07,105.04000091552734,105.26000213623047,104.5,104.6500015258789,127300
2005-04-08,104.45999908447266,104.75,104.19999694824219,104.75,266000
2005-04-11,104.75,105.1500015258789,104.69999694824219,105.02999877929688,93100
2005-04-12,104.8499984741211,105.5999984741211,104.80000305175781,105.5999984741211,142500
2005-04-13,105.69999694824219,105.75,105.3499984741211,105.5,150700
2005-04-14,105.44999694824219,105.69999694824219,105.08000183105469,105.69999694824219,148900
2005-04-15,106.0,106.30000305175781,105.75,106.30000305175781,165800
2005-04-18,106.5199966430664,106.58999633789062,106.19999694824219,106.30000305175781,144200
2005-04-19,106.55000305175781,106.9000015258789,106.5,106.9000015258789,132800
2005-04-20,106.54000091552734,107.0999984741211,106.5,107.08000183105469,161100
2005-04-21,106.69000244140625,106.79000091552734,106.26000213623047,106.26000213623047,122000
2005-04-22,106.81999969482422,106.95999908447266,106.62000274658203,106.95999908447266,99400
2005-04-25,106.95999908447266,107.0,106.7300033569336,106.80000305175781,129300
2005-04-26,106.83000183105469,106.8499984741211,106.25,106.44999694824219,73100
2005-04-27,106.58999633789062,106.68000030517578,106.2300033569336,106.44999694824219,86400
2005-04-28,106.54000091552734,107.2699966430664,106.45999908447266,107.2699966430664,142500
2005-04-29,107.19000244140625,107.44999694824219,106.80000305175781,106.9000015258789,80900
2005-05-02,106.54000091552734,106.69999694824219,106.20999908447266,106.54000091552734,113300
2005-05-03,106.5,106.58999633789062,106.19999694824219,106.5,87900
2005-05-04,106.0,106.37999725341797,105.9000015258789,106.25,125200
2005-05-05,106.22000122070312,106.41999816894531,106.06999969482422,106.36000061035156,106500
2005-05-06,105.80999755859375,106.05000305175781,105.7699966430664,105.98999786376953,102000
2005-05-09,105.9000015258789,106.04000091552734,105.80000305175781,106.04000091552734,113900
2005-05-10,106.1500015258789,106.4000015258789,106.0999984741211,106.4000015258789,126200
2005-05-11,106.55999755859375,106.80000305175781,106.44000244140625,106.51000213623047,104700
2005-05-12,106.31999969482422,106.5,106.0,106.48999786376953,145700
2005-05-13,106.69000244140625,106.79000091552734,106.19999694824219,106.5199966430664,141300
2005-05-16,106.61000061035156,106.66000366210938,106.44000244140625,106.4800033569336,112900
2005-05-17,106.72000122070312,107.0,106.63999938964844,106.70999908447266,132100
2005-05-18,107.02999877929688,107.0999984741211,106.55000305175781,106.55000305175781,97700
2005-05-19,106.3499984741211,106.5999984741211,106.30000305175781,106.44000244140625,141500
2005-05-20,106.62000274658203,106.83000183105469,106.4800033569336,106.83000183105469,80700
2005-05-23,106.9000015258789,107.19999694824219,106.9000015258789,106.95999908447266,185900
2005-05-24,107.3499984741211,107.44999694824219,107.05000305175781,107.29000091552734,114700
2005-05-25,107.33999633789062,107.43000030517578,106.9000015258789,106.9000015258789,93900
2005-05-26,106.79000091552734,106.9000015258789,106.5,106.55000305175781,86700
2005-05-27,106.55000305175781,106.94999694824219,106.5,106.81999969482422,75800
2005-05-31,107.06999969482422,107.4000015258789,107.05000305175781,107.29000091552734,119600
2005-06-01,107.0,107.72000122070312,107.0,107.72000122070312,141500
2005-06-02,107.44999694824219,107.58999633789062,107.30000305175781,107.4000015258789,118300
2005-06-03,107.81999969482422,107.9000015258789,106.94999694824219,107.05000305175781,116700
2005-06-06,107.11000061035156,107.19999694824219,106.83000183105469,107.05000305175781,146500
2005-06-07,107.58000183105469,107.6500015258789,107.16000366210938,107.25,142900
2005-06-08,107.23999786376953,107.25,106.9000015258789,106.94999694824219,116700
2005-06-09,106.79000091552734,107.0199966430664,106.5999984741211,106.87000274658203,102700
2005-06-10,106.61000061035156,106.61000061035156,106.16000366210938,106.22000122070312,88900
2005-06-13,105.87000274658203,105.97000122070312,105.70999908447266,105.9000015258789,157000
2005-06-14,105.8499984741211,105.87999725341797,105.5999984741211,105.69000244140625,131500
2005-06-15,105.36000061035156,105.75,105.30999755859375,105.72000122070312,124100
2005-06-16,105.76000213623047,106.19999694824219,105.61000061035156,106.0999984741211,126700
2005-06-17,106.19000244140625,106.5,106.1500015258789,106.16000366210938,96800
2005-06-20,106.08999633789062,106.23999786376953,105.94000244140625,106.16999816894531,106700
2005-06-21,106.25,106.47000122070312,106.19999694824219,106.30000305175781,86600
2005-06-22,106.6500015258789,106.83000183105469,106.44999694824219,106.6500015258789,161800
2005-06-23,106.63999938964844,106.8499984741211,106.5199966430664,106.80000305175781,105100
2005-06-24,106.9000015258789,107.0999984741211,106.80000305175781,107.0,209400
2005-06-27,107.12999725341797,107.4000015258789,107.0,107.30000305175781,106600
2005-06-28,107.0,107.12000274658203,106.8499984741211,107.05999755859375,141100
2005-06-29,107.19999694824219,107.19999694824219,106.69999694824219,106.77999877929688,97400
2005-06-30,106.95999908447266,107.2300033569336,106.69999694824219,107.2300033569336,212200
2005-07-01,106.37000274658203,106.44999694824219,105.63999938964844,105.83999633789062,115400
2005-07-05,105.43000030517578,105.61000061035156,105.1500015258789,105.25,141400
2005-07-06,105.30000305175781,105.47000122070312,105.26000213623047,105.45999908447266,92100
2005-07-07,105.76000213623047,105.80000305175781,105.43000030517578,105.52999877929688,76500
2005-07-08,105.58999633789062,105.58999633789062,104.9000015258789,105.04000091552734,104000
2005-07-11,104.80000305175781,105.2699966430664,104.70999908447266,105.25,140100
2005-07-12,105.04000091552734,105.19999694824219,105.0,105.04000091552734,107300
2005-07-13,104.95999908447266,104.9800033569336,104.70999908447266,104.77999877929688,172800
2005-07-14,104.31999969482422,104.41999816894531,103.94999694824219,104.11000061035156,203200
2005-07-15,103.73999786376953,103.94999694824219,103.69999694824219,103.94999694824219,187200
2005-07-18,103.80999755859375,103.9000015258789,103.41000366210938,103.58999633789062,141700
2005-07-19,103.58000183105469,104.05000305175781,103.58000183105469,104.02999877929688,162900
2005-07-20,104.0199966430664,104.3499984741211,103.80000305175781,104.33000183105469,162800
2005-07-21,104.18000030517578,104.19000244140625,103.69999694824219,103.83999633789062,158400
2005-07-22,104.13999938964844,104.58000183105469,104.13999938964844,104.25,218600
2005-07-25,104.29000091552734,104.37000274658203,103.75,103.93000030517578,155300
2005-07-26,103.70999908447266,104.02999877929688,103.4800033569336,104.02999877929688,183400
2005-07-27,103.94999694824219,104.22000122070312,103.81999969482422,103.98999786376953,77800
2005-07-28,104.05000305175781,104.37999725341797,104.02999877929688,104.22000122070312,94000
2005-07-29,104.08999633789062,104.1500015258789,103.79000091552734,103.91000366210938,108700
2005-08-01,103.33999633789062,103.37999725341797,102.9000015258789,103.08000183105469,145300
2005-08-02,102.9000015258789,102.9800033569336,102.68000030517578,102.88999938964844,429300
2005-08-03,103.12999725341797,103.38999938964844,103.08999633789062,103.36000061035156,112100
2005-08-04,103.30000305175781,103.44999694824219,103.16999816894531,103.37999725341797,129200
2005-08-05,102.93000030517578,102.93000030517578,102.75,102.80000305175781,144400
2005-08-08,102.86000061035156,102.98999786376953,102.75,102.77999877929688,113500
2005-08-09,102.81999969482422,102.83000183105469,102.4000015258789,102.69999694824219,179600
2005-08-10,102.88999938964844,102.94000244140625,102.55000305175781,102.63999938964844,107200
2005-08-11,102.76000213623047,103.19000244140625,102.55999755859375,103.16999816894531,104300
2005-08-12,103.33999633789062,103.6500015258789,103.31999969482422,103.58999633789062,108600
2005-08-15,103.55000305175781,103.66999816894531,103.41000366210938,103.58999633789062,183400
2005-08-16,103.97000122070312,104.19000244140625,103.79000091552734,103.87999725341797,172200
2005-08-17,104.0999984741211,104.1500015258789,103.55000305175781,103.6500015258789,98400
2005-08-18,103.87999725341797,104.02999877929688,103.76000213623047,103.95999908447266,111800
2005-08-19,103.9000015258789,104.16999816894531,103.80999755859375,104.1500015258789,110200
2005-08-22,103.94000244140625,104.0999984741211,103.76000213623047,104.0,132600
2005-08-23,103.9000015258789,104.31999969482422,103.9000015258789,104.27999877929688,179000
2005-08-24,104.25,104.48999786376953,104.25,104.44999694824219,108800
2005-08-25,104.55999755859375,104.62999725341797,104.38999938964844,104.61000061035156,105200
2005-08-26,104.6500015258789,104.69999694824219,104.41000366210938,104.55999755859375,141300
2005-08-29,104.8499984741211,104.87000274658203,104.6500015258789,104.7300033569336,85800
2005-08-30,104.93000030517578,105.3499984741211,104.80999755859375,105.2699966430664,169100
2005-08-31,105.4000015258789,105.86000061035156,105.30999755859375,105.8499984741211,119100
2005-09-01,105.41999816894531,105.9000015258789,105.41999816894531,105.70999908447266,108700
2005-09-02,105.69999694824219,106.0,105.55999755859375,105.75,140600
2005-09-06,105.75,105.8499984741211,105.11000061035156,105.16000366210938,701900
2005-09-07,105.1500015258789,105.18000030517578,104.7699966430664,105.0199966430664,176400
2005-09-08,105.20999908447266,105.33999633789062,105.05000305175781,105.19000244140625,144100
2005-09-09,105.44999694824219,105.72000122070312,105.37999725341797,105.47000122070312,128400
2005-09-12,105.23999786376953,105.23999786376953,104.91999816894531,105.08999633789062,128700
2005-09-13,105.44000244140625,105.69999694824219,105.2300033569336,105.44999694824219,129500
2005-09-14,105.38999938964844,105.61000061035156,105.20999908447266,105.37999725341797,99100
2005-09-15,105.27999877929688,105.37999725341797,105.0,105.16999816894531,97900
2005-09-16,105.12000274658203,105.12999725341797,104.87000274658203,105.0,238700
2005-09-19,105.0199966430664,105.47000122070312,104.88999938964844,105.3499984741211,134100
2005-09-20,104.87000274658203,105.12000274658203,104.83000183105469,105.05999755859375,127600
2005-09-21,105.58000183105469,105.72000122070312,105.47000122070312,105.6500015258789,179000
2005-09-22,105.83999633789062,105.91000366210938,105.61000061035156,105.68000030517578,173900
2005-09-23,105.5,105.52999877929688,105.0,105.16000366210938,161300
2005-09-26,104.62999725341797,105.0199966430664,104.61000061035156,104.91999816894531,139900
2005-09-27,105.0,105.19000244140625,104.80000305175781,105.12999725341797,207700
2005-09-28,105.11000061035156,105.55000305175781,105.05000305175781,105.54000091552734,130800
2005-09-29,105.3499984741211,105.4800033569336,105.23999786376953,105.44000244140625,93600
2005-09-30,105.51000213623047,105.55000305175781,105.0,105.2699966430664,150600
2005-10-03,104.87999725341797,104.88999938964844,104.19999694824219,104.26000213623047,147400
2005-10-04,104.25,104.33000183105469,104.02999877929688,104.18000030517578,343100
2005-10-05,104.33000183105469,104.51000213623047,104.12999725341797,104.16000366210938,116000
2005-10-06,103.94000244140625,104.0,103.68000030517578,103.87999725341797,171000
2005-10-07,103.58999633789062,104.18000030517578,103.5,104.05000305175781,99000
2005-10-10,104.08000183105469,104.36000061035156,103.91999816894531,104.16999816894531,88500
2005-10-11,104.0,104.01000213623047,103.76000213623047,103.8499984741211,111000
2005-10-12,103.88999938964844,103.93000030517578,103.47000122070312,103.51000213623047,267700
2005-10-13,103.2300033569336,103.58000183105469,103.05999755859375,103.45999908447266,184000
2005-10-14,103.77999877929688,103.79000091552734,103.26000213623047,103.68000030517578,108400
2005-10-17,103.80999755859375,103.93000030517578,103.70999908447266,103.87999725341797,134600
2005-10-18,104.04000091552734,104.08999633789062,103.8499984741211,103.94999694824219,166400
2005-10-19,104.04000091552734,104.30000305175781,103.8499984741211,103.95999908447266,231100
2005-10-20,103.80000305175781,104.0,103.66000366210938,103.88999938964844,138000
2005-10-21,103.97000122070312,104.2300033569336,103.91000366210938,104.22000122070312,126200
2005-10-24,103.91999816894531,104.05000305175781,103.55000305175781,103.7699966430664,267400
2005-10-25,103.75,103.9000015258789,103.1500015258789,103.2300033569336,188300
2005-10-26,103.0199966430664,103.16000366210938,102.80000305175781,102.91999816894531,183700
2005-10-27,103.16999816894531,103.44999694824219,103.12000274658203,103.33999633789062,166900
2005-10-28,103.5199966430664,103.58999633789062,103.1500015258789,103.30000305175781,145200
2005-10-31,103.48999786376953,103.70999908447266,103.37999725341797,103.58000183105469,104500
2005-11-01,103.33999633789062,103.33999633789062,103.01000213623047,103.13999938964844,166400
2005-11-02,103.08999633789062,103.29000091552734,102.80000305175781,102.94000244140625,121800
2005-11-03,103.04000091552734,103.06999969482422,102.62999725341797,102.77999877929688,162200
2005-11-04,102.81999969482422,103.01000213623047,102.52999877929688,102.69999694824219,140000
2005-11-07,103.02999877929688,103.13999938964844,102.9000015258789,103.02999877929688,94300
2005-11-08,103.27999877929688,103.36000061035156,103.1500015258789,103.22000122070312,150100
2005-11-09,102.72000122070312,102.83999633789062,102.56999969482422,102.69000244140625,239000
2005-11-10,102.69999694824219,103.01000213623047,102.56999969482422,102.91999816894531,208000
2005-11-11,102.91999816894531,103.19999694824219,102.91000366210938,103.05999755859375,122300
2005-11-14,102.88999938964844,102.9000015258789,102.2699966430664,102.3499984741211,341900
2005-11-15,102.36000061035156,102.80999755859375,102.25,102.6500015258789,169600
2005-11-16,102.88999938964844,103.29000091552734,102.75,103.25,129900
2005-11-17,103.30000305175781,103.61000061035156,103.19999694824219,103.37000274658203,124400
2005-11-18,103.19999694824219,103.4000015258789,103.0,103.18000030517578,280800
2005-11-21,103.33999633789062,103.45999908447266,103.2300033569336,103.29000091552734,150200
2005-11-22,103.41000366210938,103.69999694824219,103.30999755859375,103.69999694824219,148600
2005-11-23,103.76000213623047,103.7699966430664,103.1500015258789,103.30000305175781,119800
2005-11-25,103.51000213623047,103.6500015258789,103.5,103.6500015258789,38700
2005-11-28,103.61000061035156,104.0,103.5199966430664,103.87000274658203,111800
2005-11-29,103.86000061035156,103.88999938964844,103.25,103.3499984741211,115200
2005-11-30,103.30999755859375,103.3499984741211,103.0999984741211,103.33000183105469,124500
2005-12-01,102.31999969482422,102.41999816894531,101.6500015258789,101.9000015258789,284600
2005-12-02,101.69999694824219,101.94999694824219,101.6500015258789,101.94000244140625,117300
2005-12-05,101.95999908447266,101.95999908447266,101.69999694824219,101.87999725341797,134300
2005-12-06,101.97000122070312,102.26000213623047,101.9000015258789,102.18000030517578,150000
2005-12-07,102.05999755859375,102.05999755859375,101.69999694824219,101.79000091552734,172600
2005-12-08,101.94999694824219,102.2699966430664,101.86000061035156,102.22000122070312,125300
2005-12-09,102.06999969482422,102.19999694824219,101.80000305175781,101.86000061035156,127100
2005-12-12,102.0199966430664,102.05999755859375,101.69999694824219,101.9000015258789,151800
2005-12-13,102.13999938964844,102.25,101.87000274658203,102.08999633789062,180000
2005-12-14,102.44999694824219,102.68000030517578,102.29000091552734,102.5,151300
2005-12-15,102.41000366210938,102.5,102.19999694824219,102.5,225900
2005-12-16,102.5,102.66999816894531,102.44999694824219,102.56999969482422,196200
2005-12-19,102.55000305175781,102.75,102.43000030517578,102.6500015258789,154500
2005-12-20,102.44999694824219,102.69000244140625,102.3499984741211,102.5999984741211,155600
2005-12-21,102.5,102.55000305175781,102.31999969482422,102.5,114300
2005-12-22,102.63999938964844,102.8499984741211,102.58999633789062,102.72000122070312,193100
2005-12-23,102.47000122070312,103.2300033569336,102.47000122070312,103.1500015258789,154500
2005-12-27,103.0199966430664,103.33000183105469,102.94999694824219,103.2699966430664,302700
2005-12-28,102.69999694824219,102.94000244140625,102.62999725341797,102.66999816894531,104800
2005-12-29,102.80000305175781,102.88999938964844,102.55000305175781,102.8499984741211,218200
2005-12-30,103.0,103.0999984741211,102.70999908447266,102.81999969482422,128300
2006-01-03,102.69000244140625,103.1500015258789,102.61000061035156,103.04000091552734,257000
2006-01-04,103.01000213623047,103.13999938964844,102.80999755859375,103.05000305175781,162400
2006-01-05,102.7699966430664,102.9000015258789,102.66999816894531,102.75,169200
2006-01-06,102.72000122070312,102.83000183105469,102.55000305175781,102.69999694824219,315500
2006-01-09,102.63999938964844,102.81999969482422,102.52999877929688,102.81999969482422,288300
2006-01-10,102.55000305175781,102.75,102.44999694824219,102.58999633789062,209700
2006-01-11,102.69999694824219,102.7699966430664,102.41000366210938,102.43000030517578,687800
2006-01-12,102.55000305175781,102.93000030517578,102.47000122070312,102.83000183105469,667800
2006-01-13,102.97000122070312,103.25,102.88999938964844,103.11000061035156,141800
2006-01-17,103.01000213623047,103.4000015258789,103.0,103.3499984741211,591500
2006-01-18,103.36000061035156,103.36000061035156,103.05999755859375,103.30000305175781,133700
2006-01-19,103.05000305175781,103.29000091552734,102.94999694824219,103.22000122070312,437700
2006-01-20,103.4000015258789,103.48999786376953,103.12999725341797,103.41000366210938,227900
2006-01-23,103.16000366210938,103.38999938964844,103.0,103.25,179100
2006-01-24,103.0,103.27999877929688,102.80999755859375,103.0,122000
2006-01-25,102.75,102.83999633789062,102.25,102.3499984741211,162100
2006-01-26,102.19999694824219,102.2699966430664,102.01000213623047,102.25,157900
2006-01-27,102.62000274658203,102.63999938964844,102.26000213623047,102.5199966430664,129600
2006-01-30,102.5,102.62999725341797,102.3499984741211,102.5,159200
2006-01-31,102.55000305175781,102.94000244140625,102.45999908447266,102.8499984741211,158800
2006-02-01,102.76000213623047,102.9000015258789,102.3499984741211,102.54000091552734,257300
2006-02-02,102.6500015258789,102.69000244140625,102.44999694824219,102.55000305175781,370800
2006-02-03,102.44999694824219,103.05000305175781,102.36000061035156,103.05000305175781,160000
2006-02-06,102.9000015258789,103.19999694824219,102.87999725341797,103.12000274658203,151700
2006-02-07,103.06999969482422,103.13999938964844,102.61000061035156,102.63999938964844,118300
2006-02-08,102.63999938964844,102.69999694824219,102.36000061035156,102.44999694824219,112500
2006-02-09,102.4000015258789,102.79000091552734,102.3499984741211,102.68000030517578,157100
2006-02-10,102.75,102.9000015258789,102.26000213623047,102.26000213623047,172100
2006-02-13,102.30999755859375,102.36000061035156,102.0999984741211,102.20999908447266,152400
2006-02-14,101.75,101.94999694824219,101.69000244140625,101.75,187100
2006-02-15,101.9000015258789,102.06999969482422,101.69000244140625,101.8499984741211,159500
2006-02-16,101.9000015258789,102.25,101.8499984741211,102.16000366210938,120700
2006-02-17,102.55000305175781,102.72000122070312,102.4800033569336,102.72000122070312,122700
2006-02-21,102.6500015258789,102.73999786376953,102.41000366210938,102.5,140400
2006-02-22,102.62999725341797,102.83999633789062,102.55000305175781,102.79000091552734,124600
2006-02-23,102.55000305175781,102.61000061035156,102.3499984741211,102.55000305175781,112500
2006-02-24,102.75,102.80000305175781,102.5199966430664,102.6500015258789,135400
2006-02-27,102.79000091552734,102.81999969482422,102.36000061035156,102.47000122070312,146200
2006-02-28,102.47000122070312,102.87999725341797,102.4000015258789,102.8499984741211,162200
2006-03-01,102.72000122070312,102.80000305175781,102.5,102.63999938964844,136100
2006-03-02,102.54000091552734,102.58999633789062,102.16000366210938,102.56999969482422,161400
2006-03-03,102.37999725341797,102.5,102.19999694824219,102.48999786376953,158700
2006-03-06,102.2699966430664,102.2699966430664,101.62999725341797,101.77999877929688,133700
2006-03-07,101.44999694824219,101.77999877929688,101.44999694824219,101.77999877929688,151000
2006-03-08,101.68000030517578,101.75,101.31999969482422,101.38999938964844,130800
2006-03-09,101.36000061035156,101.44999694824219,101.06999969482422,101.22000122070312,172800
2006-03-10,100.8499984741211,101.19999694824219,100.7699966430664,101.0999984741211,154500
2006-03-13,101.12999725341797,101.1500015258789,100.87000274658203,101.1500015258789,216900
2006-03-14,101.2300033569336,101.75,101.2300033569336,101.63999938964844,184600
2006-03-15,101.51000213623047,101.5999984741211,101.30000305175781,101.44999694824219,156400
2006-03-16,101.58000183105469,102.12000274658203,101.45999908447266,102.0,153400
2006-03-17,101.98999786376953,102.01000213623047,101.7300033569336,101.88999938964844,153000
2006-03-20,102.0,102.1500015258789,101.73999786376953,101.83000183105469,480400
2006-03-21,101.73999786376953,101.76000213623047,101.19000244140625,101.33000183105469,124100
2006-03-22,101.44000244140625,101.55000305175781,101.2699966430664,101.4800033569336,216300
2006-03-23,101.55000305175781,101.58999633789062,101.30000305175781,101.37000274658203,92100
2006-03-24,101.4800033569336,101.88999938964844,101.43000030517578,101.86000061035156,135300
2006-03-27,101.69999694824219,101.69999694824219,101.37000274658203,101.52999877929688,119900
2006-03-28,101.25,101.33999633789062,100.91000366210938,101.04000091552734,135600
2006-03-29,100.91999816894531,101.05000305175781,100.76000213623047,100.8499984741211,190900
2006-03-30,100.73999786376953,100.7699966430664,100.31999969482422,100.62999725341797,244200
2006-03-31,100.63999938964844,100.83000183105469,100.41000366210938,100.6500015258789,138900
2006-04-03,99.76000213623047,100.19999694824219,99.66999816894531,100.0,194000
2006-04-04,100.05000305175781,100.26000213623047,99.75,99.91999816894531,125300
2006-04-05,100.0,100.3499984741211,99.94999694824219,100.26000213623047,904600
2006-04-06,100.06999969482422,100.08000183105469,99.81999969482422,99.9800033569336,107500
2006-04-07,99.56999969482422,99.75,99.4000015258789,99.58000183105469,219100
2006-04-10,99.5999984741211,99.75,99.45999908447266,99.6500015258789,733000
2006-04-11,100.0,100.08999633789062,99.83000183105469,100.05000305175781,230800
2006-04-12,99.94999694824219,100.04000091552734,99.5999984741211,99.69999694824219,110100
2006-04-13,99.0999984741211,99.3499984741211,99.0,99.08000183105469,239900
2006-04-17,99.19999694824219,99.68000030517578,99.19999694824219,99.5999984741211,171000
2006-04-18,99.7300033569336,100.08999633789062,99.69999694824219,99.93000030517578,173000
2006-04-19,99.80999755859375,100.08000183105469,99.5999984741211,100.02999877929688,145800
2006-04-20,100.0199966430664,100.05999755859375,99.62000274658203,99.69000244140625,159200
2006-04-21,99.69999694824219,100.05000305175781,99.55000305175781,100.05000305175781,145700
2006-04-24,99.9000015258789,100.16999816894531,99.8499984741211,99.94999694824219,135300
2006-04-25,99.55999755859375,99.77999877929688,99.11000061035156,99.20999908447266,140900
2006-04-26,98.91999816894531,99.1500015258789,98.91000366210938,99.0999984741211,122900
2006-04-27,98.91000366210938,99.58000183105469,98.88999938964844,99.54000091552734,231800
2006-04-28,99.61000061035156,100.0,99.5,99.9000015258789,133300
2006-05-01,99.41000366210938,99.41000366210938,99.08000183105469,99.08000183105469,165300
2006-05-02,98.97000122070312,99.30000305175781,98.9000015258789,99.30000305175781,162000
2006-05-03,99.16000366210938,99.20999908447266,98.80000305175781,99.0199966430664,183100
2006-05-04,99.02999877929688,99.04000091552734,98.62000274658203,98.63999938964844,177100
2006-05-05,99.1500015258789,99.29000091552734,98.95999908447266,99.19999694824219,172500
2006-05-08,99.30000305175781,99.30000305175781,99.01000213623047,99.19999694824219,129800
2006-05-09,99.25,99.41000366210938,99.1500015258789,99.3499984741211,139400
2006-05-10,99.38999938964844,99.73999786376953,99.3499984741211,99.58999633789062,156200
2006-05-11,99.44999694824219,99.63999938964844,99.3499984741211,99.63999938964844,168900
2006-05-12,99.30000305175781,99.55000305175781,99.25,99.30000305175781,182600
2006-05-15,99.08000183105469,99.44000244140625,99.01000213623047,99.25,124500
2006-05-16,99.26000213623047,99.63999938964844,99.25,99.62999725341797,143000
2006-05-17,99.3499984741211,99.44000244140625,99.08000183105469,99.30000305175781,416100
2006-05-18,99.6500015258789,99.91000366210938,99.58000183105469,99.91000366210938,198800
2006-05-19,99.5999984741211,100.13999938964844,99.56999969482422,99.83000183105469,269200
2006-05-22,99.9800033569336,100.12000274658203,99.8499984741211,99.9800033569336,159700
2006-05-23,99.69000244140625,99.94000244140625,99.5999984741211,99.88999938964844,187200
2006-05-24,100.05000305175781,100.19999694824219,99.8499984741211,99.8499984741211,164600
2006-05-25,99.94000244140625,100.08000183105469,99.7300033569336,99.83999633789062,113000
2006-05-26,99.7699966430664,100.13999938964844,99.75,100.0999984741211,227300
2006-05-30,99.80000305175781,99.94999694824219,99.76000213623047,99.83999633789062,146000
2006-05-31,100.0,100.08000183105469,99.56999969482422,99.69999694824219,195500
2006-06-01,99.1500015258789,99.27999877929688,98.97000122070312,99.22000122070312,255900
2006-06-02,99.80000305175781,100.05000305175781,99.70999908447266,99.9800033569336,134800
2006-06-05,100.0,100.05999755859375,99.62999725341797,99.7300033569336,198200
2006-06-06,99.5999984741211,99.69000244140625,99.5,99.58999633789062,363100
2006-06-07,99.26000213623047,99.30000305175781,99.16000366210938,99.25,441400
2006-06-08,99.29000091552734,99.62999725341797,99.2699966430664,99.31999969482422,284900
2006-06-09,99.5,99.7699966430664,99.37999725341797,99.72000122070312,172700
2006-06-12,99.51000213623047,99.69999694824219,99.5,99.69999694824219,179600
2006-06-13,99.7699966430664,99.80999755859375,99.51000213623047,99.7699966430664,213100
2006-06-14,99.56999969482422,99.5999984741211,99.30999755859375,99.38999938964844,224800
2006-06-15,99.38999938964844,99.4800033569336,99.1500015258789,99.18000030517578,221900
2006-06-16,99.4000015258789,99.44999694824219,99.16999816894531,99.20999908447266,162800
2006-06-19,99.0199966430664,99.13999938964844,98.8499984741211,99.0,272300
2006-06-20,98.91000366210938,98.98999786376953,98.81999969482422,98.91000366210938,145600
2006-06-21,99.0,99.0199966430664,98.86000061035156,98.94999694824219,234400
2006-06-22,98.88999938964844,98.93000030517578,98.69999694824219,98.73999786376953,280900
2006-06-23,98.72000122070312,98.81999969482422,98.5,98.61000061035156,205200
2006-06-26,98.5999984741211,98.62999725341797,98.3499984741211,98.5,127900
2006-06-27,98.69000244140625,98.80000305175781,98.5199966430664,98.66000366210938,331900
2006-06-28,98.6500015258789,98.69000244140625,98.30000305175781,98.44000244140625,246600
2006-06-29,98.58999633789062,99.05000305175781,98.5199966430664,99.04000091552734,235700
2006-06-30,98.83000183105469,99.58000183105469,98.83000183105469,99.56999969482422,150000
2006-07-03,98.77999877929688,98.87000274658203,98.55000305175781,98.80999755859375,114000
2006-07-05,98.48999786376953,98.5,98.20999908447266,98.43000030517578,295200
2006-07-06,98.48999786376953,98.79000091552734,98.41999816894531,98.7699966430664,134100
2006-07-07,99.05000305175781,99.19999694824219,98.97000122070312,99.05999755859375,155900
2006-07-10,98.95999908447266,99.06999969482422,98.8499984741211,99.06999969482422,144400
2006-07-11,99.16000366210938,99.36000061035156,99.05000305175781,99.13999938964844,145600
2006-07-12,98.87999725341797,99.16000366210938,98.80999755859375,99.12000274658203,178400
2006-07-13,99.13999938964844,99.55000305175781,99.12000274658203,99.51000213623047,277300
2006-07-14,99.54000091552734,99.69999694824219,99.44999694824219,99.58000183105469,282500
2006-07-17,99.52999877929688,99.6500015258789,99.4000015258789,99.6500015258789,133500
2006-07-18,99.37000274658203,99.37999725341797,99.08000183105469,99.1500015258789,112600
2006-07-19,98.94999694824219,99.80000305175781,98.9000015258789,99.77999877929688,196500
2006-07-20,99.62999725341797,100.0999984741211,99.5999984741211,100.08999633789062,508400
2006-07-21,100.13999938964844,100.20999908447266,99.70999908447266,99.79000091552734,135700
2006-07-24,99.77999877929688,99.87999725341797,99.61000061035156,99.70999908447266,190700
2006-07-25,99.61000061035156,99.94000244140625,99.5999984741211,99.9000015258789,154500
2006-07-26,99.9000015258789,100.26000213623047,99.9000015258789,100.2300033569336,117300
2006-07-27,100.33000183105469,100.3499984741211,100.16000366210938,100.25,153000
2006-07-28,100.5,100.72000122070312,100.41999816894531,100.55000305175781,131600
2006-07-31,100.5,100.56999969482422,100.2699966430664,100.51000213623047,111600
2006-08-01,99.80999755859375,100.12999725341797,99.80999755859375,100.12000274658203,140000
2006-08-02,100.05000305175781,100.3499984741211,100.0199966430664,100.3499984741211,112300
2006-08-03,100.25,100.45999908447266,100.0999984741211,100.30000305175781,196400
2006-08-04,100.80000305175781,100.9800033569336,100.6500015258789,100.9800033569336,370300
2006-08-07,100.94000244140625,100.9800033569336,100.87000274658203,100.94999694824219,227900
2006-08-08,100.94999694824219,101.20999908447266,100.81999969482422,101.11000061035156,136500
2006-08-09,101.04000091552734,101.37000274658203,101.0,101.1500015258789,189100
2006-08-10,101.0999984741211,101.12999725341797,100.75,100.9800033569336,128800
2006-08-11,100.73999786376953,100.83999633789062,100.69999694824219,100.73999786376953,200200
2006-08-14,100.62000274658203,100.62999725341797,100.4000015258789,100.5,185600
2006-08-15,100.7300033569336,100.94999694824219,100.69999694824219,100.8499984741211,381100
2006-08-16,101.2699966430664,101.27999877929688,101.0,101.04000091552734,137100
2006-08-17,101.19999694824219,101.26000213623047,100.8499984741211,100.91999816894531,162400
2006-08-18,100.98999786376953,101.30000305175781,100.98999786376953,101.2699966430664,123600
2006-08-21,101.31999969482422,101.52999877929688,101.2699966430664,101.52999877929688,114100
2006-08-22,101.55999755859375,101.73999786376953,101.5,101.68000030517578,130500
2006-08-23,101.63999938964844,101.66999816894531,101.4000015258789,101.52999877929688,145100
2006-08-24,101.62000274658203,101.62000274658203,101.26000213623047,101.3499984741211,134000
2006-08-25,101.37999725341797,101.5999984741211,101.3499984741211,101.58000183105469,80500
2006-08-28,101.33000183105469,101.36000061035156,101.16999816894531,101.2699966430664,154700
2006-08-29,101.08999633789062,101.31999969482422,100.87000274658203,101.30000305175781,249600
2006-08-30,101.38999938964844,101.41000366210938,101.1500015258789,101.38999938964844,111700
2006-08-31,101.5,101.69000244140625,101.44999694824219,101.61000061035156,159700
2006-09-01,100.91000366210938,101.12000274658203,100.8499984741211,101.0,316300
2006-09-05,100.76000213623047,100.80999755859375,100.51000213623047,100.56999969482422,178200
2006-09-06,100.33999633789062,100.5199966430664,100.27999877929688,100.5199966430664,158200
2006-09-07,100.33000183105469,100.47000122070312,100.25,100.36000061035156,154200
2006-09-08,100.48999786376953,100.5,100.30000305175781,100.30000305175781,131700
2006-09-11,100.30999755859375,100.33000183105469,99.91999816894531,100.04000091552734,188400
2006-09-12,99.97000122070312,100.27999877929688,99.91000366210938,100.2300033569336,176200
2006-09-13,100.38999938964844,100.54000091552734,100.30000305175781,100.44999694824219,159500
2006-09-14,100.5199966430664,100.66000366210938,100.36000061035156,100.47000122070312,104100
2006-09-15,100.44999694824219,100.48999786376953,100.05999755859375,100.1500015258789,245500
2006-09-18,99.83999633789062,100.0999984741211,99.80000305175781,100.08000183105469,127900
2006-09-19,100.30999755859375,100.44000244140625,100.22000122070312,100.30999755859375,223100
2006-09-20,100.3499984741211,100.3499984741211,100.11000061035156,100.16999816894531,181200
2006-09-21,100.1500015258789,100.75,100.1500015258789,100.75,137800
2006-09-22,100.94999694824219,101.0999984741211,100.87999725341797,101.06999969482422,90900
2006-09-25,101.16999816894531,101.44999694824219,101.11000061035156,101.3499984741211,172000
2006-09-26,101.33000183105469,101.41999816894531,101.12000274658203,101.19000244140625,210600
2006-09-27,101.58000183105469,101.5999984741211,101.1500015258789,101.16999816894531,197300
2006-09-28,101.19999694824219,101.22000122070312,101.0199966430664,101.19000244140625,162900
2006-09-29,101.27999877929688,101.3499984741211,100.94000244140625,101.1500015258789,123000
2006-10-02,100.70999908447266,100.9800033569336,100.62000274658203,100.80000305175781,278600
2006-10-03,100.86000061035156,100.91000366210938,100.44000244140625,100.44999694824219,256100
2006-10-04,100.5999984741211,100.91999816894531,100.55999755859375,100.83999633789062,126100
2006-10-05,100.94999694824219,100.94999694824219,100.54000091552734,100.68000030517578,100200
2006-10-06,100.47000122070312,100.51000213623047,100.12000274658203,100.38999938964844,156200
2006-10-09,100.27999877929688,100.33000183105469,100.04000091552734,100.19000244140625,94900
2006-10-10,100.01000213623047,100.01000213623047,99.69999694824219,99.79000091552734,193000
2006-10-11,99.80000305175781,99.87999725341797,99.3499984741211,99.5,195300
2006-10-12,99.51000213623047,99.63999938964844,99.36000061035156,99.51000213623047,172900
2006-10-13,99.37999725341797,99.41000366210938,99.12999725341797,99.33999633789062,206200
2006-10-16,99.48999786376953,99.5,99.31999969482422,99.41999816894531,144700
2006-10-17,99.69999694824219,99.80999755859375,99.33000183105469,99.41000366210938,181500
2006-10-18,99.43000030517578,99.55000305175781,99.19999694824219,99.19999694824219,251000
2006-10-19,99.11000061035156,99.33999633789062,99.05000305175781,99.2300033569336,161200
2006-10-20,99.22000122070312,99.25,99.0999984741211,99.22000122070312,110700
2006-10-23,98.73999786376953,98.95999908447266,98.69999694824219,98.93000030517578,276700
2006-10-24,98.81999969482422,99.08000183105469,98.81999969482422,99.08000183105469,182600
2006-10-25,99.12000274658203,99.63999938964844,99.05999755859375,99.54000091552734,178700
2006-10-26,99.77999877929688,100.0999984741211,99.77999877929688,100.02999877929688,443500
2006-10-27,100.25,100.37000274658203,100.0999984741211,100.25,168800
2006-10-30,100.1500015258789,100.16999816894531,100.0,100.06999969482422,124500
2006-10-31,100.0999984741211,100.62000274658203,100.06999969482422,100.62000274658203,249200
2006-11-01,100.0999984741211,100.4800033569336,99.91999816894531,100.4000015258789,152200
2006-11-02,100.19000244140625,100.19999694824219,100.02999877929688,100.13999938964844,130500
2006-11-03,99.6500015258789,99.66999816894531,99.4000015258789,99.58000183105469,179100
2006-11-06,99.5,99.88999938964844,99.43000030517578,99.87000274658203,160300
2006-11-07,100.18000030517578,100.37000274658203,100.08000183105469,100.2300033569336,152100
2006-11-08,100.18000030517578,100.41000366210938,100.1500015258789,100.41000366210938,156700
2006-11-09,100.4000015258789,100.5999984741211,100.36000061035156,100.5999984741211,128400
2006-11-10,100.68000030517578,100.7300033569336,100.52999877929688,100.55999755859375,136800
2006-11-13,100.37000274658203,100.38999938964844,100.08000183105469,100.33000183105469,234300
2006-11-14,100.37999725341797,100.5,100.33000183105469,100.44999694824219,163400
2006-11-15,100.25,100.33000183105469,100.12999725341797,100.1500015258789,203600
2006-11-16,100.08000183105469,100.08999633789062,99.55000305175781,99.58999633789062,289400
2006-11-17,99.55000305175781,99.95999908447266,99.55000305175781,99.79000091552734,335900
2006-11-20,99.94000244140625,99.94000244140625,99.75,99.81999969482422,200500
2006-11-21,99.86000061035156,100.05999755859375,99.70999908447266,99.9800033569336,219300
2006-11-22,100.02999877929688,100.18000030517578,100.0,100.11000061035156,206400
2006-11-24,100.27999877929688,100.54000091552734,100.27999877929688,100.3499984741211,131100
2006-11-27,100.22000122070312,100.58000183105469,100.19999694824219,100.51000213623047,214000
2006-11-28,100.7300033569336,100.86000061035156,100.51000213623047,100.86000061035156,276100
2006-11-29,100.80999755859375,101.01000213623047,100.6500015258789,100.7300033569336,162000
2006-11-30,100.86000061035156,101.23999786376953,100.80999755859375,101.12999725341797,155700
2006-12-01,101.1500015258789,101.6500015258789,101.0,101.44999694824219,275400
2006-12-04,101.4000015258789,101.5,101.33000183105469,101.4800033569336,164600
2006-12-05,101.61000061035156,101.61000061035156,101.19999694824219,101.41000366210938,223800
2006-12-06,101.19000244140625,101.2699966430664,101.05000305175781,101.05999755859375,227000
2006-12-07,101.05000305175781,101.05999755859375,100.9000015258789,100.91999816894531,175100
2006-12-08,100.9800033569336,101.0,100.55000305175781,100.61000061035156,133500
2006-12-11,100.86000061035156,100.87000274658203,100.66999816894531,100.83999633789062,172200
2006-12-12,100.94000244140625,100.94000244140625,100.69999694824219,100.8499984741211,150900
2006-12-13,100.5999984741211,100.68000030517578,100.33000183105469,100.44999694824219,219000
2006-12-14,100.37000274658203,100.4800033569336,100.27999877929688,100.3499984741211,188200
2006-12-15,100.44999694824219,100.55999755859375,99.8499984741211,99.8499984741211,231200
2006-12-18,99.83999633789062,99.88999938964844,99.5199966430664,99.66999816894531,221500
2006-12-19,99.62999725341797,99.76000213623047,99.58000183105469,99.5999984741211,198500
2006-12-20,99.5199966430664,99.61000061035156,99.43000030517578,99.54000091552734,200100
2006-12-21,99.54000091552734,99.80000305175781,99.44000244140625,99.76000213623047,575700
2006-12-22,99.61000061035156,99.61000061035156,99.2699966430664,99.3499984741211,248500
2006-12-26,99.30000305175781,99.5,99.25,99.29000091552734,188000
2006-12-27,99.25,99.33999633789062,98.5,98.93000030517578,386900
2006-12-28,99.0,99.0,98.41999816894531,98.75,490700
2006-12-29,98.76000213623047,98.91999816894531,98.62000274658203,98.80000305175781,284200
2007-01-03,99.3499984741211,99.4000015258789,98.97000122070312,99.2300033569336,521800
2007-01-04,99.3499984741211,99.4800033569336,99.19000244140625,99.30000305175781,274800
2007-01-05,98.79000091552734,99.12999725341797,98.69999694824219,99.0199966430664,150300
2007-01-08,99.0199966430664,99.12999725341797,98.77999877929688,99.08999633789062,239500
2007-01-09,99.0199966430664,99.05000305175781,98.83999633789062,99.0199966430664,180500
2007-01-10,98.80000305175781,98.83999633789062,98.66000366210938,98.7699966430664,237700
2007-01-11,98.61000061035156,98.69000244140625,98.20999908447266,98.44000244140625,451500
2007-01-12,98.20999908447266,98.20999908447266,97.7699966430664,98.04000091552734,259600
2007-01-16,98.16999816894531,98.27999877929688,98.0999984741211,98.20999908447266,343100
2007-01-17,98.27999877929688,98.38999938964844,98.08000183105469,98.19999694824219,161800
2007-01-18,98.19000244140625,98.44000244140625,98.0999984741211,98.2699966430664,178300
2007-01-19,98.29000091552734,98.45999908447266,98.1500015258789,98.44000244140625,168000
2007-01-22,98.58000183105469,98.73999786376953,98.51000213623047,98.5999984741211,152300
2007-01-23,98.55000305175781,98.7300033569336,98.45999908447266,98.58999633789062,152400
2007-01-24,98.62000274658203,98.81999969482422,98.5199966430664,98.72000122070312,132400
2007-01-25,98.81999969482422,98.81999969482422,98.2300033569336,98.41999816894531,175900
2007-01-26,98.23999786376953,98.52999877929688,98.20999908447266,98.33999633789062,207200
2007-01-29,98.4000015258789,98.44000244140625,98.1500015258789,98.23999786376953,252900
2007-01-30,98.2699966430664,98.55000305175781,98.2699966430664,98.5199966430664,188200
2007-01-31,98.52999877929688,99.02999877929688,98.5,99.02999877929688,131500
2007-02-01,99.11000061035156,99.37999725341797,98.63999938964844,98.69999694824219,242600
2007-02-02,98.70999908447266,98.87999725341797,98.69999694824219,98.87999725341797,177300
2007-02-05,99.0,99.04000091552734,98.80000305175781,98.93000030517578,164000
2007-02-06,98.79000091552734,99.0,98.69999694824219,98.93000030517578,147600
2007-02-07,99.12000274658203,99.1500015258789,98.95999908447266,99.0999984741211,176300
2007-02-08,98.97000122070312,99.0999984741211,98.9000015258789,99.0,368600
2007-02-09,98.9800033569336,98.9800033569336,98.62000274658203,98.75,425300
2007-02-12,98.62000274658203,98.73999786376953,98.45999908447266,98.5,164200
2007-02-13,98.61000061035156,98.61000061035156,98.4000015258789,98.51000213623047,182800
2007-02-14,98.76000213623047,99.19999694824219,98.7300033569336,99.16000366210938,144900
2007-02-15,99.37999725341797,99.37999725341797,99.06999969482422,99.12999725341797,265800
2007-02-16,99.19999694824219,99.55000305175781,99.06999969482422,99.45999908447266,227300
2007-02-20,99.30999755859375,99.47000122070312,99.19000244140625,99.47000122070312,173600
2007-02-21,99.5199966430664,99.66999816894531,99.44999694824219,99.61000061035156,213200
2007-02-22,99.5199966430664,99.55000305175781,99.37000274658203,99.55000305175781,140200
2007-02-23,99.75,100.11000061035156,99.73999786376953,99.83999633789062,170800
2007-02-26,100.08999633789062,100.37000274658203,100.08999633789062,100.26000213623047,450700
2007-02-27,100.47000122070312,101.43000030517578,100.4000015258789,101.1500015258789,275400
2007-02-28,100.91999816894531,101.0,100.12999725341797,100.98999786376953,395900
2007-03-01,100.97000122070312,100.98999786376953,99.72000122070312,100.86000061035156,280800
2007-03-02,101.0,101.19000244140625,100.79000091552734,101.05999755859375,166000
2007-03-05,101.27999877929688,101.29000091552734,100.94999694824219,100.98999786376953,321900
2007-03-06,100.80000305175781,101.0,100.75,100.8499984741211,172100
2007-03-07,101.0,101.08999633789062,100.75,101.0,166800
2007-03-08,100.91000366210938,100.97000122070312,100.72000122070312,100.91000366210938,150600
2007-03-09,100.66000366210938,100.66999816894531,100.33000183105469,100.44999694824219,155400
2007-03-12,100.43000030517578,100.61000061035156,100.41000366210938,100.54000091552734,98600
2007-03-13,100.69999694824219,101.08000183105469,100.66999816894531,100.94000244140625,115900
2007-03-14,100.98999786376953,101.25,100.80999755859375,100.94999694824219,154400
2007-03-15,101.05000305175781,101.05999755859375,100.80999755859375,100.91999816894531,112900
2007-03-16,100.91999816894531,101.16999816894531,100.87999725341797,100.9800033569336,108800
2007-03-19,100.94999694824219,101.0,100.7300033569336,100.97000122070312,130600
2007-03-20,101.18000030517578,101.19999694824219,100.9000015258789,100.98999786376953,116100
2007-03-21,100.83000183105469,101.5,100.7699966430664,101.37000274658203,140400
2007-03-22,101.37999725341797,101.41999816894531,100.95999908447266,101.06999969482422,99500
2007-03-23,101.12999725341797,101.29000091552734,100.9000015258789,101.0,157200
2007-03-26,101.0,101.4800033569336,100.91000366210938,101.36000061035156,200100
2007-03-27,101.26000213623047,101.43000030517578,101.16999816894531,101.33000183105469,190800
2007-03-28,101.51000213623047,101.66000366210938,101.04000091552734,101.19000244140625,176800
2007-03-29,101.12999725341797,101.19999694824219,100.98999786376953,101.05999755859375,96800
2007-03-30,101.12999725341797,101.29000091552734,100.86000061035156,101.04000091552734,139500
2007-04-02,101.18000030517578,101.98999786376953,100.5199966430664,100.70999908447266,168400
2007-04-03,100.62999725341797,100.62999725341797,100.22000122070312,100.2699966430664,181600
2007-04-04,100.44000244140625,100.62000274658203,100.1500015258789,100.58999633789062,129500
2007-04-05,100.66000366210938,100.68000030517578,100.52999877929688,100.56999969482422,79700
2007-04-09,100.33000183105469,100.37999725341797,100.05000305175781,100.12000274658203,128000
2007-04-10,100.25,100.45999908447266,100.2300033569336,100.36000061035156,120700
2007-04-11,100.36000061035156,100.5,100.18000030517578,100.19999694824219,154400
2007-04-12,100.4000015258789,100.47000122070312,99.19000244140625,100.19999694824219,210100
2007-04-13,100.33000183105469,100.68000030517578,99.94000244140625,99.94999694824219,109800
2007-04-16,100.12999725341797,100.29000091552734,99.94000244140625,100.2699966430664,216400
2007-04-17,100.25,100.48999786376953,100.25,100.33000183105469,145700
2007-04-18,100.45999908447266,100.66000366210938,100.41000366210938,100.66000366210938,169600
2007-04-19,100.72000122070312,100.72000122070312,100.44000244140625,100.61000061035156,121500
2007-04-20,100.58999633789062,100.66000366210938,100.37000274658203,100.6500015258789,150300
2007-04-23,100.63999938964844,100.94999694824219,100.52999877929688,100.87999725341797,127000
2007-04-24,100.91000366210938,101.13999938964844,100.87999725341797,101.05000305175781,149100
2007-04-25,101.0,102.25,100.91000366210938,101.05999755859375,226800
2007-04-26,101.05000305175781,101.08000183105469,100.68000030517578,100.77999877929688,188200
2007-04-27,100.9800033569336,101.02999877929688,100.80000305175781,100.80000305175781,144700
2007-04-30,101.0999984741211,101.3499984741211,101.05999755859375,101.33999633789062,422600
2007-05-01,101.06999969482422,101.08999633789062,100.62999725341797,100.94000244140625,178800
2007-05-02,101.06999969482422,101.06999969482422,100.80000305175781,100.93000030517578,283500
2007-05-03,100.83000183105469,100.83000183105469,100.58999633789062,100.68000030517578,110200
2007-05-04,100.8499984741211,100.93000030517578,100.69000244140625,100.7300033569336,115200
2007-05-07,100.68000030517578,100.75,100.4800033569336,100.66000366210938,140200
2007-05-08,100.8499984741211,100.8499984741211,100.63999938964844,100.77999877929688,164100
2007-05-09,100.81999969482422,100.83000183105469,100.43000030517578,100.45999908447266,129800
2007-05-10,100.66000366210938,100.7699966430664,100.54000091552734,100.68000030517578,130500
2007-05-11,100.83000183105469,100.91999816894531,100.48999786376953,100.5,115300
2007-05-14,100.6500015258789,100.68000030517578,100.33999633789062,100.33999633789062,129000
2007-05-15,100.19999694824219,100.2300033569336,99.9000015258789,100.06999969482422,167200
2007-05-16,100.08999633789062,100.1500015258789,99.94999694824219,99.97000122070312,232900
2007-05-17,99.94000244140625,100.0199966430664,99.81999969482422,99.93000030517578,111500
2007-05-18,99.9000015258789,100.0,99.56999969482422,99.66999816894531,116300
2007-05-21,99.62999725341797,99.91999816894531,99.52999877929688,99.91999816894531,139100
2007-05-22,99.83999633789062,99.87999725341797,99.41000366210938,99.52999877929688,195100
2007-05-23,99.55999755859375,99.5999984741211,99.26000213623047,99.5199966430664,233800
2007-05-24,99.62000274658203,99.69999694824219,99.29000091552734,99.63999938964844,247800
2007-05-25,99.63999938964844,99.81999969482422,99.58999633789062,99.77999877929688,194500
2007-05-29,99.66999816894531,99.69000244140625,99.37999725341797,99.4800033569336,249600
2007-05-30,99.70999908447266,99.72000122070312,99.41999816894531,99.56999969482422,137000
2007-05-31,99.7300033569336,99.7300033569336,99.30999755859375,99.62999725341797,181100
2007-06-01,98.98999786376953,99.05000305175781,98.80999755859375,98.8499984741211,207300
2007-06-04,99.0,99.19999694824219,98.9000015258789,99.11000061035156,174500
2007-06-05,98.94999694824219,98.98999786376953,98.6500015258789,98.75,156200
2007-06-06,98.7699966430664,98.9000015258789,98.69000244140625,98.83000183105469,143200
2007-06-07,98.61000061035156,98.62000274658203,97.91999816894531,97.97000122070312,396800
2007-06-08,97.91999816894531,98.2699966430664,97.86000061035156,98.1500015258789,287400
2007-06-11,97.9000015258789,98.13999938964844,97.8499984741211,97.94000244140625,185800
2007-06-12,97.62000274658203,97.69000244140625,97.20999908447266,97.33000183105469,313100
2007-06-13,97.41999816894531,97.8499984741211,97.41999816894531,97.69000244140625,362200
2007-06-14,97.80000305175781,98.0999984741211,97.66999816894531,97.75,235900
2007-06-15,97.7300033569336,98.04000091552734,97.58999633789062,98.04000091552734,262600
2007-06-18,98.01000213623047,98.08999633789062,97.75,97.95999908447266,185900
2007-06-19,98.22000122070312,98.62999725341797,98.1500015258789,98.4800033569336,483200
2007-06-20,98.25,98.29000091552734,97.9800033569336,98.11000061035156,247600
2007-06-21,98.0,98.26000213623047,98.0,98.06999969482422,149500
2007-06-22,97.9800033569336,98.55999755859375,97.9000015258789,98.47000122070312,183200
2007-06-25,98.72000122070312,98.81999969482422,98.5,98.69999694824219,253700
2007-06-26,98.80000305175781,98.80999755859375,98.4000015258789,98.5,173800
2007-06-27,98.7699966430664,98.87000274658203,98.51000213623047,98.55000305175781,112500
2007-06-28,98.68000030517578,98.76000213623047,98.38999938964844,98.38999938964844,162800
2007-06-29,98.8499984741211,99.0999984741211,98.58000183105469,98.97000122070312,147200
2007-07-02,98.56999969482422,98.91000366210938,98.41999816894531,98.83000183105469,239400
2007-07-03,98.87999725341797,98.91000366210938,98.41999816894531,98.43000030517578,176300
2007-07-05,98.29000091552734,98.31999969482422,97.94999694824219,98.0199966430664,149400
2007-07-06,97.87000274658203,97.94000244140625,97.7300033569336,97.80999755859375,103500
2007-07-09,98.04000091552734,98.16000366210938,97.9800033569336,98.12000274658203,126300
2007-07-10,98.68000030517578,98.91999816894531,98.48999786376953,98.9000015258789,166300
2007-07-11,98.80000305175781,98.91999816894531,98.4000015258789,98.47000122070312,100300
2007-07-12,98.58999633789062,98.5999984741211,98.06999969482422,98.13999938964844,221400
2007-07-13,98.41000366210938,98.48999786376953,98.04000091552734,98.29000091552734,143600
2007-07-16,98.38999938964844,98.66000366210938,98.33999633789062,98.58999633789062,100200
2007-07-17,98.47000122070312,98.62000274658203,98.19999694824219,98.51000213623047,152000
2007-07-18,98.6500015258789,99.05000305175781,98.61000061035156,98.88999938964844,150600
2007-07-19,98.69999694824219,99.02999877929688,98.69000244140625,99.01000213623047,121600
2007-07-20,99.16999816894531,99.5,99.0999984741211,99.38999938964844,145600
2007-07-23,99.22000122070312,99.2699966430664,99.0,99.18000030517578,380300
2007-07-24,99.27999877929688,99.62000274658203,99.08000183105469,99.48999786376953,252400
2007-07-25,99.56999969482422,99.81999969482422,99.54000091552734,99.79000091552734,135100
2007-07-26,100.13999938964844,100.55000305175781,100.06999969482422,100.26000213623047,444900
2007-07-27,100.20999908447266,100.56999969482422,100.08000183105469,100.41000366210938,308600
2007-07-30,100.45999908447266,100.58999633789062,100.25,100.30000305175781,260900
2007-07-31,100.30000305175781,100.80999755859375,100.26000213623047,100.80000305175781,327600
2007-08-01,100.26000213623047,100.45999908447266,99.91999816894531,99.94000244140625,261700
2007-08-02,99.88999938964844,100.0999984741211,99.66999816894531,99.98999786376953,122500
2007-08-03,100.1500015258789,100.38999938964844,100.06999969482422,100.30000305175781,161000
2007-08-06,100.20999908447266,100.20999908447266,99.5999984741211,99.63999938964844,238600
2007-08-07,99.87000274658203,100.16000366210938,99.55000305175781,99.6500015258789,130200
2007-08-08,99.56999969482422,99.56999969482422,99.0,99.27999877929688,237600
2007-08-09,99.5999984741211,99.72000122070312,99.30000305175781,99.5999984741211,338600
2007-08-10,99.9000015258789,99.94000244140625,99.36000061035156,99.37999725341797,179900
2007-08-13,99.4000015258789,99.87000274658203,99.4000015258789,99.81999969482422,287700
2007-08-14,99.48999786376953,100.01000213623047,99.48999786376953,99.94000244140625,318800
2007-08-15,100.04000091552734,100.08999633789062,99.66999816894531,99.94000244140625,178600
2007-08-16,100.19000244140625,100.68000030517578,100.0999984741211,100.16000366210938,268900
2007-08-17,100.48999786376953,100.69000244140625,99.94999694824219,100.48999786376953,206300
2007-08-20,100.45999908447266,100.5999984741211,100.30999755859375,100.4800033569336,181700
2007-08-21,100.76000213623047,101.0,100.5999984741211,100.83000183105469,171200
2007-08-22,100.4000015258789,100.77999877929688,100.36000061035156,100.5999984741211,113400
2007-08-23,100.58999633789062,100.9000015258789,100.5,100.6500015258789,117600
2007-08-24,100.8499984741211,100.87999725341797,100.55999755859375,100.77999877929688,109900
2007-08-27,100.83000183105469,100.97000122070312,100.7300033569336,100.9000015258789,98800
2007-08-28,100.81999969482422,101.2300033569336,100.81999969482422,101.19999694824219,139700
2007-08-29,101.0199966430664,101.30000305175781,100.75,100.77999877929688,119100
2007-08-30,101.20999908447266,101.37000274658203,101.0999984741211,101.22000122070312,142900
2007-08-31,101.12999725341797,101.4000015258789,101.08999633789062,101.18000030517578,127700
2007-09-04,100.91999816894531,100.91999816894531,100.55999755859375,100.81999969482422,154200
2007-09-05,101.05999755859375,101.36000061035156,100.95999908447266,101.29000091552734,128300
2007-09-06,101.25,101.33000183105469,101.0,101.06999969482422,90700
2007-09-07,101.45999908447266,102.25,101.45999908447266,102.2300033569336,174200
2007-09-10,102.19999694824219,102.72000122070312,102.19999694824219,102.61000061035156,362700
2007-09-11,102.37999725341797,102.75,102.37999725341797,102.61000061035156,136200
2007-09-12,102.58000183105469,102.61000061035156,102.31999969482422,102.56999969482422,108700
2007-09-13,102.3499984741211,102.36000061035156,101.9000015258789,102.02999877929688,132300
2007-09-14,102.61000061035156,102.61000061035156,101.97000122070312,102.19999694824219,139800
2007-09-17,102.23999786376953,102.5999984741211,102.0999984741211,102.56999969482422,144500
2007-09-18,102.25,102.63999938964844,102.05000305175781,102.63999938964844,225700
2007-09-19,102.19000244140625,102.43000030517578,101.93000030517578,102.3499984741211,313100
2007-09-20,101.91999816894531,101.9800033569336,101.13999938964844,101.19999694824219,154000
2007-09-21,101.47000122070312,101.70999908447266,101.38999938964844,101.5999984741211,158600
2007-09-24,101.44999694824219,101.5999984741211,101.37999725341797,101.44000244140625,201300
2007-09-25,101.52999877929688,101.66000366210938,101.19999694824219,101.25,221100
2007-09-26,101.11000061035156,101.5,101.04000091552734,101.3499984741211,157500
2007-09-27,101.63999938964844,102.05000305175781,101.55000305175781,101.94999694824219,133700
2007-09-28,102.29000091552734,102.37999725341797,101.7699966430664,102.02999877929688,203100
2007-10-01,101.61000061035156,101.83999633789062,101.44000244140625,101.83999633789062,240200
2007-10-02,101.58999633789062,102.04000091552734,101.5199966430664,101.94000244140625,199000
2007-10-03,101.98999786376953,102.12000274658203,101.54000091552734,101.75,139000
2007-10-04,101.66000366210938,101.93000030517578,101.58000183105469,101.9000015258789,123300
2007-10-05,101.33000183105469,101.38999938964844,100.9800033569336,101.30000305175781,230100
2007-10-08,101.66999816894531,101.66999816894531,101.04000091552734,101.4800033569336,127200
2007-10-09,101.19999694824219,101.26000213623047,100.9800033569336,101.12999725341797,141900
2007-10-10,100.88999938964844,101.36000061035156,100.87999725341797,101.19999694824219,224500
2007-10-11,100.81999969482422,101.2300033569336,100.7699966430664,101.02999877929688,135000
2007-10-12,100.9000015258789,101.22000122070312,100.80999755859375,100.9000015258789,139500
2007-10-15,100.83000183105469,101.05000305175781,100.77999877929688,100.9000015258789,163000
2007-10-16,101.0999984741211,101.2699966430664,101.02999877929688,101.19000244140625,156600
2007-10-17,101.4000015258789,102.0,101.33000183105469,101.80000305175781,106600
2007-10-18,101.9800033569336,102.20999908447266,101.88999938964844,102.0999984741211,188300
2007-10-19,102.41999816894531,102.9800033569336,102.36000061035156,102.97000122070312,193600
2007-10-22,102.86000061035156,103.0,102.54000091552734,102.72000122070312,139800
2007-10-23,102.63999938964844,102.80000305175781,102.45999908447266,102.76000213623047,183200
2007-10-24,102.9000015258789,103.41000366210938,102.81999969482422,103.1500015258789,138700
2007-10-25,103.37999725341797,103.63999938964844,103.20999908447266,103.44000244140625,143200
2007-10-26,103.2300033569336,103.62999725341797,103.19999694824219,103.3499984741211,138100
2007-10-29,103.31999969482422,103.80000305175781,103.19999694824219,103.80000305175781,199800
2007-10-30,103.26000213623047,103.37000274658203,103.05999755859375,103.29000091552734,160300
2007-10-31,103.1500015258789,103.69000244140625,102.76000213623047,102.80000305175781,224900
2007-11-01,102.8499984741211,103.51000213623047,102.8499984741211,103.41999816894531,160800
2007-11-02,103.33999633789062,104.23999786376953,103.31999969482422,104.0,177100
2007-11-05,104.12000274658203,104.37999725341797,103.91999816894531,104.05000305175781,124400
2007-11-06,104.08999633789062,104.48999786376953,104.0,104.05999755859375,179900
2007-11-07,104.2699966430664,104.37000274658203,104.05000305175781,104.12000274658203,212500
2007-11-08,104.30000305175781,104.75,104.23999786376953,104.44000244140625,1582500
2007-11-09,104.87000274658203,105.62000274658203,104.70999908447266,105.3499984741211,342700
2007-11-12,105.5,105.69000244140625,105.3499984741211,105.69000244140625,195400
2007-11-13,105.02999877929688,105.05999755859375,104.5999984741211,104.68000030517578,251000
2007-11-14,104.33999633789062,104.69000244140625,104.33999633789062,104.69000244140625,350100
2007-11-15,104.6500015258789,105.2300033569336,104.6500015258789,104.91000366210938,250500
2007-11-16,104.94000244140625,105.37999725341797,104.91999816894531,105.12000274658203,215100
2007-11-19,105.2300033569336,106.13999938964844,105.12000274658203,105.9800033569336,222400
2007-11-20,106.04000091552734,106.25,105.66999816894531,105.87000274658203,342500
2007-11-21,106.30000305175781,106.9000015258789,106.30000305175781,106.76000213623047,250100
2007-11-23,108.0,108.0,106.44000244140625,106.69000244140625,201400
2007-11-26,106.18000030517578,109.0999984741211,106.18000030517578,107.9000015258789,672900
2007-11-27,107.56999969482422,107.56999969482422,106.4800033569336,106.93000030517578,405600
2007-11-28,106.75,106.88999938964844,105.87999725341797,106.12999725341797,220900
2007-11-29,106.66999816894531,107.2699966430664,106.66000366210938,106.77999877929688,168400
2007-11-30,106.1500015258789,106.76000213623047,106.1500015258789,106.69999694824219,384600
2007-12-03,106.69999694824219,106.97000122070312,106.37000274658203,106.62999725341797,144800
2007-12-04,106.81999969482422,106.88999938964844,106.05999755859375,106.44000244140625,243100
2007-12-05,105.94999694824219,106.05000305175781,105.2699966430664,105.30999755859375,283900
2007-12-06,105.43000030517578,105.44999694824219,104.9000015258789,104.98999786376953,527800
2007-12-07,104.88999938964844,104.91999816894531,104.26000213623047,104.44999694824219,335000
2007-12-10,104.44999694824219,104.5,103.98999786376953,104.30999755859375,147900
2007-12-11,104.69999694824219,105.47000122070312,104.45999908447266,105.44999694824219,288800
2007-12-12,104.61000061035156,105.37000274658203,104.3499984741211,105.04000091552734,254300
2007-12-13,104.81999969482422,104.91999816894531,104.36000061035156,104.4000015258789,207800
2007-12-14,104.61000061035156,104.61000061035156,104.19999694824219,104.33000183105469,329200
2007-12-17,104.5199966430664,105.08999633789062,104.5,105.08999633789062,209900
2007-12-18,105.1500015258789,105.4000015258789,104.95999908447266,105.19999694824219,321100
2007-12-19,105.56999969482422,105.9800033569336,105.02999877929688,105.86000061035156,363700
2007-12-20,105.77999877929688,106.11000061035156,105.58999633789062,105.73999786376953,211800
2007-12-21,105.52999877929688,105.58000183105469,105.0,105.0999984741211,271800
2007-12-24,104.72000122070312,104.94000244140625,104.58999633789062,104.77999877929688,97300
2007-12-26,104.63999938964844,104.97000122070312,104.13999938964844,104.31999969482422,192300
2007-12-27,104.37000274658203,104.4800033569336,104.01000213623047,104.4800033569336,369900
2007-12-28,104.87000274658203,105.27999877929688,104.69999694824219,105.11000061035156,314000
2007-12-31,105.45999908447266,105.91999816894531,105.31999969482422,105.80000305175781,303700
2008-01-02,106.0199966430664,106.70999908447266,105.69999694824219,106.63999938964844,379500
2008-01-03,106.44999694824219,107.0,106.2699966430664,107.0,271200
2008-01-04,107.2300033569336,107.2300033569336,106.80999755859375,106.97000122070312,344800
2008-01-07,107.0199966430664,107.0199966430664,106.68000030517578,106.94999694824219,433400
2008-01-08,106.91000366210938,107.1500015258789,106.54000091552734,107.02999877929688,358600
2008-01-09,107.06999969482422,107.3499984741211,106.91000366210938,106.94999694824219,291100
2008-01-10,106.94000244140625,107.02999877929688,106.31999969482422,106.47000122070312,265500
2008-01-11,106.68000030517578,107.3499984741211,106.63999938964844,107.26000213623047,377100
2008-01-14,107.27999877929688,107.72000122070312,107.19999694824219,107.70999908447266,400200
2008-01-15,108.05000305175781,108.26000213623047,107.80000305175781,108.26000213623047,290700
2008-01-16,108.31999969482422,108.31999969482422,107.5,107.62000274658203,443500
2008-01-17,107.66999816894531,108.5,107.56999969482422,108.4000015258789,414500
2008-01-18,108.29000091552734,108.52999877929688,107.5,108.5,508800
2008-01-22,109.33000183105469,109.33999633789062,108.5,109.31999969482422,628900
2008-01-23,110.52999877929688,110.56999969482422,108.80999755859375,109.05999755859375,664200
2008-01-24,108.83999633789062,108.86000061035156,108.13999938964844,108.31999969482422,358200
2008-01-25,108.04000091552734,109.19999694824219,108.0,109.19999694824219,338400
2008-01-28,108.9800033569336,109.30999755859375,108.77999877929688,109.06999969482422,439100
2008-01-29,108.95999908447266,109.08999633789062,108.55999755859375,109.02999877929688,322600
2008-01-30,108.91000366210938,110.0,108.51000213623047,109.05000305175781,550600
2008-01-31,109.66000366210938,109.83999633789062,109.38999938964844,109.58000183105469,729700
2008-02-01,109.41000366210938,109.48999786376953,108.9000015258789,109.08000183105469,384200
2008-02-04,108.52999877929688,108.6500015258789,108.31999969482422,108.44999694824219,544600
2008-02-05,109.08000183105469,109.22000122070312,108.66999816894531,108.97000122070312,1598100
2008-02-06,108.7300033569336,108.91000366210938,108.44000244140625,108.83999633789062,519000
2008-02-07,108.73999786376953,108.80999755859375,107.3499984741211,107.54000091552734,603000
2008-02-08,108.12999725341797,108.68000030517578,108.0199966430664,108.62000274658203,306900
2008-02-11,108.87000274658203,109.16000366210938,108.69000244140625,108.9000015258789,319900
2008-02-12,108.44000244140625,108.75,108.16999816894531,108.69999694824219,380400
2008-02-13,108.33000183105469,108.54000091552734,107.62999725341797,107.70999908447266,610800
2008-02-14,107.43000030517578,107.48999786376953,106.69000244140625,106.98999786376953,414000
2008-02-15,107.47000122070312,107.66999816894531,107.26000213623047,107.52999877929688,281400
2008-02-19,107.30000305175781,107.51000213623047,106.70999908447266,106.91000366210938,505900
2008-02-20,107.04000091552734,107.4000015258789,106.91999816894531,107.2699966430664,972300
2008-02-21,107.72000122070312,108.06999969482422,107.41999816894531,107.94000244140625,554800
2008-02-22,107.91000366210938,108.2300033569336,107.54000091552734,107.63999938964844,883800
2008-02-25,107.62000274658203,107.83000183105469,107.0999984741211,107.0999984741211,420600
2008-02-26,107.54000091552734,107.88999938964844,107.3499984741211,107.80999755859375,603700
2008-02-27,108.19999694824219,108.27999877929688,107.44999694824219,107.98999786376953,570800
2008-02-28,109.12000274658203,109.47000122070312,108.77999877929688,109.41999816894531,525800
2008-02-29,109.9800033569336,110.58000183105469,109.81999969482422,110.56999969482422,720300
2008-03-03,110.19000244140625,110.26000213623047,109.66000366210938,110.01000213623047,1382900
2008-03-04,110.0999984741211,110.4800033569336,109.56999969482422,109.76000213623047,1354000
2008-03-05,110.38999938964844,110.38999938964844,109.43000030517578,109.69000244140625,450600
2008-03-06,110.2300033569336,110.56999969482422,109.95999908447266,110.27999877929688,439000
2008-03-07,111.0999984741211,111.16000366210938,110.08000183105469,110.69000244140625,613800
2008-03-10,111.05999755859375,111.80999755859375,110.91000366210938,111.5199966430664,721400
2008-03-11,111.0,111.05999755859375,110.18000030517578,110.44000244140625,853700
2008-03-12,110.68000030517578,111.55999755859375,110.44000244140625,111.5,648800
2008-03-13,112.11000061035156,112.11000061035156,110.52999877929688,110.77999877929688,888800
2008-03-14,110.79000091552734,111.88999938964844,110.3499984741211,111.02999877929688,664800
2008-03-17,111.01000213623047,111.12000274658203,109.72000122070312,109.83999633789062,788600
2008-03-18,110.05000305175781,110.73999786376953,109.66999816894531,109.72000122070312,661700
2008-03-19,109.33000183105469,110.30999755859375,109.12999725341797,110.18000030517578,723700
2008-03-20,110.02999877929688,110.62999725341797,109.95999908447266,110.41999816894531,485900
2008-03-24,109.69000244140625,109.69000244140625,108.31999969482422,108.47000122070312,804000
2008-03-25,108.47000122070312,108.80000305175781,108.19000244140625,108.29000091552734,375700
2008-03-26,108.5,108.69999694824219,108.19999694824219,108.61000061035156,672500
2008-03-27,108.61000061035156,109.1500015258789,108.55000305175781,108.83000183105469,449500
2008-03-28,109.20999908447266,109.66999816894531,108.91000366210938,109.63999938964844,214000
2008-03-31,109.88999938964844,110.0,109.6500015258789,109.9000015258789,1296400
2008-04-01,108.91999816894531,108.91999816894531,108.0999984741211,108.31999969482422,694200
2008-04-02,108.30000305175781,108.62000274658203,108.13999938964844,108.31999969482422,422800
2008-04-03,108.62000274658203,108.62000274658203,108.08000183105469,108.27999877929688,288300
2008-04-04,108.72000122070312,109.0,108.62999725341797,108.9000015258789,391100
2008-04-07,108.61000061035156,108.72000122070312,108.13999938964844,108.6500015258789,286100
2008-04-08,109.02999877929688,109.04000091552734,108.37000274658203,108.45999908447266,320500
2008-04-09,108.62000274658203,109.33999633789062,108.51000213623047,109.18000030517578,527000
2008-04-10,109.19999694824219,109.41999816894531,108.4800033569336,108.70999908447266,753300
2008-04-11,109.3499984741211,109.62000274658203,109.2300033569336,109.5199966430664,831200
2008-04-14,109.41000366210938,109.58000183105469,109.12000274658203,109.18000030517578,479400
2008-04-15,109.01000213623047,109.2300033569336,108.73999786376953,108.77999877929688,341600
2008-04-16,108.66999816894531,108.79000091552734,107.75,108.11000061035156,575200
2008-04-17,108.12000274658203,108.13999938964844,107.45999908447266,107.66000366210938,429400
2008-04-18,107.01000213623047,107.62999725341797,106.69000244140625,107.55999755859375,650200
2008-04-21,107.3499984741211,107.73999786376953,107.22000122070312,107.5999984741211,578300
2008-04-22,107.5,107.94999694824219,107.4000015258789,107.87000274658203,704900
2008-04-23,107.69999694824219,107.75,107.25,107.54000091552734,347000
2008-04-24,106.87000274658203,106.97000122070312,106.31999969482422,106.56999969482422,443600
2008-04-25,106.44999694824219,106.6500015258789,106.25,106.41999816894531,464500
2008-04-28,106.37999725341797,106.70999908447266,106.25,106.5999984741211,389600
2008-04-29,106.76000213623047,106.95999908447266,106.5199966430664,106.61000061035156,366500
2008-04-30,106.7699966430664,107.12999725341797,106.25,107.11000061035156,353400
2008-05-01,107.11000061035156,107.12999725341797,106.4000015258789,106.58999633789062,733100
2008-05-02,106.25,106.66999816894531,106.13999938964844,106.31999969482422,614700
2008-05-05,106.54000091552734,106.76000213623047,106.19999694824219,106.56999969482422,419800
2008-05-06,106.88999938964844,107.02999877929688,106.3499984741211,106.48999786376953,300100
2008-05-07,106.36000061035156,106.79000091552734,106.16999816894531,106.75,449800
2008-05-08,106.98999786376953,107.54000091552734,106.86000061035156,107.54000091552734,384700
2008-05-09,108.06999969482422,108.0999984741211,107.63999938964844,107.83000183105469,693600
2008-05-12,107.87999725341797,108.19999694824219,107.63999938964844,107.66000366210938,544000
2008-05-13,107.19999694824219,107.26000213623047,106.7699966430664,106.8499984741211,385500
2008-05-14,107.31999969482422,107.38999938964844,106.6500015258789,106.94999694824219,342800
2008-05-15,107.08999633789062,107.72000122070312,107.01000213623047,107.72000122070312,286400
2008-05-16,107.5,108.37999725341797,107.5,107.72000122070312,751400
2008-05-19,107.9800033569336,108.18000030517578,107.58000183105469,108.05999755859375,291800
2008-05-20,108.5199966430664,108.7699966430664,108.33999633789062,108.70999908447266,584000
2008-05-21,108.41999816894531,109.05999755859375,108.36000061035156,108.83000183105469,451600
2008-05-22,108.55000305175781,108.55000305175781,107.69000244140625,108.06999969482422,412800
2008-05-23,108.52999877929688,108.5999984741211,108.23999786376953,108.48999786376953,409000
2008-05-27,108.1500015258789,108.1500015258789,107.55999755859375,107.73999786376953,529000
2008-05-28,107.12999725341797,107.16000366210938,106.61000061035156,106.7699966430664,492200
2008-05-29,106.54000091552734,106.54000091552734,105.86000061035156,106.36000061035156,445800
2008-05-30,106.83000183105469,106.87000274658203,106.5999984741211,106.77999877929688,960100
2008-06-02,106.02999877929688,106.5,105.80000305175781,106.30999755859375,460700
2008-06-03,106.0999984741211,106.68000030517578,105.81999969482422,106.30999755859375,398200
2008-06-04,106.5999984741211,106.5999984741211,105.55999755859375,105.76000213623047,364300
2008-06-05,105.5,105.75,105.30999755859375,105.43000030517578,548700
2008-06-06,106.01000213623047,106.80000305175781,105.83000183105469,106.72000122070312,588500
2008-06-09,106.2699966430664,106.66000366210938,106.0,106.16000366210938,323100
2008-06-10,106.06999969482422,106.18000030517578,105.4000015258789,105.58999633789062,482500
2008-06-11,105.8499984741211,106.2699966430664,105.55000305175781,105.79000091552734,337000
2008-06-12,105.19000244140625,105.23999786376953,104.73999786376953,104.80000305175781,463900
2008-06-13,105.0,105.5,104.66999816894531,104.79000091552734,379700
2008-06-16,105.06999969482422,105.31999969482422,104.7300033569336,105.05000305175781,884600
2008-06-17,105.2699966430664,105.5,105.11000061035156,105.3499984741211,366400
2008-06-18,105.5,105.94000244140625,105.37000274658203,105.91999816894531,387600
2008-06-19,105.5999984741211,105.8499984741211,105.19999694824219,105.26000213623047,265300
2008-06-20,105.88999938964844,106.0,105.47000122070312,105.5999984741211,331800
2008-06-23,105.7300033569336,105.91999816894531,105.44000244140625,105.5999984741211,266900
2008-06-24,105.94999694824219,106.3499984741211,105.79000091552734,106.23999786376953,354000
2008-06-25,106.37999725341797,106.38999938964844,105.62000274658203,106.31999969482422,473500
2008-06-26,106.86000061035156,107.4000015258789,106.58000183105469,107.23999786376953,490700
2008-06-27,107.81999969482422,108.08000183105469,107.44999694824219,107.75,1065100
2008-06-30,107.93000030517578,108.19999694824219,107.6500015258789,107.8499984741211,739400
2008-07-01,107.8499984741211,107.8499984741211,107.02999877929688,107.1500015258789,678000
2008-07-02,107.55999755859375,107.86000061035156,107.23999786376953,107.81999969482422,388200
2008-07-03,107.91000366210938,108.1500015258789,107.5,108.0999984741211,429100
2008-07-07,108.0999984741211,108.48999786376953,107.54000091552734,108.05000305175781,576600
2008-07-08,107.58999633789062,108.04000091552734,107.25,107.97000122070312,633400
2008-07-09,108.18000030517578,108.5999984741211,107.88999938964844,108.5999984741211,726400
2008-07-10,108.45999908447266,108.61000061035156,108.0199966430664,108.58999633789062,363700
2008-07-11,108.9000015258789,108.94000244140625,107.4800033569336,107.61000061035156,467300
2008-07-14,108.06999969482422,108.5,107.73999786376953,108.41000366210938,546100
2008-07-15,108.68000030517578,109.16999816894531,108.30000305175781,108.33999633789062,644900
2008-07-16,108.5199966430664,108.55999755859375,107.7300033569336,107.79000091552734,696100
2008-07-17,107.86000061035156,107.9800033569336,106.9000015258789,107.08999633789062,593700
2008-07-18,107.25,107.37999725341797,106.51000213623047,106.5999984741211,497600
2008-07-21,106.6500015258789,106.69999694824219,106.19999694824219,106.62000274658203,362700
2008-07-22,106.62000274658203,106.68000030517578,105.88999938964844,106.11000061035156,446100
2008-07-23,105.79000091552734,105.88999938964844,105.16000366210938,105.38999938964844,675000
2008-07-24,105.55000305175781,106.23999786376953,105.51000213623047,106.13999938964844,522900
2008-07-25,105.97000122070312,106.02999877929688,105.41000366210938,105.41000366210938,439900
2008-07-28,106.25,106.55000305175781,106.0,106.30999755859375,661100
2008-07-29,106.02999877929688,106.1500015258789,105.5,105.58999633789062,426600
2008-07-30,105.5199966430664,106.2699966430664,105.25,106.02999877929688,448900
2008-07-31,106.58999633789062,106.73999786376953,106.33999633789062,106.47000122070312,590400
2008-08-01,105.4000015258789,106.0,105.20999908447266,105.94999694824219,895900
2008-08-04,105.7699966430664,106.08000183105469,105.5999984741211,105.6500015258789,407200
2008-08-05,105.69000244140625,105.69000244140625,105.0,105.08000183105469,584500
2008-08-06,104.9800033569336,104.9800033569336,104.26000213623047,104.80999755859375,617600
2008-08-07,105.33999633789062,105.9800033569336,105.16999816894531,105.88999938964844,337700
2008-08-08,106.0,106.08999633789062,105.4000015258789,105.75,420900
2008-08-11,105.68000030517578,105.68000030517578,104.5,104.80000305175781,601200
2008-08-12,105.13999938964844,105.5,105.13999938964844,105.29000091552734,401100
2008-08-13,105.58999633789062,105.77999877929688,105.16000366210938,105.27999877929688,365000
2008-08-14,105.9000015258789,106.0,105.66000366210938,105.81999969482422,344300
2008-08-15,106.13999938964844,106.19999694824219,105.94999694824219,106.08000183105469,354700
2008-08-18,106.06999969482422,106.30000305175781,106.02999877929688,106.18000030517578,386800
2008-08-19,106.37999725341797,106.4000015258789,105.9800033569336,106.06999969482422,515800
2008-08-20,106.44000244140625,106.7300033569336,106.33000183105469,106.51000213623047,464600
2008-08-21,107.0,107.0,106.3499984741211,106.69000244140625,421400
2008-08-22,106.6500015258789,106.6500015258789,106.13999938964844,106.27999877929688,485000
2008-08-25,106.94000244140625,106.94000244140625,106.5999984741211,106.68000030517578,345700
2008-08-26,106.62000274658203,106.72000122070312,106.44999694824219,106.72000122070312,497800
2008-08-27,106.5,107.01000213623047,106.3499984741211,107.0,318500
2008-08-28,106.83999633789062,106.83999633789062,106.44999694824219,106.66999816894531,478000
2008-08-29,106.5999984741211,106.72000122070312,106.2300033569336,106.36000061035156,306000
2008-09-02,105.13999938964844,105.48999786376953,104.38999938964844,105.48999786376953,449100
2008-09-03,105.22000122070312,105.36000061035156,105.0199966430664,105.30999755859375,484300
2008-09-04,105.47000122070312,105.51000213623047,105.05000305175781,105.1500015258789,444800
2008-09-05,105.45999908447266,105.61000061035156,104.94999694824219,105.18000030517578,426200
2008-09-08,105.23999786376953,105.58999633789062,104.86000061035156,105.58999633789062,298900
2008-09-09,105.30000305175781,105.81999969482422,105.04000091552734,105.7699966430664,509900
2008-09-10,105.37000274658203,105.83999633789062,105.1500015258789,105.72000122070312,568700
2008-09-11,106.08000183105469,106.22000122070312,105.6500015258789,105.80000305175781,574200
2008-09-12,105.77999877929688,105.9000015258789,104.87000274658203,105.05000305175781,525200
2008-09-15,105.51000213623047,105.86000061035156,105.05999755859375,105.66999816894531,928100
2008-09-16,106.31999969482422,106.58999633789062,104.5,104.62000274658203,851400
2008-09-17,105.29000091552734,105.6500015258789,104.5199966430664,105.0,1120800
2008-09-18,104.8499984741211,104.94000244140625,103.25,103.61000061035156,825400
2008-09-19,103.18000030517578,104.41999816894531,102.25,104.13999938964844,1403200
2008-09-22,105.22000122070312,105.22000122070312,103.6500015258789,104.5,1033000
2008-09-23,104.5,104.5,102.9000015258789,103.43000030517578,815700
2008-09-24,103.79000091552734,104.0,102.80000305175781,102.91999816894531,768800
2008-09-25,103.0,103.26000213623047,102.5,102.87999725341797,706300
2008-09-26,102.9000015258789,103.05000305175781,102.51000213623047,102.66000366210938,484800
2008-09-29,102.87000274658203,104.80999755859375,102.51000213623047,103.06999969482422,621800
2008-09-30,103.4000015258789,103.75,101.2300033569336,101.30000305175781,946900
2008-10-01,101.5,101.93000030517578,100.77999877929688,101.83000183105469,557100
2008-10-02,102.18000030517578,102.18000030517578,101.55000305175781,101.62000274658203,459800
2008-10-03,101.80000305175781,102.16000366210938,101.12999725341797,101.86000061035156,375800
2008-10-06,101.69999694824219,102.5999984741211,101.45999908447266,101.77999877929688,865400
2008-10-07,101.05000305175781,101.29000091552734,100.5,100.91000366210938,820400
2008-10-08,100.23999786376953,100.5,96.19999694824219,97.93000030517578,1954700
2008-10-09,97.63999938964844,97.93000030517578,96.69999694824219,97.33999633789062,967900
2008-10-10,94.98999786376953,95.63999938964844,84.13999938964844,95.37999725341797,1831500
2008-10-13,95.0,95.37999725341797,91.36000061035156,94.0,1030300
2008-10-14,94.98999786376953,96.27999877929688,94.12999725341797,96.1500015258789,796100
2008-10-15,95.9800033569336,96.87000274658203,95.55999755859375,96.4800033569336,613700
2008-10-16,96.43000030517578,96.5999984741211,95.48999786376953,95.86000061035156,594300
2008-10-17,95.41999816894531,95.8499984741211,94.7699966430664,95.47000122070312,591900
2008-10-20,95.98999786376953,97.18000030517578,95.51000213623047,96.77999877929688,700700
2008-10-21,97.6500015258789,97.79000091552734,96.93000030517578,96.93000030517578,696200
2008-10-22,97.1500015258789,98.4000015258789,96.8499984741211,97.6500015258789,1455200
2008-10-23,98.12999725341797,98.12999725341797,96.5999984741211,96.66000366210938,615200
2008-10-24,96.66000366210938,96.83999633789062,94.05000305175781,94.3499984741211,809600
2008-10-27,94.11000061035156,94.33000183105469,93.29000091552734,93.3499984741211,853800
2008-10-28,93.66999816894531,93.75,92.79000091552734,92.79000091552734,748200
2008-10-29,93.69999694824219,94.29000091552734,93.04000091552734,93.4000015258789,987000
2008-10-30,93.73999786376953,94.1500015258789,92.87999725341797,92.87999725341797,1130700
2008-10-31,93.79000091552734,93.79000091552734,92.05000305175781,92.37000274658203,1406600
2008-11-03,92.80999755859375,93.30000305175781,92.37000274658203,93.1500015258789,1223300
2008-11-04,93.75,94.72000122070312,93.19999694824219,94.58999633789062,898200
2008-11-05,94.72000122070312,95.4000015258789,94.5999984741211,95.26000213623047,883900
2008-11-06,94.9000015258789,95.45999908447266,94.72000122070312,94.86000061035156,540400
2008-11-07,94.79000091552734,94.79000091552734,94.25,94.44999694824219,576100
2008-11-10,94.5,95.0199966430664,94.0199966430664,94.77999877929688,523400
2008-11-11,95.19999694824219,95.97000122070312,94.81999969482422,95.0,394300
2008-11-12,95.0,95.73999786376953,94.98999786376953,95.1500015258789,516700
2008-11-13,95.1500015258789,95.19999694824219,94.26000213623047,94.55999755859375,976500
2008-11-14,94.55000305175781,95.5999984741211,94.55000305175781,95.5199966430664,633700
2008-11-17,95.2699966430664,96.08999633789062,95.0,95.61000061035156,601600
2008-11-18,95.16000366210938,95.63999938964844,94.63999938964844,94.63999938964844,521800
2008-11-19,95.0,95.38999938964844,94.25,94.62000274658203,672700
2008-11-20,94.47000122070312,95.2300033569336,93.05000305175781,93.4800033569336,896600
2008-11-21,92.87000274658203,93.08000183105469,91.94999694824219,92.52999877929688,1039500
2008-11-24,92.5,92.52999877929688,90.6500015258789,90.7300033569336,1006000
2008-11-25,91.61000061035156,92.4800033569336,91.25,92.38999938964844,773100
2008-11-26,92.83000183105469,92.94999694824219,92.37999725341797,92.88999938964844,710200
2008-11-28,92.91999816894531,93.5,92.26000213623047,93.18000030517578,353200
2008-12-01,93.73999786376953,95.08000183105469,93.37999725341797,95.05000305175781,605900
2008-12-02,95.29000091552734,96.22000122070312,94.52999877929688,95.88999938964844,771300
2008-12-03,96.1500015258789,97.25,95.5,97.16000366210938,662900
2008-12-04,97.0999984741211,97.93000030517578,96.91000366210938,97.93000030517578,606700
2008-12-05,97.93000030517578,97.98999786376953,96.37000274658203,97.25,721300
2008-12-08,96.97000122070312,97.0999984741211,96.0,96.0,660200
2008-12-09,96.04000091552734,96.77999877929688,95.80999755859375,96.56999969482422,799000
2008-12-10,96.06999969482422,96.44000244140625,95.5,95.94000244140625,562600
2008-12-11,96.6500015258789,97.04000091552734,95.95999908447266,97.0,687100
2008-12-12,96.66000366210938,96.83000183105469,95.58999633789062,96.61000061035156,616100
2008-12-15,96.36000061035156,96.83999633789062,96.0,96.19999694824219,535500
2008-12-16,96.0,99.37000274658203,96.0,99.29000091552734,927300
2008-12-17,99.9800033569336,101.25,99.72000122070312,101.19000244140625,986900
2008-12-18,101.30999755859375,102.19999694824219,101.01000213623047,101.75,772000
2008-12-19,101.62999725341797,101.72000122070312,99.75,100.01000213623047,681400
2008-12-22,100.33999633789062,101.12000274658203,100.33000183105469,100.7300033569336,546500
2008-12-23,100.29000091552734,101.19000244140625,99.8499984741211,100.4800033569336,659000
2008-12-24,100.41000366210938,101.30999755859375,100.37999725341797,100.5,494900
2008-12-26,100.7300033569336,100.98999786376953,100.52999877929688,100.7300033569336,291300
2008-12-29,100.83999633789062,100.9000015258789,100.26000213623047,100.4000015258789,802200
2008-12-30,100.41000366210938,100.66000366210938,98.2300033569336,98.94000244140625,786100
2008-12-31,99.02999877929688,99.4800033569336,98.29000091552734,99.23999786376953,690000
2009-01-02,99.44000244140625,99.44000244140625,97.2300033569336,97.37999725341797,525200
2009-01-05,97.33000183105469,97.77999877929688,96.87000274658203,97.0199966430664,834100
2009-01-06,97.05000305175781,98.22000122070312,96.66000366210938,97.73999786376953,997200
2009-01-07,97.9000015258789,98.18000030517578,97.36000061035156,97.86000061035156,875000
2009-01-08,98.12000274658203,98.68000030517578,98.0,98.63999938964844,564400
2009-01-09,98.62000274658203,99.83000183105469,98.62000274658203,99.51000213623047,556600
2009-01-12,99.5,100.06999969482422,98.51000213623047,100.01000213623047,840100
2009-01-13,100.18000030517578,100.87000274658203,99.94999694824219,99.98999786376953,750300
2009-01-14,100.0199966430664,100.81999969482422,100.0199966430664,100.11000061035156,645400
2009-01-15,100.1500015258789,100.41999816894531,99.83999633789062,100.11000061035156,1478300
2009-01-16,98.7699966430664,99.80000305175781,98.7699966430664,99.69999694824219,653900
2009-01-20,99.0,99.91000366210938,98.66000366210938,99.63999938964844,953000
2009-01-21,99.02999877929688,99.08000183105469,98.05000305175781,98.12000274658203,1017900
2009-01-22,98.12000274658203,98.5,98.0,98.29000091552734,974200
2009-01-23,98.27999877929688,98.6500015258789,97.93000030517578,98.6500015258789,871000
2009-01-26,98.72000122070312,98.72000122070312,97.98999786376953,98.31999969482422,799700
2009-01-27,98.80000305175781,99.6500015258789,98.4000015258789,99.16999816894531,840600
2009-01-28,99.5999984741211,99.80999755859375,98.75,99.2300033569336,956200
2009-01-29,99.5999984741211,99.63999938964844,98.5199966430664,98.73999786376953,1151600
2009-01-30,99.18000030517578,99.37999725341797,98.8499984741211,99.19999694824219,986700
2009-02-02,99.4800033569336,99.73999786376953,98.69999694824219,99.55999755859375,1078100
2009-02-03,99.27999877929688,99.27999877929688,98.83999633789062,99.19999694824219,1570800
2009-02-04,99.11000061035156,99.22000122070312,98.76000213623047,99.0,1455800
2009-02-05,99.29000091552734,99.29000091552734,98.66999816894531,98.88999938964844,1570800
2009-02-06,98.87000274658203,99.47000122070312,98.66000366210938,99.45999908447266,1401200
2009-02-09,99.4800033569336,100.61000061035156,99.30000305175781,100.5,1480500
2009-02-10,100.5,101.0,100.16000366210938,100.95999908447266,1588900
2009-02-11,101.0199966430664,101.02999877929688,100.31999969482422,100.69000244140625,908400
2009-02-12,100.80000305175781,100.80000305175781,99.83999633789062,100.33000183105469,1083200
2009-02-13,100.44999694824219,100.44999694824219,99.61000061035156,99.91000366210938,985800
2009-02-17,100.5199966430664,100.75,100.0999984741211,100.5199966430664,1384700
2009-02-18,100.1500015258789,100.52999877929688,99.7699966430664,99.88999938964844,1140500
2009-02-19,99.94000244140625,100.12999725341797,99.4000015258789,99.61000061035156,1193000
2009-02-20,100.58999633789062,100.68000030517578,99.61000061035156,99.95999908447266,1499800
2009-02-23,99.68000030517578,100.38999938964844,99.4000015258789,99.86000061035156,1151900
2009-02-24,99.9800033569336,100.12999725341797,98.94999694824219,99.0,1089100
2009-02-25,99.13999938964844,99.62999725341797,98.31999969482422,98.41000366210938,1024300
2009-02-26,98.4800033569336,98.4800033569336,97.29000091552734,97.62000274658203,1020500
2009-02-27,97.3499984741211,98.0,97.0199966430664,97.0199966430664,1155100
2009-03-02,97.30999755859375,97.9000015258789,97.30999755859375,97.62999725341797,1033200
2009-03-03,97.66000366210938,98.05000305175781,97.27999877929688,97.41000366210938,1079700
2009-03-04,97.25,97.38999938964844,96.94999694824219,97.22000122070312,726800
2009-03-05,97.48999786376953,98.1500015258789,97.48999786376953,98.12000274658203,904300
2009-03-06,97.86000061035156,98.25,97.29000091552734,97.47000122070312,911500
2009-03-09,97.47000122070312,97.62999725341797,96.97000122070312,97.0999984741211,714800
2009-03-10,97.05000305175781,97.05999755859375,96.3499984741211,96.4800033569336,950200
2009-03-11,96.55000305175781,97.37999725341797,96.22000122070312,96.95999908447266,1077500
2009-03-12,97.48999786376953,98.48999786376953,97.33999633789062,98.43000030517578,734800
2009-03-13,98.44000244140625,98.9000015258789,98.26000213623047,98.4000015258789,930700
2009-03-16,98.0,98.58000183105469,98.0,98.30000305175781,715200
2009-03-17,98.54000091552734,98.95999908447266,98.1500015258789,98.19999694824219,938500
2009-03-18,98.9800033569336,101.9800033569336,98.5199966430664,101.83000183105469,1243100
2009-03-19,103.01000213623047,103.01000213623047,101.88999938964844,102.30000305175781,1321200
2009-03-20,102.62999725341797,102.87000274658203,101.41999816894531,101.79000091552734,1044000
2009-03-23,102.08000183105469,102.26000213623047,101.66999816894531,101.7699966430664,1223800
2009-03-24,101.73999786376953,102.83999633789062,101.62000274658203,102.3499984741211,1234000
2009-03-25,102.3499984741211,102.41999816894531,101.83999633789062,102.19999694824219,1307300
2009-03-26,102.3499984741211,103.4800033569336,102.12000274658203,103.33999633789062,1407100
2009-03-27,103.38999938964844,103.52999877929688,102.83999633789062,103.08000183105469,1374900
2009-03-30,103.48999786376953,103.6500015258789,102.87999725341797,103.2699966430664,1184000
2009-03-31,103.23999786376953,103.29000091552734,102.62000274658203,102.75,1144600
2009-04-01,102.81999969482422,102.8499984741211,102.44999694824219,102.63999938964844,872600
2009-04-02,102.52999877929688,102.6500015258789,101.79000091552734,102.01000213623047,1060200
2009-04-03,101.91000366210938,101.94000244140625,101.0199966430664,101.33999633789062,974700
2009-04-06,101.61000061035156,101.61000061035156,101.0,101.26000213623047,962700
2009-04-07,101.37000274658203,101.37000274658203,100.87999725341797,101.12000274658203,1054200
2009-04-08,101.1500015258789,101.62000274658203,101.13999938964844,101.62000274658203,861700
2009-04-09,101.30000305175781,101.43000030517578,100.91999816894531,101.30999755859375,1614000
2009-04-13,101.48999786376953,101.7699966430664,101.41999816894531,101.7699966430664,950000
2009-04-14,101.77999877929688,101.8499984741211,101.61000061035156,101.81999969482422,885800
2009-04-15,101.69999694824219,102.04000091552734,101.4000015258789,101.87999725341797,872800
2009-04-16,101.76000213623047,102.16000366210938,101.33000183105469,101.5,996800
2009-04-17,101.2699966430664,102.8499984741211,100.44999694824219,100.5,1072600
2009-04-20,101.06999969482422,101.06999969482422,100.5,100.58999633789062,936400
2009-04-21,100.9800033569336,101.08000183105469,100.22000122070312,100.25,1267700
2009-04-22,100.54000091552734,100.63999938964844,100.05999755859375,100.5,1271100
2009-04-23,100.5,101.2300033569336,100.26000213623047,101.02999877929688,1006700
2009-04-24,100.88999938964844,101.33999633789062,100.88999938964844,101.25,613000
2009-04-27,101.31999969482422,101.66999816894531,100.97000122070312,101.3499984741211,974900
2009-04-28,101.69999694824219,101.80000305175781,101.01000213623047,101.3499984741211,919700
2009-04-29,101.58999633789062,101.73999786376953,100.81999969482422,100.93000030517578,1113100
2009-04-30,100.5999984741211,101.27999877929688,100.0,100.44000244140625,1489200
2009-05-01,99.4800033569336,99.48999786376953,98.63999938964844,98.8499984741211,1985300
2009-05-04,98.9000015258789,99.43000030517578,98.9000015258789,99.02999877929688,1559700
2009-05-05,99.38999938964844,99.4000015258789,98.9000015258789,99.05999755859375,1440000
2009-05-06,99.18000030517578,99.87999725341797,99.0,99.45999908447266,993600
2009-05-07,99.5,99.94000244140625,99.45999908447266,99.55999755859375,1137200
2009-05-08,99.68000030517578,99.83999633789062,99.44999694824219,99.5999984741211,1395900
2009-05-11,99.9000015258789,100.2699966430664,99.70999908447266,100.0999984741211,978400
2009-05-12,100.2300033569336,100.56999969482422,100.05999755859375,100.41000366210938,1013900
2009-05-13,100.73999786376953,100.80000305175781,100.38999938964844,100.38999938964844,1209400
2009-05-14,100.5,100.94999694824219,100.4800033569336,100.94999694824219,1748100
2009-05-15,100.94999694824219,101.2300033569336,100.55000305175781,101.16000366210938,1109800
2009-05-18,101.41999816894531,101.4800033569336,100.91000366210938,101.12999725341797,803300
2009-05-19,101.12000274658203,101.41999816894531,100.97000122070312,101.33000183105469,1149400
2009-05-20,101.19000244140625,102.06999969482422,101.19000244140625,101.87000274658203,1362600
2009-05-21,101.98999786376953,102.08999633789062,100.69000244140625,100.87000274658203,1567000
2009-05-22,100.91999816894531,101.2699966430664,100.66000366210938,101.05000305175781,898700
2009-05-26,100.98999786376953,101.26000213623047,100.62000274658203,100.62000274658203,924700
2009-05-27,101.04000091552734,101.12999725341797,100.18000030517578,100.38999938964844,1646500
2009-05-28,100.9000015258789,100.98999786376953,99.62000274658203,100.5,1202500
2009-05-29,100.54000091552734,101.87999725341797,100.47000122070312,101.80999755859375,1078300
2009-06-01,100.94999694824219,101.12999725341797,100.41000366210938,100.62999725341797,1303300
2009-06-02,101.05999755859375,101.48999786376953,100.69000244140625,101.3499984741211,1682200
2009-06-03,101.54000091552734,101.7300033569336,101.04000091552734,101.30999755859375,1597400
2009-06-04,100.94999694824219,101.0199966430664,100.1500015258789,100.29000091552734,1770100
2009-06-05,99.94000244140625,100.3499984741211,99.7699966430664,99.9000015258789,1536700
2009-06-08,100.16999816894531,100.16999816894531,99.30999755859375,99.51000213623047,1289900
2009-06-09,99.87000274658203,100.30000305175781,99.69000244140625,100.18000030517578,1370300
2009-06-10,100.1500015258789,100.44999694824219,99.80999755859375,100.2300033569336,1315000
2009-06-11,100.11000061035156,100.7699966430664,99.88999938964844,100.41999816894531,1684700
2009-06-12,100.44000244140625,100.7699966430664,100.12999725341797,100.2300033569336,1460800
2009-06-15,100.54000091552734,100.69000244140625,100.05000305175781,100.12000274658203,1018000
2009-06-16,100.26000213623047,100.55000305175781,100.02999877929688,100.44999694824219,1098000
2009-06-17,100.22000122070312,100.5,99.73999786376953,99.79000091552734,1211300
2009-06-18,99.6500015258789,99.69000244140625,99.33999633789062,99.54000091552734,1330700
2009-06-19,99.55000305175781,100.30000305175781,99.45999908447266,100.16999816894531,900000
2009-06-22,100.29000091552734,100.45999908447266,99.91000366210938,100.33999633789062,1060100
2009-06-23,100.5,100.98999786376953,100.4000015258789,100.83000183105469,1135900
2009-06-24,100.73999786376953,101.11000061035156,100.20999908447266,100.30999755859375,1158000
2009-06-25,100.5999984741211,101.25,100.38999938964844,100.88999938964844,1183800
2009-06-26,100.94999694824219,100.9800033569336,100.6500015258789,100.88999938964844,752600
2009-06-29,100.91999816894531,101.2300033569336,100.75,100.95999908447266,921800
2009-06-30,101.12000274658203,101.75,100.9000015258789,101.63999938964844,1010200
2009-07-01,100.98999786376953,101.27999877929688,100.80000305175781,101.04000091552734,929800
2009-07-02,100.9000015258789,101.2300033569336,100.68000030517578,100.79000091552734,711000
2009-07-06,100.3499984741211,100.6500015258789,100.19999694824219,100.55000305175781,613700
2009-07-07,100.45999908447266,100.86000061035156,100.41999816894531,100.70999908447266,801500
2009-07-08,100.91999816894531,101.2300033569336,100.66000366210938,101.06999969482422,752500
2009-07-09,100.5999984741211,100.75,99.86000061035156,100.25,956600
2009-07-10,100.5999984741211,100.8499984741211,100.26000213623047,100.6500015258789,527000
2009-07-13,100.77999877929688,100.77999877929688,100.16000366210938,100.23999786376953,580300
2009-07-14,100.23999786376953,100.47000122070312,100.0,100.16000366210938,974100
2009-07-15,100.16999816894531,100.38999938964844,99.87000274658203,99.88999938964844,1032100
2009-07-16,100.3499984741211,100.69999694824219,100.29000091552734,100.51000213623047,785800
2009-07-17,100.22000122070312,100.62000274658203,100.16000366210938,100.47000122070312,1232700
2009-07-20,100.38999938964844,101.25,100.38999938964844,101.05000305175781,862100
2009-07-21,100.81999969482422,101.48999786376953,100.66000366210938,101.27999877929688,916800
2009-07-22,101.12000274658203,101.16000366210938,100.70999908447266,101.01000213623047,760800
2009-07-23,101.08999633789062,101.0999984741211,100.3499984741211,100.5199966430664,1258100
2009-07-24,100.58999633789062,100.66000366210938,100.37000274658203,100.56999969482422,745700
2009-07-27,100.19999694824219,100.44999694824219,100.02999877929688,100.37999725341797,839300
2009-07-28,100.44000244140625,100.7699966430664,100.02999877929688,100.29000091552734,1205900
2009-07-29,100.45999908447266,100.69999694824219,99.9800033569336,100.23999786376953,1336200
2009-07-30,100.33000183105469,100.87999725341797,100.19000244140625,100.80999755859375,1017200
2009-07-31,101.2300033569336,101.5,101.0,101.33999633789062,1045700
2009-08-03,100.45999908447266,100.55000305175781,100.02999877929688,100.38999938964844,1255700
2009-08-04,100.58999633789062,100.62999725341797,99.77999877929688,100.02999877929688,1591300
2009-08-05,100.08000183105469,100.80000305175781,99.97000122070312,100.11000061035156,1334000
2009-08-06,100.1500015258789,100.27999877929688,99.8499984741211,99.94999694824219,1374900
2009-08-07,99.75,100.12000274658203,99.62000274658203,100.08000183105469,1368300
2009-08-10,100.25,100.6500015258789,100.02999877929688,100.2699966430664,929600
2009-08-11,100.73999786376953,100.79000091552734,100.3499984741211,100.70999908447266,957200
2009-08-12,100.8499984741211,100.8499984741211,100.0,100.31999969482422,1126600
2009-08-13,100.44000244140625,100.80000305175781,100.18000030517578,100.6500015258789,1304500
2009-08-14,100.80999755859375,101.0999984741211,100.38999938964844,100.54000091552734,923000
2009-08-17,100.93000030517578,101.0,100.6500015258789,100.9000015258789,1345900
2009-08-18,100.87000274658203,101.25,100.77999877929688,101.12000274658203,2119900
2009-08-19,101.33000183105469,101.73999786376953,101.25,101.62999725341797,790300
2009-08-20,101.86000061035156,102.3499984741211,101.5999984741211,102.23999786376953,910200
2009-08-21,102.4000015258789,102.47000122070312,101.66000366210938,101.83000183105469,1386900
2009-08-24,101.6500015258789,102.2699966430664,101.52999877929688,102.19000244140625,1118400
2009-08-25,102.0,102.05000305175781,101.51000213623047,101.88999938964844,1152100
2009-08-26,102.0,102.19000244140625,101.80000305175781,102.18000030517578,908700
2009-08-27,102.08999633789062,102.4000015258789,101.70999908447266,101.80999755859375,1320700
2009-08-28,101.7300033569336,102.1500015258789,101.5999984741211,101.8499984741211,945800
2009-08-31,101.8499984741211,102.0199966430664,101.56999969482422,101.76000213623047,909500
2009-09-01,100.77999877929688,101.16000366210938,100.5,100.9800033569336,1290100
2009-09-02,101.0199966430664,101.25,100.80000305175781,101.13999938964844,814500
2009-09-03,101.12999725341797,101.56999969482422,100.94999694824219,101.2699966430664,941000
2009-09-04,101.5,101.66000366210938,101.12000274658203,101.25,757900
2009-09-08,101.83999633789062,102.0,101.43000030517578,101.45999908447266,969100
2009-09-09,101.56999969482422,101.83000183105469,101.36000061035156,101.77999877929688,1411800
2009-09-10,102.0,102.25,101.79000091552734,102.0199966430664,1169600
2009-09-11,102.38999938964844,102.62000274658203,102.04000091552734,102.25,1205100
2009-09-14,102.26000213623047,102.44999694824219,102.0,102.0199966430664,1072400
2009-09-15,102.0,102.19999694824219,101.87999725341797,102.08000183105469,1452300
2009-09-16,102.26000213623047,102.30000305175781,101.69999694824219,102.27999877929688,1647100
2009-09-17,102.2300033569336,102.45999908447266,101.91000366210938,102.41000366210938,1506000
2009-09-18,102.11000061035156,102.2699966430664,101.80999755859375,101.94000244140625,1840900
2009-09-21,101.98999786376953,102.22000122070312,101.58999633789062,101.83000183105469,1865100
2009-09-22,101.9000015258789,102.19000244140625,101.83999633789062,102.06999969482422,1734900
2009-09-23,101.9800033569336,102.29000091552734,101.69999694824219,102.29000091552734,1619800
2009-09-24,102.38999938964844,102.4000015258789,102.08999633789062,102.19000244140625,978800
2009-09-25,102.20999908447266,102.44999694824219,101.9800033569336,102.33999633789062,1050000
2009-09-28,102.51000213623047,102.6500015258789,102.16999816894531,102.55000305175781,996100
2009-09-29,102.36000061035156,102.68000030517578,102.26000213623047,102.51000213623047,1298000
2009-09-30,102.52999877929688,102.94999694824219,102.47000122070312,102.87999725341797,1653000
2009-10-01,103.05999755859375,103.23999786376953,102.8499984741211,103.12000274658203,1462700
2009-10-02,103.37000274658203,103.73999786376953,102.87999725341797,102.91999816894531,1332100
2009-10-05,103.16999816894531,103.16999816894531,102.73999786376953,102.9800033569336,876200
2009-10-06,103.05999755859375,103.0999984741211,102.75,102.97000122070312,1047800
2009-10-07,103.19999694824219,103.5,103.0999984741211,103.41999816894531,1503300
2009-10-08,103.56999969482422,103.62999725341797,103.02999877929688,103.31999969482422,1296400
2009-10-09,103.08999633789062,103.19000244140625,102.5199966430664,102.79000091552734,1079600
2009-10-12,102.83000183105469,103.1500015258789,102.52999877929688,103.04000091552734,765500
2009-10-13,103.30000305175781,103.62999725341797,103.20999908447266,103.62000274658203,911700
2009-10-14,103.27999877929688,103.5,103.02999877929688,103.16999816894531,1227400
2009-10-15,103.08999633789062,103.4000015258789,102.91000366210938,103.25,1477400
2009-10-16,103.44999694824219,103.61000061035156,103.26000213623047,103.58000183105469,1075900
2009-10-19,103.63999938964844,104.23999786376953,103.4800033569336,104.23999786376953,1447000
2009-10-20,104.79000091552734,104.79000091552734,104.2300033569336,104.33000183105469,1179500
2009-10-21,104.02999877929688,104.04000091552734,103.63999938964844,103.91999816894531,1099100
2009-10-22,103.44000244140625,103.47000122070312,103.18000030517578,103.41000366210938,1172400
2009-10-23,103.23999786376953,103.44000244140625,103.08999633789062,103.19000244140625,1089000
2009-10-26,102.91999816894531,103.05999755859375,102.55999755859375,102.72000122070312,1354000
2009-10-27,102.88999938964844,103.56999969482422,102.87999725341797,103.54000091552734,1041600
2009-10-28,103.6500015258789,103.83000183105469,103.44999694824219,103.62000274658203,1270200
2009-10-29,103.41000366210938,103.62999725341797,103.0,103.62999725341797,1153600
2009-10-30,103.88999938964844,104.19999694824219,103.66999816894531,104.01000213623047,1792800
2009-11-02,103.83999633789062,104.02999877929688,103.5,103.87000274658203,1208300
2009-11-03,103.95999908447266,103.97000122070312,103.44999694824219,103.66000366210938,1119300
2009-11-04,103.56999969482422,103.94999694824219,103.52999877929688,103.86000061035156,1245400
2009-11-05,103.91000366210938,104.16999816894531,103.88999938964844,104.05999755859375,1058400
2009-11-06,104.23999786376953,104.3499984741211,103.83000183105469,104.31999969482422,907900
2009-11-09,104.72000122070312,104.91999816894531,104.62000274658203,104.86000061035156,1028600
2009-11-10,105.0,105.12000274658203,104.45999908447266,104.68000030517578,1110200
2009-11-11,104.80999755859375,105.23999786376953,104.69999694824219,105.05999755859375,743800
2009-11-12,104.61000061035156,104.69000244140625,103.87000274658203,104.56999969482422,1259500
2009-11-13,104.6500015258789,104.72000122070312,104.02999877929688,104.61000061035156,1063700
2009-11-16,104.94999694824219,105.55999755859375,104.86000061035156,105.4000015258789,1094000
2009-11-17,105.26000213623047,105.69000244140625,105.12000274658203,105.68000030517578,1156200
2009-11-18,105.91000366210938,106.0199966430664,105.5,105.6500015258789,979600
2009-11-19,105.69999694824219,105.94999694824219,105.58000183105469,105.66000366210938,991300
2009-11-20,105.72000122070312,105.79000091552734,105.44000244140625,105.66000366210938,806900
2009-11-23,105.54000091552734,105.83000183105469,105.43000030517578,105.75,1125200
2009-11-24,105.8499984741211,105.97000122070312,105.69000244140625,105.86000061035156,1084600
2009-11-25,105.88999938964844,106.31999969482422,105.76000213623047,106.27999877929688,920900
2009-11-27,106.4000015258789,106.54000091552734,106.12999725341797,106.51000213623047,496300
2009-11-30,106.37000274658203,106.58000183105469,106.0,106.56999969482422,1039100
2009-12-01,106.38999938964844,106.44000244140625,106.12999725341797,106.18000030517578,1181200
2009-12-02,106.16999816894531,106.37999725341797,106.0,106.06999969482422,1120400
2009-12-03,105.7699966430664,105.81999969482422,105.56999969482422,105.72000122070312,1193300
2009-12-04,105.22000122070312,105.25,104.75,104.86000061035156,1255700
2009-12-07,104.87999725341797,105.05000305175781,104.80000305175781,105.02999877929688,835000
2009-12-08,105.22000122070312,105.33999633789062,104.87000274658203,104.9800033569336,897400
2009-12-09,104.95999908447266,105.05000305175781,104.33000183105469,104.5199966430664,1464300
2009-12-10,104.31999969482422,104.36000061035156,103.79000091552734,104.18000030517578,1309600
2009-12-11,104.19000244140625,104.29000091552734,103.80000305175781,104.22000122070312,884300
2009-12-14,104.41999816894531,104.62000274658203,104.33999633789062,104.58000183105469,831200
2009-12-15,104.5199966430664,104.73999786376953,104.44000244140625,104.56999969482422,1263500
2009-12-16,104.73999786376953,105.06999969482422,104.61000061035156,104.75,1486900
2009-12-17,105.04000091552734,105.31999969482422,104.94999694824219,105.19999694824219,998000
2009-12-18,105.11000061035156,105.30999755859375,104.87000274658203,105.04000091552734,1029700
2009-12-21,104.80999755859375,104.86000061035156,104.43000030517578,104.55000305175781,1060800
2009-12-22,104.48999786376953,104.54000091552734,104.0,104.20999908447266,1861200
2009-12-23,104.37999725341797,104.43000030517578,104.01000213623047,104.05999755859375,1245700
2009-12-24,104.01000213623047,104.05999755859375,103.77999877929688,103.77999877929688,515400
2009-12-28,103.69999694824219,103.9000015258789,103.5999984741211,103.75,1300000
2009-12-29,103.68000030517578,103.9000015258789,103.5999984741211,103.83000183105469,1020100
2009-12-30,103.93000030517578,104.05999755859375,103.77999877929688,103.98999786376953,1220500
2009-12-31,103.75,103.94000244140625,103.33000183105469,103.9000015258789,812600
2010-01-04,103.98999786376953,104.19999694824219,103.77999877929688,104.16999816894531,3583200
2010-01-05,104.37000274658203,104.5999984741211,104.29000091552734,104.51000213623047,1738200
2010-01-06,104.54000091552734,104.54000091552734,104.05000305175781,104.23999786376953,1233900
2010-01-07,104.2699966430664,104.55999755859375,104.25,104.4000015258789,982100
2010-01-08,104.80999755859375,104.81999969482422,104.4000015258789,104.62000274658203,866700
2010-01-11,104.62000274658203,104.7699966430664,104.33999633789062,104.38999938964844,1076700
2010-01-12,104.77999877929688,105.05999755859375,104.76000213623047,104.87000274658203,1073000
2010-01-13,104.66999816894531,104.80999755859375,104.30000305175781,104.4000015258789,1187500
2010-01-14,104.62999725341797,104.87000274658203,104.5199966430664,104.66999816894531,1495900
2010-01-15,105.0199966430664,105.16000366210938,104.9000015258789,105.01000213623047,1254600
2010-01-19,104.91999816894531,105.0,104.7699966430664,104.93000030517578,1649700
2010-01-20,105.1500015258789,105.29000091552734,104.95999908447266,105.08999633789062,1020500
2010-01-21,105.04000091552734,105.4000015258789,104.98999786376953,105.29000091552734,1013000
2010-01-22,105.12000274658203,105.22000122070312,104.87000274658203,105.19000244140625,828000
2010-01-25,105.02999877929688,105.19000244140625,104.91999816894531,104.91999816894531,1131500
2010-01-26,105.22000122070312,105.23999786376953,104.94000244140625,105.23999786376953,1100400
2010-01-27,105.37000274658203,105.47000122070312,104.87999725341797,104.95999908447266,1118900
2010-01-28,104.73999786376953,105.16999816894531,104.73999786376953,105.0999984741211,894200
2010-01-29,105.06999969482422,105.5,104.98999786376953,105.48999786376953,1402400
2010-02-01,105.16000366210938,105.30999755859375,104.9000015258789,105.23999786376953,1088100
2010-02-02,105.3499984741211,105.47000122070312,105.2699966430664,105.43000030517578,1267600
2010-02-03,105.18000030517578,105.20999908447266,104.98999786376953,105.0,1286900
2010-02-04,105.11000061035156,105.3499984741211,105.05000305175781,105.27999877929688,1045500
2010-02-05,105.26000213623047,105.4000015258789,104.94000244140625,105.08999633789062,1490100
2010-02-08,104.94999694824219,105.08999633789062,104.83999633789062,104.93000030517578,920700
2010-02-09,104.81999969482422,105.01000213623047,104.55000305175781,104.56999969482422,1331400
2010-02-10,104.73999786376953,104.80000305175781,104.04000091552734,104.26000213623047,1369100
2010-02-11,104.22000122070312,104.23999786376953,103.8499984741211,104.01000213623047,1004600
2010-02-12,104.2300033569336,104.27999877929688,104.01000213623047,104.01000213623047,1036600
2010-02-16,103.9000015258789,104.41000366210938,103.87000274658203,104.30999755859375,1029800
2010-02-17,104.18000030517578,104.47000122070312,103.9000015258789,104.11000061035156,1021700
2010-02-18,104.19999694824219,104.22000122070312,103.75,104.0199966430664,1079000
2010-02-19,103.63999938964844,103.86000061035156,103.41000366210938,103.83999633789062,1450000
2010-02-22,103.77999877929688,103.81999969482422,103.48999786376953,103.58000183105469,1573700
2010-02-23,103.6500015258789,104.0,103.62999725341797,103.9000015258789,2013600
2010-02-24,103.97000122070312,104.08999633789062,103.55000305175781,103.69999694824219,1188600
2010-02-25,103.91000366210938,103.91999816894531,103.54000091552734,103.69999694824219,1360100
2010-02-26,103.7300033569336,104.04000091552734,103.7300033569336,103.91000366210938,956900
2010-03-01,103.98999786376953,104.0199966430664,103.81999969482422,103.91999816894531,820400
2010-03-02,103.83000183105469,104.05999755859375,103.76000213623047,104.0,1154700
2010-03-03,103.93000030517578,104.08999633789062,103.7699966430664,103.95999908447266,965700
2010-03-04,103.9800033569336,104.2699966430664,103.91999816894531,104.06999969482422,1317500
2010-03-05,104.0,104.04000091552734,103.6500015258789,103.83999633789062,1359600
2010-03-08,103.79000091552734,103.83000183105469,103.70999908447266,103.75,1150900
2010-03-09,104.0,104.0,103.73999786376953,103.93000030517578,895500
2010-03-10,103.79000091552734,103.9000015258789,103.69999694824219,103.81999969482422,845900
2010-03-11,103.80000305175781,103.97000122070312,103.68000030517578,103.94000244140625,950600
2010-03-12,104.0199966430664,104.33000183105469,103.94999694824219,104.20999908447266,908400
2010-03-15,104.20999908447266,104.26000213623047,104.0,104.19000244140625,790000
2010-03-16,104.25,104.63999938964844,104.22000122070312,104.58000183105469,834100
2010-03-17,104.56999969482422,104.83000183105469,104.52999877929688,104.80000305175781,776100
2010-03-18,104.58999633789062,104.72000122070312,104.37999725341797,104.37999725341797,809700
2010-03-19,104.18000030517578,104.55999755859375,104.18000030517578,104.18000030517578,765400
2010-03-22,104.33000183105469,104.43000030517578,104.31999969482422,104.41999816894531,758200
2010-03-23,104.36000061035156,104.48999786376953,104.27999877929688,104.33999633789062,979300
2010-03-24,103.80999755859375,103.91999816894531,103.2300033569336,103.5,2156500
2010-03-25,103.41000366210938,103.55000305175781,103.06999969482422,103.36000061035156,1128300
2010-03-26,103.29000091552734,103.62999725341797,103.29000091552734,103.48999786376953,1088000
2010-03-29,103.4800033569336,103.55000305175781,103.16000366210938,103.36000061035156,848000
2010-03-30,103.20999908447266,103.44999694824219,103.11000061035156,103.44999694824219,613900
2010-03-31,103.52999877929688,103.91000366210938,103.38999938964844,103.9000015258789,1926900
2010-04-01,103.30000305175781,103.44000244140625,103.12999725341797,103.44000244140625,1129100
2010-04-05,102.80999755859375,102.9000015258789,102.29000091552734,102.70999908447266,1868700
2010-04-06,103.0,103.12999725341797,102.9000015258789,103.12000274658203,1041600
2010-04-07,103.16000366210938,103.94000244140625,103.12000274658203,103.8499984741211,1380900
2010-04-08,103.95999908447266,104.04000091552734,103.68000030517578,103.75,1672700
2010-04-09,103.69999694824219,103.94000244140625,103.55000305175781,103.86000061035156,679600
2010-04-12,104.0199966430664,104.20999908447266,103.95999908447266,104.1500015258789,852400
2010-04-13,104.37999725341797,104.38999938964844,104.06999969482422,104.23999786376953,674600
2010-04-14,104.2300033569336,104.27999877929688,103.9800033569336,104.11000061035156,645600
2010-04-15,104.0199966430664,104.48999786376953,104.0199966430664,104.41000366210938,946100
2010-04-16,104.56999969482422,104.83000183105469,104.38999938964844,104.6500015258789,1131600
2010-04-19,104.62000274658203,104.66999816894531,104.36000061035156,104.4000015258789,784800
2010-04-20,104.38999938964844,104.6500015258789,104.33999633789062,104.6500015258789,669900
2010-04-21,104.7699966430664,105.0,104.69999694824219,104.97000122070312,845300
2010-04-22,105.06999969482422,105.0999984741211,104.58999633789062,104.66999816894531,1003700
2010-04-23,104.56999969482422,104.75,104.44000244140625,104.68000030517578,907400
2010-04-26,104.91999816894531,105.0,104.5999984741211,104.7699966430664,1125000
2010-04-27,105.08999633789062,105.5999984741211,104.97000122070312,105.37999725341797,1136300
2010-04-28,105.16000366210938,105.29000091552734,104.94999694824219,105.16999816894531,900300
2010-04-29,105.37000274658203,105.80999755859375,105.33999633789062,105.72000122070312,829100
2010-04-30,105.87000274658203,106.1500015258789,105.75,106.05999755859375,1329500
2010-05-03,105.77999877929688,105.77999877929688,105.61000061035156,105.70999908447266,801400
2010-05-04,106.0199966430664,106.0999984741211,105.80999755859375,105.87000274658203,2792800
2010-05-05,105.91000366210938,106.25,105.69999694824219,105.91999816894531,1439000
2010-05-06,106.11000061035156,107.66000366210938,105.87000274658203,106.4000015258789,1636600
2010-05-07,106.19000244140625,106.9000015258789,105.88999938964844,106.16999816894531,1719000
2010-05-10,105.4800033569336,106.04000091552734,105.44999694824219,105.87000274658203,888000
2010-05-11,106.11000061035156,106.19000244140625,105.81999969482422,106.06999969482422,773200
2010-05-12,105.97000122070312,106.23999786376953,105.9000015258789,106.19999694824219,993500
2010-05-13,106.4800033569336,106.5999984741211,105.9800033569336,106.29000091552734,992100
2010-05-14,106.48999786376953,106.87999725341797,106.43000030517578,106.5999984741211,1044200
2010-05-17,106.58000183105469,106.80000305175781,106.16999816894531,106.2300033569336,1030400
2010-05-18,106.41999816894531,106.94000244140625,106.27999877929688,106.77999877929688,815900
2010-05-19,106.63999938964844,106.94000244140625,105.97000122070312,106.0999984741211,1757600
2010-05-20,105.51000213623047,106.11000061035156,105.0999984741211,106.08999633789062,2042400
2010-05-21,106.06999969482422,106.22000122070312,105.5199966430664,106.16000366210938,1557900
2010-05-24,106.1500015258789,106.30999755859375,105.93000030517578,106.05000305175781,730500
2010-05-25,106.0,106.1500015258789,105.62000274658203,105.69999694824219,928100
2010-05-26,105.76000213623047,105.94000244140625,105.54000091552734,105.9000015258789,1010500
2010-05-27,105.61000061035156,105.80000305175781,105.37000274658203,105.51000213623047,759600
2010-05-28,105.87999725341797,106.1500015258789,105.62999725341797,106.0999984741211,548100
2010-06-01,105.7699966430664,105.7699966430664,105.19999694824219,105.36000061035156,1168900
2010-06-02,105.4800033569336,105.58999633789062,105.12000274658203,105.25,544700
2010-06-03,105.23999786376953,105.54000091552734,105.0999984741211,105.30000305175781,625000
2010-06-04,105.80999755859375,106.0,105.5999984741211,105.97000122070312,2220100
2010-06-07,105.83999633789062,106.12000274658203,105.70999908447266,106.05999755859375,627000
2010-06-08,105.83000183105469,106.0,105.70999908447266,105.79000091552734,818400
2010-06-09,105.51000213623047,105.9000015258789,105.51000213623047,105.9000015258789,626800
2010-06-10,105.5,105.62999725341797,105.06999969482422,105.12000274658203,1092400
2010-06-11,105.41000366210938,105.75,105.2699966430664,105.7300033569336,592700
2010-06-14,105.33999633789062,105.7300033569336,105.1500015258789,105.7300033569336,719000
2010-06-15,105.7300033569336,105.81999969482422,105.41000366210938,105.58999633789062,637600
2010-06-16,105.75,105.91999816894531,105.6500015258789,105.91999816894531,715200
2010-06-17,106.01000213623047,106.5,105.98999786376953,106.43000030517578,754900
2010-06-18,106.37000274658203,106.37999725341797,106.16999816894531,106.25,551000
2010-06-21,105.81999969482422,106.37000274658203,105.75,106.30999755859375,816200
2010-06-22,106.3499984741211,106.72000122070312,106.22000122070312,106.55999755859375,583600
2010-06-23,106.55999755859375,106.7300033569336,106.36000061035156,106.58000183105469,602400
2010-06-24,106.58999633789062,106.70999908447266,106.25,106.27999877929688,660700
2010-06-25,106.45999908447266,106.70999908447266,106.27999877929688,106.6500015258789,503300
2010-06-28,106.83999633789062,106.9000015258789,106.62999725341797,106.9000015258789,573200
2010-06-29,106.83999633789062,107.0,106.75,106.98999786376953,612400
2010-06-30,106.93000030517578,107.01000213623047,106.7699966430664,106.91000366210938,628200
2010-07-01,106.37000274658203,106.61000061035156,106.01000213623047,106.0199966430664,790100
2010-07-02,105.80999755859375,106.12000274658203,105.7699966430664,105.81999969482422,460100
2010-07-06,105.69999694824219,105.9800033569336,105.47000122070312,105.94000244140625,736700
2010-07-07,105.80999755859375,105.80999755859375,105.45999908447266,105.5,495800
2010-07-08,105.43000030517578,105.80000305175781,105.2300033569336,105.66000366210938,517600
2010-07-09,105.5199966430664,105.87000274658203,105.51000213623047,105.73999786376953,475200
2010-07-12,105.86000061035156,105.97000122070312,105.6500015258789,105.66999816894531,507600
2010-07-13,105.73999786376953,105.75,105.51000213623047,105.55000305175781,436000
2010-07-14,105.69999694824219,106.05999755859375,105.61000061035156,105.8499984741211,622200
2010-07-15,106.11000061035156,106.30000305175781,105.91999816894531,105.9800033569336,437100
2010-07-16,106.05000305175781,106.13999938964844,105.7300033569336,105.7300033569336,438100
2010-07-19,105.61000061035156,105.66000366210938,105.27999877929688,105.31999969482422,519300
2010-07-20,105.45999908447266,105.58999633789062,105.25,105.44000244140625,484800
2010-07-21,105.4800033569336,106.11000061035156,105.4800033569336,105.98999786376953,482400
2010-07-22,105.88999938964844,106.0,105.75,105.88999938964844,482000
2010-07-23,105.87000274658203,105.95999908447266,105.44999694824219,105.62000274658203,643400
2010-07-26,105.55000305175781,105.68000030517578,105.41000366210938,105.66000366210938,529700
2010-07-27,105.51000213623047,105.80000305175781,105.5,105.51000213623047,537600
2010-07-28,105.5,105.9000015258789,105.41999816894531,105.86000061035156,440100
2010-07-29,105.66999816894531,106.19999694824219,105.66999816894531,105.98999786376953,548700
2010-07-30,106.3499984741211,106.4800033569336,106.1500015258789,106.37000274658203,1074200
2010-08-02,106.0999984741211,106.44999694824219,106.05999755859375,106.37000274658203,900400
2010-08-03,106.48999786376953,106.94999694824219,106.44000244140625,106.93000030517578,822600
2010-08-04,106.88999938964844,106.88999938964844,106.4800033569336,106.56999969482422,1365600
2010-08-05,106.75,107.0,106.62999725341797,106.95999908447266,699900
2010-08-06,107.25,107.25,106.97000122070312,107.05999755859375,578400
2010-08-09,106.80999755859375,107.02999877929688,106.76000213623047,107.01000213623047,534700
2010-08-10,107.06999969482422,107.7300033569336,106.88999938964844,107.66999816894531,750200
2010-08-11,107.58999633789062,107.80000305175781,107.4800033569336,107.66000366210938,790600
2010-08-12,107.76000213623047,107.76000213623047,106.8499984741211,106.94999694824219,1197200
2010-08-13,106.88999938964844,107.43000030517578,106.88999938964844,107.2300033569336,769500
2010-08-16,107.5999984741211,107.79000091552734,107.52999877929688,107.58000183105469,602500
2010-08-17,107.63999938964844,107.63999938964844,107.25,107.33999633789062,676400
2010-08-18,107.62999725341797,107.66999816894531,107.1500015258789,107.27999877929688,668200
2010-08-19,107.11000061035156,107.48999786376953,107.11000061035156,107.29000091552734,790400
2010-08-20,107.33999633789062,107.41000366210938,107.08999633789062,107.16000366210938,525000
2010-08-23,107.08000183105469,107.22000122070312,106.79000091552734,107.16000366210938,590600
2010-08-24,107.37999725341797,107.70999908447266,107.27999877929688,107.5199966430664,630700
2010-08-25,107.56999969482422,107.69999694824219,107.33000183105469,107.5199966430664,623900
2010-08-26,107.6500015258789,108.0999984741211,107.62999725341797,108.0999984741211,1086700
2010-08-27,107.9800033569336,108.19000244140625,107.33999633789062,107.45999908447266,1150600
2010-08-30,107.68000030517578,107.98999786376953,107.68000030517578,107.94000244140625,560700
2010-08-31,108.16000366210938,108.30999755859375,108.02999877929688,108.23999786376953,756600
2010-09-01,107.76000213623047,107.80999755859375,107.12999725341797,107.75,1331400
2010-09-02,107.6500015258789,107.72000122070312,107.4000015258789,107.55000305175781,686700
2010-09-03,107.3499984741211,107.54000091552734,107.16999816894531,107.37999725341797,770500
2010-09-07,107.80999755859375,108.05000305175781,107.69000244140625,107.9800033569336,754200
2010-09-08,107.80000305175781,107.94000244140625,107.54000091552734,107.66000366210938,1101300
2010-09-09,107.37000274658203,107.56999969482422,107.30000305175781,107.41999816894531,526200
2010-09-10,107.41999816894531,107.7699966430664,107.37999725341797,107.52999877929688,534000
2010-09-13,107.54000091552734,108.26000213623047,107.5,108.26000213623047,834300
2010-09-14,108.30000305175781,108.41999816894531,108.1500015258789,108.1500015258789,690300
2010-09-15,108.01000213623047,108.18000030517578,107.80999755859375,107.91999816894531,629300
2010-09-16,107.69000244140625,107.72000122070312,107.31999969482422,107.69999694824219,672000
2010-09-17,107.68000030517578,107.80000305175781,107.37999725341797,107.38999938964844,559100
2010-09-20,107.62000274658203,107.8499984741211,107.4800033569336,107.80999755859375,527400
2010-09-21,108.04000091552734,109.2300033569336,107.86000061035156,109.19000244140625,625600
2010-09-22,109.66000366210938,109.91000366210938,109.33000183105469,109.33999633789062,1046600
2010-09-23,109.58000183105469,109.58000183105469,108.94999694824219,109.26000213623047,640000
2010-09-24,108.83000183105469,109.05999755859375,108.68000030517578,108.70999908447266,669300
2010-09-27,108.76000213623047,109.12999725341797,108.70999908447266,109.02999877929688,767100
2010-09-28,109.29000091552734,109.95999908447266,109.29000091552734,109.79000091552734,1024200
2010-09-29,109.69000244140625,109.7300033569336,109.23999786376953,109.30000305175781,613500
2010-09-30,109.2699966430664,109.5,108.58000183105469,109.05999755859375,1078600
2010-10-01,108.80000305175781,109.25,108.68000030517578,109.22000122070312,792800
2010-10-04,109.27999877929688,109.47000122070312,109.06999969482422,109.38999938964844,929500
2010-10-05,109.47000122070312,110.12000274658203,109.47000122070312,110.08999633789062,751700
2010-10-06,111.19000244140625,111.77999877929688,110.9000015258789,111.05999755859375,1123800
2010-10-07,111.0999984741211,111.20999908447266,110.61000061035156,110.80999755859375,978300
2010-10-08,111.12000274658203,111.54000091552734,111.05999755859375,111.54000091552734,709100
2010-10-11,111.54000091552734,111.72000122070312,111.4000015258789,111.54000091552734,447000
2010-10-12,111.5,111.63999938964844,111.05000305175781,111.19999694824219,924200
2010-10-13,111.0999984741211,111.87000274658203,111.06999969482422,111.87000274658203,671200
2010-10-14,111.91999816894531,112.5,111.91999816894531,112.22000122070312,1056900
2010-10-15,111.93000030517578,112.05000305175781,111.4800033569336,111.5,865900
2010-10-18,111.73999786376953,111.91000366210938,111.58000183105469,111.75,545500
2010-10-19,111.30000305175781,112.05000305175781,111.25,111.80999755859375,689300
2010-10-20,111.80999755859375,111.91999816894531,111.62000274658203,111.77999877929688,501300
2010-10-21,111.7699966430664,112.04000091552734,111.69999694824219,111.77999877929688,546400
2010-10-22,111.5199966430664,111.9000015258789,111.5199966430664,111.80999755859375,546800
2010-10-25,112.18000030517578,112.27999877929688,112.05000305175781,112.1500015258789,559300
2010-10-26,111.80999755859375,111.88999938964844,111.48999786376953,111.54000091552734,856200
2010-10-27,111.12000274658203,111.1500015258789,110.75,110.8499984741211,1188200
2010-10-28,111.19999694824219,111.26000213623047,110.91999816894531,111.25,743200
2010-10-29,111.48999786376953,111.66999816894531,111.37000274658203,111.62000274658203,701200
2010-11-01,111.80000305175781,111.93000030517578,111.31999969482422,111.54000091552734,725300
2010-11-02,111.80000305175781,111.94999694824219,111.66000366210938,111.80999755859375,538500
2010-11-03,112.2300033569336,112.29000091552734,111.19999694824219,111.61000061035156,849900
2010-11-04,112.26000213623047,112.4800033569336,111.66999816894531,111.87999725341797,752200
2010-11-05,111.66000366210938,111.7699966430664,111.45999908447266,111.5,922500
2010-11-08,111.66000366210938,111.8499984741211,111.47000122070312,111.6500015258789,932300
2010-11-09,111.66999816894531,111.79000091552734,110.62000274658203,110.63999938964844,931600
2010-11-10,110.75,111.0,109.9000015258789,110.91000366210938,964900
2010-11-11,111.11000061035156,111.19000244140625,110.83000183105469,110.91999816894531,474700
2010-11-12,110.7300033569336,110.88999938964844,110.0,110.01000213623047,757400
2010-11-15,109.5999984741211,109.63999938964844,108.5,108.62999725341797,1495000
2010-11-16,108.83999633789062,109.04000091552734,108.18000030517578,108.83000183105469,1077500
2010-11-17,108.83000183105469,109.1500015258789,108.77999877929688,108.8499984741211,684000
2010-11-18,108.95999908447266,109.04000091552734,108.62999725341797,109.02999877929688,932000
2010-11-19,109.12000274658203,109.48999786376953,108.9800033569336,109.33999633789062,1008800
2010-11-22,109.8499984741211,109.8499984741211,109.5,109.72000122070312,684800
2010-11-23,110.12999725341797,110.27999877929688,109.76000213623047,109.76000213623047,632700
2010-11-24,109.41000366210938,109.54000091552734,109.0199966430664,109.18000030517578,756200
2010-11-26,109.5199966430664,109.68000030517578,109.29000091552734,109.5,189200
2010-11-29,109.80000305175781,109.88999938964844,109.58000183105469,109.62000274658203,1577600
2010-11-30,110.02999877929688,110.08000183105469,109.41999816894531,109.4800033569336,669700
2010-12-01,108.91000366210938,108.98999786376953,108.44999694824219,108.58999633789062,712400
2010-12-02,108.41000366210938,108.83999633789062,108.37999725341797,108.55000305175781,704200
2010-12-03,108.6500015258789,108.83999633789062,108.37999725341797,108.54000091552734,629500
2010-12-06,108.63999938964844,109.08000183105469,108.63999938964844,108.97000122070312,515500
2010-12-07,108.70999908447266,108.70999908447266,107.69999694824219,107.88999938964844,1152000
2010-12-08,107.5999984741211,107.68000030517578,106.5199966430664,106.83999633789062,2058300
2010-12-09,106.94000244140625,107.04000091552734,106.36000061035156,106.70999908447266,1335200
2010-12-10,106.38999938964844,106.63999938964844,106.13999938964844,106.19000244140625,1369800
2010-12-13,106.22000122070312,106.95999908447266,106.08999633789062,106.83000183105469,1860600
2010-12-14,106.48999786376953,106.55999755859375,105.4800033569336,105.80999755859375,1637600
2010-12-15,106.0999984741211,106.38999938964844,105.8499984741211,106.13999938964844,1312600
2010-12-16,106.37999725341797,106.69999694824219,106.0,106.61000061035156,760300
2010-12-17,106.80000305175781,107.52999877929688,106.80000305175781,107.33000183105469,639900
2010-12-20,107.41000366210938,107.6500015258789,107.04000091552734,107.31999969482422,872700
2010-12-21,107.37000274658203,107.58999633789062,107.0999984741211,107.5,599900
2010-12-22,107.37000274658203,107.5,107.18000030517578,107.41999816894531,769200
2010-12-23,107.26000213623047,107.4000015258789,107.0,107.0199966430664,561600
2010-12-27,107.08999633789062,107.37999725341797,106.8499984741211,107.25,383800
2010-12-28,107.05000305175781,107.05000305175781,106.12000274658203,106.19000244140625,554800
2010-12-29,106.30000305175781,107.12000274658203,106.0199966430664,106.87999725341797,526600
2010-12-30,106.86000061035156,106.91999816894531,106.51000213623047,106.77999877929688,429500
2010-12-31,106.95999908447266,107.5199966430664,106.88999938964844,107.5199966430664,533400
2011-01-03,106.97000122070312,107.41000366210938,106.7300033569336,107.06999969482422,1217300
2011-01-04,107.18000030517578,107.6500015258789,107.13999938964844,107.33999633789062,1049900
2011-01-05,107.30000305175781,107.41000366210938,106.69999694824219,106.93000030517578,869400
2011-01-06,107.01000213623047,107.33999633789062,106.9000015258789,107.23999786376953,827900
2011-01-07,107.41999816894531,107.97000122070312,107.2699966430664,107.58000183105469,979300
2011-01-10,107.7300033569336,107.91999816894531,107.62000274658203,107.88999938964844,639600
2011-01-11,107.95999908447266,108.0999984741211,107.62000274658203,107.93000030517578,567700
2011-01-12,107.51000213623047,108.02999877929688,107.51000213623047,107.9000015258789,534300
2011-01-13,107.80999755859375,108.25,107.68000030517578,108.2300033569336,858200
2011-01-14,108.30999755859375,108.33999633789062,107.76000213623047,107.76000213623047,713500
2011-01-18,107.5999984741211,107.95999908447266,107.41000366210938,107.77999877929688,1125500
2011-01-19,107.91999816894531,108.1500015258789,107.77999877929688,107.81999969482422,569400
2011-01-20,107.55999755859375,107.5999984741211,106.80000305175781,106.80000305175781,793100
2011-01-21,106.87999725341797,107.08000183105469,106.75,107.0,537400
2011-01-24,107.06999969482422,107.31999969482422,106.87000274658203,106.93000030517578,797300
2011-01-25,106.94000244140625,107.62999725341797,106.93000030517578,107.3499984741211,589600
2011-01-26,107.31999969482422,107.33000183105469,106.95999908447266,107.16999816894531,652300
2011-01-27,107.06999969482422,107.26000213623047,106.8499984741211,107.0999984741211,641700
2011-01-28,106.93000030517578,107.5999984741211,106.80999755859375,107.51000213623047,649600
2011-01-31,107.4000015258789,107.70999908447266,107.27999877929688,107.54000091552734,798100
2011-02-01,107.18000030517578,107.44000244140625,106.98999786376953,107.27999877929688,934500
2011-02-02,107.38999938964844,107.56999969482422,106.83000183105469,106.98999786376953,704500
2011-02-03,106.73999786376953,106.80000305175781,106.41999816894531,106.43000030517578,826300
2011-02-04,106.30999755859375,106.37000274658203,105.73999786376953,105.83000183105469,1221500
2011-02-07,105.70999908447266,105.8499984741211,105.51000213623047,105.80999755859375,1016300
2011-02-08,105.83999633789062,105.91000366210938,105.18000030517578,105.26000213623047,1186000
2011-02-09,105.36000061035156,105.69999694824219,105.11000061035156,105.55999755859375,926200
2011-02-10,105.38999938964844,105.44000244140625,104.9000015258789,104.91000366210938,858100
2011-02-11,105.33999633789062,105.52999877929688,105.13999938964844,105.44999694824219,688000
2011-02-14,105.37999725341797,105.58000183105469,105.30999755859375,105.52999877929688,561400
2011-02-15,105.5,105.72000122070312,105.4000015258789,105.66000366210938,898400
2011-02-16,105.69000244140625,105.73999786376953,105.31999969482422,105.51000213623047,708700
2011-02-17,105.69000244140625,105.91999816894531,105.43000030517578,105.91000366210938,914200
2011-02-18,105.80000305175781,106.45999908447266,105.80000305175781,106.45999908447266,869100
2011-02-22,106.91999816894531,107.37999725341797,106.87000274658203,107.30000305175781,832000
2011-02-23,107.31999969482422,107.83000183105469,107.30000305175781,107.69000244140625,700100
2011-02-24,108.0,108.3499984741211,107.91999816894531,108.08000183105469,816200
2011-02-25,108.18000030517578,108.44000244140625,107.97000122070312,108.44000244140625,677700
2011-02-28,108.44000244140625,108.44999694824219,108.1500015258789,108.1500015258789,821400
2011-03-01,107.79000091552734,108.51000213623047,107.69999694824219,108.5,1050500
2011-03-02,108.19999694824219,108.66000366210938,108.18000030517578,108.18000030517578,881100
2011-03-03,107.97000122070312,108.06999969482422,107.7699966430664,107.88999938964844,666100
2011-03-04,108.0999984741211,108.69000244140625,108.02999877929688,108.61000061035156,758700
2011-03-07,108.3499984741211,108.83000183105469,108.12000274658203,108.5199966430664,731500
2011-03-08,108.58000183105469,108.70999908447266,108.43000030517578,108.58999633789062,866400
2011-03-09,108.6500015258789,108.94000244140625,108.4800033569336,108.73999786376953,754300
2011-03-10,108.9000015258789,109.44000244140625,108.80999755859375,109.36000061035156,687300
2011-03-11,109.29000091552734,109.3499984741211,109.0,109.18000030517578,1253200
2011-03-14,109.12000274658203,109.47000122070312,109.12000274658203,109.33999633789062,884100
2011-03-15,109.66000366210938,109.70999908447266,109.26000213623047,109.30999755859375,851100
2011-03-16,109.80000305175781,110.5,109.7699966430664,110.08999633789062,1425400
2011-03-17,110.08000183105469,110.41000366210938,109.91999816894531,110.30999755859375,949700
2011-03-18,110.01000213623047,110.36000061035156,109.98999786376953,110.2300033569336,630900
2011-03-21,110.0199966430664,110.05000305175781,109.62999725341797,109.76000213623047,1268100
2011-03-22,109.6500015258789,109.6500015258789,109.4000015258789,109.48999786376953,545100
2011-03-23,109.80000305175781,109.80000305175781,109.1500015258789,109.30999755859375,647700
2011-03-24,109.13999938964844,109.41999816894531,108.98999786376953,109.41000366210938,988300
2011-03-25,109.45999908447266,109.62000274658203,108.80999755859375,108.9000015258789,764500
2011-03-28,108.87999725341797,109.08999633789062,108.7699966430664,108.95999908447266,725900
2011-03-29,108.88999938964844,109.01000213623047,108.56999969482422,108.73999786376953,653700
2011-03-30,108.70999908447266,109.13999938964844,108.69999694824219,109.12000274658203,709700
2011-03-31,109.45999908447266,109.47000122070312,108.91000366210938,109.16000366210938,856800
2011-04-01,108.5199966430664,109.05000305175781,108.30999755859375,108.86000061035156,905700
2011-04-04,109.16000366210938,109.5,108.9800033569336,109.3499984741211,578000
2011-04-05,109.30000305175781,109.3499984741211,109.0999984741211,109.1500015258789,895400
2011-04-06,109.0199966430664,109.02999877929688,108.55000305175781,108.55999755859375,824100
2011-04-07,108.63999938964844,108.87000274658203,108.45999908447266,108.75,761100
2011-04-08,108.62999725341797,109.0999984741211,108.61000061035156,108.9800033569336,650300
2011-04-11,109.04000091552734,109.1500015258789,108.88999938964844,108.9000015258789,562400
2011-04-12,109.22000122070312,109.62000274658203,109.0,109.44999694824219,822400
2011-04-13,109.33000183105469,109.7300033569336,109.20999908447266,109.69000244140625,724400
2011-04-14,109.81999969482422,109.81999969482422,109.5,109.55000305175781,834500
2011-04-15,109.88999938964844,110.3499984741211,109.88999938964844,110.3499984741211,917500
2011-04-18,110.27999877929688,110.48999786376953,110.0,110.37999725341797,911700
2011-04-19,110.48999786376953,110.83000183105469,110.33000183105469,110.7699966430664,540800
2011-04-20,110.79000091552734,110.79000091552734,110.30000305175781,110.38999938964844,635600
2011-04-21,110.12000274658203,110.41999816894531,110.08000183105469,110.19000244140625,618900
2011-04-25,110.41000366210938,110.48999786376953,110.16000366210938,110.48999786376953,900600
2011-04-26,110.63999938964844,110.87000274658203,110.44000244140625,110.87000274658203,696700
2011-04-27,110.66999816894531,110.75,110.37999725341797,110.5999984741211,843900
2011-04-28,110.83999633789062,111.12000274658203,110.7300033569336,110.93000030517578,628400
2011-04-29,110.97000122070312,111.30999755859375,110.80999755859375,111.16000366210938,933000
2011-05-02,110.68000030517578,110.91000366210938,110.5199966430664,110.75,757600
2011-05-03,110.73999786376953,110.93000030517578,110.6500015258789,110.93000030517578,823400
2011-05-04,111.12999725341797,111.38999938964844,111.01000213623047,111.02999877929688,788000
2011-05-05,111.16000366210938,111.16000366210938,110.69999694824219,110.9000015258789,880600
2011-05-06,110.56999969482422,111.16999816894531,110.44999694824219,110.94000244140625,600500
2011-05-09,111.06999969482422,111.18000030517578,110.91999816894531,111.16999816894531,596000
2011-05-10,111.0,111.08999633789062,110.83000183105469,110.87000274658203,1336700
2011-05-11,110.75,110.91000366210938,110.5199966430664,110.5199966430664,695500
2011-05-12,110.58000183105469,110.66000366210938,110.12000274658203,110.38999938964844,809000
2011-05-13,110.4800033569336,110.4800033569336,110.13999938964844,110.37000274658203,1341800
2011-05-16,110.61000061035156,110.61000061035156,110.22000122070312,110.4000015258789,637800
2011-05-17,110.12000274658203,110.5,110.12000274658203,110.48999786376953,660600
2011-05-18,110.55999755859375,110.66000366210938,110.27999877929688,110.43000030517578,926300
2011-05-19,110.19000244140625,110.41000366210938,110.0199966430664,110.13999938964844,970400
2011-05-20,110.12000274658203,110.19999694824219,109.87000274658203,110.0999984741211,731900
2011-05-23,110.18000030517578,110.30999755859375,110.08000183105469,110.11000061035156,635900
2011-05-24,110.33000183105469,110.66999816894531,110.33000183105469,110.66999816894531,589100
2011-05-25,110.8499984741211,110.8499984741211,110.41999816894531,110.69999694824219,583000
2011-05-26,110.83999633789062,111.0,110.73999786376953,110.97000122070312,863400
2011-05-27,110.95999908447266,111.1500015258789,110.83999633789062,111.1500015258789,504100
2011-05-31,110.87999725341797,111.20999908447266,110.86000061035156,110.86000061035156,1510100
2011-06-01,110.18000030517578,110.61000061035156,110.06999969482422,110.5999984741211,1316400
2011-06-02,110.22000122070312,110.37999725341797,110.0199966430664,110.19999694824219,809300
2011-06-03,110.3499984741211,110.5,110.18000030517578,110.37000274658203,639600
2011-06-06,110.0999984741211,110.5,110.0999984741211,110.41999816894531,608000
2011-06-07,110.4000015258789,110.62999725341797,110.1500015258789,110.58000183105469,511100
2011-06-08,110.69999694824219,110.91999816894531,110.51000213623047,110.56999969482422,671400
2011-06-09,110.7699966430664,110.83999633789062,110.30000305175781,110.44000244140625,621400
2011-06-10,110.54000091552734,110.79000091552734,110.31999969482422,110.4000015258789,773600
2011-06-13,110.29000091552734,110.6500015258789,110.25,110.38999938964844,554300
2011-06-14,110.19000244140625,110.31999969482422,109.94999694824219,110.08999633789062,599400
2011-06-15,110.36000061035156,110.94000244140625,110.33000183105469,110.66000366210938,513400
2011-06-16,110.69999694824219,110.94999694824219,110.58000183105469,110.58000183105469,498900
2011-06-17,110.41999816894531,110.69000244140625,110.36000061035156,110.5199966430664,673200
2011-06-20,110.69000244140625,110.69000244140625,110.12999725341797,110.22000122070312,467800
2011-06-21,110.23999786376953,110.58000183105469,110.22000122070312,110.48999786376953,590900
2011-06-22,110.58000183105469,110.63999938964844,110.1500015258789,110.23999786376953,517100
2011-06-23,110.44000244140625,111.1500015258789,110.44000244140625,111.04000091552734,676200
2011-06-24,111.13999938964844,111.62000274658203,111.12000274658203,111.47000122070312,556900
2011-06-27,111.51000213623047,111.61000061035156,111.08000183105469,111.29000091552734,590100
2011-06-28,111.19999694824219,111.2300033569336,110.68000030517578,110.8499984741211,668400
2011-06-29,110.91000366210938,110.98999786376953,110.66000366210938,110.88999938964844,669600
2011-06-30,110.94000244140625,111.0,110.30000305175781,110.63999938964844,4825300
2011-07-01,110.16999816894531,110.44000244140625,109.6500015258789,110.01000213623047,1451600
2011-07-05,110.0199966430664,110.33999633789062,109.98999786376953,110.12999725341797,599900
2011-07-06,110.41999816894531,110.55000305175781,110.26000213623047,110.44999694824219,896300
2011-07-07,110.30000305175781,110.4800033569336,110.12000274658203,110.41000366210938,543400
2011-07-08,110.9000015258789,111.05000305175781,110.77999877929688,110.91000366210938,1451300
2011-07-11,111.23999786376953,111.66999816894531,111.06999969482422,111.52999877929688,900000
2011-07-12,111.79000091552734,111.9800033569336,111.51000213623047,111.9800033569336,711700
2011-07-13,111.93000030517578,112.26000213623047,111.52999877929688,112.19000244140625,1399100
2011-07-14,111.80000305175781,111.94000244140625,111.43000030517578,111.5199966430664,702700
2011-07-15,111.41000366210938,111.98999786376953,111.2699966430664,111.87000274658203,934900
2011-07-18,111.94999694824219,112.0,111.69999694824219,111.97000122070312,1108200
2011-07-19,112.12000274658203,112.5999984741211,112.06999969482422,112.52999877929688,685800
2011-07-20,112.18000030517578,112.20999908447266,110.94000244140625,111.88999938964844,811800
2011-07-21,111.58000183105469,111.7699966430664,111.43000030517578,111.66000366210938,762500
2011-07-22,111.9800033569336,112.13999938964844,111.75,112.02999877929688,433400
2011-07-25,111.48999786376953,112.33000183105469,111.43000030517578,112.1500015258789,2195600
2011-07-26,112.25,112.44000244140625,112.1500015258789,112.19000244140625,838200
2011-07-27,112.05999755859375,112.44999694824219,112.05999755859375,112.4000015258789,1217800
2011-07-28,112.58999633789062,112.87000274658203,112.44000244140625,112.86000061035156,1250100
2011-07-29,113.29000091552734,114.36000061035156,113.13999938964844,114.16999816894531,1316100
2011-08-01,113.63999938964844,114.26000213623047,113.44000244140625,113.9000015258789,1461100
2011-08-02,114.30999755859375,114.7699966430664,113.9000015258789,114.6500015258789,1112400
2011-08-03,114.72000122070312,115.13999938964844,113.83000183105469,113.94000244140625,1435700
2011-08-04,114.11000061035156,115.0,113.63999938964844,114.94000244140625,1454100
2011-08-05,114.23999786376953,115.02999877929688,113.62000274658203,113.62999725341797,1921600
2011-08-08,113.94000244140625,115.12000274658203,113.79000091552734,115.0,3026800
2011-08-09,115.48999786376953,117.18000030517578,114.88999938964844,115.95999908447266,2672200
2011-08-10,116.94999694824219,118.58999633789062,116.87999725341797,118.0999984741211,2136300
2011-08-11,117.30000305175781,117.4000015258789,114.8499984741211,115.63999938964844,2414100
2011-08-12,116.11000061035156,116.55000305175781,115.97000122070312,116.30000305175781,1359400
2011-08-15,116.2300033569336,116.33000183105469,115.56999969482422,115.70999908447266,1247300
2011-08-16,115.54000091552734,116.1500015258789,115.5199966430664,115.97000122070312,1114400
2011-08-17,115.98999786376953,116.56999969482422,115.80000305175781,116.56999969482422,1002000
2011-08-18,117.0199966430664,117.73999786376953,115.5199966430664,115.68000030517578,1371300
2011-08-19,115.70999908447266,116.4800033569336,115.68000030517578,116.06999969482422,1790300
2011-08-22,115.97000122070312,116.37999725341797,115.88999938964844,116.04000091552734,1382400
2011-08-23,115.93000030517578,116.08999633789062,115.04000091552734,115.31999969482422,1287900
2011-08-24,115.12999725341797,115.13999938964844,113.5999984741211,113.62000274658203,1760500
2011-08-25,114.02999877929688,114.72000122070312,113.93000030517578,114.51000213623047,1262200
2011-08-26,115.05000305175781,115.43000030517578,114.44000244140625,114.8499984741211,1665100
2011-08-29,114.27999877929688,114.36000061035156,114.05000305175781,114.16999816894531,775000
2011-08-30,114.69000244140625,115.0,114.66000366210938,114.83999633789062,1261400
2011-08-31,115.05000305175781,115.05000305175781,114.27999877929688,114.31999969482422,1874000
2011-09-01,114.58999633789062,115.73999786376953,114.33999633789062,115.3499984741211,2585400
2011-09-02,116.37999725341797,116.69999694824219,116.05000305175781,116.61000061035156,1007500
2011-09-06,116.9000015258789,117.06999969482422,115.75,115.91999816894531,1110200
2011-09-07,115.75,115.93000030517578,115.33999633789062,115.61000061035156,675100
2011-09-08,115.7300033569336,116.3499984741211,115.55000305175781,116.30000305175781,610600
2011-09-09,116.22000122070312,116.6500015258789,116.13999938964844,116.44000244140625,1157300
2011-09-12,116.37999725341797,116.5199966430664,116.02999877929688,116.04000091552734,693100
2011-09-13,116.0,116.06999969482422,115.5199966430664,115.54000091552734,597300
2011-09-14,115.2699966430664,115.54000091552734,115.12999725341797,115.4000015258789,703900
2011-09-15,115.19000244140625,115.44000244140625,115.05999755859375,115.16999816894531,530600
2011-09-16,115.0,115.52999877929688,114.97000122070312,115.20999908447266,949000
2011-09-19,115.94000244140625,116.0,115.47000122070312,115.5,505000
2011-09-20,115.55000305175781,116.0,115.44000244140625,116.0,542400
2011-09-21,116.0,116.62000274658203,115.75,116.19999694824219,728900
2011-09-22,116.37999725341797,116.6500015258789,115.80999755859375,115.93000030517578,1001700
2011-09-23,115.70999908447266,115.87999725341797,114.87999725341797,115.26000213623047,1280800
2011-09-26,115.05999755859375,115.29000091552734,114.56999969482422,114.70999908447266,803000
2011-09-27,114.33999633789062,114.91999816894531,114.19000244140625,114.91999816894531,4817700
2011-09-28,114.58000183105469,115.06999969482422,114.51000213623047,114.87000274658203,790600
2011-09-29,114.8499984741211,115.05999755859375,114.38999938964844,114.51000213623047,2919800
2011-09-30,114.91000366210938,115.0199966430664,114.30000305175781,114.30000305175781,945600
2011-10-03,114.62999725341797,115.44000244140625,114.48999786376953,115.25,2661200
2011-10-04,115.5,115.83000183105469,115.08999633789062,115.33000183105469,1700000
2011-10-05,115.55000305175781,115.68000030517578,114.80000305175781,115.25,635300
2011-10-06,115.20999908447266,115.3499984741211,115.02999877929688,115.23999786376953,1512100
2011-10-07,114.94000244140625,115.27999877929688,114.66999816894531,114.8499984741211,976800
2011-10-10,114.79000091552734,114.83000183105469,113.7699966430664,114.05999755859375,658600
2011-10-11,114.45999908447266,114.7699966430664,114.19999694824219,114.33000183105469,748100
2011-10-12,114.04000091552734,114.16999816894531,113.5,113.8499984741211,1126600
2011-10-13,114.04000091552734,114.30000305175781,113.72000122070312,113.91999816894531,608700
2011-10-14,113.5,113.91999816894531,113.41000366210938,113.75,716000
2011-10-17,113.81999969482422,114.33000183105469,113.81999969482422,114.18000030517578,545600
2011-10-18,114.44000244140625,114.73999786376953,114.18000030517578,114.7300033569336,648900
2011-10-19,114.37000274658203,114.80999755859375,114.18000030517578,114.55000305175781,525700
2011-10-20,114.4000015258789,114.93000030517578,114.19999694824219,114.56999969482422,599800
2011-10-21,114.56999969482422,115.0,114.44999694824219,114.44999694824219,525500
2011-10-24,114.66999816894531,114.9000015258789,114.62999725341797,114.79000091552734,636500
2011-10-25,114.66000366210938,115.8499984741211,114.66000366210938,115.81999969482422,883700
2011-10-26,115.62999725341797,116.0,115.48999786376953,115.72000122070312,711100
2011-10-27,115.19000244140625,115.69999694824219,114.75,115.05999755859375,880400
2011-10-28,115.43000030517578,115.5,114.95999908447266,115.45999908447266,679100
2011-10-31,116.06999969482422,116.55000305175781,116.02999877929688,116.48999786376953,975600
2011-11-01,116.9000015258789,117.55000305175781,116.69999694824219,117.55000305175781,1865300
2011-11-02,117.0,117.69999694824219,116.80000305175781,117.58999633789062,1203400
2011-11-03,117.2699966430664,117.44999694824219,116.7699966430664,116.7699966430664,801900
2011-11-04,117.04000091552734,117.76000213623047,116.97000122070312,117.4000015258789,873100
2011-11-07,117.61000061035156,118.31999969482422,117.52999877929688,117.98999786376953,620100
2011-11-08,117.87000274658203,118.05000305175781,117.18000030517578,117.20999908447266,2446600
2011-11-09,117.88999938964844,118.04000091552734,117.19000244140625,117.19000244140625,779700
2011-11-10,117.08999633789062,117.44999694824219,116.87000274658203,117.41999816894531,860700
2011-11-11,117.2699966430664,117.2699966430664,116.83999633789062,117.05999755859375,557900
2011-11-14,117.29000091552734,117.37999725341797,117.06999969482422,117.22000122070312,516500
2011-11-15,117.26000213623047,117.33000183105469,116.41999816894531,116.7699966430664,816000
2011-11-16,116.69000244140625,116.69999694824219,116.37000274658203,116.44000244140625,655300
2011-11-17,116.0199966430664,116.51000213623047,115.91000366210938,116.43000030517578,719100
2011-11-18,116.62000274658203,116.66000366210938,116.30000305175781,116.45999908447266,660700
2011-11-21,116.58999633789062,116.9000015258789,116.16000366210938,116.25,656800
2011-11-22,116.13999938964844,116.61000061035156,116.11000061035156,116.61000061035156,558000
2011-11-23,116.54000091552734,117.19000244140625,116.48999786376953,117.0999984741211,774900
2011-11-25,116.87999725341797,116.91000366210938,116.7300033569336,116.7300033569336,421900
2011-11-28,116.4800033569336,117.19000244140625,116.47000122070312,117.11000061035156,589700
2011-11-29,116.98999786376953,117.38999938964844,116.76000213623047,117.08000183105469,1123000
2011-11-30,117.08000183105469,117.26000213623047,116.70999908447266,116.73999786376953,869100
2011-12-01,116.5199966430664,116.55999755859375,116.18000030517578,116.45999908447266,2561600
2011-12-02,116.12999725341797,116.98999786376953,116.12999725341797,116.98999786376953,1398300
2011-12-05,116.73999786376953,117.02999877929688,116.25,116.97000122070312,976700
2011-12-06,116.62999725341797,116.94999694824219,116.5199966430664,116.68000030517578,686200
2011-12-07,116.70999908447266,116.77999877929688,116.43000030517578,116.4800033569336,610400
2011-12-08,116.66999816894531,116.87000274658203,116.30000305175781,116.52999877929688,508100
2011-12-09,116.37000274658203,116.55000305175781,115.91000366210938,115.91000366210938,803600
2011-12-12,116.3499984741211,116.72000122070312,116.2300033569336,116.44999694824219,965500
2011-12-13,116.29000091552734,117.0999984741211,116.27999877929688,116.7699966430664,478500
2011-12-14,116.8499984741211,117.19000244140625,116.80000305175781,117.0,780200
2011-12-15,116.8499984741211,117.19000244140625,116.62000274658203,116.70999908447266,646000
2011-12-16,116.69999694824219,117.18000030517578,116.69999694824219,116.97000122070312,1066400
2011-12-19,116.91999816894531,117.56999969482422,116.83000183105469,117.44000244140625,549300
2011-12-20,117.08000183105469,117.54000091552734,117.06999969482422,117.51000213623047,635500
2011-12-21,117.54000091552734,117.75,117.05000305175781,117.05000305175781,598200
2011-12-22,117.41000366210938,117.51000213623047,116.87000274658203,116.98999786376953,573100
2011-12-23,116.68000030517578,116.95999908447266,116.45999908447266,116.8499984741211,675400
2011-12-27,117.08999633789062,117.30000305175781,116.36000061035156,116.52999877929688,574300
2011-12-28,116.5999984741211,117.02999877929688,116.5999984741211,116.83000183105469,609700
2011-12-29,116.83000183105469,116.91000366210938,116.6500015258789,116.7300033569336,605700
2011-12-30,116.80000305175781,117.08999633789062,116.63999938964844,116.69000244140625,758400
2012-01-03,116.44000244140625,116.80999755859375,116.4000015258789,116.6500015258789,1242000
2012-01-04,116.55000305175781,116.93000030517578,116.51000213623047,116.76000213623047,711100
2012-01-05,117.08000183105469,117.37999725341797,116.95999908447266,116.9800033569336,2192900
2012-01-06,117.36000061035156,117.55000305175781,117.2699966430664,117.37000274658203,614000
2012-01-09,117.33000183105469,117.79000091552734,117.33000183105469,117.48999786376953,634900
2012-01-10,117.38999938964844,117.52999877929688,117.02999877929688,117.12999725341797,657100
2012-01-11,117.12999725341797,117.44999694824219,117.0,117.43000030517578,604900
2012-01-12,117.41999816894531,117.45999908447266,116.98999786376953,117.25,754600
2012-01-13,117.62999725341797,117.81999969482422,117.55000305175781,117.58000183105469,1052100
2012-01-17,117.69999694824219,117.9000015258789,117.58999633789062,117.69999694824219,983600
2012-01-18,118.12000274658203,118.12999725341797,117.41999816894531,117.61000061035156,732700
2012-01-19,117.36000061035156,117.43000030517578,117.0,117.18000030517578,784100
2012-01-20,117.19999694824219,117.23999786376953,116.87000274658203,116.94000244140625,662900
2012-01-23,116.5,116.79000091552734,116.48999786376953,116.69999694824219,741100
2012-01-24,116.66999816894531,116.87000274658203,116.48999786376953,116.70999908447266,805500
2012-01-25,116.83000183105469,117.98999786376953,116.62999725341797,117.61000061035156,1116200
2012-01-26,118.37999725341797,118.44000244140625,117.97000122070312,118.1500015258789,951500
2012-01-27,118.5,118.52999877929688,118.0,118.4000015258789,785300
2012-01-30,118.9000015258789,119.05999755859375,118.69999694824219,118.79000091552734,1165800
2012-01-31,118.91999816894531,119.37999725341797,118.83000183105469,119.36000061035156,1983500
2012-02-01,119.18000030517578,119.31999969482422,118.86000061035156,119.29000091552734,1974200
2012-02-02,119.26000213623047,119.33000183105469,119.05999755859375,119.29000091552734,1353100
2012-02-03,118.58000183105469,118.68000030517578,118.16000366210938,118.29000091552734,1090000
2012-02-06,118.38999938964844,118.91999816894531,118.2300033569336,118.81999969482422,1064500
2012-02-07,118.72000122070312,118.79000091552734,118.33000183105469,118.37999725341797,1571300
2012-02-08,118.36000061035156,118.58000183105469,118.2300033569336,118.3499984741211,1327600
2012-02-09,118.33999633789062,118.33999633789062,117.69000244140625,117.9000015258789,1965800
2012-02-10,118.29000091552734,118.58000183105469,118.02999877929688,118.44999694824219,600200
2012-02-13,118.30000305175781,118.70999908447266,118.29000091552734,118.69000244140625,601500
2012-02-14,118.68000030517578,118.9000015258789,118.54000091552734,118.69000244140625,677900
2012-02-15,118.81999969482422,119.05999755859375,118.75,118.91000366210938,566500
2012-02-16,118.80999755859375,119.08000183105469,118.33000183105469,118.61000061035156,727200
2012-02-17,118.31999969482422,118.62000274658203,118.13999938964844,118.33000183105469,653800
2012-02-21,118.45999908447266,118.55000305175781,118.19000244140625,118.26000213623047,722500
2012-02-22,118.4800033569336,118.93000030517578,118.43000030517578,118.93000030517578,1396200
2012-02-23,118.97000122070312,119.0999984741211,118.83000183105469,118.97000122070312,1532500
2012-02-24,118.98999786376953,119.0,118.80000305175781,119.0,647600
2012-02-27,119.33999633789062,119.38999938964844,119.01000213623047,119.19000244140625,813200
2012-02-28,119.38999938964844,119.44000244140625,119.08999633789062,119.20999908447266,1382900
2012-02-29,119.2699966430664,119.31999969482422,118.62999725341797,118.66999816894531,2663900
2012-03-01,118.33000183105469,118.48999786376953,118.08999633789062,118.37999725341797,3684100
2012-03-02,118.37999725341797,118.62999725341797,118.37000274658203,118.38999938964844,656300
2012-03-05,118.55000305175781,118.55000305175781,117.83000183105469,117.8499984741211,1089400
2012-03-06,118.05999755859375,118.41000366210938,118.05999755859375,118.19000244140625,1576400
2012-03-07,118.4000015258789,118.44999694824219,118.19000244140625,118.44999694824219,2018300
2012-03-08,118.3499984741211,118.45999908447266,118.18000030517578,118.4000015258789,740500
2012-03-09,118.2699966430664,118.61000061035156,118.11000061035156,118.61000061035156,513500
2012-03-12,118.80999755859375,118.81999969482422,118.66999816894531,118.76000213623047,450800
2012-03-13,118.69999694824219,118.79000091552734,118.41000366210938,118.47000122070312,857500
2012-03-14,118.13999938964844,118.13999938964844,117.26000213623047,117.37000274658203,1383500
2012-03-15,117.27999877929688,117.72000122070312,117.27999877929688,117.52999877929688,833600
2012-03-16,117.33000183105469,117.73999786376953,117.12999725341797,117.5999984741211,824500
2012-03-19,117.44999694824219,117.66999816894531,117.01000213623047,117.29000091552734,812300
2012-03-20,117.19999694824219,117.41000366210938,116.87000274658203,117.18000030517578,1089600
2012-03-21,117.31999969482422,117.5,117.16000366210938,117.4000015258789,635500
2012-03-22,117.5999984741211,117.66000366210938,117.23999786376953,117.52999877929688,847600
2012-03-23,117.76000213623047,117.97000122070312,117.5999984741211,117.91000366210938,929400
2012-03-26,117.9000015258789,117.9000015258789,117.33000183105469,117.56999969482422,1142500
2012-03-27,117.63999938964844,118.05999755859375,117.56999969482422,117.98999786376953,1090700
2012-03-28,117.80000305175781,118.08000183105469,117.69999694824219,117.83999633789062,529500
2012-03-29,118.11000061035156,118.19999694824219,117.91999816894531,118.04000091552734,592500
2012-03-30,118.01000213623047,118.18000030517578,117.4800033569336,117.6500015258789,997200
2012-04-02,117.80000305175781,117.9800033569336,117.58999633789062,117.91999816894531,1030200
2012-04-03,118.11000061035156,118.36000061035156,117.04000091552734,117.05000305175781,1186300
2012-04-04,117.29000091552734,117.44000244140625,116.94999694824219,117.06999969482422,619400
2012-04-05,117.43000030517578,117.54000091552734,117.25,117.37999725341797,884500
2012-04-09,118.27999877929688,118.29000091552734,117.91000366210938,117.91999816894531,3113800
2012-04-10,118.31999969482422,118.7699966430664,118.16000366210938,118.5999984741211,904000
2012-04-11,118.41999816894531,118.87000274658203,118.25,118.79000091552734,833800
2012-04-12,118.88999938964844,118.91000366210938,118.52999877929688,118.56999969482422,1176700
2012-04-13,118.8499984741211,119.12999725341797,118.80999755859375,119.06999969482422,526100
2012-04-16,119.0,119.19999694824219,118.88999938964844,119.0,709800
2012-04-17,118.9800033569336,119.30999755859375,118.91000366210938,119.26000213623047,1584100
2012-04-18,119.16000366210938,119.26000213623047,119.02999877929688,119.12000274658203,485500
2012-04-19,119.08999633789062,119.12000274658203,118.80999755859375,118.80999755859375,1008000
2012-04-20,118.76000213623047,119.12000274658203,118.68000030517578,119.11000061035156,1013200
2012-04-23,119.4000015258789,119.41999816894531,119.20999908447266,119.23999786376953,493700
2012-04-24,119.2699966430664,119.4000015258789,119.19999694824219,119.2699966430664,669800
2012-04-25,118.98999786376953,119.26000213623047,118.81999969482422,119.22000122070312,721600
2012-04-26,119.37000274658203,119.66999816894531,119.31999969482422,119.66999816894531,1195800
2012-04-27,119.62999725341797,119.7699966430664,119.41999816894531,119.55000305175781,858600
2012-04-30,119.52999877929688,119.69000244140625,119.41999816894531,119.41999816894531,1005600
2012-05-01,119.23999786376953,119.33999633789062,118.86000061035156,119.04000091552734,1679000
2012-05-02,119.2300033569336,119.30000305175781,119.0999984741211,119.16999816894531,766700
2012-05-03,119.12999725341797,119.36000061035156,119.0199966430664,119.0199966430664,565100
2012-05-04,119.16000366210938,119.29000091552734,118.94999694824219,119.2699966430664,534900
2012-05-07,119.33999633789062,119.43000030517578,119.22000122070312,119.26000213623047,545000
2012-05-08,119.54000091552734,119.66999816894531,119.41999816894531,119.4800033569336,776200
2012-05-09,119.80000305175781,119.87999725341797,119.2699966430664,119.33999633789062,783100
2012-05-10,119.20999908447266,119.3499984741211,119.0999984741211,119.31999969482422,492400
2012-05-11,119.47000122070312,119.5,119.30000305175781,119.37999725341797,837300
2012-05-14,119.55000305175781,119.94000244140625,119.54000091552734,119.94000244140625,1140500
2012-05-15,119.94000244140625,120.11000061035156,119.79000091552734,120.08000183105469,921900
2012-05-16,119.77999877929688,119.95999908447266,119.69999694824219,119.83999633789062,1052700
2012-05-17,119.5999984741211,120.54000091552734,119.55000305175781,120.2300033569336,1004500
2012-05-18,120.1500015258789,121.0,120.06999969482422,120.51000213623047,853300
2012-05-21,120.4800033569336,120.9000015258789,120.41999816894531,120.66999816894531,763800
2012-05-22,120.54000091552734,120.55000305175781,120.29000091552734,120.41999816894531,702400
2012-05-23,120.54000091552734,120.68000030517578,120.41999816894531,120.43000030517578,611000
2012-05-24,120.29000091552734,120.41999816894531,120.16999816894531,120.26000213623047,532300
2012-05-25,120.2699966430664,120.41999816894531,120.25,120.37999725341797,549400
2012-05-29,120.38999938964844,120.38999938964844,119.9800033569336,120.02999877929688,662200
2012-05-30,120.33000183105469,120.7699966430664,120.25,120.7300033569336,1540800
2012-05-31,120.83999633789062,121.43000030517578,120.83999633789062,121.30999755859375,1411200
2012-06-01,120.63999938964844,121.41000366210938,120.62000274658203,121.01000213623047,3270200
2012-06-04,120.86000061035156,121.08000183105469,120.66000366210938,120.77999877929688,1643400
2012-06-05,120.73999786376953,121.0,120.58999633789062,120.68000030517578,1289400
2012-06-06,120.94000244140625,120.94999694824219,120.08000183105469,120.11000061035156,6265800
2012-06-07,120.06999969482422,120.4000015258789,119.9800033569336,120.08999633789062,875900
2012-06-08,120.51000213623047,120.58999633789062,119.95999908447266,120.18000030517578,1036400
2012-06-11,119.97000122070312,120.44000244140625,119.91000366210938,120.16999816894531,573100
2012-06-12,120.0,120.2300033569336,119.76000213623047,119.91000366210938,463000
2012-06-13,120.04000091552734,120.31999969482422,119.86000061035156,120.18000030517578,563800
2012-06-14,120.20999908447266,120.27999877929688,119.81999969482422,120.0199966430664,1362700
2012-06-15,120.37000274658203,120.79000091552734,120.37000274658203,120.77999877929688,614000
2012-06-18,120.7699966430664,120.83999633789062,120.48999786376953,120.72000122070312,1141100
2012-06-19,120.41999816894531,120.62999725341797,120.29000091552734,120.58999633789062,665700
2012-06-20,120.47000122070312,120.80000305175781,120.20999908447266,120.43000030517578,749100
2012-06-21,120.30000305175781,120.36000061035156,119.88999938964844,119.91999816894531,1465000
2012-06-22,119.66000366210938,119.76000213623047,119.33999633789062,119.33999633789062,1224600
2012-06-25,119.69999694824219,119.91999816894531,119.66999816894531,119.88999938964844,713400
2012-06-26,119.6500015258789,119.91999816894531,119.55000305175781,119.80999755859375,891100
2012-06-27,119.91000366210938,120.0,119.76000213623047,119.93000030517578,637700
2012-06-28,120.08999633789062,120.2699966430664,119.87000274658203,119.9800033569336,1219400
2012-06-29,119.55999755859375,119.72000122070312,119.19999694824219,119.69999694824219,1011000
2012-07-02,119.43000030517578,119.88999938964844,119.4000015258789,119.5999984741211,3269400
2012-07-03,119.61000061035156,119.83000183105469,119.61000061035156,119.80999755859375,620000
2012-07-05,119.80000305175781,120.19000244140625,119.80000305175781,120.06999969482422,717400
2012-07-06,120.30000305175781,120.4000015258789,120.11000061035156,120.25,502100
2012-07-09,120.38999938964844,120.61000061035156,120.33000183105469,120.4800033569336,1305300
2012-07-10,120.62000274658203,120.9800033569336,120.55000305175781,120.79000091552734,498500
2012-07-11,120.83999633789062,121.02999877929688,120.66000366210938,120.66999816894531,432600
2012-07-12,120.88999938964844,120.91999816894531,120.75,120.91000366210938,430200
2012-07-13,120.80999755859375,121.0,120.58000183105469,120.97000122070312,430600
2012-07-16,121.16000366210938,121.45999908447266,121.11000061035156,121.11000061035156,485200
2012-07-17,121.0999984741211,121.1500015258789,120.70999908447266,120.94999694824219,713200
2012-07-18,121.11000061035156,121.11000061035156,120.94999694824219,120.9800033569336,446800
2012-07-19,120.88999938964844,121.11000061035156,120.80000305175781,121.08999633789062,400800
2012-07-20,121.29000091552734,121.55999755859375,121.25,121.47000122070312,424900
2012-07-23,121.5999984741211,121.62999725341797,121.36000061035156,121.37000274658203,428300
2012-07-24,121.2300033569336,121.5199966430664,121.22000122070312,121.44000244140625,497300
2012-07-25,121.44000244140625,121.52999877929688,121.1500015258789,121.30999755859375,1313200
2012-07-26,121.06999969482422,121.26000213623047,120.86000061035156,121.13999938964844,637800
2012-07-27,120.93000030517578,120.94999694824219,120.2699966430664,120.79000091552734,657200
2012-07-30,120.70999908447266,121.19999694824219,120.69000244140625,121.12999725341797,592800
2012-07-31,121.44999694824219,121.5199966430664,121.18000030517578,121.44000244140625,614700
2012-08-01,121.37000274658203,121.73999786376953,121.27999877929688,121.48999786376953,806900
2012-08-02,121.80000305175781,121.97000122070312,121.41000366210938,121.47000122070312,523200
2012-08-03,121.13999938964844,121.26000213623047,120.87999725341797,121.25,548800
2012-08-06,121.3499984741211,121.55999755859375,121.25,121.33000183105469,340700
2012-08-07,121.05999755859375,121.0999984741211,120.94000244140625,121.06999969482422,1396000
2012-08-08,121.0199966430664,121.08000183105469,120.62000274658203,120.70999908447266,1390400
2012-08-09,120.63999938964844,120.70999908447266,120.30000305175781,120.4800033569336,509200
2012-08-10,120.5999984741211,120.66999816894531,120.5,120.55999755859375,415700
2012-08-13,120.77999877929688,120.8499984741211,120.4000015258789,120.4000015258789,339700
2012-08-14,120.11000061035156,120.2300033569336,119.87000274658203,119.87000274658203,514400
2012-08-15,119.37000274658203,119.45999908447266,118.91000366210938,118.9800033569336,876600
2012-08-16,119.0,119.20999908447266,118.56999969482422,118.69000244140625,1660700
2012-08-17,118.68000030517578,118.98999786376953,118.68000030517578,118.8499984741211,1491500
2012-08-20,118.7300033569336,118.94000244140625,118.7300033569336,118.79000091552734,730400
2012-08-21,118.66000366210938,118.94000244140625,118.43000030517578,118.87000274658203,616300
2012-08-22,119.26000213623047,119.93000030517578,119.26000213623047,119.83999633789062,551400
2012-08-23,120.33000183105469,120.5,120.19999694824219,120.4000015258789,784400
2012-08-24,120.55999755859375,120.66999816894531,120.30000305175781,120.37999725341797,1581300
2012-08-27,120.61000061035156,120.80999755859375,120.58000183105469,120.7699966430664,491300
2012-08-28,120.95999908447266,121.20999908447266,120.87999725341797,121.08000183105469,476700
2012-08-29,120.98999786376953,120.98999786376953,120.5999984741211,120.66999816894531,636300
2012-08-30,120.9000015258789,120.94999694824219,120.5,120.58000183105469,950200
2012-08-31,120.33000183105469,121.16999816894531,120.33000183105469,121.13999938964844,1460500
2012-09-04,121.0,121.23999786376953,120.87000274658203,120.9800033569336,1809600
2012-09-05,120.98999786376953,121.22000122070312,120.95999908447266,121.18000030517578,1653300
2012-09-06,120.80000305175781,120.9000015258789,120.5199966430664,120.5199966430664,1033500
2012-09-07,121.23999786376953,121.41000366210938,120.91000366210938,120.91000366210938,795700
2012-09-10,121.0999984741211,121.33000183105469,120.95999908447266,121.22000122070312,880100
2012-09-11,121.0999984741211,121.25,120.95999908447266,121.0999984741211,702700
2012-09-12,120.7300033569336,120.83999633789062,120.4000015258789,120.51000213623047,769800
2012-09-13,120.70999908447266,121.62000274658203,120.27999877929688,121.5199966430664,1288500
2012-09-14,122.26000213623047,122.3499984741211,121.0,121.93000030517578,1306700
2012-09-17,121.80000305175781,122.19999694824219,121.63999938964844,121.81999969482422,1963100
2012-09-18,121.76000213623047,121.93000030517578,121.63999938964844,121.66000366210938,1245100
2012-09-19,121.70999908447266,121.97000122070312,121.58000183105469,121.80999755859375,612300
2012-09-20,122.12999725341797,122.25,121.2300033569336,121.4000015258789,1310800
2012-09-21,121.30999755859375,121.5,121.23999786376953,121.5,876200
2012-09-24,121.5199966430664,121.73999786376953,121.36000061035156,121.41999816894531,816700
2012-09-25,121.62000274658203,121.68000030517578,121.41999816894531,121.58000183105469,1157200
2012-09-26,121.9000015258789,122.0,121.75,121.86000061035156,843900
2012-09-27,121.83999633789062,122.16000366210938,121.69999694824219,121.83999633789062,928600
2012-09-28,121.9800033569336,122.08000183105469,121.62000274658203,121.76000213623047,1538500
2012-10-01,121.87000274658203,122.04000091552734,121.61000061035156,122.0,1715000
2012-10-02,121.73999786376953,122.52999877929688,121.73999786376953,122.5,849300
2012-10-03,122.44999694824219,122.75,122.44999694824219,122.62999725341797,6434400
2012-10-04,122.69000244140625,123.0,122.62000274658203,122.80999755859375,457700
2012-10-05,122.69999694824219,122.81999969482422,122.41999816894531,122.55999755859375,1001200
2012-10-08,122.58000183105469,122.94000244140625,122.58000183105469,122.8499984741211,492000
2012-10-09,122.62999725341797,123.13999938964844,122.4800033569336,122.54000091552734,685400
2012-10-10,122.27999877929688,122.47000122070312,122.12000274658203,122.41000366210938,654900
2012-10-11,122.1500015258789,122.38999938964844,122.06999969482422,122.30000305175781,497700
2012-10-12,122.41000366210938,122.54000091552734,122.11000061035156,122.19999694824219,893200
2012-10-15,122.26000213623047,122.41999816894531,122.12999725341797,122.19000244140625,460400
2012-10-16,122.06999969482422,122.12999725341797,121.62000274658203,121.66999816894531,660700
2012-10-17,121.41000366210938,121.55999755859375,121.16999816894531,121.30999755859375,573900
2012-10-18,121.16999816894531,121.47000122070312,121.08999633789062,121.30000305175781,483300
2012-10-19,121.37999725341797,121.95999908447266,121.37999725341797,121.70999908447266,566400
2012-10-22,121.69000244140625,121.81999969482422,121.5,121.51000213623047,410800
2012-10-23,121.70999908447266,121.97000122070312,121.69000244140625,121.7699966430664,566600
2012-10-24,121.73999786376953,121.7699966430664,121.52999877929688,121.58000183105469,507800
2012-10-25,121.13999938964844,121.36000061035156,121.0,121.22000122070312,417100
2012-10-26,121.4800033569336,121.81999969482422,121.4800033569336,121.81999969482422,436900
2012-10-31,122.0199966430664,122.58000183105469,122.0,122.5199966430664,947500
2012-11-01,122.0199966430664,122.2699966430664,122.0,122.08999633789062,2064900
2012-11-02,121.77999877929688,122.11000061035156,121.7699966430664,122.0199966430664,826100
2012-11-05,122.0,122.25,121.98999786376953,122.18000030517578,980300
2012-11-06,122.18000030517578,122.18000030517578,121.7699966430664,121.86000061035156,447000
2012-11-07,122.58000183105469,122.69999694824219,122.3499984741211,122.55999755859375,610200
2012-11-08,122.5999984741211,123.23999786376953,122.47000122070312,123.22000122070312,1113400
2012-11-09,123.0199966430664,123.12999725341797,122.68000030517578,122.7699966430664,1660000
2012-11-12,122.7699966430664,123.13999938964844,122.7699966430664,123.0999984741211,812400
2012-11-13,123.01000213623047,123.0999984741211,122.79000091552734,122.95999908447266,1520000
2012-11-14,122.48999786376953,122.87000274658203,122.43000030517578,122.83999633789062,538800
2012-11-15,122.68000030517578,122.83000183105469,122.5199966430664,122.75,672300
2012-11-16,122.51000213623047,122.9800033569336,122.5,122.83000183105469,581200
2012-11-19,122.44000244140625,122.69999694824219,122.44000244140625,122.5999984741211,1234000
2012-11-20,122.30999755859375,122.5199966430664,122.20999908447266,122.25,1320500
2012-11-21,122.08000183105469,122.0999984741211,121.88999938964844,121.95999908447266,448800
2012-11-23,122.08999633789062,122.0999984741211,121.86000061035156,121.87000274658203,681200
2012-11-26,122.0999984741211,122.4000015258789,122.0999984741211,122.20999908447266,548600
2012-11-27,122.22000122070312,122.33999633789062,122.1500015258789,122.20999908447266,824200
2012-11-28,122.55000305175781,122.5999984741211,122.37999725341797,122.5,1119400
2012-11-29,122.44000244140625,122.7300033569336,122.37999725341797,122.72000122070312,541100
2012-11-30,122.86000061035156,123.05000305175781,122.7300033569336,122.91000366210938,670900
2012-12-03,122.37999725341797,122.80000305175781,122.30999755859375,122.79000091552734,2222000
2012-12-04,122.5999984741211,122.9000015258789,122.5999984741211,122.83000183105469,1463300
2012-12-05,122.91999816894531,123.08999633789062,122.86000061035156,123.05000305175781,1839500
2012-12-06,123.1500015258789,123.44000244140625,123.1500015258789,123.30000305175781,550900
2012-12-07,123.19000244140625,123.27999877929688,123.05000305175781,123.1500015258789,532500
2012-12-10,123.19000244140625,123.30999755859375,123.0999984741211,123.30000305175781,1448100
2012-12-11,123.08999633789062,123.19999694824219,122.9000015258789,122.94000244140625,1500300
2012-12-12,123.05000305175781,123.16999816894531,122.55999755859375,122.55999755859375,964200
2012-12-13,122.30000305175781,122.5,122.05000305175781,122.22000122070312,2336300
2012-12-14,122.0999984741211,122.43000030517578,122.0999984741211,122.3499984741211,437300
2012-12-17,122.4000015258789,122.4000015258789,121.77999877929688,121.88999938964844,788900
2012-12-18,121.80999755859375,121.81999969482422,121.33999633789062,121.54000091552734,2142200
2012-12-19,121.5999984741211,121.97000122070312,121.55999755859375,121.63999938964844,1212000
2012-12-20,121.66999816894531,121.91999816894531,121.6500015258789,121.69999694824219,1556300
2012-12-21,121.94000244140625,122.19000244140625,121.91000366210938,122.04000091552734,2052300
2012-12-24,122.05999755859375,122.08999633789062,121.83000183105469,121.9000015258789,531100
2012-12-26,121.88999938964844,122.19000244140625,121.88999938964844,122.05000305175781,1440800
2012-12-27,121.94999694824219,122.43000030517578,121.94999694824219,122.19000244140625,1164300
2012-12-28,122.19999694824219,122.4000015258789,122.06999969482422,122.1500015258789,752900
2012-12-31,121.94999694824219,121.98999786376953,121.20999908447266,121.41000366210938,1517900
2013-01-02,121.16999816894531,121.36000061035156,121.12999725341797,121.33999633789062,2805000
2013-01-03,121.19000244140625,121.26000213623047,120.37999725341797,120.51000213623047,3622300
2013-01-04,120.37999725341797,120.5,120.16999816894531,120.45999908447266,940600
2013-01-07,120.51000213623047,120.94999694824219,120.48999786376953,120.87000274658203,1237600
2013-01-08,120.9800033569336,121.16000366210938,120.9800033569336,121.04000091552734,899300
2013-01-09,121.05000305175781,121.38999938964844,121.05000305175781,121.26000213623047,692300
2013-01-10,121.18000030517578,121.26000213623047,121.02999877929688,121.1500015258789,1017900
2013-01-11,120.94000244140625,121.26000213623047,120.83000183105469,121.26000213623047,691100
2013-01-14,121.33000183105469,121.3499984741211,121.1500015258789,121.30000305175781,709200
2013-01-15,121.43000030517578,121.5999984741211,121.37000274658203,121.37999725341797,654100
2013-01-16,121.37999725341797,121.45999908447266,121.26000213623047,121.3499984741211,968600
2013-01-17,121.19999694824219,121.20999908447266,121.0,121.13999938964844,596900
2013-01-18,121.16999816894531,121.37999725341797,121.13999938964844,121.33999633789062,892000
2013-01-22,121.12999725341797,121.41999816894531,121.11000061035156,121.31999969482422,634700
2013-01-23,121.37999725341797,121.5,121.31999969482422,121.33999633789062,1156300
2013-01-24,121.30000305175781,121.37999725341797,121.0199966430664,121.2699966430664,947300
2013-01-25,121.0,121.05000305175781,120.62999725341797,120.76000213623047,1141600
2013-01-28,120.37999725341797,120.5999984741211,120.33000183105469,120.5999984741211,1373900
2013-01-29,120.62999725341797,120.73999786376953,120.36000061035156,120.37999725341797,807100
2013-01-30,120.26000213623047,120.5,120.12000274658203,120.41999816894531,1540300
2013-01-31,120.55999755859375,120.86000061035156,120.44000244140625,120.77999877929688,1657800
2013-02-01,121.05000305175781,121.1500015258789,120.18000030517578,120.19000244140625,4125100
2013-02-04,120.58999633789062,121.01000213623047,120.58999633789062,120.97000122070312,2899100
2013-02-05,120.55999755859375,120.62999725341797,120.44000244140625,120.62000274658203,978800
2013-02-06,120.68000030517578,120.83999633789062,120.58999633789062,120.76000213623047,3383300
2013-02-07,120.6500015258789,121.02999877929688,120.6500015258789,120.6500015258789,826400
2013-02-08,120.70999908447266,120.7300033569336,120.41000366210938,120.61000061035156,1400100
2013-02-11,120.48999786376953,120.69000244140625,120.48999786376953,120.5199966430664,733600
2013-02-12,120.4000015258789,120.58999633789062,120.37000274658203,120.51000213623047,749900
2013-02-13,120.18000030517578,120.33000183105469,120.04000091552734,120.16999816894531,1108600
2013-02-14,120.33000183105469,120.5,120.19999694824219,120.37999725341797,633400
2013-02-15,120.12999725341797,120.19999694824219,119.9000015258789,120.05000305175781,917900
2013-02-19,120.19000244140625,120.23999786376953,119.95999908447266,119.98999786376953,1096300
2013-02-20,119.91999816894531,120.2300033569336,119.88999938964844,120.0199966430664,1117900
2013-02-21,120.18000030517578,120.29000091552734,120.06999969482422,120.16999816894531,1253000
2013-02-22,120.30999755859375,120.47000122070312,120.30000305175781,120.43000030517578,758900
2013-02-25,120.19000244140625,121.05000305175781,120.16999816894531,121.02999877929688,770200
2013-02-26,120.76000213623047,121.05999755859375,120.70999908447266,120.73999786376953,768900
2013-02-27,121.05999755859375,121.05999755859375,120.66000366210938,120.73999786376953,1033200
2013-02-28,120.80999755859375,121.01000213623047,120.77999877929688,121.01000213623047,1255100
2013-03-01,120.94000244140625,121.5199966430664,120.91999816894531,121.5199966430664,4043700
2013-03-04,121.20999908447266,121.30000305175781,121.08999633789062,121.13999938964844,964500
2013-03-05,121.06999969482422,121.18000030517578,120.9800033569336,121.11000061035156,3379200
2013-03-06,120.87000274658203,120.9800033569336,120.75,120.83999633789062,665000
2013-03-07,120.56999969482422,120.62000274658203,120.3499984741211,120.38999938964844,594000
2013-03-08,120.01000213623047,120.22000122070312,119.88999938964844,120.0,2900200
2013-03-11,120.02999877929688,120.1500015258789,119.93000030517578,119.94000244140625,1062100
2013-03-12,120.16999816894531,120.27999877929688,120.12000274658203,120.16000366210938,1150700
2013-03-13,120.0199966430664,120.2699966430664,120.0,120.19000244140625,961900
2013-03-14,120.06999969482422,120.51000213623047,120.05000305175781,120.4000015258789,900500
2013-03-15,120.38999938964844,120.61000061035156,120.37999725341797,120.55999755859375,741800
2013-03-18,120.8499984741211,120.95999908447266,120.7699966430664,120.81999969482422,829400
2013-03-19,120.94999694824219,121.12999725341797,120.91000366210938,120.94000244140625,701600
2013-03-20,120.79000091552734,120.87999725341797,120.55000305175781,120.5999984741211,1002900
2013-03-21,120.75,120.81999969482422,120.61000061035156,120.66000366210938,701000
2013-03-22,120.79000091552734,120.94000244140625,120.5999984741211,120.87000274658203,1041300
2013-03-25,120.77999877929688,121.04000091552734,120.70999908447266,120.87999725341797,639400
2013-03-26,120.7300033569336,120.95999908447266,120.62000274658203,120.94999694824219,666000
2013-03-27,121.22000122070312,121.37999725341797,121.0999984741211,121.31999969482422,636400
2013-03-28,121.22000122070312,121.29000091552734,121.05000305175781,121.2699966430664,1139100
2013-04-01,121.0199966430664,121.41000366210938,121.0199966430664,121.23999786376953,4659200
2013-04-02,121.30000305175781,121.36000061035156,121.05999755859375,121.18000030517578,1313900
2013-04-03,121.27999877929688,121.62000274658203,121.26000213623047,121.48999786376953,803300
2013-04-04,121.62000274658203,122.08000183105469,121.62000274658203,122.05999755859375,2745400
2013-04-05,122.69000244140625,122.80999755859375,122.5,122.56999969482422,886300
2013-04-08,122.5999984741211,122.69000244140625,122.01000213623047,122.02999877929688,874800
2013-04-09,122.12999725341797,122.2300033569336,121.80999755859375,121.91999816894531,1076200
2013-04-10,121.68000030517578,121.69000244140625,121.16000366210938,121.23999786376953,976600
2013-04-11,121.44000244140625,121.66999816894531,121.38999938964844,121.58000183105469,714000
2013-04-12,122.05000305175781,122.18000030517578,121.94000244140625,122.08000183105469,614400
2013-04-15,122.0,122.13999938964844,121.91999816894531,122.05999755859375,1087400
2013-04-16,121.69999694824219,121.94000244140625,121.69000244140625,121.8499984741211,585400
2013-04-17,121.77999877929688,121.94000244140625,121.63999938964844,121.83000183105469,621000
2013-04-18,121.81999969482422,121.91000366210938,120.9000015258789,120.9800033569336,912100
2013-04-19,121.26000213623047,121.56999969482422,121.19000244140625,121.44999694824219,870600
2013-04-22,121.73999786376953,121.80000305175781,121.61000061035156,121.7699966430664,596300
2013-04-23,121.86000061035156,122.19999694824219,121.7300033569336,121.83000183105469,550300
2013-04-24,121.76000213623047,122.04000091552734,121.76000213623047,122.01000213623047,488400
2013-04-25,122.02999877929688,122.19999694824219,122.02999877929688,122.0999984741211,872300
2013-04-26,122.38999938964844,122.58000183105469,122.38999938964844,122.55000305175781,809900
2013-04-29,122.56999969482422,122.62999725341797,122.22000122070312,122.22000122070312,660600
2013-04-30,122.2300033569336,122.36000061035156,121.94000244140625,122.1500015258789,678300
2013-05-01,121.91000366210938,121.91000366210938,121.58999633789062,121.80999755859375,2321400
2013-05-02,121.56999969482422,121.69999694824219,121.52999877929688,121.68000030517578,506600
2013-05-03,121.23999786376953,121.29000091552734,120.75,120.8499984741211,1425800
2013-05-06,120.9000015258789,120.9000015258789,120.5199966430664,120.66999816894531,821100
2013-05-07,120.55000305175781,120.69000244140625,120.52999877929688,120.66000366210938,768300
2013-05-08,120.45999908447266,120.5199966430664,120.33999633789062,120.4000015258789,782600
2013-05-09,120.55999755859375,120.5999984741211,120.33999633789062,120.3499984741211,679800
2013-05-10,120.20999908447266,120.25,119.69000244140625,120.01000213623047,654500
2013-05-13,119.7699966430664,119.86000061035156,119.62000274658203,119.6500015258789,834400
2013-05-14,119.72000122070312,119.80000305175781,119.13999938964844,119.13999938964844,965800
2013-05-15,119.25,119.3499984741211,118.94000244140625,119.18000030517578,985700
2013-05-16,119.0999984741211,119.6500015258789,119.08000183105469,119.5199966430664,1047300
2013-05-17,119.33000183105469,119.33000183105469,118.9000015258789,118.91999816894531,835400
2013-05-20,118.94000244140625,119.04000091552734,118.72000122070312,118.88999938964844,1281000
2013-05-21,118.80999755859375,119.18000030517578,118.58999633789062,119.13999938964844,1008300
2013-05-22,119.1500015258789,119.44999694824219,118.02999877929688,118.06999969482422,1543400
2013-05-23,118.37000274658203,118.44999694824219,117.69000244140625,118.0999984741211,1696500
2013-05-24,118.18000030517578,118.37999725341797,118.11000061035156,118.19999694824219,792300
2013-05-28,118.12000274658203,118.19000244140625,117.12999725341797,117.12999725341797,1264300
2013-05-29,117.20999908447266,117.4000015258789,116.8499984741211,117.05000305175781,1974600
2013-05-30,117.11000061035156,117.19999694824219,116.48999786376953,116.62000274658203,1562800
2013-05-31,116.81999969482422,116.9000015258789,116.01000213623047,116.7300033569336,3125700
2013-06-03,115.91000366210938,116.75,115.5,116.33000183105469,5215700
2013-06-04,116.18000030517578,116.51000213623047,116.05999755859375,116.11000061035156,1703000
2013-06-05,116.33999633789062,116.41000366210938,116.13999938964844,116.25,1543700
2013-06-06,115.69000244140625,116.3499984741211,115.61000061035156,116.12000274658203,1286700
2013-06-07,115.69999694824219,115.94000244140625,115.3499984741211,115.44000244140625,1275200
2013-06-10,115.18000030517578,115.43000030517578,114.5999984741211,114.63999938964844,2052200
2013-06-11,113.87000274658203,114.58999633789062,113.79000091552734,114.58000183105469,2558500
2013-06-12,114.41000366210938,114.61000061035156,113.66999816894531,113.69999694824219,2283100
2013-06-13,113.9800033569336,114.58999633789062,113.5199966430664,114.56999969482422,2234400
2013-06-14,114.9800033569336,114.9800033569336,114.47000122070312,114.47000122070312,1083500
2013-06-17,114.62000274658203,114.70999908447266,114.0,114.0999984741211,1590000
2013-06-18,114.0999984741211,114.61000061035156,114.0999984741211,114.41000366210938,1267100
2013-06-19,114.70999908447266,114.83999633789062,112.8499984741211,112.88999938964844,2040800
2013-06-20,112.47000122070312,112.6500015258789,111.26000213623047,111.75,3001500
2013-06-21,111.55000305175781,111.73999786376953,110.43000030517578,110.44000244140625,2374200
2013-06-24,108.91999816894531,110.33999633789062,108.80999755859375,110.0199966430664,3696700
2013-06-25,110.30000305175781,110.58000183105469,110.05000305175781,110.20999908447266,1629600
2013-06-26,110.80999755859375,111.0,110.47000122070312,110.70999908447266,1148400
2013-06-27,111.26000213623047,111.94999694824219,111.26000213623047,111.62999725341797,1227000
2013-06-28,111.25,112.01000213623047,111.08000183105469,112.01000213623047,1407800
2013-07-01,111.37000274658203,112.06999969482422,111.3499984741211,112.0199966430664,1048000
2013-07-02,112.22000122070312,112.62999725341797,112.22000122070312,112.37999725341797,909700
2013-07-03,112.48999786376953,112.69000244140625,112.12999725341797,112.16999816894531,772700
2013-07-05,111.0199966430664,111.20999908447266,110.61000061035156,110.63999938964844,1234200
2013-07-08,110.95999908447266,111.45999908447266,110.95999908447266,111.33999633789062,1845500
2013-07-09,111.55999755859375,111.55999755859375,111.25,111.29000091552734,921900
2013-07-10,111.30000305175781,111.4800033569336,110.88999938964844,110.91000366210938,1062800
2013-07-11,111.72000122070312,111.86000061035156,111.1500015258789,111.68000030517578,1469400
2013-07-12,112.05999755859375,112.20999908447266,111.56999969482422,111.72000122070312,830800
2013-07-15,111.83999633789062,112.30999755859375,111.83999633789062,112.26000213623047,810600
2013-07-16,112.48999786376953,112.77999877929688,112.41999816894531,112.70999908447266,814600
2013-07-17,113.08000183105469,113.33000183105469,112.9000015258789,113.0199966430664,615400
2013-07-18,112.7300033569336,112.83999633789062,112.37999725341797,112.61000061035156,795800
2013-07-19,112.94999694824219,113.4800033569336,112.94000244140625,113.41999816894531,641200
2013-07-22,113.5199966430664,113.55000305175781,113.31999969482422,113.37999725341797,639500
2013-07-23,113.12000274658203,113.18000030517578,112.87999725341797,113.12000274658203,719700
2013-07-24,112.3499984741211,112.44999694824219,111.83999633789062,112.19999694824219,753000
2013-07-25,112.01000213623047,112.37000274658203,111.83000183105469,112.26000213623047,850600
2013-07-26,112.37000274658203,112.4800033569336,112.19000244140625,112.29000091552734,1068200
2013-07-29,112.12000274658203,112.25,112.05000305175781,112.20999908447266,694000
2013-07-30,112.30000305175781,112.4000015258789,112.08000183105469,112.16000366210938,692900
2013-07-31,111.70999908447266,112.87000274658203,111.62000274658203,112.87000274658203,1334900
2013-08-01,112.3499984741211,112.41999816894531,111.91000366210938,112.01000213623047,1367000
2013-08-02,112.38999938964844,112.62999725341797,112.23999786376953,112.58000183105469,768200
2013-08-05,112.47000122070312,112.61000061035156,112.31999969482422,112.58999633789062,626300
2013-08-06,112.87999725341797,112.87999725341797,112.62000274658203,112.86000061035156,614000
2013-08-07,113.0,113.23999786376953,112.94000244140625,113.12999725341797,762700
2013-08-08,113.11000061035156,113.48999786376953,113.11000061035156,113.25,573100
2013-08-09,113.12999725341797,113.41999816894531,113.12000274658203,113.36000061035156,419500
2013-08-12,113.66000366210938,113.66000366210938,113.0,113.05999755859375,557500
2013-08-13,112.66999816894531,112.66999816894531,112.04000091552734,112.06999969482422,699500
2013-08-14,111.87999725341797,112.11000061035156,111.80999755859375,111.83000183105469,685700
2013-08-15,111.01000213623047,111.31999969482422,110.80999755859375,111.02999877929688,929100
2013-08-16,110.94999694824219,111.02999877929688,110.18000030517578,110.51000213623047,940700
2013-08-19,110.16999816894531,110.26000213623047,109.76000213623047,109.8499984741211,912100
2013-08-20,110.22000122070312,110.58999633789062,110.1500015258789,110.52999877929688,719400
2013-08-21,110.36000061035156,110.62999725341797,109.75,109.75,959800
2013-08-22,109.61000061035156,109.80999755859375,109.41000366210938,109.80000305175781,1111600
2013-08-23,109.93000030517578,110.62000274658203,109.75,110.56999969482422,617600
2013-08-26,110.80000305175781,111.05000305175781,110.75,110.95999908447266,484700
2013-08-27,111.41000366210938,111.73999786376953,111.3499984741211,111.63999938964844,564300
2013-08-28,111.41999816894531,111.43000030517578,111.06999969482422,111.2300033569336,474000
2013-08-29,110.83000183105469,111.30999755859375,110.77999877929688,111.08000183105469,661000
2013-08-30,111.16999816894531,111.27999877929688,110.58999633789062,110.73999786376953,1035000
2013-09-03,110.18000030517578,110.2699966430664,109.68000030517578,110.05999755859375,1211300
2013-09-04,110.16000366210938,110.16000366210938,109.44999694824219,109.5,783900
2013-09-05,109.3499984741211,109.3499984741211,108.62999725341797,108.70999908447266,976500
2013-09-06,109.20999908447266,109.56999969482422,109.05999755859375,109.16000366210938,567300
2013-09-09,109.55999755859375,109.66999816894531,109.33000183105469,109.36000061035156,652000
2013-09-10,109.05999755859375,109.47000122070312,109.02999877929688,109.18000030517578,762400
2013-09-11,109.4800033569336,109.86000061035156,109.37000274658203,109.80000305175781,754600
2013-09-12,110.2300033569336,110.25,109.70999908447266,109.8499984741211,946300
2013-09-13,109.76000213623047,109.93000030517578,109.63999938964844,109.83999633789062,868100
2013-09-16,110.70999908447266,110.73999786376953,110.06999969482422,110.13999938964844,519400
2013-09-17,110.58000183105469,110.62000274658203,110.36000061035156,110.56999969482422,554400
2013-09-18,110.44999694824219,112.27999877929688,110.19000244140625,112.04000091552734,859900
2013-09-19,112.0999984741211,112.12999725341797,111.55999755859375,111.68000030517578,778200
2013-09-20,111.69999694824219,112.1500015258789,111.58000183105469,111.98999786376953,470900
2013-09-23,112.27999877929688,112.43000030517578,112.12000274658203,112.37999725341797,703900
2013-09-24,112.47000122070312,112.4800033569336,112.29000091552734,112.4000015258789,559100
2013-09-25,112.41000366210938,112.55999755859375,112.20999908447266,112.5,459000
2013-09-26,112.30999755859375,112.41999816894531,112.16000366210938,112.33999633789062,449900
2013-09-27,112.5,112.55999755859375,112.31999969482422,112.37000274658203,360400
2013-09-30,112.4000015258789,112.58000183105469,112.0999984741211,112.58000183105469,1100100
2013-10-01,112.51000213623047,112.5199966430664,112.2699966430664,112.38999938964844,1383500
2013-10-02,112.62999725341797,112.76000213623047,112.47000122070312,112.56999969482422,423700
2013-10-03,112.56999969482422,112.8499984741211,112.43000030517578,112.6500015258789,480300
2013-10-04,112.5999984741211,112.5999984741211,112.33000183105469,112.41000366210938,377300
2013-10-07,112.69000244140625,112.75,112.4800033569336,112.52999877929688,405300
2013-10-08,112.5199966430664,112.62000274658203,112.2300033569336,112.2300033569336,614800
2013-10-09,112.54000091552734,112.54000091552734,112.16000366210938,112.23999786376953,859000
2013-10-10,112.08000183105469,112.25,111.97000122070312,112.1500015258789,516000
2013-10-11,112.30999755859375,112.45999908447266,112.12999725341797,112.12999725341797,641600
2013-10-14,112.08999633789062,112.19999694824219,111.61000061035156,111.63999938964844,303800
2013-10-15,112.05000305175781,112.11000061035156,111.80000305175781,111.86000061035156,517700
2013-10-16,111.69999694824219,112.23999786376953,111.63999938964844,112.08999633789062,493600
2013-10-17,112.6500015258789,112.66000366210938,112.41000366210938,112.52999877929688,503600
2013-10-18,112.72000122070312,112.76000213623047,112.58999633789062,112.69000244140625,493500
2013-10-21,112.62999725341797,112.66000366210938,112.5,112.5999984741211,391100
2013-10-22,113.12000274658203,113.19000244140625,112.9800033569336,113.16999816894531,484300
2013-10-23,113.29000091552734,113.41999816894531,113.11000061035156,113.12000274658203,369100
2013-10-24,113.20999908447266,113.25,112.9000015258789,113.16000366210938,435300
2013-10-25,113.37999725341797,113.45999908447266,113.26000213623047,113.41000366210938,538800
2013-10-28,113.3499984741211,113.5,113.33000183105469,113.36000061035156,385300
2013-10-29,113.20999908447266,113.38999938964844,113.20999908447266,113.29000091552734,409400
2013-10-30,113.31999969482422,113.54000091552734,113.04000091552734,113.13999938964844,476600
2013-10-31,113.41000366210938,113.41999816894531,112.80000305175781,112.91999816894531,1095000
2013-11-01,112.52999877929688,112.63999938964844,112.01000213623047,112.04000091552734,951100
2013-11-04,112.22000122070312,112.2699966430664,112.08000183105469,112.0999984741211,586000
2013-11-05,111.8499984741211,111.93000030517578,111.61000061035156,111.66000366210938,506200
2013-11-06,112.05000305175781,112.38999938964844,112.02999877929688,112.30000305175781,723800
2013-11-07,112.44999694824219,112.62999725341797,112.33000183105469,112.44999694824219,524400
2013-11-08,111.58999633789062,111.6500015258789,111.36000061035156,111.48999786376953,653800
2013-11-11,111.54000091552734,111.54000091552734,111.27999877929688,111.27999877929688,809100
2013-11-12,111.5199966430664,111.52999877929688,111.30000305175781,111.33999633789062,751500
2013-11-13,111.7300033569336,111.75,111.5,111.52999877929688,413100
2013-11-14,111.75,112.20999908447266,111.73999786376953,112.13999938964844,415200
2013-11-15,112.25,112.25,111.97000122070312,112.19000244140625,565800
2013-11-18,112.20999908447266,112.48999786376953,112.12000274658203,112.48999786376953,413100
2013-11-19,112.2300033569336,112.29000091552734,111.94999694824219,112.05000305175781,531900
2013-11-20,111.87999725341797,112.05000305175781,111.22000122070312,111.36000061035156,748000
2013-11-21,111.08999633789062,111.5999984741211,110.87000274658203,111.55000305175781,814500
2013-11-22,111.80000305175781,111.97000122070312,111.7300033569336,111.86000061035156,465500
2013-11-25,111.91999816894531,112.06999969482422,111.79000091552734,111.93000030517578,372400
2013-11-26,112.05999755859375,112.12000274658203,111.91999816894531,111.91999816894531,418700
2013-11-27,111.83000183105469,111.87000274658203,111.44000244140625,111.69999694824219,333800
2013-11-29,111.58000183105469,111.69999694824219,111.45999908447266,111.61000061035156,584300
2013-12-02,111.4000015258789,111.41999816894531,110.9800033569336,111.02999877929688,550300
2013-12-03,111.25,111.27999877929688,111.05000305175781,111.08999633789062,670700
2013-12-04,110.66000366210938,110.7300033569336,110.38999938964844,110.47000122070312,670300
2013-12-05,110.43000030517578,110.51000213623047,110.22000122070312,110.33999633789062,680900
2013-12-06,110.38999938964844,110.5,110.11000061035156,110.33000183105469,809600
2013-12-09,110.41000366210938,110.5199966430664,110.29000091552734,110.41999816894531,581700
2013-12-10,110.79000091552734,110.83999633789062,110.4800033569336,110.70999908447266,1088900
2013-12-11,110.66999816894531,110.77999877929688,110.47000122070312,110.52999877929688,1103600
2013-12-12,110.41999816894531,110.44999694824219,110.18000030517578,110.22000122070312,754900
2013-12-13,110.43000030517578,110.55000305175781,110.36000061035156,110.54000091552734,557200
2013-12-16,110.88999938964844,110.88999938964844,110.51000213623047,110.62000274658203,563500
2013-12-17,110.63999938964844,110.94999694824219,110.5999984741211,110.94999694824219,1164000
2013-12-18,110.63999938964844,110.95999908447266,110.31999969482422,110.45999908447266,1143500
2013-12-19,110.2300033569336,110.30000305175781,110.01000213623047,110.05000305175781,855300
2013-12-20,110.38999938964844,110.47000122070312,110.13999938964844,110.41999816894531,783000
2013-12-23,110.37000274658203,110.4000015258789,110.16999816894531,110.2300033569336,579700
2013-12-24,110.04000091552734,110.08999633789062,109.86000061035156,109.86000061035156,297600
2013-12-26,109.80999755859375,109.88999938964844,109.72000122070312,109.80999755859375,470300
2013-12-27,109.86000061035156,109.98999786376953,109.73999786376953,109.75,466500
2013-12-30,109.9800033569336,110.18000030517578,109.9000015258789,110.05999755859375,633200
2013-12-31,110.0199966430664,110.08999633789062,109.68000030517578,109.9000015258789,1010000
2014-01-02,109.98999786376953,110.37000274658203,109.94999694824219,110.26000213623047,681500
2014-01-03,110.1500015258789,110.41000366210938,110.1500015258789,110.20999908447266,389700
2014-01-06,110.33000183105469,110.69999694824219,110.31999969482422,110.58000183105469,1406700
2014-01-07,110.55999755859375,110.68000030517578,110.45999908447266,110.5999984741211,392600
2014-01-08,110.37999725341797,110.55000305175781,110.33000183105469,110.52999877929688,386500
2014-01-09,110.69999694824219,110.97000122070312,110.62999725341797,110.94999694824219,740000
2014-01-10,111.4000015258789,111.58000183105469,111.33000183105469,111.54000091552734,1542300
2014-01-13,111.48999786376953,111.70999908447266,111.44999694824219,111.58999633789062,650000
2014-01-14,111.41000366210938,111.5199966430664,111.16999816894531,111.20999908447266,586300
2014-01-15,111.0199966430664,111.22000122070312,110.97000122070312,111.11000061035156,809800
2014-01-16,111.27999877929688,111.4000015258789,111.13999938964844,111.19999694824219,506900
2014-01-17,111.19999694824219,111.41000366210938,111.05000305175781,111.41000366210938,392900
2014-01-21,111.26000213623047,111.37999725341797,111.0999984741211,111.19999694824219,1651400
2014-01-22,111.01000213623047,111.19999694824219,110.97000122070312,111.01000213623047,1110400
2014-01-23,111.29000091552734,111.6500015258789,111.27999877929688,111.48999786376953,669100
2014-01-24,111.6500015258789,111.81999969482422,111.55000305175781,111.80999755859375,780000
2014-01-27,111.81999969482422,111.87999725341797,111.41999816894531,111.41999816894531,1517800
2014-01-28,111.61000061035156,111.63999938964844,111.43000030517578,111.63999938964844,770700
2014-01-29,111.81999969482422,112.13999938964844,111.66999816894531,112.05999755859375,633400
2014-01-30,111.83000183105469,112.05000305175781,111.80000305175781,111.98999786376953,472400
2014-01-31,112.18000030517578,112.2699966430664,112.05999755859375,112.20999908447266,737000
2014-02-03,112.25,112.87999725341797,112.13999938964844,112.87000274658203,670600
2014-02-04,112.55999755859375,112.55999755859375,112.2300033569336,112.37999725341797,1405400
2014-02-05,112.27999877929688,112.30000305175781,111.86000061035156,111.88999938964844,796300
2014-02-06,111.87000274658203,111.91000366210938,111.70999908447266,111.91000366210938,353100
2014-02-07,112.0199966430664,112.3499984741211,111.97000122070312,112.2300033569336,495500
2014-02-10,112.19000244140625,112.37999725341797,112.11000061035156,112.33000183105469,411100
2014-02-11,112.04000091552734,112.12999725341797,111.87999725341797,111.97000122070312,1149300
2014-02-12,111.81999969482422,111.87999725341797,111.5999984741211,111.69000244140625,409000
2014-02-13,111.94000244140625,112.11000061035156,111.87999725341797,112.06999969482422,375700
2014-02-14,111.95999908447266,112.0,111.75,111.83999633789062,336700
2014-02-18,111.94999694824219,112.2300033569336,111.91999816894531,112.05000305175781,401700
2014-02-19,112.20999908447266,112.20999908447266,111.73999786376953,111.83000183105469,500400
2014-02-20,111.68000030517578,111.83000183105469,111.37000274658203,111.48999786376953,512600
2014-02-21,111.45999908447266,111.73999786376953,111.45999908447266,111.69000244140625,292000
2014-02-24,111.73999786376953,111.80999755859375,111.55999755859375,111.69000244140625,354800
2014-02-25,111.87999725341797,112.12999725341797,111.87999725341797,112.12000274658203,328700
2014-02-26,112.13999938964844,112.41999816894531,112.08000183105469,112.37999725341797,366100
2014-02-27,112.5,112.66000366210938,112.41999816894531,112.54000091552734,317300
2014-02-28,112.4800033569336,112.76000213623047,112.29000091552734,112.69999694824219,928000
2014-03-03,112.94000244140625,113.25,112.93000030517578,113.22000122070312,7719800
2014-03-04,112.81999969482422,112.81999969482422,112.45999908447266,112.48999786376953,933100
2014-03-05,112.41999816894531,112.66000366210938,112.33000183105469,112.6500015258789,1138100
2014-03-06,112.2300033569336,112.5,112.19999694824219,112.37000274658203,308800
2014-03-07,112.05999755859375,112.22000122070312,112.01000213623047,112.12999725341797,426400
2014-03-10,112.11000061035156,112.22000122070312,112.06999969482422,112.18000030517578,358600
2014-03-11,112.08000183105469,112.2300033569336,112.0,112.1500015258789,510000
2014-03-12,112.37000274658203,112.54000091552734,112.2699966430664,112.38999938964844,435500
2014-03-13,112.1500015258789,112.87000274658203,112.08999633789062,112.8499984741211,543000
2014-03-14,112.9800033569336,113.04000091552734,112.7300033569336,112.83000183105469,391100
2014-03-17,112.66999816894531,112.75,112.52999877929688,112.56999969482422,430500
2014-03-18,112.58999633789062,112.79000091552734,112.5,112.79000091552734,542200
2014-03-19,112.62000274658203,112.70999908447266,111.66000366210938,111.75,560100
2014-03-20,111.44000244140625,111.4800033569336,111.31999969482422,111.4000015258789,643100
2014-03-21,111.55000305175781,111.86000061035156,111.52999877929688,111.81999969482422,300500
2014-03-24,111.6500015258789,112.05999755859375,111.62999725341797,111.95999908447266,352200
2014-03-25,111.9000015258789,112.0,111.80000305175781,111.93000030517578,369700
2014-03-26,111.94999694824219,112.31999969482422,111.93000030517578,112.31999969482422,376300
2014-03-27,112.29000091552734,112.54000091552734,112.22000122070312,112.36000061035156,230500
2014-03-28,112.41999816894531,112.41999816894531,111.95999908447266,112.08000183105469,303400
2014-03-31,111.81999969482422,112.0999984741211,111.76000213623047,112.0999984741211,407700
2014-04-01,111.91000366210938,111.93000030517578,111.69000244140625,111.70999908447266,6684900
2014-04-02,111.48999786376953,111.63999938964844,111.4000015258789,111.45999908447266,867400
2014-04-03,111.55000305175781,111.7300033569336,111.52999877929688,111.58999633789062,1901600
2014-04-04,111.80000305175781,112.19999694824219,111.80000305175781,112.0999984741211,410200
2014-04-07,112.23999786376953,112.44999694824219,112.19999694824219,112.2699966430664,583400
2014-04-08,112.23999786376953,112.38999938964844,112.05999755859375,112.33000183105469,337900
2014-04-09,112.08000183105469,112.5,112.08000183105469,112.41000366210938,347200
2014-04-10,112.48999786376953,113.0199966430664,112.48999786376953,112.80000305175781,428700
2014-04-11,113.13999938964844,113.19999694824219,112.94999694824219,113.08999633789062,509800
2014-04-14,112.98999786376953,113.05999755859375,112.83000183105469,112.87000274658203,244600
2014-04-15,112.95999908447266,113.30000305175781,112.88999938964844,113.1500015258789,324500
2014-04-16,112.94999694824219,113.30000305175781,112.94000244140625,113.22000122070312,359500
2014-04-17,113.27999877929688,113.33000183105469,112.91999816894531,113.08000183105469,688900
2014-04-21,113.16000366210938,113.38999938964844,113.04000091552734,113.08000183105469,321500
2014-04-22,112.86000061035156,113.1500015258789,112.8499984741211,113.08000183105469,324000
2014-04-23,113.37000274658203,113.51000213623047,113.26000213623047,113.43000030517578,868400
2014-04-24,113.37000274658203,113.54000091552734,113.29000091552734,113.5,617000
2014-04-25,113.61000061035156,113.8499984741211,113.51000213623047,113.55000305175781,259000
2014-04-28,113.4800033569336,113.52999877929688,113.18000030517578,113.20999908447266,297600
2014-04-29,112.97000122070312,113.18000030517578,112.91000366210938,113.13999938964844,372200
2014-04-30,113.26000213623047,113.58999633789062,113.12000274658203,113.58000183105469,757000
2014-05-01,113.41999816894531,113.87999725341797,113.4000015258789,113.7300033569336,559700
2014-05-02,113.5199966430664,114.16000366210938,113.44000244140625,114.02999877929688,1284500
2014-05-05,114.11000061035156,114.12999725341797,113.7300033569336,113.79000091552734,332900
2014-05-06,113.94000244140625,113.94000244140625,113.69999694824219,113.75,583700
2014-05-07,113.7699966430664,113.91000366210938,113.5999984741211,113.81999969482422,274900
2014-05-08,113.8499984741211,114.11000061035156,113.75,113.9800033569336,283300
2014-05-09,113.87000274658203,114.0,113.80999755859375,113.91000366210938,230600
2014-05-12,113.81999969482422,113.81999969482422,113.47000122070312,113.5999984741211,817700
2014-05-13,113.7699966430664,113.88999938964844,113.6500015258789,113.88999938964844,475500
2014-05-14,114.27999877929688,114.69000244140625,114.27999877929688,114.54000091552734,267600
2014-05-15,114.81999969482422,115.23999786376953,114.81999969482422,115.06999969482422,568100
2014-05-16,115.13999938964844,115.25,114.94000244140625,114.94999694824219,573500
2014-05-19,115.11000061035156,115.1500015258789,114.58000183105469,114.61000061035156,503700
2014-05-20,114.62000274658203,114.91999816894531,114.51000213623047,114.83000183105469,434800
2014-05-21,114.69999694824219,114.77999877929688,114.55000305175781,114.76000213623047,410300
2014-05-22,114.6500015258789,115.0,114.56999969482422,114.94000244140625,396300
2014-05-23,115.12000274658203,115.30000305175781,115.05999755859375,115.20999908447266,426200
2014-05-27,115.19999694824219,115.30000305175781,114.9800033569336,115.27999877929688,538700
2014-05-28,115.55999755859375,115.94999694824219,115.55999755859375,115.91000366210938,366600
2014-05-29,115.94999694824219,116.33999633789062,115.8499984741211,115.86000061035156,329800
2014-05-30,115.7300033569336,115.83000183105469,115.58000183105469,115.58999633789062,804700
2014-06-02,114.77999877929688,114.88999938964844,114.36000061035156,114.47000122070312,2089800
2014-06-03,114.2300033569336,114.23999786376953,113.7300033569336,113.80000305175781,780600
2014-06-04,113.73999786376953,113.80000305175781,113.44999694824219,113.5,827800
2014-06-05,113.58999633789062,113.91999816894531,113.55000305175781,113.79000091552734,880600
2014-06-06,114.11000061035156,114.13999938964844,113.70999908447266,113.79000091552734,518300
2014-06-09,113.69000244140625,113.8499984741211,113.58999633789062,113.77999877929688,304500
2014-06-10,113.58000183105469,113.69999694824219,113.51000213623047,113.58999633789062,673300
2014-06-11,113.68000030517578,113.80000305175781,113.5999984741211,113.69999694824219,244600
2014-06-12,113.80000305175781,114.16000366210938,113.7300033569336,114.04000091552734,794800
2014-06-13,113.66999816894531,114.0,113.61000061035156,113.8499984741211,316600
2014-06-16,113.91000366210938,114.04000091552734,113.79000091552734,113.95999908447266,369200
2014-06-17,114.0,114.0199966430664,113.7300033569336,113.80000305175781,275400
2014-06-18,113.94000244140625,114.4000015258789,113.93000030517578,114.36000061035156,282200
2014-06-19,114.63999938964844,114.69999694824219,114.05999755859375,114.19999694824219,339600
2014-06-20,114.25,114.62000274658203,114.23999786376953,114.62000274658203,377200
2014-06-23,114.76000213623047,114.83000183105469,114.48999786376953,114.5199966430664,372500
2014-06-24,114.80000305175781,115.05000305175781,114.63999938964844,115.04000091552734,374900
2014-06-25,115.20999908447266,115.30000305175781,115.02999877929688,115.08999633789062,466800
2014-06-26,115.27999877929688,115.45999908447266,115.20999908447266,115.30999755859375,315400
2014-06-27,115.5,115.55000305175781,115.30000305175781,115.3499984741211,212200
2014-06-30,115.44999694824219,115.44999694824219,115.26000213623047,115.36000061035156,358100
2014-07-01,114.76000213623047,114.81999969482422,114.51000213623047,114.55999755859375,495000
2014-07-02,114.30000305175781,114.33000183105469,114.01000213623047,114.0199966430664,596700
2014-07-03,113.86000061035156,114.13999938964844,113.80000305175781,114.11000061035156,308900
2014-07-07,114.23999786376953,114.44000244140625,114.2300033569336,114.33000183105469,466400
2014-07-08,114.55000305175781,114.80000305175781,114.55000305175781,114.69999694824219,324400
2014-07-09,114.66000366210938,115.06999969482422,114.56999969482422,114.9800033569336,517300
2014-07-10,115.31999969482422,115.33999633789062,115.02999877929688,115.12000274658203,346900
2014-07-11,115.31999969482422,115.43000030517578,115.25,115.29000091552734,804400
2014-07-14,115.19000244140625,115.22000122070312,114.9800033569336,115.05999755859375,331300
2014-07-15,114.97000122070312,115.19999694824219,114.72000122070312,114.80999755859375,356800
2014-07-16,114.79000091552734,114.86000061035156,114.69999694824219,114.77999877929688,511700
2014-07-17,115.11000061035156,115.54000091552734,114.94000244140625,115.5,542900
2014-07-18,115.44999694824219,115.44999694824219,115.12999725341797,115.27999877929688,390900
2014-07-21,115.43000030517578,115.6500015258789,115.38999938964844,115.48999786376953,670800
2014-07-22,115.41000366210938,115.43000030517578,115.20999908447266,115.38999938964844,289300
2014-07-23,115.43000030517578,115.52999877929688,115.3499984741211,115.37999725341797,426800
2014-07-24,115.08999633789062,115.19999694824219,114.98999786376953,115.16999816894531,290200
2014-07-25,115.51000213623047,115.68000030517578,115.44000244140625,115.66999816894531,226300
2014-07-28,115.56999969482422,115.68000030517578,115.38999938964844,115.54000091552734,844400
2014-07-29,115.7300033569336,115.73999786376953,115.45999908447266,115.70999908447266,291200
2014-07-30,115.33999633789062,115.38999938964844,114.93000030517578,114.94999694824219,673400
2014-07-31,114.72000122070312,115.19000244140625,114.6500015258789,114.91000366210938,585800
2014-08-01,114.77999877929688,115.08999633789062,114.41000366210938,114.98999786376953,687300
2014-08-04,115.05000305175781,115.12999725341797,114.79000091552734,114.81999969482422,822300
2014-08-05,114.68000030517578,115.05000305175781,114.5,114.94999694824219,540700
2014-08-06,115.22000122070312,115.27999877929688,114.94999694824219,114.95999908447266,470800
2014-08-07,115.05000305175781,115.4800033569336,114.91000366210938,115.45999908447266,329200
2014-08-08,115.4800033569336,115.72000122070312,115.25,115.36000061035156,349900
2014-08-11,115.44000244140625,115.5,115.27999877929688,115.37000274658203,348500
2014-08-12,115.31999969482422,115.3499984741211,115.01000213623047,115.0199966430664,626500
2014-08-13,115.12000274658203,115.37999725341797,115.04000091552734,115.3499984741211,351600
2014-08-14,115.58000183105469,115.62000274658203,115.30999755859375,115.47000122070312,458400
2014-08-15,115.5199966430664,116.13999938964844,115.51000213623047,115.75,514800
2014-08-18,115.55999755859375,115.5999984741211,115.22000122070312,115.30000305175781,514300
2014-08-19,115.5199966430664,115.5199966430664,114.97000122070312,115.08999633789062,424300
2014-08-20,115.0,115.05999755859375,114.6500015258789,114.75,409600
2014-08-21,114.7300033569336,115.06999969482422,114.7300033569336,114.97000122070312,397300
2014-08-22,115.06999969482422,115.16999816894531,114.63999938964844,114.91999816894531,406200
2014-08-25,115.0,115.06999969482422,114.86000061035156,115.05999755859375,249200
2014-08-26,115.13999938964844,115.18000030517578,114.9000015258789,114.97000122070312,658300
2014-08-27,115.16999816894531,115.25,115.0199966430664,115.18000030517578,467100
2014-08-28,115.5199966430664,115.54000091552734,115.25,115.36000061035156,243900
2014-08-29,115.33000183105469,115.44000244140625,115.18000030517578,115.25,430500
2014-09-02,114.62000274658203,114.62000274658203,114.43000030517578,114.44000244140625,1123900
2014-09-03,114.36000061035156,114.68000030517578,114.30999755859375,114.6500015258789,1067500
2014-09-04,114.54000091552734,114.7300033569336,114.19000244140625,114.22000122070312,312100
2014-09-05,114.45999908447266,114.54000091552734,114.05999755859375,114.0999984741211,327800
2014-09-08,114.29000091552734,114.33999633789062,113.75,113.81999969482422,320800
2014-09-09,113.61000061035156,113.76000213623047,113.4800033569336,113.48999786376953,542000
2014-09-10,113.1500015258789,113.20999908447266,113.0,113.05999755859375,1861100
2014-09-11,113.2300033569336,113.38999938964844,113.11000061035156,113.11000061035156,808100
2014-09-12,112.80000305175781,112.91000366210938,112.6500015258789,112.66000366210938,690800
2014-09-15,112.8499984741211,112.91999816894531,112.76000213623047,112.79000091552734,650800
2014-09-16,112.86000061035156,112.95999908447266,112.72000122070312,112.76000213623047,485400
2014-09-17,112.66000366210938,112.72000122070312,112.0,112.0,648700
2014-09-18,112.08000183105469,112.11000061035156,111.66999816894531,111.70999908447266,493400
2014-09-19,111.87000274658203,112.08000183105469,111.69999694824219,112.04000091552734,391100
2014-09-22,112.1500015258789,112.18000030517578,111.86000061035156,111.95999908447266,1131400
2014-09-23,112.12999725341797,112.4000015258789,112.0999984741211,112.37999725341797,571300
2014-09-24,112.41999816894531,112.54000091552734,112.19000244140625,112.27999877929688,927000
2014-09-25,112.5,112.72000122070312,112.44999694824219,112.69000244140625,672800
2014-09-26,112.4000015258789,112.4000015258789,112.05999755859375,112.11000061035156,338900
2014-09-29,112.2699966430664,112.33999633789062,112.13999938964844,112.19000244140625,3329800
2014-09-30,112.12999725341797,112.36000061035156,112.05999755859375,112.06999969482422,609400
2014-10-01,112.47000122070312,113.01000213623047,112.47000122070312,112.87000274658203,1272600
2014-10-02,112.80000305175781,112.91999816894531,112.55999755859375,112.58999633789062,2814300
2014-10-03,112.48999786376953,112.55999755859375,112.27999877929688,112.41000366210938,631600
2014-10-06,112.45999908447266,112.62000274658203,112.36000061035156,112.51000213623047,1593600
2014-10-07,112.75,113.0999984741211,112.66000366210938,112.9800033569336,501800
2014-10-08,112.97000122070312,113.66000366210938,112.76000213623047,113.5999984741211,753400
2014-10-09,113.75,113.88999938964844,113.44999694824219,113.4800033569336,254200
2014-10-10,113.58999633789062,113.80000305175781,113.55000305175781,113.79000091552734,307000
2014-10-13,113.97000122070312,114.37999725341797,113.72000122070312,114.31999969482422,410900
2014-10-14,114.0199966430664,114.16000366210938,113.79000091552734,114.05000305175781,411500
2014-10-15,115.02999877929688,116.25,113.93000030517578,114.18000030517578,909900
2014-10-16,114.63999938964844,114.69000244140625,113.94999694824219,114.04000091552734,455000
2014-10-17,113.98999786376953,114.2300033569336,113.81999969482422,114.0,359900
2014-10-20,114.2699966430664,114.2699966430664,113.91000366210938,114.04000091552734,271400
2014-10-21,113.80999755859375,113.97000122070312,113.72000122070312,113.80999755859375,573000
2014-10-22,113.87999725341797,113.95999908447266,113.68000030517578,113.76000213623047,389600
2014-10-23,113.55000305175781,113.58000183105469,113.19999694824219,113.3499984741211,448900
2014-10-24,113.31999969482422,113.48999786376953,113.13999938964844,113.29000091552734,409400
2014-10-27,113.2300033569336,113.4000015258789,113.18000030517578,113.2300033569336,364100
2014-10-28,113.1500015258789,113.33000183105469,113.01000213623047,113.18000030517578,437900
2014-10-29,113.25,113.31999969482422,112.66999816894531,113.02999877929688,326100
2014-10-30,113.02999877929688,113.23999786376953,112.9800033569336,112.98999786376953,297200
2014-10-31,113.1500015258789,113.2699966430664,112.95999908447266,113.08000183105469,430300
2014-11-03,113.0,113.08000183105469,112.69999694824219,113.08000183105469,2289200
2014-11-04,113.01000213623047,113.23999786376953,112.87999725341797,113.04000091552734,1765900
2014-11-05,112.83999633789062,113.1500015258789,112.81999969482422,113.1500015258789,370400
2014-11-06,113.0,113.12999725341797,112.91000366210938,112.95999908447266,1014200
2014-11-07,113.1500015258789,113.62999725341797,113.13999938964844,113.62000274658203,693100
2014-11-10,113.5999984741211,113.62000274658203,113.1500015258789,113.22000122070312,444800
2014-11-11,113.1500015258789,113.22000122070312,113.02999877929688,113.19999694824219,200800
2014-11-12,113.25,113.36000061035156,112.95999908447266,113.04000091552734,451800
2014-11-13,112.97000122070312,113.05000305175781,112.81999969482422,112.91000366210938,269100
2014-11-14,112.77999877929688,113.22000122070312,112.70999908447266,113.19999694824219,462000
2014-11-17,113.19999694824219,113.2300033569336,112.77999877929688,112.80999755859375,417400
2014-11-18,112.86000061035156,112.91000366210938,112.76000213623047,112.91000366210938,565000
2014-11-19,112.55999755859375,112.77999877929688,112.33000183105469,112.43000030517578,375700
2014-11-20,112.8499984741211,112.87999725341797,112.4800033569336,112.72000122070312,306900
2014-11-21,112.88999938964844,113.08999633789062,112.88999938964844,113.05999755859375,379200
2014-11-24,112.87000274658203,113.16999816894531,112.87000274658203,113.1500015258789,446800
2014-11-25,113.08000183105469,113.33000183105469,112.98999786376953,113.25,484700
2014-11-26,113.36000061035156,113.44000244140625,113.2699966430664,113.30999755859375,421800
2014-11-28,113.1500015258789,113.41000366210938,113.11000061035156,113.26000213623047,484100
2014-12-01,113.37000274658203,113.45999908447266,112.93000030517578,112.93000030517578,3262700
2014-12-02,112.77999877929688,112.77999877929688,112.27999877929688,112.29000091552734,1226000
2014-12-03,112.30000305175781,112.44999694824219,112.19000244140625,112.43000030517578,1013100
2014-12-04,112.38999938964844,112.69999694824219,112.37000274658203,112.6500015258789,332500
2014-12-05,112.43000030517578,112.44000244140625,111.80000305175781,112.0,425400
2014-12-08,111.91000366210938,112.63999938964844,111.83000183105469,112.08999633789062,376100
2014-12-09,112.36000061035156,112.62000274658203,112.33999633789062,112.56999969482422,370100
2014-12-10,112.4800033569336,112.87000274658203,112.3499984741211,112.80000305175781,1044100
2014-12-11,112.66000366210938,112.7300033569336,112.37000274658203,112.6500015258789,309000
2014-12-12,112.6500015258789,112.91999816894531,112.26000213623047,112.77999877929688,407500
2014-12-15,112.37999725341797,112.56999969482422,112.25,112.33999633789062,369500
2014-12-16,112.7300033569336,113.11000061035156,112.52999877929688,113.04000091552734,410500
2014-12-17,112.91000366210938,113.25,112.44999694824219,112.51000213623047,771200
2014-12-18,112.19000244140625,112.19000244140625,111.7300033569336,111.80000305175781,433300
2014-12-19,111.80999755859375,112.3499984741211,111.80000305175781,112.3499984741211,349400
2014-12-22,112.27999877929688,112.54000091552734,112.25,112.45999908447266,574500
2014-12-23,112.2699966430664,112.36000061035156,111.62000274658203,111.6500015258789,464500
2014-12-24,111.27999877929688,111.55000305175781,111.19000244140625,111.52999877929688,412100
2014-12-26,111.56999969482422,111.72000122070312,111.44999694824219,111.56999969482422,303300
2014-12-29,111.75,111.94999694824219,111.5199966430664,111.73999786376953,1033000
2014-12-30,111.83999633789062,111.9800033569336,111.66999816894531,111.70999908447266,413300
2014-12-31,111.7300033569336,112.16000366210938,111.70999908447266,112.01000213623047,493100
2015-01-02,112.22000122070312,112.76000213623047,112.22000122070312,112.7300033569336,714500
2015-01-05,112.76000213623047,113.04000091552734,112.68000030517578,112.81999969482422,866400
2015-01-06,113.04000091552734,113.54000091552734,112.7300033569336,112.83000183105469,1043400
2015-01-07,112.58999633789062,112.95999908447266,112.36000061035156,112.91999816894531,682500
2015-01-08,112.7300033569336,112.87000274658203,112.5999984741211,112.73999786376953,567600
2015-01-09,112.62000274658203,113.18000030517578,112.61000061035156,113.08000183105469,467400
2015-01-12,112.95999908447266,113.1500015258789,112.83999633789062,113.05000305175781,421600
2015-01-13,112.58000183105469,112.95999908447266,112.5,112.87000274658203,345300
2015-01-14,113.25,113.68000030517578,113.25,113.54000091552734,450900
2015-01-15,113.70999908447266,114.45999908447266,113.69000244140625,114.44000244140625,691300
2015-01-16,114.26000213623047,114.43000030517578,113.80000305175781,113.80000305175781,1520200
2015-01-20,113.94000244140625,114.36000061035156,113.9000015258789,114.06999969482422,654800
2015-01-21,114.0999984741211,114.31999969482422,113.52999877929688,113.5999984741211,664300
2015-01-22,113.95999908447266,113.97000122070312,113.12000274658203,113.62999725341797,676100
2015-01-23,114.0,114.33999633789062,113.9800033569336,114.31999969482422,727100
2015-01-26,114.19999694824219,114.37000274658203,113.95999908447266,114.12999725341797,368100
2015-01-27,114.45999908447266,114.61000061035156,114.31999969482422,114.48999786376953,368700
2015-01-28,114.51000213623047,115.06999969482422,114.44999694824219,114.93000030517578,426200
2015-01-29,114.70999908447266,114.87000274658203,114.47000122070312,114.80000305175781,309700
2015-01-30,115.4800033569336,115.70999908447266,115.23999786376953,115.62999725341797,1206900
2015-02-02,115.48999786376953,115.76000213623047,115.37999725341797,115.55000305175781,1182900
2015-02-03,115.12999725341797,115.16000366210938,114.88999938964844,115.0199966430664,1465900
2015-02-04,114.70999908447266,115.33000183105469,114.55999755859375,115.26000213623047,531700
2015-02-05,115.02999877929688,115.06999969482422,114.68000030517578,114.76000213623047,341500
2015-02-06,114.01000213623047,114.18000030517578,113.69000244140625,113.86000061035156,556300
2015-02-09,113.9800033569336,114.04000091552734,113.66000366210938,113.66000366210938,360200
2015-02-10,113.69999694824219,113.75,113.19000244140625,113.27999877929688,457700
2015-02-11,113.30000305175781,113.33000183105469,112.80000305175781,113.06999969482422,1501500
2015-02-12,113.06999969482422,113.37999725341797,112.86000061035156,112.88999938964844,464000
2015-02-13,112.9000015258789,112.94999694824219,112.62000274658203,112.66000366210938,506800
2015-02-17,112.51000213623047,112.66000366210938,111.94000244140625,112.08999633789062,639800
2015-02-18,112.27999877929688,112.83999633789062,112.06999969482422,112.55999755859375,586100
2015-02-19,112.3499984741211,112.58999633789062,112.2300033569336,112.47000122070312,606600
2015-02-20,112.73999786376953,113.0,112.30999755859375,112.4800033569336,505900
2015-02-23,112.5999984741211,112.79000091552734,112.52999877929688,112.69000244140625,290100
2015-02-24,112.5999984741211,113.43000030517578,112.41999816894531,113.37000274658203,504300
2015-02-25,113.33000183105469,113.62999725341797,113.12000274658203,113.55999755859375,419800
2015-02-26,113.83999633789062,113.98999786376953,113.47000122070312,113.4800033569336,532700
2015-02-27,113.87000274658203,114.1500015258789,113.52999877929688,114.13999938964844,599500
2015-03-02,114.05000305175781,114.05000305175781,113.16999816894531,113.20999908447266,960100
2015-03-03,113.19000244140625,113.4800033569336,113.16999816894531,113.37000274658203,3945400
2015-03-04,113.54000091552734,113.69999694824219,113.30000305175781,113.4800033569336,445200
2015-03-05,113.44999694824219,113.55000305175781,113.02999877929688,113.27999877929688,429600
2015-03-06,112.58000183105469,112.62000274658203,111.93000030517578,111.97000122070312,494000
2015-03-09,112.20999908447266,112.2699966430664,111.79000091552734,111.80000305175781,660800
2015-03-10,111.88999938964844,112.05000305175781,111.77999877929688,111.93000030517578,708500
2015-03-11,112.08999633789062,112.18000030517578,111.88999938964844,112.12000274658203,360900
2015-03-12,112.33000183105469,112.44000244140625,111.79000091552734,111.87000274658203,366300
2015-03-13,111.69999694824219,111.87000274658203,111.51000213623047,111.51000213623047,291200
2015-03-16,111.91000366210938,111.93000030517578,111.5,111.66999816894531,305400
2015-03-17,111.61000061035156,111.80000305175781,111.5,111.77999877929688,287700
2015-03-18,111.97000122070312,113.55000305175781,111.83000183105469,113.48999786376953,518700
2015-03-19,113.38999938964844,113.69000244140625,112.93000030517578,113.41999816894531,390400
2015-03-20,113.69000244140625,113.79000091552734,113.52999877929688,113.76000213623047,370700
2015-03-23,113.7699966430664,113.86000061035156,113.54000091552734,113.70999908447266,402200
2015-03-24,113.94000244140625,114.33000183105469,113.8499984741211,114.26000213623047,323300
2015-03-25,114.54000091552734,114.61000061035156,114.16999816894531,114.2300033569336,369400
2015-03-26,114.2300033569336,114.2300033569336,113.5199966430664,113.62000274658203,502800
2015-03-27,113.76000213623047,113.88999938964844,113.55999755859375,113.66999816894531,522400
2015-03-30,113.66999816894531,113.66999816894531,113.2699966430664,113.33000183105469,385500
2015-03-31,113.20999908447266,113.68000030517578,113.02999877929688,113.58999633789062,450300
2015-04-01,114.08000183105469,114.5199966430664,114.01000213623047,114.47000122070312,910600
2015-04-02,114.3499984741211,114.44999694824219,114.0199966430664,114.05000305175781,1088300
2015-04-06,114.79000091552734,114.88999938964844,114.33999633789062,114.5,708600
2015-04-07,114.3499984741211,114.7699966430664,114.27999877929688,114.75,360100
2015-04-08,114.3499984741211,114.55999755859375,114.0999984741211,114.47000122070312,966400
2015-04-09,114.44999694824219,114.47000122070312,113.97000122070312,114.05999755859375,369200
2015-04-10,114.18000030517578,114.26000213623047,113.87000274658203,113.94999694824219,399100
2015-04-13,113.79000091552734,114.04000091552734,113.7699966430664,113.9800033569336,305700
2015-04-14,114.41999816894531,114.5999984741211,114.19999694824219,114.27999877929688,328400
2015-04-15,114.5199966430664,114.72000122070312,114.43000030517578,114.62999725341797,477900
2015-04-16,114.5,114.79000091552734,114.22000122070312,114.76000213623047,362700
2015-04-17,114.87000274658203,115.58999633789062,114.8499984741211,115.48999786376953,7973900
2015-04-20,115.30000305175781,115.36000061035156,115.05999755859375,115.18000030517578,806100
2015-04-21,114.9800033569336,115.0999984741211,114.66999816894531,114.7699966430664,2082000
2015-04-22,114.66000366210938,114.69000244140625,114.1500015258789,114.23999786376953,360900
2015-04-23,114.31999969482422,114.7300033569336,114.29000091552734,114.52999877929688,545200
2015-04-24,114.76000213623047,115.02999877929688,114.73999786376953,115.0199966430664,405400
2015-04-27,115.01000213623047,115.19000244140625,114.8499984741211,115.04000091552734,875900
2015-04-28,114.69000244140625,114.91000366210938,114.3499984741211,114.37999725341797,1152900
2015-04-29,114.06999969482422,114.41000366210938,113.81999969482422,114.16999816894531,583800
2015-04-30,114.04000091552734,114.43000030517578,113.77999877929688,114.36000061035156,674700
2015-05-01,114.1500015258789,114.2300033569336,113.72000122070312,113.88999938964844,939700
2015-05-04,113.95999908447266,114.04000091552734,113.30999755859375,113.44999694824219,1155200
2015-05-05,113.58000183105469,113.58999633789062,113.05000305175781,113.4000015258789,516400
2015-05-06,113.20999908447266,113.22000122070312,112.36000061035156,112.48999786376953,1082200
2015-05-07,112.66999816894531,113.01000213623047,112.51000213623047,112.77999877929688,353400
2015-05-08,113.47000122070312,113.58999633789062,113.16000366210938,113.25,650700
2015-05-11,112.87999725341797,112.88999938964844,112.18000030517578,112.22000122070312,656700
2015-05-12,112.16000366210938,112.54000091552734,112.04000091552734,112.33000183105469,477800
2015-05-13,112.7300033569336,112.79000091552734,112.16000366210938,112.16000366210938,391100
2015-05-14,112.33000183105469,112.62999725341797,112.2300033569336,112.37000274658203,493800
2015-05-15,112.66000366210938,113.19999694824219,112.5999984741211,113.1500015258789,289500
2015-05-18,112.7699966430664,112.80000305175781,112.45999908447266,112.55000305175781,463400
2015-05-19,111.91000366210938,112.38999938964844,111.9000015258789,112.01000213623047,393200
2015-05-20,112.25,112.66999816894531,112.12999725341797,112.30999755859375,391400
2015-05-21,112.47000122070312,112.83999633789062,112.47000122070312,112.73999786376953,498800
2015-05-22,112.97000122070312,113.0,112.66000366210938,112.93000030517578,468900
2015-05-26,112.8499984741211,113.19999694824219,112.80000305175781,113.0199966430664,408200
2015-05-27,112.83000183105469,112.9800033569336,112.63999938964844,112.91999816894531,377300
2015-05-28,112.7699966430664,112.91000366210938,112.58999633789062,112.8499984741211,377300
2015-05-29,113.08999633789062,113.45999908447266,113.04000091552734,113.20999908447266,561300
2015-06-01,113.05999755859375,113.11000061035156,112.43000030517578,112.51000213623047,1019100
2015-06-02,112.23999786376953,112.26000213623047,111.98999786376953,112.05000305175781,1524800
2015-06-03,111.61000061035156,111.69000244140625,111.12999725341797,111.36000061035156,564500
2015-06-04,111.54000091552734,111.88999938964844,111.48999786376953,111.66999816894531,304400
2015-06-05,111.18000030517578,111.58000183105469,111.08000183105469,111.36000061035156,295100
2015-06-08,111.61000061035156,111.6500015258789,111.4000015258789,111.51000213623047,288500
2015-06-09,111.37999725341797,111.44999694824219,111.11000061035156,111.26000213623047,311100
2015-06-10,111.18000030517578,111.25,110.75,110.86000061035156,417900
2015-06-11,111.13999938964844,111.43000030517578,110.98999786376953,111.41000366210938,427900
2015-06-12,111.29000091552734,111.7699966430664,111.2699966430664,111.47000122070312,376300
2015-06-15,111.77999877929688,111.87999725341797,111.51000213623047,111.83000183105469,298800
2015-06-16,112.01000213623047,112.48999786376953,111.91000366210938,112.48999786376953,374400
2015-06-17,112.27999877929688,112.6500015258789,111.79000091552734,112.62000274658203,867000
2015-06-18,112.12000274658203,112.37000274658203,111.97000122070312,112.3499984741211,394900
2015-06-19,112.36000061035156,112.73999786376953,112.36000061035156,112.61000061035156,446200
2015-06-22,112.29000091552734,112.44000244140625,112.0199966430664,112.11000061035156,373800
2015-06-23,111.75,112.16999816894531,111.66000366210938,111.86000061035156,407400
2015-06-24,111.95999908447266,112.22000122070312,111.8499984741211,112.05999755859375,502800
2015-06-25,111.94999694824219,112.0999984741211,111.79000091552734,111.94000244140625,402100
2015-06-26,111.55999755859375,111.6500015258789,111.37000274658203,111.44000244140625,370300
2015-06-29,111.8499984741211,112.41000366210938,111.68000030517578,112.26000213623047,564800
2015-06-30,112.08000183105469,112.56999969482422,112.05000305175781,112.05000305175781,384600
2015-07-01,111.70999908447266,111.94000244140625,111.62000274658203,111.63999938964844,1317500
2015-07-02,112.0199966430664,112.30999755859375,111.9000015258789,112.12999725341797,850300
2015-07-06,112.58000183105469,112.76000213623047,112.25,112.56999969482422,634400
2015-07-07,113.02999877929688,113.29000091552734,112.81999969482422,112.94000244140625,995200
2015-07-08,113.11000061035156,113.13999938964844,112.8499984741211,113.08000183105469,1842700
2015-07-09,112.69000244140625,112.7699966430664,112.30999755859375,112.3499984741211,461300
2015-07-10,111.83000183105469,112.08999633789062,111.6500015258789,111.81999969482422,699500
2015-07-13,111.51000213623047,111.80000305175781,111.41999816894531,111.43000030517578,410400
2015-07-14,111.55999755859375,111.72000122070312,111.45999908447266,111.61000061035156,359600
2015-07-15,111.5999984741211,112.02999877929688,111.5,111.91999816894531,361100
2015-07-16,111.80999755859375,112.16999816894531,111.66999816894531,112.05999755859375,716700
2015-07-17,111.88999938964844,112.12999725341797,111.88999938964844,112.0199966430664,228400
2015-07-20,111.7699966430664,111.87000274658203,111.58000183105469,111.72000122070312,355200
2015-07-21,111.6500015258789,112.05999755859375,111.58999633789062,111.9800033569336,679900
2015-07-22,112.0199966430664,112.30999755859375,111.98999786376953,112.02999877929688,320300
2015-07-23,111.95999908447266,112.31999969482422,111.91000366210938,112.22000122070312,321000
2015-07-24,112.33999633789062,112.36000061035156,111.91000366210938,112.0999984741211,632000
2015-07-27,112.37000274658203,112.44999694824219,112.12999725341797,112.33000183105469,397000
2015-07-28,112.08000183105469,112.25,112.0,112.05999755859375,389000
2015-07-29,112.0199966430664,112.20999908447266,111.81999969482422,112.05000305175781,382700
2015-07-30,112.19000244140625,112.36000061035156,112.0999984741211,112.20999908447266,290600
2015-07-31,112.55000305175781,112.70999908447266,112.44999694824219,112.6500015258789,299000
2015-08-03,112.58999633789062,112.68000030517578,112.41999816894531,112.55000305175781,1030500
2015-08-04,112.41999816894531,112.5,111.88999938964844,111.91999816894531,2022400
2015-08-05,111.83000183105469,111.87000274658203,111.54000091552734,111.56999969482422,424000
2015-08-06,111.5999984741211,111.79000091552734,111.4800033569336,111.7699966430664,372200
2015-08-07,111.80000305175781,112.20999908447266,111.69999694824219,112.08000183105469,475800
2015-08-10,111.91000366210938,112.0,111.83000183105469,111.91999816894531,486700
2015-08-11,112.13999938964844,112.5,112.0999984741211,112.37999725341797,1401500
2015-08-12,112.5,112.83999633789062,112.05000305175781,112.12000274658203,461400
2015-08-13,111.72000122070312,111.91000366210938,111.54000091552734,111.81999969482422,447700
2015-08-14,111.66000366210938,111.95999908447266,111.5999984741211,111.69999694824219,1885400
2015-08-17,111.97000122070312,112.08999633789062,111.68000030517578,111.69000244140625,393200
2015-08-18,111.47000122070312,111.68000030517578,111.38999938964844,111.41999816894531,394900
2015-08-19,111.1500015258789,111.91000366210938,111.05999755859375,111.80000305175781,500500
2015-08-20,111.76000213623047,112.16999816894531,111.61000061035156,112.11000061035156,552300
2015-08-21,112.04000091552734,112.20999908447266,111.86000061035156,112.1500015258789,586300
2015-08-24,112.58000183105469,112.83999633789062,111.63999938964844,111.76000213623047,960300
2015-08-25,111.61000061035156,111.73999786376953,111.23999786376953,111.48999786376953,1027200
2015-08-26,111.16000366210938,111.66999816894531,110.7699966430664,110.81999969482422,562100
2015-08-27,111.12999725341797,111.5999984741211,111.08999633789062,111.36000061035156,601600
2015-08-28,111.72000122070312,112.0,111.62000274658203,111.68000030517578,452700
2015-08-31,111.86000061035156,111.88999938964844,111.37999725341797,111.58000183105469,3113900
2015-09-01,111.18000030517578,111.29000091552734,110.9000015258789,111.06999969482422,831300
2015-09-02,110.97000122070312,111.06999969482422,110.72000122070312,110.72000122070312,2281900
2015-09-03,110.83999633789062,110.93000030517578,110.69000244140625,110.7300033569336,478000
2015-09-04,110.8499984741211,111.05000305175781,110.69000244140625,110.91000366210938,358200
2015-09-08,110.58000183105469,110.61000061035156,110.36000061035156,110.41000366210938,415900
2015-09-09,110.22000122070312,110.7699966430664,110.19000244140625,110.66000366210938,429400
2015-09-10,110.55000305175781,110.69999694824219,110.4800033569336,110.69000244140625,576200
2015-09-11,110.94000244140625,111.0999984741211,110.83000183105469,111.0,1127600
2015-09-14,111.08000183105469,111.16999816894531,110.76000213623047,110.79000091552734,461600
2015-09-15,110.5999984741211,110.68000030517578,109.97000122070312,110.04000091552734,316300
2015-09-16,110.0199966430664,110.33000183105469,109.91999816894531,110.01000213623047,438800
2015-09-17,109.9800033569336,110.88999938964844,109.79000091552734,110.87000274658203,380800
2015-09-18,110.9000015258789,111.2699966430664,110.80999755859375,111.22000122070312,348400
2015-09-21,110.94999694824219,110.94999694824219,110.44999694824219,110.5199966430664,398500
2015-09-22,110.5999984741211,110.87999725341797,110.44000244140625,110.79000091552734,409400
2015-09-23,110.72000122070312,110.9000015258789,110.62000274658203,110.70999908447266,254500
2015-09-24,110.94000244140625,111.0999984741211,110.69000244140625,110.72000122070312,459500
2015-09-25,110.45999908447266,110.56999969482422,110.12999725341797,110.12999725341797,436700
2015-09-28,110.19999694824219,110.52999877929688,110.12000274658203,110.16000366210938,475600
2015-09-29,110.41999816894531,110.58999633789062,110.33999633789062,110.47000122070312,373100
2015-09-30,110.52999877929688,110.69999694824219,110.45999908447266,110.69000244140625,537900
2015-10-01,111.0999984741211,111.29000091552734,110.9800033569336,111.02999877929688,529700
2015-10-02,111.80000305175781,111.95999908447266,111.5199966430664,111.66999816894531,771300
2015-10-05,111.66999816894531,111.7300033569336,111.31999969482422,111.33000183105469,617600
2015-10-06,111.33000183105469,111.80000305175781,111.30999755859375,111.6500015258789,481200
2015-10-07,111.48999786376953,111.7300033569336,111.41000366210938,111.62999725341797,458100
2015-10-08,111.66000366210938,111.88999938964844,111.43000030517578,111.58999633789062,427000
2015-10-09,111.41000366210938,111.61000061035156,111.20999908447266,111.27999877929688,607500
2015-10-12,111.47000122070312,111.58000183105469,111.3499984741211,111.4800033569336,287700
2015-10-13,111.38999938964844,111.54000091552734,111.20999908447266,111.41999816894531,395500
2015-10-14,111.5,111.80999755859375,111.38999938964844,111.80000305175781,466400
2015-10-15,111.81999969482422,111.8499984741211,111.51000213623047,111.58999633789062,1843800
2015-10-16,111.5,111.5,111.25,111.29000091552734,467700
2015-10-19,111.12000274658203,111.19000244140625,110.91999816894531,111.0999984741211,326600
2015-10-20,110.8499984741211,110.9800033569336,110.75,110.97000122070312,420300
2015-10-21,111.12000274658203,111.2699966430664,111.04000091552734,111.04000091552734,371800
2015-10-22,111.12999725341797,111.51000213623047,111.0199966430664,111.41999816894531,368400
2015-10-23,111.26000213623047,111.33999633789062,111.13999938964844,111.26000213623047,304000
2015-10-26,111.4000015258789,111.44999694824219,111.2300033569336,111.2300033569336,256300
2015-10-27,111.5,111.5999984741211,111.4000015258789,111.4800033569336,312300
2015-10-28,111.38999938964844,111.43000030517578,110.83999633789062,110.91999816894531,387500
2015-10-29,110.69000244140625,110.77999877929688,110.4800033569336,110.62000274658203,478200
2015-10-30,110.83999633789062,110.9800033569336,110.70999908447266,110.95999908447266,807300
2015-11-02,110.70999908447266,110.91999816894531,110.62999725341797,110.91000366210938,1377000
2015-11-03,110.86000061035156,111.0,110.62999725341797,110.72000122070312,653700
2015-11-04,110.76000213623047,110.93000030517578,110.33999633789062,110.56999969482422,533200
2015-11-05,110.4000015258789,110.43000030517578,110.02999877929688,110.22000122070312,547900
2015-11-06,109.94000244140625,109.94000244140625,109.62000274658203,109.76000213623047,455800
2015-11-09,109.61000061035156,109.91999816894531,109.61000061035156,109.72000122070312,549900
2015-11-10,109.80000305175781,110.0199966430664,109.66000366210938,109.68000030517578,856000
2015-11-11,109.58999633789062,109.69999694824219,109.51000213623047,109.66999816894531,439200
2015-11-12,109.55999755859375,109.73999786376953,109.52999877929688,109.66999816894531,569400
2015-11-13,109.87000274658203,109.97000122070312,109.76000213623047,109.81999969482422,564500
2015-11-16,110.0199966430664,110.0199966430664,109.66000366210938,109.76000213623047,544300
2015-11-17,109.70999908447266,110.11000061035156,109.68000030517578,109.95999908447266,810100
2015-11-18,109.86000061035156,110.16000366210938,109.80999755859375,110.12000274658203,558900
2015-11-19,110.3499984741211,110.52999877929688,110.25,110.51000213623047,504000
2015-11-20,110.51000213623047,110.69000244140625,110.48999786376953,110.5999984741211,445600
2015-11-23,110.56999969482422,110.81999969482422,110.44999694824219,110.7300033569336,533200
2015-11-24,110.81999969482422,110.9800033569336,110.7300033569336,110.8499984741211,578100
2015-11-25,110.73999786376953,110.87000274658203,110.5999984741211,110.79000091552734,567100
2015-11-27,110.87000274658203,110.93000030517578,110.79000091552734,110.8499984741211,309000
2015-11-30,110.88999938964844,111.0,110.66999816894531,110.80000305175781,1383700
2015-12-01,110.81999969482422,111.33000183105469,110.79000091552734,111.20999908447266,1398600
2015-12-02,110.94000244140625,110.9800033569336,110.7300033569336,110.83000183105469,838600
2015-12-03,110.6500015258789,110.6500015258789,110.0199966430664,110.13999938964844,1903800
2015-12-04,110.33000183105469,110.62999725341797,110.22000122070312,110.41999816894531,950500
2015-12-07,110.2300033569336,110.62000274658203,110.19999694824219,110.37999725341797,456200
2015-12-08,110.37999725341797,110.58000183105469,110.23999786376953,110.41000366210938,375500
2015-12-09,110.26000213623047,110.44000244140625,110.11000061035156,110.19999694824219,531100
2015-12-10,110.16000366210938,110.2300033569336,109.9000015258789,109.95999908447266,392700
2015-12-11,110.30000305175781,110.4800033569336,110.0999984741211,110.31999969482422,361700
2015-12-14,109.91000366210938,110.0,109.4800033569336,109.52999877929688,645100
2015-12-15,109.5,109.61000061035156,109.38999938964844,109.47000122070312,1634600
2015-12-16,109.33000183105469,109.48999786376953,108.9800033569336,109.1500015258789,505100
2015-12-17,109.12000274658203,109.66999816894531,109.12000274658203,109.52999877929688,1722200
2015-12-18,109.6500015258789,109.97000122070312,109.61000061035156,109.83000183105469,825900
2015-12-21,109.73999786376953,109.81999969482422,109.55000305175781,109.62999725341797,519700
2015-12-22,109.44999694824219,109.54000091552734,109.33999633789062,109.4800033569336,758800
2015-12-23,109.2300033569336,109.66999816894531,109.2300033569336,109.58000183105469,846900
2015-12-24,109.83999633789062,109.83999633789062,109.61000061035156,109.7699966430664,302700
2015-12-28,109.73999786376953,109.98999786376953,109.6500015258789,109.80000305175781,1357000
2015-12-29,109.76000213623047,109.8499984741211,109.30000305175781,109.37999725341797,682900
2015-12-30,109.23999786376953,109.5999984741211,109.20999908447266,109.5,574500
2015-12-31,109.66000366210938,109.91000366210938,109.58999633789062,109.68000030517578,553300
2016-01-04,110.22000122070312,110.37000274658203,109.98999786376953,110.11000061035156,1356200
2016-01-05,109.87999725341797,110.12999725341797,109.81999969482422,110.04000091552734,648000
2016-01-06,110.12000274658203,110.41999816894531,110.05999755859375,110.38999938964844,418200
2016-01-07,110.31999969482422,110.43000030517578,110.12999725341797,110.30000305175781,877600
2016-01-08,110.12999725341797,110.43000030517578,110.11000061035156,110.38999938964844,587300
2016-01-11,110.0999984741211,110.23999786376953,109.77999877929688,109.80999755859375,758400
2016-01-12,109.91000366210938,110.36000061035156,109.83999633789062,110.11000061035156,799100
2016-01-13,110.0199966430664,110.58999633789062,110.0,110.33999633789062,544600
2016-01-14,110.2699966430664,110.44999694824219,110.12000274658203,110.23999786376953,1006200
2016-01-15,110.5199966430664,110.6500015258789,110.20999908447266,110.23999786376953,851400
2016-01-19,110.19000244140625,110.4000015258789,110.05000305175781,110.12999725341797,967900
2016-01-20,110.47000122070312,110.62999725341797,110.08999633789062,110.19000244140625,784300
2016-01-21,110.31999969482422,110.43000030517578,109.79000091552734,109.79000091552734,1344300
2016-01-22,109.7699966430664,110.06999969482422,109.7699966430664,109.94999694824219,1215200
2016-01-25,110.08999633789062,110.22000122070312,110.05000305175781,110.16000366210938,810600
2016-01-26,110.31999969482422,110.55999755859375,110.2300033569336,110.44000244140625,415100
2016-01-27,110.27999877929688,110.79000091552734,109.9000015258789,110.72000122070312,567200
2016-01-28,110.7699966430664,111.05000305175781,110.68000030517578,110.94999694824219,1020500
2016-01-29,111.41000366210938,111.55000305175781,111.22000122070312,111.4000015258789,1017200
2016-02-01,111.26000213623047,111.41000366210938,111.04000091552734,111.19999694824219,1366700
2016-02-02,111.4800033569336,111.6500015258789,111.43000030517578,111.54000091552734,1061800
2016-02-03,111.70999908447266,112.23999786376953,111.58000183105469,111.68000030517578,822800
2016-02-04,111.76000213623047,111.91000366210938,111.56999969482422,111.69999694824219,608200
2016-02-05,111.4800033569336,111.62000274658203,111.31999969482422,111.38999938964844,554800
2016-02-08,111.47000122070312,111.83000183105469,111.4000015258789,111.47000122070312,782400
2016-02-09,111.41000366210938,111.45999908447266,110.91999816894531,111.22000122070312,652100
2016-02-10,111.37000274658203,111.70999908447266,111.3499984741211,111.62999725341797,795300
2016-02-11,111.86000061035156,112.20999908447266,111.66000366210938,112.0199966430664,1290400
2016-02-12,111.83999633789062,112.13999938964844,111.44999694824219,111.5999984741211,626700
2016-02-16,111.37999725341797,111.52999877929688,111.08999633789062,111.13999938964844,1349900
2016-02-17,111.25,111.2699966430664,110.94000244140625,110.94999694824219,718600
2016-02-18,111.0,111.45999908447266,110.80000305175781,111.26000213623047,987400
2016-02-19,111.33000183105469,111.58999633789062,111.18000030517578,111.3499984741211,659400
2016-02-22,111.47000122070312,111.6500015258789,111.36000061035156,111.62000274658203,493400
2016-02-23,111.2699966430664,111.95999908447266,111.2699966430664,111.95999908447266,497400
2016-02-24,112.1500015258789,112.62000274658203,112.08000183105469,112.20999908447266,708600
2016-02-25,112.2699966430664,112.83000183105469,112.26000213623047,112.66999816894531,1431300
2016-02-26,112.2300033569336,112.47000122070312,112.16999816894531,112.37999725341797,860800
2016-02-29,112.48999786376953,112.83000183105469,112.36000061035156,112.76000213623047,1823600
2016-03-01,112.87000274658203,112.98999786376953,112.2300033569336,112.44999694824219,3510600
2016-03-02,112.22000122070312,112.69000244140625,112.22000122070312,112.69000244140625,2099800
2016-03-03,112.66999816894531,113.05000305175781,112.62999725341797,112.91999816894531,1068800
2016-03-04,112.86000061035156,112.98999786376953,112.37000274658203,112.56999969482422,2049500
2016-03-07,112.44000244140625,112.44999694824219,112.04000091552734,112.12000274658203,807400
2016-03-08,112.47000122070312,112.63999938964844,112.37000274658203,112.55000305175781,763800
2016-03-09,112.26000213623047,112.66999816894531,112.23999786376953,112.4800033569336,664000
2016-03-10,112.55000305175781,112.68000030517578,111.94000244140625,112.08999633789062,1119700
2016-03-11,112.19000244140625,112.19000244140625,111.83999633789062,112.05000305175781,580500
2016-03-14,112.02999877929688,112.16999816894531,111.9000015258789,111.91999816894531,752000
2016-03-15,111.95999908447266,112.08999633789062,111.66000366210938,111.69999694824219,828100
2016-03-16,111.95999908447266,112.9000015258789,111.91999816894531,112.88999938964844,823500
2016-03-17,113.12000274658203,113.51000213623047,113.0,113.13999938964844,1926700
2016-03-18,113.6500015258789,113.77999877929688,113.18000030517578,113.5199966430664,1320200
2016-03-21,113.4000015258789,113.80999755859375,113.2300033569336,113.55000305175781,1011700
2016-03-22,113.70999908447266,113.70999908447266,113.2300033569336,113.26000213623047,1029000
2016-03-23,113.25,113.55000305175781,113.25,113.37999725341797,753500
2016-03-24,113.2699966430664,113.5,113.12000274658203,113.12000274658203,1225500
2016-03-28,113.1500015258789,113.3499984741211,113.08000183105469,113.26000213623047,877500
2016-03-29,113.55000305175781,114.5,113.45999908447266,114.44999694824219,1761200
2016-03-30,114.30999755859375,114.54000091552734,114.19999694824219,114.5199966430664,752100
2016-03-31,114.5999984741211,114.73999786376953,114.45999908447266,114.63999938964844,1702800
2016-04-01,114.79000091552734,114.87999725341797,114.41000366210938,114.7300033569336,2303600
2016-04-04,114.86000061035156,114.97000122070312,114.73999786376953,114.87000274658203,2679600
2016-04-05,115.0,115.11000061035156,114.79000091552734,114.98999786376953,1817000
2016-04-06,114.80000305175781,114.94999694824219,114.38999938964844,114.69000244140625,2744100
2016-04-07,114.9800033569336,115.13999938964844,114.9000015258789,115.08999633789062,1217300
2016-04-08,114.98999786376953,114.98999786376953,114.7300033569336,114.86000061035156,769500
2016-04-11,114.6500015258789,114.87999725341797,114.47000122070312,114.56999969482422,686000
2016-04-12,114.33999633789062,114.33999633789062,114.02999877929688,114.08999633789062,1314400
2016-04-13,113.9800033569336,114.30999755859375,113.91000366210938,114.19000244140625,809600
2016-04-14,113.87999725341797,114.54000091552734,113.81999969482422,113.91999816894531,1222500
2016-04-15,113.94000244140625,114.41999816894531,113.87999725341797,114.33000183105469,541600
2016-04-18,114.11000061035156,114.31999969482422,114.02999877929688,114.30999755859375,755000
2016-04-19,114.41000366210938,114.56999969482422,114.31999969482422,114.51000213623047,619600
2016-04-20,114.5199966430664,114.80000305175781,114.01000213623047,114.02999877929688,631500
2016-04-21,113.86000061035156,114.02999877929688,113.66999816894531,113.88999938964844,838000
2016-04-22,114.0,114.08999633789062,113.81999969482422,113.81999969482422,743300
2016-04-25,113.93000030517578,114.06999969482422,113.69000244140625,113.69000244140625,1148000
2016-04-26,113.80999755859375,113.81999969482422,113.58999633789062,113.63999938964844,816800
2016-04-27,114.05999755859375,114.41999816894531,113.73999786376953,114.33000183105469,677700
2016-04-28,114.47000122070312,114.95999908447266,114.41999816894531,114.93000030517578,1822300
2016-04-29,114.72000122070312,115.08999633789062,114.54000091552734,114.87999725341797,798600
2016-05-02,114.66000366210938,114.70999908447266,114.30000305175781,114.5,4130100
2016-05-03,114.83000183105469,114.83000183105469,114.55000305175781,114.55000305175781,2645800
2016-05-04,114.69999694824219,114.7300033569336,114.44000244140625,114.68000030517578,1321300
2016-05-05,114.68000030517578,115.06999969482422,114.55999755859375,115.05000305175781,2363900
2016-05-06,115.0199966430664,115.0199966430664,114.58000183105469,114.6500015258789,1271900
2016-05-09,114.79000091552734,114.83000183105469,114.55000305175781,114.72000122070312,1020600
2016-05-10,115.0199966430664,115.08000183105469,114.68000030517578,115.06999969482422,1118100
2016-05-11,115.08999633789062,115.41999816894531,114.94999694824219,115.05000305175781,3774200
2016-05-12,114.87000274658203,115.0199966430664,114.72000122070312,114.97000122070312,1327900
2016-05-13,115.05999755859375,115.27999877929688,114.95999908447266,115.25,835500
2016-05-16,115.13999938964844,115.22000122070312,115.05999755859375,115.12000274658203,704500
2016-05-17,115.16000366210938,115.41999816894531,115.12999725341797,115.19999694824219,781000
2016-05-18,114.94999694824219,114.9800033569336,114.0199966430664,114.19999694824219,1320600
2016-05-19,114.13999938964844,114.33000183105469,114.08000183105469,114.1500015258789,795000
2016-05-20,114.19999694824219,114.3499984741211,114.08999633789062,114.08999633789062,818200
2016-05-23,114.0,114.2300033569336,113.36000061035156,114.1500015258789,748600
2016-05-24,114.01000213623047,114.12999725341797,113.83999633789062,114.04000091552734,456700
2016-05-25,114.11000061035156,114.19999694824219,114.0,114.12999725341797,546400
2016-05-26,114.4000015258789,114.62999725341797,114.33999633789062,114.45999908447266,1096900
2016-05-27,114.51000213623047,114.80000305175781,114.25,114.30999755859375,532800
2016-05-31,114.08000183105469,114.31999969482422,114.0,114.13999938964844,588700
2016-06-01,114.26000213623047,114.27999877929688,113.91999816894531,113.93000030517578,5882800
2016-06-02,114.05999755859375,114.41000366210938,113.97000122070312,114.31999969482422,1874200
2016-06-03,115.19999694824219,115.26000213623047,115.0,115.05999755859375,580400
2016-06-06,114.9000015258789,115.2699966430664,114.87000274658203,115.19000244140625,543800
2016-06-07,115.33999633789062,115.58000183105469,115.33999633789062,115.5,1030600
2016-06-08,115.76000213623047,115.79000091552734,115.61000061035156,115.7699966430664,1086500
2016-06-09,115.94999694824219,115.94999694824219,115.70999908447266,115.80999755859375,535500
2016-06-10,115.8499984741211,116.0,115.73999786376953,115.80999755859375,662600
2016-06-13,115.69999694824219,115.77999877929688,115.56999969482422,115.66000366210938,650500
2016-06-14,115.63999938964844,115.69999694824219,115.37000274658203,115.37000274658203,659100
2016-06-15,115.41000366210938,115.91000366210938,115.12999725341797,115.91000366210938,1116500
2016-06-16,115.87999725341797,116.04000091552734,115.62999725341797,115.68000030517578,567100
2016-06-17,115.72000122070312,115.7300033569336,115.23999786376953,115.38999938964844,747900
2016-06-20,115.16999816894531,115.25,114.94000244140625,115.05999755859375,955400
2016-06-21,114.88999938964844,114.95999908447266,114.68000030517578,114.70999908447266,1413800
2016-06-22,114.76000213623047,115.13999938964844,114.52999877929688,115.0199966430664,3495300
2016-06-23,115.05999755859375,115.27999877929688,114.98999786376953,115.05999755859375,510300
2016-06-24,115.7699966430664,116.08999633789062,115.62999725341797,115.77999877929688,1366100
2016-06-27,116.0,116.25,115.83999633789062,116.12000274658203,826100
2016-06-28,116.19999694824219,116.52999877929688,116.08999633789062,116.5199966430664,729800
2016-06-29,116.62999725341797,116.70999908447266,116.3499984741211,116.44999694824219,792200
2016-06-30,116.54000091552734,116.86000061035156,116.47000122070312,116.66999816894531,1322400
2016-07-01,117.0,117.4000015258789,116.6500015258789,117.05999755859375,2362500
2016-07-05,117.16000366210938,117.33000183105469,117.0199966430664,117.25,691400
2016-07-06,117.4800033569336,117.55000305175781,117.22000122070312,117.52999877929688,791300
2016-07-07,117.51000213623047,117.55000305175781,117.22000122070312,117.29000091552734,1912700
2016-07-08,117.4000015258789,117.55000305175781,117.16999816894531,117.55000305175781,1047800
2016-07-11,117.37999725341797,117.43000030517578,116.95999908447266,116.9800033569336,904600
2016-07-12,116.8499984741211,116.8499984741211,116.54000091552734,116.58999633789062,894100
2016-07-13,116.91000366210938,117.1500015258789,116.73999786376953,116.83999633789062,813200
2016-07-14,116.61000061035156,116.69999694824219,116.33000183105469,116.54000091552734,860500
2016-07-15,116.33000183105469,116.44000244140625,116.22000122070312,116.41000366210938,2211600
2016-07-18,116.44000244140625,116.55999755859375,116.22000122070312,116.33000183105469,928200
2016-07-19,116.48999786376953,116.5199966430664,116.2699966430664,116.33999633789062,1040100
2016-07-20,116.06999969482422,116.22000122070312,115.86000061035156,116.12999725341797,789600
2016-07-21,115.87999725341797,116.2699966430664,115.77999877929688,116.18000030517578,645900
2016-07-22,115.97000122070312,116.19000244140625,115.66000366210938,116.08000183105469,820600
2016-07-25,116.05999755859375,116.0999984741211,115.83000183105469,115.83000183105469,770000
2016-07-26,116.01000213623047,116.05000305175781,115.7300033569336,116.02999877929688,928800
2016-07-27,116.16999816894531,116.4800033569336,115.9800033569336,116.4800033569336,714200
2016-07-28,116.45999908447266,116.68000030517578,116.2699966430664,116.63999938964844,1113300
2016-07-29,116.94999694824219,117.08000183105469,116.83000183105469,116.9000015258789,971500
2016-08-01,116.12000274658203,116.16999816894531,115.7300033569336,115.75,3330800
2016-08-02,115.37000274658203,115.58999633789062,115.18000030517578,115.18000030517578,1182500
2016-08-03,115.37999725341797,115.55999755859375,115.11000061035156,115.51000213623047,968500
2016-08-04,116.0199966430664,116.36000061035156,115.93000030517578,115.98999786376953,591000
2016-08-05,115.86000061035156,115.95999908447266,115.63999938964844,115.70999908447266,628500
2016-08-08,115.77999877929688,116.0,115.62999725341797,115.79000091552734,881300
2016-08-09,115.79000091552734,116.0999984741211,115.72000122070312,116.06999969482422,633000
2016-08-10,116.18000030517578,116.23999786376953,116.04000091552734,116.0999984741211,883800
2016-08-11,116.08000183105469,116.11000061035156,115.70999908447266,115.79000091552734,690800
2016-08-12,116.27999877929688,116.33999633789062,116.08000183105469,116.08999633789062,1798200
2016-08-15,116.05000305175781,116.16000366210938,115.79000091552734,115.79000091552734,604700
2016-08-16,115.5,115.72000122070312,115.45999908447266,115.62999725341797,800300
2016-08-17,115.70999908447266,116.04000091552734,115.62000274658203,115.9800033569336,509500
2016-08-18,116.1500015258789,116.33999633789062,116.02999877929688,116.18000030517578,895700
2016-08-19,116.0,116.05999755859375,115.76000213623047,115.98999786376953,501300
2016-08-22,116.18000030517578,116.30999755859375,116.05000305175781,116.2300033569336,576600
2016-08-23,116.37000274658203,116.44000244140625,116.22000122070312,116.38999938964844,1067800
2016-08-24,116.54000091552734,116.54000091552734,116.20999908447266,116.20999908447266,914200
2016-08-25,116.12000274658203,116.31999969482422,116.01000213623047,116.1500015258789,1819600
2016-08-26,116.4800033569336,116.76000213623047,115.62000274658203,115.69999694824219,1004500
2016-08-29,115.93000030517578,116.12000274658203,115.83000183105469,116.12000274658203,696200
2016-08-30,116.12000274658203,116.12999725341797,115.94999694824219,116.0199966430664,579500
2016-08-31,115.87000274658203,116.16999816894531,115.8499984741211,116.04000091552734,690900
2016-09-01,115.37999725341797,115.83000183105469,115.33000183105469,115.72000122070312,3705600
2016-09-02,115.68000030517578,115.69000244140625,115.33999633789062,115.58999633789062,1089300
2016-09-06,115.63999938964844,116.27999877929688,115.52999877929688,116.13999938964844,1670800
2016-09-07,116.41000366210938,116.43000030517578,116.20999908447266,116.29000091552734,811800
2016-09-08,116.2300033569336,116.31999969482422,115.79000091552734,115.87999725341797,668000
2016-09-09,115.33999633789062,115.3499984741211,115.08000183105469,115.08000183105469,863400
2016-09-12,114.9800033569336,115.26000213623047,114.83999633789062,115.12000274658203,776100
2016-09-13,115.18000030517578,115.23999786376953,114.37000274658203,114.61000061035156,1087800
2016-09-14,114.66000366210938,114.91000366210938,114.5999984741211,114.79000091552734,688100
2016-09-15,114.62000274658203,114.8499984741211,114.47000122070312,114.76000213623047,698300
2016-09-16,115.0999984741211,115.11000061035156,114.83999633789062,114.94999694824219,1003200
2016-09-19,115.04000091552734,115.05000305175781,114.76000213623047,114.80999755859375,517700
2016-09-20,114.87000274658203,115.04000091552734,114.73999786376953,114.79000091552734,485200
2016-09-21,114.77999877929688,115.36000061035156,114.72000122070312,115.33000183105469,842600
2016-09-22,115.56999969482422,116.0,115.55000305175781,115.9000015258789,746900
2016-09-23,116.05999755859375,116.30000305175781,115.9800033569336,116.22000122070312,768400
2016-09-26,116.37000274658203,116.41000366210938,116.18000030517578,116.2699966430664,813700
2016-09-27,116.27999877929688,116.37000274658203,116.08000183105469,116.37000274658203,953100
2016-09-28,116.47000122070312,116.69999694824219,116.45999908447266,116.51000213623047,1517400
2016-09-29,116.33000183105469,116.68000030517578,116.25,116.48999786376953,973200
2016-09-30,116.51000213623047,116.58000183105469,116.23999786376953,116.48999786376953,1450200
2016-10-03,116.62999725341797,116.62999725341797,116.33999633789062,116.37999725341797,2319400
2016-10-04,116.4800033569336,116.4800033569336,115.79000091552734,115.80999755859375,3761700
2016-10-05,115.9000015258789,115.9000015258789,115.58000183105469,115.62000274658203,1071600
2016-10-06,115.7300033569336,115.83999633789062,115.55999755859375,115.68000030517578,820100
2016-10-07,115.77999877929688,115.87000274658203,115.44999694824219,115.6500015258789,990100
2016-10-10,115.6500015258789,115.6500015258789,115.37999725341797,115.48999786376953,912500
2016-10-11,115.56999969482422,115.6500015258789,115.37000274658203,115.4000015258789,839600
2016-10-12,115.3499984741211,115.45999908447266,115.2300033569336,115.36000061035156,627100
2016-10-13,115.47000122070312,115.7300033569336,115.36000061035156,115.54000091552734,727700
2016-10-14,115.4000015258789,115.69999694824219,115.4000015258789,115.43000030517578,753500
2016-10-17,115.73999786376953,115.98999786376953,115.72000122070312,115.94999694824219,616600
2016-10-18,115.83999633789062,116.08000183105469,115.80000305175781,116.0199966430664,945300
2016-10-19,115.9000015258789,116.19000244140625,115.86000061035156,116.18000030517578,910900
2016-10-20,116.30000305175781,116.30000305175781,116.0,116.0,824400
2016-10-21,116.20999908447266,116.20999908447266,115.97000122070312,116.12999725341797,690400
2016-10-24,116.12999725341797,116.12999725341797,115.79000091552734,115.94999694824219,947700
2016-10-25,115.91999816894531,116.16000366210938,115.87000274658203,116.12999725341797,1259600
2016-10-26,115.88999938964844,116.11000061035156,115.77999877929688,116.01000213623047,926100
2016-10-27,115.80999755859375,115.80999755859375,115.44999694824219,115.51000213623047,1716500
2016-10-28,115.55000305175781,115.73999786376953,115.47000122070312,115.63999938964844,2316500
2016-10-31,115.7699966430664,115.86000061035156,115.66999816894531,115.86000061035156,2417300
2016-11-01,115.5999984741211,115.97000122070312,115.5,115.87000274658203,6073500
2016-11-02,115.95999908447266,116.05000305175781,115.80000305175781,115.91999816894531,4758700
2016-11-03,115.80000305175781,115.81999969482422,115.52999877929688,115.58999633789062,2431000
2016-11-04,115.70999908447266,115.91000366210938,115.62999725341797,115.88999938964844,1724100
2016-11-07,115.69999694824219,115.87000274658203,115.6500015258789,115.83000183105469,1905000
2016-11-08,115.83999633789062,115.86000061035156,115.54000091552734,115.62999725341797,1208200
2016-11-09,115.80999755859375,115.80999755859375,114.72000122070312,114.7699966430664,2309200
2016-11-10,114.9000015258789,115.30999755859375,114.56999969482422,114.56999969482422,3905900
2016-11-11,114.7300033569336,114.73999786376953,114.19999694824219,114.25,2395200
2016-11-14,114.1500015258789,114.1500015258789,113.30999755859375,113.37000274658203,2709700
2016-11-15,113.79000091552734,113.97000122070312,113.44000244140625,113.44000244140625,1920000
2016-11-16,113.3499984741211,113.77999877929688,113.25,113.68000030517578,1426000
2016-11-17,113.93000030517578,113.9800033569336,113.44999694824219,113.48999786376953,1901100
2016-11-18,113.6500015258789,113.70999908447266,113.12999725341797,113.31999969482422,2542800
2016-11-21,113.58999633789062,113.69000244140625,113.45999908447266,113.58999633789062,2991800
2016-11-22,113.77999877929688,113.79000091552734,113.52999877929688,113.69000244140625,3390500
2016-11-23,113.30999755859375,113.45999908447266,112.91000366210938,113.30999755859375,1824200
2016-11-25,113.43000030517578,113.44999694824219,113.0,113.12000274658203,1007600
2016-11-28,113.47000122070312,113.58000183105469,113.19000244140625,113.29000091552734,1351000
2016-11-29,112.93000030517578,113.45999908447266,112.83000183105469,113.4000015258789,1593400
2016-11-30,113.08999633789062,113.61000061035156,112.98999786376953,113.45999908447266,2367600
2016-12-01,112.8499984741211,113.16000366210938,112.62999725341797,112.88999938964844,8524300
2016-12-02,113.18000030517578,113.44999694824219,112.91000366210938,112.94999694824219,1330600
2016-12-05,112.98999786376953,113.52999877929688,112.77999877929688,113.11000061035156,1701500
2016-12-06,113.13999938964844,113.36000061035156,113.02999877929688,113.33000183105469,2123100
2016-12-07,113.54000091552734,113.66999816894531,113.37999725341797,113.43000030517578,1835400
2016-12-08,113.43000030517578,113.43000030517578,113.13999938964844,113.31999969482422,1227600
2016-12-09,113.30000305175781,113.33999633789062,112.69000244140625,112.80000305175781,2218800
2016-12-12,112.91000366210938,112.91000366210938,112.6500015258789,112.77999877929688,2026900
2016-12-13,113.0199966430664,113.02999877929688,112.54000091552734,112.73999786376953,1867500
2016-12-14,113.05000305175781,113.08000183105469,111.80999755859375,111.8499984741211,1320200
2016-12-15,111.41000366210938,111.56999969482422,111.12000274658203,111.1500015258789,2909000
2016-12-16,111.27999877929688,111.37000274658203,110.9000015258789,111.08999633789062,1240800
2016-12-19,111.43000030517578,111.58000183105469,111.30000305175781,111.55000305175781,1320400
2016-12-20,111.38999938964844,111.79000091552734,111.33000183105469,111.66000366210938,2541000
2016-12-21,112.05000305175781,112.05999755859375,111.83999633789062,111.94000244140625,1438300
2016-12-22,111.8499984741211,112.30999755859375,111.80000305175781,112.29000091552734,1563800
2016-12-23,112.33999633789062,112.56999969482422,112.33999633789062,112.41999816894531,1777200
2016-12-27,112.25,112.44999694824219,112.19999694824219,112.37000274658203,1666900
2016-12-28,112.48999786376953,112.73999786376953,112.38999938964844,112.66000366210938,1290600
2016-12-29,112.79000091552734,112.87000274658203,112.62000274658203,112.80000305175781,1297600
2016-12-30,112.76000213623047,113.19999694824219,112.75,113.16999816894531,1024200
2017-01-03,112.95999908447266,113.4000015258789,112.94000244140625,113.27999877929688,2957500
2017-01-04,113.2300033569336,113.55000305175781,113.19000244140625,113.52999877929688,2976200
2017-01-05,113.5199966430664,113.91999816894531,113.37000274658203,113.91999816894531,1775600
2017-01-06,113.58000183105469,113.69999694824219,113.41999816894531,113.44999694824219,978200
2017-01-09,113.70999908447266,113.7300033569336,113.5,113.62999725341797,1691600
2017-01-10,113.47000122070312,113.81999969482422,113.47000122070312,113.72000122070312,2508700
2017-01-11,114.06999969482422,114.5,113.86000061035156,114.08000183105469,1169100
2017-01-12,114.51000213623047,114.62000274658203,114.12999725341797,114.18000030517578,1014300
2017-01-13,113.98999786376953,114.11000061035156,113.66000366210938,113.9800033569336,1920400
2017-01-17,114.54000091552734,114.54000091552734,114.06999969482422,114.33999633789062,1440800
2017-01-18,114.05000305175781,114.29000091552734,113.73999786376953,113.77999877929688,1267200
2017-01-19,113.6500015258789,113.83999633789062,113.3499984741211,113.69000244140625,2081100
2017-01-20,113.72000122070312,113.86000061035156,113.48999786376953,113.70999908447266,2925600
2017-01-23,113.87000274658203,114.27999877929688,113.69999694824219,114.16999816894531,4172500
2017-01-24,114.0,114.16999816894531,113.81999969482422,113.9800033569336,1582900
2017-01-25,113.51000213623047,113.69999694824219,113.19999694824219,113.61000061035156,2934800
2017-01-26,113.66000366210938,113.80999755859375,113.41000366210938,113.77999877929688,1958900
2017-01-27,113.94999694824219,114.05000305175781,113.8499984741211,113.97000122070312,2023000
2017-01-30,114.02999877929688,114.12000274658203,113.8499984741211,113.94000244140625,1922800
2017-01-31,114.0,114.25,113.94999694824219,114.18000030517578,7613100
2017-02-01,113.94999694824219,114.16999816894531,113.7699966430664,113.94000244140625,1777700
2017-02-02,114.25,114.27999877929688,113.9000015258789,113.94999694824219,3938800
2017-02-03,114.16999816894531,114.3499984741211,113.6500015258789,113.83000183105469,1376800
2017-02-06,114.05000305175781,114.16999816894531,113.8499984741211,114.11000061035156,1786400
2017-02-07,114.13999938964844,114.23999786376953,113.9800033569336,114.05999755859375,1462300
2017-02-08,114.38999938964844,114.4800033569336,114.12999725341797,114.33000183105469,1456400
2017-02-09,114.33000183105469,114.33000183105469,114.08000183105469,114.11000061035156,1045300
2017-02-10,114.16000366210938,114.29000091552734,114.06999969482422,114.19999694824219,1585600
2017-02-13,114.08999633789062,114.13999938964844,114.0,114.0199966430664,1002400
2017-02-14,114.18000030517578,114.19000244140625,113.5199966430664,113.75,1012100
2017-02-15,113.73999786376953,113.94000244140625,113.66000366210938,113.9000015258789,1131900
2017-02-16,114.0999984741211,114.37999725341797,113.9000015258789,113.9000015258789,1171100
2017-02-17,114.26000213623047,114.26000213623047,114.11000061035156,114.16000366210938,983000
2017-02-21,114.1500015258789,114.27999877929688,114.05000305175781,114.1500015258789,1061100
2017-02-22,114.3499984741211,114.37000274658203,113.9800033569336,114.36000061035156,1082600
2017-02-23,114.62000274658203,114.6500015258789,114.5,114.62999725341797,1042100
2017-02-24,114.83000183105469,115.05000305175781,114.76000213623047,114.95999908447266,2409100
2017-02-27,114.94000244140625,114.95999908447266,114.5999984741211,114.6500015258789,2523800
2017-02-28,114.62999725341797,114.80000305175781,114.51000213623047,114.6500015258789,1599700
2017-03-01,113.9000015258789,114.0,113.7699966430664,113.95999908447266,3412200
2017-03-02,113.75,113.79000091552734,113.51000213623047,113.5999984741211,1967200
2017-03-03,113.7300033569336,113.88999938964844,113.44000244140625,113.86000061035156,2882500
2017-03-06,113.94000244140625,113.94000244140625,113.66999816894531,113.73999786376953,1553600
2017-03-07,113.69999694824219,113.69999694824219,113.47000122070312,113.54000091552734,1545200
2017-03-08,113.18000030517578,113.2699966430664,113.01000213623047,113.05000305175781,1357200
2017-03-09,112.94999694824219,113.01000213623047,112.69999694824219,112.75,1098300
2017-03-10,113.06999969482422,113.11000061035156,112.69999694824219,112.95999908447266,2424500
2017-03-13,112.83000183105469,113.01000213623047,112.69999694824219,112.69999694824219,1040300
2017-03-14,112.66000366210938,112.79000091552734,112.61000061035156,112.62000274658203,951400
2017-03-15,112.9800033569336,113.70999908447266,112.75,113.63999938964844,1990000
2017-03-16,113.7300033569336,113.7300033569336,113.4800033569336,113.55999755859375,2883700
2017-03-17,113.70999908447266,113.83000183105469,113.68000030517578,113.80999755859375,1115400
2017-03-20,113.70999908447266,113.9800033569336,113.69999694824219,113.9800033569336,791600
2017-03-21,113.9800033569336,114.22000122070312,113.9800033569336,114.05999755859375,1479300
2017-03-22,114.20999908447266,114.33000183105469,114.01000213623047,114.25,824500
2017-03-23,114.23999786376953,114.30000305175781,114.0199966430664,114.12000274658203,913100
2017-03-24,114.12999725341797,114.69000244140625,114.11000061035156,114.44999694824219,1379100
2017-03-27,114.7699966430664,114.77999877929688,114.54000091552734,114.66999816894531,1078200
2017-03-28,114.7300033569336,114.7300033569336,114.18000030517578,114.29000091552734,1658800
2017-03-29,114.47000122070312,114.66999816894531,114.38999938964844,114.58999633789062,933900
2017-03-30,114.48999786376953,114.56999969482422,114.2300033569336,114.30999755859375,996200
2017-03-31,114.37000274658203,114.6500015258789,114.30000305175781,114.6500015258789,899400
2017-04-03,114.55000305175781,114.91999816894531,114.5199966430664,114.7699966430664,3097500
2017-04-04,114.7300033569336,114.81999969482422,114.58999633789062,114.63999938964844,1064900
2017-04-05,114.62000274658203,114.97000122070312,114.55999755859375,114.86000061035156,1460600
2017-04-06,114.80000305175781,114.88999938964844,114.58999633789062,114.80000305175781,774500
2017-04-07,114.81999969482422,115.01000213623047,114.3499984741211,114.3499984741211,858500
2017-04-10,114.66999816894531,114.66999816894531,114.41000366210938,114.41000366210938,752800
2017-04-11,114.5999984741211,114.81999969482422,114.52999877929688,114.62999725341797,1540900
2017-04-12,114.83999633789062,115.12999725341797,114.75,115.05999755859375,1050500
2017-04-13,115.30000305175781,115.45999908447266,115.16999816894531,115.2300033569336,2870500
2017-04-17,115.16999816894531,115.18000030517578,114.86000061035156,114.95999908447266,954400
2017-04-18,115.20999908447266,115.30999755859375,115.0199966430664,115.20999908447266,1609700
2017-04-19,115.06999969482422,115.1500015258789,114.91000366210938,115.0,1057800
2017-04-20,114.80999755859375,114.95999908447266,114.77999877929688,114.87999725341797,1082500
2017-04-21,114.95999908447266,115.0,114.66999816894531,114.72000122070312,700500
2017-04-24,114.69999694824219,114.81999969482422,114.56999969482422,114.69000244140625,949300
2017-04-25,114.7300033569336,114.76000213623047,114.45999908447266,114.5,926600
2017-04-26,114.51000213623047,114.83999633789062,114.51000213623047,114.73999786376953,819100
2017-04-27,114.68000030517578,114.8499984741211,114.63999938964844,114.83999633789062,2010300
2017-04-28,114.83999633789062,115.06999969482422,114.76000213623047,115.01000213623047,2351000
2017-05-01,114.55000305175781,114.70999908447266,114.20999908447266,114.33999633789062,1221700
2017-05-02,114.33000183105469,114.45999908447266,114.25,114.33999633789062,1102100
2017-05-03,114.37000274658203,114.37000274658203,113.95999908447266,114.08999633789062,908000
2017-05-04,113.69000244140625,113.70999908447266,113.41000366210938,113.66000366210938,865000
2017-05-05,113.72000122070312,113.7699966430664,113.54000091552734,113.75,632800
2017-05-08,113.55999755859375,113.61000061035156,113.23999786376953,113.30999755859375,1983400
2017-05-09,113.30999755859375,113.33999633789062,113.13999938964844,113.20999908447266,1319100
2017-05-10,113.47000122070312,113.4800033569336,113.18000030517578,113.25,3910100
2017-05-11,113.29000091552734,113.6500015258789,113.26000213623047,113.58999633789062,1350300
2017-05-12,113.68000030517578,113.8499984741211,113.58000183105469,113.7699966430664,778600
2017-05-15,113.79000091552734,113.79000091552734,113.47000122070312,113.47000122070312,733300
2017-05-16,113.48999786376953,113.69000244140625,113.44000244140625,113.55000305175781,651300
2017-05-17,113.87999725341797,114.33999633789062,113.87999725341797,114.20999908447266,1044200
2017-05-18,114.19999694824219,114.38999938964844,114.04000091552734,114.38999938964844,2719600
2017-05-19,114.4000015258789,114.58999633789062,114.30999755859375,114.58999633789062,712700
2017-05-22,114.45999908447266,114.55000305175781,114.29000091552734,114.41000366210938,697600
2017-05-23,114.52999877929688,114.54000091552734,114.16000366210938,114.23999786376953,822300
2017-05-24,114.18000030517578,114.30999755859375,114.02999877929688,114.30999755859375,677200
2017-05-25,114.22000122070312,114.27999877929688,114.08000183105469,114.12999725341797,1758400
2017-05-26,114.33000183105469,114.44000244140625,114.23999786376953,114.4000015258789,780800
2017-05-30,114.54000091552734,114.66999816894531,114.44999694824219,114.6500015258789,687000
2017-05-31,114.48999786376953,114.77999877929688,114.48999786376953,114.68000030517578,1304700
2017-06-01,114.12000274658203,114.47000122070312,114.12000274658203,114.37000274658203,1431000
2017-06-02,114.75,114.94000244140625,114.6500015258789,114.83000183105469,1158700
2017-06-05,114.54000091552734,114.6500015258789,114.4800033569336,114.52999877929688,586700
2017-06-06,114.7699966430664,114.8499984741211,114.62999725341797,114.66000366210938,2650300
2017-06-07,114.58999633789062,114.68000030517578,114.36000061035156,114.38999938964844,750500
2017-06-08,114.3499984741211,114.37999725341797,114.11000061035156,114.2699966430664,737400
2017-06-09,114.20999908447266,114.30000305175781,114.16999816894531,114.16999816894531,879600
2017-06-12,114.18000030517578,114.23999786376953,113.93000030517578,113.93000030517578,620800
2017-06-13,113.86000061035156,114.12000274658203,113.80999755859375,114.12000274658203,685800
2017-06-14,114.18000030517578,114.47000122070312,113.97000122070312,114.13999938964844,1067900
2017-06-15,113.5999984741211,113.79000091552734,113.56999969482422,113.58000183105469,1040100
2017-06-16,113.62000274658203,113.77999877929688,113.61000061035156,113.68000030517578,825000
2017-06-19,113.75,113.77999877929688,113.5,113.55000305175781,608500
2017-06-20,113.61000061035156,113.77999877929688,113.5199966430664,113.66999816894531,530200
2017-06-21,113.70999908447266,113.87000274658203,113.68000030517578,113.8499984741211,726400
2017-06-22,113.94000244140625,114.2300033569336,113.81999969482422,114.22000122070312,759600
2017-06-23,114.27999877929688,114.30999755859375,114.16000366210938,114.30999755859375,670600
2017-06-26,114.44000244140625,114.52999877929688,114.37999725341797,114.48999786376953,738100
2017-06-27,114.27999877929688,114.27999877929688,113.88999938964844,113.94999694824219,751000
2017-06-28,114.04000091552734,114.08999633789062,113.77999877929688,114.04000091552734,1458800
2017-06-29,113.69999694824219,113.76000213623047,113.52999877929688,113.58999633789062,899000
2017-06-30,113.72000122070312,113.72000122070312,113.31999969482422,113.43000030517578,1673500
2017-07-03,113.20999908447266,113.20999908447266,112.88999938964844,112.93000030517578,980000
2017-07-05,112.97000122070312,113.23999786376953,112.97000122070312,113.0999984741211,2477900
2017-07-06,112.9800033569336,113.0,112.7699966430664,112.80999755859375,1459300
2017-07-07,112.6500015258789,112.66000366210938,112.38999938964844,112.45999908447266,1962000
2017-07-10,112.55999755859375,112.6500015258789,112.41000366210938,112.41000366210938,1374600
2017-07-11,112.4000015258789,112.80000305175781,112.38999938964844,112.7699966430664,1104400
2017-07-12,113.27999877929688,113.30999755859375,113.04000091552734,113.0999984741211,743900
2017-07-13,113.08000183105469,113.11000061035156,112.91000366210938,113.05999755859375,710800
2017-07-14,113.20999908447266,113.30000305175781,112.9800033569336,113.05000305175781,903600
2017-07-17,113.16999816894531,113.36000061035156,113.0999984741211,113.27999877929688,733000
2017-07-18,113.62000274658203,113.72000122070312,113.5199966430664,113.5999984741211,1951300
2017-07-19,113.62000274658203,113.73999786376953,113.61000061035156,113.69000244140625,729000
2017-07-20,113.97000122070312,113.9800033569336,113.4000015258789,113.41000366210938,987400
2017-07-21,113.66999816894531,113.69999694824219,113.54000091552734,113.58000183105469,529000
2017-07-24,113.62999725341797,113.66000366210938,113.47000122070312,113.58000183105469,1042200
2017-07-25,113.33000183105469,113.37000274658203,113.13999938964844,113.13999938964844,730000
2017-07-26,113.19000244140625,113.56999969482422,113.01000213623047,113.47000122070312,726100
2017-07-27,113.4000015258789,113.48999786376953,113.26000213623047,113.38999938964844,598700
2017-07-28,113.55000305175781,113.7300033569336,113.52999877929688,113.66000366210938,464100
2017-07-31,113.62000274658203,113.66999816894531,113.55000305175781,113.66000366210938,787000
2017-08-01,113.23999786376953,113.63999938964844,113.23999786376953,113.54000091552734,2164200
2017-08-02,113.4800033569336,113.62999725341797,113.41999816894531,113.4800033569336,2737200
2017-08-03,113.55000305175781,113.79000091552734,113.4800033569336,113.79000091552734,649000
2017-08-04,113.55000305175781,113.66000366210938,113.4000015258789,113.62999725341797,506800
2017-08-07,113.62000274658203,113.79000091552734,113.55000305175781,113.76000213623047,631200
2017-08-08,113.80000305175781,113.8499984741211,113.66999816894531,113.83999633789062,1252000
2017-08-09,114.12000274658203,114.19999694824219,114.01000213623047,114.05000305175781,1047900
2017-08-10,114.12999725341797,114.33999633789062,114.08999633789062,114.33999633789062,831600
2017-08-11,114.04000091552734,114.2699966430664,113.95999908447266,114.2699966430664,629000
2017-08-14,114.01000213623047,114.08000183105469,113.72000122070312,113.81999969482422,658400
2017-08-15,113.43000030517578,113.6500015258789,113.4000015258789,113.4800033569336,801000
2017-08-16,113.48999786376953,113.87999725341797,113.44000244140625,113.68000030517578,918600
2017-08-17,113.69000244140625,114.06999969482422,113.5999984741211,113.95999908447266,833200
2017-08-18,114.04000091552734,114.13999938964844,113.86000061035156,113.9800033569336,649900
2017-08-21,113.95999908447266,114.05999755859375,113.87000274658203,114.0199966430664,549000
2017-08-22,113.9800033569336,114.0199966430664,113.80000305175781,113.87999725341797,480200
2017-08-23,114.01000213623047,114.19000244140625,113.93000030517578,114.19000244140625,751800
2017-08-24,114.01000213623047,114.12999725341797,113.9000015258789,113.9000015258789,521100
2017-08-25,113.94000244140625,114.12999725341797,113.88999938964844,114.08999633789062,483600
2017-08-28,114.08000183105469,114.22000122070312,114.02999877929688,114.18000030517578,404300
2017-08-29,114.5,114.5999984741211,114.23999786376953,114.36000061035156,483200
2017-08-30,114.30999755859375,114.37999725341797,114.16999816894531,114.33000183105469,726200
2017-08-31,114.36000061035156,114.62999725341797,114.36000061035156,114.62000274658203,663100
2017-09-01,114.3499984741211,114.3499984741211,114.08000183105469,114.12000274658203,2215900
2017-09-05,114.4000015258789,114.9000015258789,114.4000015258789,114.86000061035156,2288600
2017-09-06,114.83999633789062,114.9800033569336,114.62000274658203,114.72000122070312,1877900
2017-09-07,114.87000274658203,115.19999694824219,114.81999969482422,115.19999694824219,676900
2017-09-08,115.1500015258789,115.26000213623047,115.04000091552734,115.22000122070312,819800
2017-09-11,114.88999938964844,114.95999908447266,114.77999877929688,114.77999877929688,531300
2017-09-12,114.66999816894531,114.7300033569336,114.48999786376953,114.58999633789062,794800
2017-09-13,114.55999755859375,114.56999969482422,114.37000274658203,114.37999725341797,614500
2017-09-14,114.38999938964844,114.58999633789062,114.38999938964844,114.55999755859375,534300
2017-09-15,114.56999969482422,114.56999969482422,114.37999725341797,114.5,524300
2017-09-18,114.44999694824219,114.55999755859375,114.37000274658203,114.44999694824219,525200
2017-09-19,114.4800033569336,114.52999877929688,114.30000305175781,114.31999969482422,412500
2017-09-20,114.31999969482422,114.37000274658203,113.75,114.0,731000
2017-09-21,113.97000122070312,114.05999755859375,113.7300033569336,113.73999786376953,823500
2017-09-22,114.05000305175781,114.11000061035156,113.91999816894531,114.02999877929688,663500
2017-09-25,114.16000366210938,114.4800033569336,114.0999984741211,114.3499984741211,920200
2017-09-26,114.25,114.30999755859375,114.13999938964844,114.26000213623047,716600
2017-09-27,113.94000244140625,114.01000213623047,113.76000213623047,113.91000366210938,588500
2017-09-28,113.73999786376953,113.9000015258789,113.68000030517578,113.83000183105469,677300
2017-09-29,113.98999786376953,113.98999786376953,113.55999755859375,113.58000183105469,1030600
2017-10-02,113.63999938964844,113.63999938964844,113.3499984741211,113.37999725341797,3499100
2017-10-03,113.30999755859375,113.55000305175781,113.30000305175781,113.48999786376953,1376500
2017-10-04,113.62999725341797,113.6500015258789,113.45999908447266,113.58999633789062,800800
2017-10-05,113.66000366210938,113.66000366210938,113.41999816894531,113.47000122070312,1818700
2017-10-06,113.30000305175781,113.55000305175781,113.19000244140625,113.37999725341797,810300
2017-10-09,113.41000366210938,113.48999786376953,113.38999938964844,113.41999816894531,447600
2017-10-10,113.5999984741211,113.86000061035156,113.5999984741211,113.62000274658203,850200
2017-10-11,113.80999755859375,113.86000061035156,113.70999908447266,113.76000213623047,663600
2017-10-12,113.80000305175781,114.02999877929688,113.75,113.97000122070312,653000
2017-10-13,114.08999633789062,114.1500015258789,113.95999908447266,114.12999725341797,817700
2017-10-16,114.02999877929688,114.06999969482422,113.76000213623047,113.87000274658203,1520700
2017-10-17,113.63999938964844,113.7699966430664,113.62000274658203,113.66000366210938,656000
2017-10-18,113.5199966430664,113.62999725341797,113.48999786376953,113.5199966430664,570600
2017-10-19,113.76000213623047,113.81999969482422,113.56999969482422,113.66999816894531,1560100
2017-10-20,113.43000030517578,113.55000305175781,113.30000305175781,113.41000366210938,748300
2017-10-23,113.43000030517578,113.58999633789062,113.4000015258789,113.41999816894531,843400
2017-10-24,113.29000091552734,113.36000061035156,113.19000244140625,113.26000213623047,980400
2017-10-25,113.0,113.19999694824219,112.94000244140625,113.13999938964844,770100
2017-10-26,113.23999786376953,113.25,113.04000091552734,113.08999633789062,675800
2017-10-27,113.2300033569336,113.5,113.16999816894531,113.44999694824219,731800
2017-10-30,113.2300033569336,113.77999877929688,113.2300033569336,113.75,551100
2017-10-31,113.83000183105469,113.8499984741211,113.73999786376953,113.80000305175781,1142300
2017-11-01,113.63999938964844,113.81999969482422,113.58000183105469,113.69999694824219,2406300
2017-11-02,113.80000305175781,113.95999908447266,113.7699966430664,113.87000274658203,2208600
2017-11-03,113.94000244140625,113.97000122070312,113.69999694824219,113.94999694824219,744200
2017-11-06,113.98999786376953,114.1500015258789,113.97000122070312,114.13999938964844,944600
2017-11-07,114.20999908447266,114.33999633789062,114.16000366210938,114.30000305175781,1139800
2017-11-08,114.3499984741211,114.37999725341797,114.19000244140625,114.2300033569336,929800
2017-11-09,114.12000274658203,114.31999969482422,114.0999984741211,114.20999908447266,799700
2017-11-10,113.86000061035156,113.9000015258789,113.66999816894531,113.70999908447266,715300
2017-11-13,113.9000015258789,113.9000015258789,113.66999816894531,113.69999694824219,590200
2017-11-14,113.69999694824219,113.86000061035156,113.69000244140625,113.83999633789062,593400
2017-11-15,114.11000061035156,114.2300033569336,113.87999725341797,114.16000366210938,1284400
2017-11-16,113.9800033569336,114.08000183105469,113.9000015258789,113.91999816894531,921200
2017-11-17,114.11000061035156,114.19000244140625,114.0,114.12000274658203,731900
2017-11-20,113.94999694824219,114.06999969482422,113.87999725341797,113.94999694824219,569200
2017-11-21,114.11000061035156,114.11000061035156,113.77999877929688,113.94000244140625,558300
2017-11-22,114.04000091552734,114.29000091552734,114.01000213623047,114.27999877929688,581500
2017-11-24,114.29000091552734,114.30999755859375,114.12000274658203,114.13999938964844,429600
2017-11-27,114.18000030517578,114.25,114.02999877929688,114.12000274658203,2403500
2017-11-28,114.1500015258789,114.25,114.01000213623047,114.11000061035156,743700
2017-11-29,113.80000305175781,113.8499984741211,113.69999694824219,113.80000305175781,755100
2017-11-30,113.73999786376953,113.83999633789062,113.47000122070312,113.68000030517578,1108600
2017-12-01,113.4000015258789,113.97000122070312,113.23999786376953,113.61000061035156,3198300
2017-12-04,113.4800033569336,113.66000366210938,113.41999816894531,113.6500015258789,1814100
2017-12-05,113.61000061035156,113.80999755859375,113.54000091552734,113.7699966430664,965500
2017-12-06,113.9800033569336,114.02999877929688,113.8499984741211,113.88999938964844,646600
2017-12-07,113.9800033569336,114.01000213623047,113.58999633789062,113.73999786376953,602700
2017-12-08,113.73999786376953,113.77999877929688,113.56999969482422,113.69000244140625,1173000
2017-12-11,113.69000244140625,113.81999969482422,113.56999969482422,113.5999984741211,728100
2017-12-12,113.54000091552734,113.70999908447266,113.44999694824219,113.69000244140625,792400
2017-12-13,113.69000244140625,114.12999725341797,113.55999755859375,113.88999938964844,961300
2017-12-14,113.80000305175781,113.98999786376953,113.61000061035156,113.88999938964844,1072200
2017-12-15,113.68000030517578,113.94000244140625,113.66000366210938,113.88999938964844,1892500
2017-12-18,113.80999755859375,113.8499984741211,113.62999725341797,113.69000244140625,660800
2017-12-19,113.4800033569336,113.55999755859375,113.16999816894531,113.3499984741211,941200
2017-12-20,113.06999969482422,113.25,112.95999908447266,112.97000122070312,749700
2017-12-21,112.81999969482422,113.1500015258789,112.79000091552734,113.11000061035156,1139000
2017-12-22,113.18000030517578,113.19999694824219,113.05000305175781,113.18000030517578,690700
2017-12-26,113.20999908447266,113.3499984741211,113.16000366210938,113.27999877929688,648200
2017-12-27,113.38999938964844,113.77999877929688,113.33000183105469,113.75,827600
2017-12-28,113.70999908447266,113.80000305175781,113.6500015258789,113.79000091552734,741800
2017-12-29,113.80000305175781,114.1500015258789,113.79000091552734,114.08000183105469,963200
2018-01-02,113.9800033569336,113.9800033569336,113.61000061035156,113.80000305175781,1525000
2018-01-03,113.91000366210938,113.98999786376953,113.79000091552734,113.91000366210938,3322400
2018-01-04,113.75,113.97000122070312,113.66999816894531,113.94000244140625,1946500
2018-01-05,113.93000030517578,113.9800033569336,113.80000305175781,113.91999816894531,1691200
2018-01-08,114.0,114.0,113.66999816894531,113.80000305175781,1198100
2018-01-09,113.68000030517578,113.68000030517578,113.4000015258789,113.43000030517578,1752700
2018-01-10,113.12999725341797,113.44000244140625,113.05999755859375,113.38999938964844,2013500
2018-01-11,113.30000305175781,113.44000244140625,113.13999938964844,113.2699966430664,1440000
2018-01-12,113.27999877929688,113.41000366210938,113.20999908447266,113.37999725341797,1428300
2018-01-16,113.68000030517578,113.69000244140625,113.47000122070312,113.56999969482422,1171900
2018-01-17,113.5199966430664,113.68000030517578,113.37000274658203,113.48999786376953,1237400
2018-01-18,113.29000091552734,113.4800033569336,113.19000244140625,113.38999938964844,2098900
2018-01-19,113.26000213623047,113.3499984741211,113.13999938964844,113.19999694824219,1452100
2018-01-22,113.31999969482422,113.3499984741211,113.11000061035156,113.13999938964844,876300
2018-01-23,113.30999755859375,113.44000244140625,113.19999694824219,113.30999755859375,1297200
2018-01-24,113.16999816894531,113.27999877929688,113.06999969482422,113.2300033569336,1050400
2018-01-25,113.27999877929688,113.5199966430664,113.08000183105469,113.44000244140625,1039800
2018-01-26,113.43000030517578,113.43000030517578,113.22000122070312,113.37000274658203,1435500
2018-01-29,113.26000213623047,113.2699966430664,113.05999755859375,113.0999984741211,984600
2018-01-30,112.94000244140625,112.97000122070312,112.75,112.83000183105469,1638300
2018-01-31,113.04000091552734,113.11000061035156,112.87999725341797,113.11000061035156,4950600
2018-02-01,113.0999984741211,113.0999984741211,112.4800033569336,112.51000213623047,4574600
2018-02-02,112.33999633789062,112.41000366210938,112.1500015258789,112.37000274658203,3662900
2018-02-05,112.22000122070312,112.98999786376953,112.0999984741211,112.79000091552734,4035300
2018-02-06,112.58000183105469,112.68000030517578,112.30000305175781,112.33000183105469,2055500
2018-02-07,112.45999908447266,112.51000213623047,111.97000122070312,112.08000183105469,1862700
2018-02-08,111.9000015258789,112.12000274658203,111.7300033569336,111.8499984741211,1650000
2018-02-09,111.66000366210938,111.88999938964844,111.44999694824219,111.5,2755000
2018-02-12,111.7699966430664,111.94999694824219,111.54000091552734,111.58000183105469,1125000
2018-02-13,111.63999938964844,111.75,111.55999755859375,111.66000366210938,1446900
2018-02-14,111.80000305175781,111.80000305175781,111.43000030517578,111.55999755859375,1386300
2018-02-15,111.66999816894531,111.87000274658203,111.62000274658203,111.62000274658203,1438800
2018-02-16,111.87000274658203,111.9800033569336,111.72000122070312,111.80000305175781,1563900
2018-02-20,111.62999725341797,111.7300033569336,111.52999877929688,111.70999908447266,1047400
2018-02-21,111.6500015258789,111.69999694824219,111.27999877929688,111.38999938964844,987900
2018-02-22,111.54000091552734,111.63999938964844,111.44999694824219,111.48999786376953,922600
2018-02-23,111.69999694824219,111.9000015258789,111.62999725341797,111.9000015258789,678400
2018-02-26,112.06999969482422,112.20999908447266,112.0199966430664,112.04000091552734,822100
2018-02-27,112.19999694824219,112.19999694824219,111.56999969482422,111.76000213623047,2236800
2018-02-28,111.87000274658203,111.9800033569336,111.7300033569336,111.91999816894531,840900
2018-03-01,111.9800033569336,112.3499984741211,111.83000183105469,112.26000213623047,3639500
2018-03-02,112.1500015258789,112.30000305175781,112.01000213623047,112.16999816894531,961900
2018-03-05,112.37999725341797,112.4000015258789,111.94000244140625,112.0999984741211,765700
2018-03-06,112.22000122070312,112.30000305175781,112.04000091552734,112.06999969482422,875300
2018-03-07,112.30000305175781,112.30000305175781,111.9800033569336,112.06999969482422,2200500
2018-03-08,112.22000122070312,112.33999633789062,112.12000274658203,112.18000030517578,818000
2018-03-09,112.06999969482422,112.13999938964844,111.9000015258789,112.01000213623047,853800
2018-03-12,112.12000274658203,112.12000274658203,111.88999938964844,112.08999633789062,3274200
2018-03-13,112.22000122070312,112.25,112.05000305175781,112.18000030517578,1162500
2018-03-14,112.18000030517578,112.45999908447266,112.16000366210938,112.37000274658203,1555500
2018-03-15,112.38999938964844,112.55000305175781,112.30000305175781,112.37999725341797,3265100
2018-03-16,112.27999877929688,112.29000091552734,112.12000274658203,112.19000244140625,1821100
2018-03-19,112.05999755859375,112.36000061035156,112.05999755859375,112.12000274658203,1968000
2018-03-20,112.06999969482422,112.12000274658203,111.94999694824219,111.94999694824219,1045900
2018-03-21,111.94999694824219,112.26000213623047,111.7699966430664,112.19000244140625,980000
2018-03-22,112.45999908447266,112.6500015258789,112.3499984741211,112.5199966430664,1004800
2018-03-23,112.43000030517578,112.66000366210938,112.41000366210938,112.58000183105469,1075900
2018-03-26,112.47000122070312,112.6500015258789,112.36000061035156,112.37999725341797,1430200
2018-03-27,112.48999786376953,112.88999938964844,112.48999786376953,112.80999755859375,1120600
2018-03-28,112.94000244140625,112.9800033569336,112.63999938964844,112.80999755859375,1476800
2018-03-29,112.87000274658203,113.16999816894531,112.86000061035156,113.05000305175781,1146000
2018-04-02,112.80000305175781,113.02999877929688,112.62999725341797,112.87000274658203,1599900
2018-04-03,112.76000213623047,112.8499984741211,112.63999938964844,112.80000305175781,2938800
2018-04-04,112.94999694824219,112.94999694824219,112.66999816894531,112.73999786376953,896600
2018-04-05,112.52999877929688,112.61000061035156,112.37999725341797,112.41999816894531,1069200
2018-04-06,112.68000030517578,112.87000274658203,112.55999755859375,112.87000274658203,1170900
2018-04-09,112.75,112.8499984741211,112.6500015258789,112.8499984741211,1463300
2018-04-10,112.83999633789062,112.87000274658203,112.69999694824219,112.80000305175781,874800
2018-04-11,113.04000091552734,113.16000366210938,112.94999694824219,113.12999725341797,772000
2018-04-12,113.0199966430664,113.08999633789062,112.86000061035156,112.94999694824219,791600
2018-04-13,112.91999816894531,113.12999725341797,112.91999816894531,113.11000061035156,567700
2018-04-16,112.83000183105469,113.0199966430664,112.83000183105469,113.01000213623047,778200
2018-04-17,113.0,113.22000122070312,112.94999694824219,113.18000030517578,913100
2018-04-18,113.16000366210938,113.19999694824219,112.94000244140625,112.94999694824219,881500
2018-04-19,112.80000305175781,112.83999633789062,112.63999938964844,112.7699966430664,640200
2018-04-20,112.61000061035156,112.62000274658203,112.37999725341797,112.37999725341797,730200
2018-04-23,112.41000366210938,112.43000030517578,112.23999786376953,112.3499984741211,1036000
2018-04-24,112.25,112.30999755859375,112.0,112.04000091552734,1033200
2018-04-25,111.94999694824219,112.04000091552734,111.76000213623047,111.87000274658203,684400
2018-04-26,112.11000061035156,112.2300033569336,112.05999755859375,112.16000366210938,848900
2018-04-27,112.38999938964844,112.55999755859375,112.38999938964844,112.5199966430664,708100
2018-04-30,112.55000305175781,112.79000091552734,112.5199966430664,112.61000061035156,2127900
2018-05-01,111.9800033569336,112.02999877929688,111.76000213623047,111.79000091552734,868600
2018-05-02,111.91000366210938,112.02999877929688,111.80999755859375,111.93000030517578,2014000
2018-05-03,112.05999755859375,112.16999816894531,112.0,112.06999969482422,811700
2018-05-04,112.20999908447266,112.22000122070312,111.94999694824219,112.0999984741211,672000
2018-05-07,112.12999725341797,112.19000244140625,112.05999755859375,112.12000274658203,522800
2018-05-08,111.94999694824219,112.0199966430664,111.7699966430664,111.91999816894531,1428300
2018-05-09,111.77999877929688,111.97000122070312,111.77999877929688,111.8499984741211,721500
2018-05-10,112.01000213623047,112.08999633789062,111.91000366210938,112.06999969482422,659100
2018-05-11,112.16000366210938,112.16000366210938,111.97000122070312,112.06999969482422,580100
2018-05-14,111.94000244140625,111.94000244140625,111.77999877929688,111.79000091552734,1333600
2018-05-15,111.54000091552734,111.58000183105469,111.2699966430664,111.43000030517578,1059800
2018-05-16,111.45999908447266,111.5,111.2699966430664,111.2699966430664,874900
2018-05-17,111.30000305175781,111.36000061035156,111.04000091552734,111.05999755859375,719100
2018-05-18,111.12999725341797,111.37000274658203,111.12000274658203,111.36000061035156,697400
2018-05-21,111.30999755859375,111.44000244140625,111.25,111.4000015258789,673800
2018-05-22,111.44000244140625,111.4800033569336,111.33999633789062,111.3499984741211,1301900
2018-05-23,111.58999633789062,111.7300033569336,111.5199966430664,111.66999816894531,1330800
2018-05-24,111.80000305175781,111.91999816894531,111.73999786376953,111.80000305175781,932900
2018-05-25,111.86000061035156,111.9800033569336,111.81999969482422,111.95999908447266,547000
2018-05-29,112.23999786376953,112.8499984741211,112.13999938964844,112.62000274658203,1573500
2018-05-30,112.44999694824219,112.55999755859375,112.26000213623047,112.41000366210938,2219000
2018-05-31,112.44000244140625,112.73999786376953,112.33999633789062,112.4800033569336,2374200
2018-06-01,111.91999816894531,112.11000061035156,111.83000183105469,111.9800033569336,1556700
2018-06-04,111.8499984741211,111.95999908447266,111.73999786376953,111.75,1710800
2018-06-05,111.88999938964844,112.06999969482422,111.8499984741211,112.0,1207300
2018-06-06,111.87000274658203,111.87000274658203,111.63999938964844,111.76000213623047,769000
2018-06-07,111.80000305175781,112.25,111.75,112.0999984741211,3077200
2018-06-08,112.02999877929688,112.08999633789062,111.87000274658203,111.91000366210938,1771400
2018-06-11,111.7300033569336,111.91000366210938,111.69999694824219,111.91000366210938,791600
2018-06-12,111.80000305175781,111.9000015258789,111.75,111.81999969482422,635700
2018-06-13,111.83999633789062,111.97000122070312,111.4800033569336,111.75,692600
2018-06-14,111.95999908447266,112.05000305175781,111.8499984741211,112.04000091552734,820300
2018-06-15,112.2300033569336,112.26000213623047,112.06999969482422,112.08000183105469,1102300
2018-06-18,112.16999816894531,112.19999694824219,112.08000183105469,112.16999816894531,645800
2018-06-19,112.37000274658203,112.45999908447266,112.29000091552734,112.3499984741211,2233800
2018-06-20,112.37000274658203,112.37000274658203,112.01000213623047,112.04000091552734,668500
2018-06-21,112.05000305175781,112.2699966430664,112.05000305175781,112.23999786376953,738500
2018-06-22,112.22000122070312,112.43000030517578,112.1500015258789,112.4000015258789,1630400
2018-06-25,112.43000030517578,112.62000274658203,112.4000015258789,112.44999694824219,2901400
2018-06-26,112.44000244140625,112.61000061035156,112.4000015258789,112.61000061035156,934100
2018-06-27,112.86000061035156,112.98999786376953,112.81999969482422,112.9800033569336,990100
2018-06-28,113.01000213623047,113.01000213623047,112.73999786376953,112.83000183105469,1883000
2018-06-29,112.83999633789062,113.04000091552734,112.80000305175781,112.87000274658203,744300
2018-07-02,112.56999969482422,112.58000183105469,112.44000244140625,112.4800033569336,2468800
2018-07-03,112.61000061035156,112.76000213623047,112.58000183105469,112.72000122070312,996000
2018-07-05,112.7699966430664,112.91000366210938,112.70999908447266,112.8499984741211,831900
2018-07-06,112.98999786376953,113.05000305175781,112.88999938964844,113.01000213623047,671300
2018-07-09,112.79000091552734,112.83999633789062,112.7300033569336,112.77999877929688,901700
2018-07-10,112.75,112.83000183105469,112.58000183105469,112.61000061035156,944300
2018-07-11,112.80000305175781,112.80000305175781,112.61000061035156,112.7300033569336,652300
2018-07-12,112.58999633789062,112.69000244140625,112.5199966430664,112.63999938964844,1028100
2018-07-13,112.68000030517578,112.91000366210938,112.68000030517578,112.86000061035156,1342000
2018-07-16,112.56999969482422,112.5999984741211,112.4000015258789,112.55999755859375,967700
2018-07-17,112.58000183105469,112.58999633789062,112.38999938964844,112.41000366210938,781700
2018-07-18,112.38999938964844,112.38999938964844,112.19000244140625,112.2300033569336,2352400
2018-07-19,112.29000091552734,112.45999908447266,112.2699966430664,112.38999938964844,1103300
2018-07-20,112.38999938964844,112.4800033569336,112.0999984741211,112.12000274658203,671600
2018-07-23,112.01000213623047,112.01000213623047,111.55999755859375,111.58999633789062,802600
2018-07-24,111.61000061035156,111.69999694824219,111.55000305175781,111.6500015258789,794600
2018-07-25,111.8499984741211,111.94999694824219,111.62000274658203,111.66999816894531,845100
2018-07-26,111.80000305175781,111.86000061035156,111.55000305175781,111.55999755859375,768500
2018-07-27,111.81999969482422,111.83999633789062,111.66000366210938,111.7300033569336,749200
2018-07-30,111.62999725341797,111.77999877929688,111.5999984741211,111.66999816894531,930800
2018-07-31,111.83999633789062,111.87000274658203,111.76000213623047,111.83999633789062,1370700
2018-08-01,111.11000061035156,111.18000030517578,111.01000213623047,111.0999984741211,2501500
2018-08-02,111.18000030517578,111.25,111.05000305175781,111.16000366210938,2167600
2018-08-03,111.26000213623047,111.41999816894531,111.26000213623047,111.37999725341797,758000
2018-08-06,111.51000213623047,111.62000274658203,111.36000061035156,111.4000015258789,772900
2018-08-07,111.37000274658203,111.37999725341797,111.25,111.25,1549200
2018-08-08,111.25,111.31999969482422,111.18000030517578,111.26000213623047,1605800
2018-08-09,111.44000244140625,111.52999877929688,111.37000274658203,111.5199966430664,1095300
2018-08-10,111.81999969482422,112.02999877929688,111.80000305175781,111.87999725341797,710000
2018-08-13,111.83999633789062,111.9000015258789,111.77999877929688,111.86000061035156,1604600
2018-08-14,111.83999633789062,111.83999633789062,111.66000366210938,111.72000122070312,845200
2018-08-15,111.83999633789062,111.97000122070312,111.83000183105469,111.94000244140625,943100
2018-08-16,111.88999938964844,111.91000366210938,111.69999694824219,111.87000274658203,861700
2018-08-17,111.94000244140625,112.0199966430664,111.80999755859375,111.91999816894531,639100
2018-08-20,112.08000183105469,112.19000244140625,112.05000305175781,112.13999938964844,611400
2018-08-21,112.05999755859375,112.08999633789062,111.97000122070312,112.06999969482422,743100
2018-08-22,112.30999755859375,112.33000183105469,112.18000030517578,112.30999755859375,1539900
2018-08-23,112.37999725341797,112.43000030517578,112.30999755859375,112.4000015258789,718600
2018-08-24,112.25,112.51000213623047,112.19999694824219,112.51000213623047,855800
2018-08-27,112.38999938964844,112.44000244140625,112.30999755859375,112.33999633789062,906000
2018-08-28,112.1500015258789,112.19999694824219,112.05000305175781,112.12000274658203,740100
2018-08-29,112.12000274658203,112.16999816894531,112.0199966430664,112.12000274658203,945900
2018-08-30,112.2300033569336,112.30999755859375,112.16000366210938,112.22000122070312,1451000
2018-08-31,112.37000274658203,112.37000274658203,112.05999755859375,112.08999633789062,1978700
2018-09-04,111.58000183105469,111.6500015258789,111.47000122070312,111.55000305175781,6260200
2018-09-05,111.44000244140625,111.51000213623047,111.37000274658203,111.44000244140625,2167600
2018-09-06,111.47000122070312,111.58000183105469,111.41999816894531,111.54000091552734,1579100
2018-09-07,111.26000213623047,111.2699966430664,111.0999984741211,111.22000122070312,1453400
2018-09-10,111.23999786376953,111.30000305175781,111.19000244140625,111.25,1832700
2018-09-11,111.08000183105469,111.12999725341797,110.97000122070312,111.0199966430664,2553400
2018-09-12,111.19000244140625,111.23999786376953,111.11000061035156,111.12000274658203,1251600
2018-09-13,111.12000274658203,111.12000274658203,110.95999908447266,110.95999908447266,1556800
2018-09-14,110.77999877929688,110.91000366210938,110.72000122070312,110.76000213623047,1328700
2018-09-17,110.70999908447266,110.83999633789062,110.69000244140625,110.77999877929688,1468200
2018-09-18,110.70999908447266,110.7300033569336,110.51000213623047,110.55000305175781,891400
2018-09-19,110.5199966430664,110.5199966430664,110.2699966430664,110.43000030517578,986300
2018-09-20,110.44999694824219,110.69999694824219,110.41999816894531,110.58000183105469,1030500
2018-09-21,110.51000213623047,110.66000366210938,110.51000213623047,110.58999633789062,788600
2018-09-24,110.5199966430664,110.6500015258789,110.47000122070312,110.4800033569336,1388500
2018-09-25,110.38999938964844,110.45999908447266,110.3499984741211,110.44000244140625,873000
2018-09-26,110.47000122070312,110.69000244140625,110.41000366210938,110.62999725341797,1131700
2018-09-27,110.58999633789062,110.68000030517578,110.54000091552734,110.66999816894531,1064300
2018-09-28,110.70999908447266,110.75,110.54000091552734,110.62000274658203,2204400
2018-10-01,110.41000366210938,110.43000030517578,110.18000030517578,110.19000244140625,5181400
2018-10-02,110.30000305175781,110.4800033569336,110.29000091552734,110.37000274658203,3800200
2018-10-03,110.25,110.27999877929688,109.7300033569336,109.83999633789062,2775700
2018-10-04,109.69999694824219,109.77999877929688,109.48999786376953,109.56999969482422,2102800
2018-10-05,109.37000274658203,109.5199966430664,109.19000244140625,109.2699966430664,2703600
2018-10-08,109.29000091552734,109.33000183105469,109.22000122070312,109.22000122070312,870000
2018-10-09,109.3499984741211,109.52999877929688,109.30999755859375,109.52999877929688,2233600
2018-10-10,109.30000305175781,109.44000244140625,109.16000366210938,109.41999816894531,2276900
2018-10-11,109.4000015258789,109.68000030517578,109.30999755859375,109.5999984741211,3359300
2018-10-12,109.44999694824219,109.63999938964844,109.41000366210938,109.43000030517578,1746800
2018-10-15,109.52999877929688,109.5999984741211,109.44999694824219,109.5,1768600
2018-10-16,109.44000244140625,109.55000305175781,109.38999938964844,109.51000213623047,1114400
2018-10-17,109.45999908447266,109.51000213623047,109.25,109.25,1396900
2018-10-18,109.19000244140625,109.4000015258789,109.16000366210938,109.16999816894531,1005600
2018-10-19,109.12999725341797,109.18000030517578,109.01000213623047,109.06999969482422,1180700
2018-10-22,109.11000061035156,109.16000366210938,109.01000213623047,109.01000213623047,832800
2018-10-23,109.30999755859375,109.41999816894531,109.01000213623047,109.04000091552734,1228600
2018-10-24,109.26000213623047,109.4000015258789,109.18000030517578,109.4000015258789,1121900
2018-10-25,109.25,109.2699966430664,108.91000366210938,108.94000244140625,985300
2018-10-26,109.16999816894531,109.52999877929688,109.16999816894531,109.48999786376953,2203900
2018-10-29,109.41000366210938,109.5,109.22000122070312,109.37999725341797,1368500
2018-10-30,109.22000122070312,109.2699966430664,109.06999969482422,109.08999633789062,1281100
2018-10-31,108.91000366210938,109.05000305175781,108.81999969482422,108.83999633789062,1723100
2018-11-01,108.61000061035156,108.83000183105469,108.56999969482422,108.61000061035156,2582200
2018-11-02,108.41000366210938,108.48999786376953,108.22000122070312,108.27999877929688,1195600
2018-11-05,108.45999908447266,108.58999633789062,108.45999908447266,108.4800033569336,1233000
2018-11-06,108.58000183105469,108.62000274658203,108.43000030517578,108.44000244140625,827500
2018-11-07,108.69000244140625,108.77999877929688,108.45999908447266,108.5199966430664,1101500
2018-11-08,108.58999633789062,108.62000274658203,107.52999877929688,108.37000274658203,1232100
2018-11-09,108.44000244140625,108.66999816894531,108.44000244140625,108.62999725341797,1232400
2018-11-12,108.83999633789062,108.95999908447266,108.79000091552734,108.86000061035156,1111100
2018-11-13,108.7300033569336,108.81999969482422,108.6500015258789,108.7699966430664,871900
2018-11-14,108.66000366210938,108.98999786376953,108.62999725341797,108.77999877929688,926800
2018-11-15,108.87999725341797,108.95999908447266,108.70999908447266,108.87000274658203,2124600
2018-11-16,109.0999984741211,109.37999725341797,109.06999969482422,109.31999969482422,1218000
2018-11-19,109.18000030517578,109.33999633789062,109.18000030517578,109.2699966430664,1502200
2018-11-20,109.18000030517578,109.2699966430664,109.08000183105469,109.11000061035156,1094700
2018-11-21,108.97000122070312,109.0999984741211,108.81999969482422,109.05999755859375,1251600
2018-11-23,109.05999755859375,109.08999633789062,108.87999725341797,108.88999938964844,364700
2018-11-26,108.83000183105469,108.87999725341797,108.76000213623047,108.7699966430664,1226800
2018-11-27,108.69999694824219,108.81999969482422,108.4800033569336,108.4800033569336,1154000
2018-11-28,108.4000015258789,108.83000183105469,108.37999725341797,108.61000061035156,1494600
2018-11-29,109.0,109.25,108.95999908447266,109.25,940800
2018-11-30,109.29000091552734,109.36000061035156,109.19000244140625,109.2699966430664,1270700
2018-12-03,109.12999725341797,109.31999969482422,109.06999969482422,109.31999969482422,1250200
2018-12-04,109.47000122070312,109.91999816894531,109.45999908447266,109.6500015258789,2015000
2018-12-06,109.69000244140625,109.9000015258789,109.55999755859375,109.66000366210938,1503600
2018-12-07,109.69000244140625,109.83000183105469,109.61000061035156,109.81999969482422,1221900
2018-12-10,109.7699966430664,109.83999633789062,109.45999908447266,109.55000305175781,1282400
2018-12-11,109.45999908447266,109.58999633789062,109.01000213623047,109.11000061035156,1499000
2018-12-12,109.06999969482422,109.0999984741211,108.9000015258789,108.94999694824219,1876200
2018-12-13,108.9800033569336,109.0999984741211,108.93000030517578,108.97000122070312,1542500
2018-12-14,109.11000061035156,109.16999816894531,109.02999877929688,109.05000305175781,1231000
2018-12-17,109.08000183105469,109.26000213623047,109.08000183105469,109.23999786376953,1578100
2018-12-18,109.16000366210938,109.36000061035156,109.12000274658203,109.33999633789062,1194900
2018-12-19,109.48999786376953,109.77999877929688,109.4800033569336,109.52999877929688,2779100
2018-12-20,109.5199966430664,109.55999755859375,109.16999816894531,109.22000122070312,2968400
2018-12-21,109.3499984741211,109.41999816894531,109.1500015258789,109.16999816894531,1960400
2018-12-24,109.25,109.36000061035156,109.19999694824219,109.33000183105469,861700
2018-12-26,109.2699966430664,109.44999694824219,109.06999969482422,109.11000061035156,1441300
2018-12-27,109.3499984741211,109.44999694824219,109.0999984741211,109.11000061035156,1467200
2018-12-28,109.29000091552734,109.43000030517578,109.19999694824219,109.43000030517578,2067600
2018-12-31,109.27999877929688,109.54000091552734,109.25,109.51000213623047,1496100
2019-01-02,109.56999969482422,109.7300033569336,109.5,109.68000030517578,1435200
2019-01-03,109.83999633789062,110.4000015258789,109.83999633789062,110.31999969482422,1213900
2019-01-04,110.02999877929688,110.0999984741211,109.86000061035156,110.08999633789062,1236700
2019-01-07,110.1500015258789,110.20999908447266,109.94000244140625,110.0199966430664,1237700
2019-01-08,110.11000061035156,110.18000030517578,110.05000305175781,110.11000061035156,792600
2019-01-09,110.04000091552734,110.25,110.0,110.23999786376953,1079200
2019-01-10,110.2300033569336,110.2699966430664,109.91999816894531,109.9800033569336,1346300
2019-01-11,110.06999969482422,110.2699966430664,110.06999969482422,110.2699966430664,879400
2019-01-14,110.23999786376953,110.31999969482422,110.02999877929688,110.06999969482422,975700
2019-01-15,110.06999969482422,110.06999969482422,109.87999725341797,109.97000122070312,930800
2019-01-16,109.8499984741211,109.98999786376953,109.7699966430664,109.95999908447266,1793000
2019-01-17,109.93000030517578,110.06999969482422,109.79000091552734,109.87000274658203,1975400
2019-01-18,109.70999908447266,109.8499984741211,109.58000183105469,109.73999786376953,1702600
2019-01-22,109.9000015258789,109.93000030517578,109.73999786376953,109.80999755859375,3260300
2019-01-23,109.69999694824219,109.7699966430664,109.62999725341797,109.68000030517578,921000
2019-01-24,109.88999938964844,109.95999908447266,109.80999755859375,109.8499984741211,851000
2019-01-25,109.69999694824219,109.76000213623047,109.5999984741211,109.68000030517578,576600
2019-01-28,109.55999755859375,109.5999984741211,109.5,109.52999877929688,1318900
2019-01-29,109.58999633789062,109.8499984741211,109.56999969482422,109.8499984741211,632200
2019-01-30,109.87999725341797,110.5199966430664,109.86000061035156,110.44999694824219,947100
2019-01-31,110.69000244140625,111.11000061035156,110.69000244140625,111.06999969482422,1430700
2019-02-01,110.98999786376953,111.05000305175781,110.68000030517578,110.68000030517578,1474800
2019-02-04,110.5199966430664,110.54000091552734,110.37000274658203,110.45999908447266,973000
2019-02-05,110.54000091552734,110.6500015258789,110.4800033569336,110.61000061035156,1024600
2019-02-06,110.73999786376953,110.79000091552734,110.5199966430664,110.54000091552734,3779300
2019-02-07,110.66000366210938,110.75,110.54000091552734,110.70999908447266,916700
2019-02-08,110.83000183105469,110.83999633789062,110.72000122070312,110.76000213623047,832700
2019-02-11,110.58999633789062,110.62000274658203,110.44000244140625,110.52999877929688,653200
2019-02-12,110.62000274658203,110.62000274658203,110.43000030517578,110.55000305175781,658700
2019-02-13,110.51000213623047,110.58999633789062,110.47000122070312,110.52999877929688,642200
2019-02-14,110.83999633789062,110.87999725341797,110.70999908447266,110.83999633789062,1780700
2019-02-15,110.76000213623047,110.9000015258789,110.76000213623047,110.83999633789062,664200
2019-02-19,110.94999694824219,111.11000061035156,110.9000015258789,111.0999984741211,602400
2019-02-20,111.05999755859375,111.19999694824219,111.02999877929688,111.13999938964844,819800
2019-02-21,110.88999938964844,110.98999786376953,110.81999969482422,110.94999694824219,959700
2019-02-22,111.05999755859375,111.36000061035156,111.05000305175781,111.23999786376953,550100
2019-02-25,111.12999725341797,111.19000244140625,111.08999633789062,111.16000366210938,556100
2019-02-26,111.33000183105469,111.41000366210938,111.23999786376953,111.31999969482422,561100
2019-02-27,111.20999908447266,111.2300033569336,110.94999694824219,111.05999755859375,825600
2019-02-28,111.08999633789062,111.08999633789062,110.79000091552734,110.87999725341797,1155000
2019-03-01,110.81999969482422,110.95999908447266,110.61000061035156,110.66000366210938,1334600
2019-03-04,110.79000091552734,110.93000030517578,110.7300033569336,110.81999969482422,916700
2019-03-05,110.69000244140625,110.77999877929688,110.54000091552734,110.77999877929688,973600
2019-03-06,110.70999908447266,110.91999816894531,110.70999908447266,110.91000366210938,1891700
2019-03-07,111.05999755859375,111.27999877929688,111.05999755859375,111.22000122070312,1168000
2019-03-08,111.19999694824219,111.37000274658203,111.1500015258789,111.31999969482422,793500
2019-03-11,111.31999969482422,111.37999725341797,111.22000122070312,111.30000305175781,620400
2019-03-12,111.26000213623047,111.58999633789062,111.25,111.51000213623047,632400
2019-03-13,111.52999877929688,111.6500015258789,111.52999877929688,111.63999938964844,607600
2019-03-14,111.66000366210938,111.76000213623047,111.5199966430664,111.61000061035156,2511100
2019-03-15,111.81999969482422,112.0199966430664,111.80999755859375,112.0,2015900
2019-03-18,111.91000366210938,112.0999984741211,111.91000366210938,111.98999786376953,975900
2019-03-19,111.87000274658203,111.9800033569336,111.81999969482422,111.88999938964844,746400
2019-03-20,111.91000366210938,112.69000244140625,111.91000366210938,112.62999725341797,1213000
2019-03-21,112.62999725341797,112.72000122070312,112.55000305175781,112.62000274658203,808900
2019-03-22,112.87999725341797,113.05000305175781,112.76000213623047,112.95999908447266,1196700
2019-03-25,112.91999816894531,113.30000305175781,112.83000183105469,112.93000030517578,1160000
2019-03-26,112.83999633789062,113.0199966430664,112.7300033569336,112.7300033569336,991900
2019-03-27,112.70999908447266,112.94999694824219,112.68000030517578,112.77999877929688,1237800
2019-03-28,112.72000122070312,112.87000274658203,112.62000274658203,112.87000274658203,893300
2019-03-29,112.87999725341797,113.08999633789062,112.87999725341797,113.06999969482422,998200
2019-04-01,112.91000366210938,112.95999908447266,112.56999969482422,112.6500015258789,3808200
2019-04-02,112.63999938964844,112.76000213623047,112.62000274658203,112.76000213623047,1183200
2019-04-03,112.5,112.6500015258789,112.41000366210938,112.41000366210938,1168700
2019-04-04,112.44000244140625,112.55000305175781,112.41000366210938,112.48999786376953,1860500
2019-04-05,112.44000244140625,112.62000274658203,112.43000030517578,112.62000274658203,668500
2019-04-08,112.56999969482422,112.62999725341797,112.45999908447266,112.51000213623047,786000
2019-04-09,112.69999694824219,112.76000213623047,112.58999633789062,112.62000274658203,1135400
2019-04-10,112.91999816894531,113.06999969482422,112.91000366210938,113.02999877929688,1665200
2019-04-11,112.86000061035156,112.91000366210938,112.73999786376953,112.7699966430664,757500
2019-04-12,112.61000061035156,112.72000122070312,112.55000305175781,112.55999755859375,1097200
2019-04-15,112.55999755859375,112.66000366210938,112.55000305175781,112.62000274658203,563100
2019-04-16,112.4800033569336,112.54000091552734,112.33000183105469,112.36000061035156,991200
2019-04-17,112.31999969482422,112.41999816894531,112.30000305175781,112.33999633789062,1896900
2019-04-18,112.5999984741211,112.7300033569336,112.58999633789062,112.66000366210938,872400
2019-04-22,112.6500015258789,112.69000244140625,112.51000213623047,112.55000305175781,7154100
2019-04-23,112.69000244140625,112.81999969482422,112.66999816894531,112.80999755859375,967800
2019-04-24,113.02999877929688,113.22000122070312,113.02999877929688,113.19999694824219,577700
2019-04-25,113.22000122070312,113.30999755859375,113.16999816894531,113.19999694824219,7567000
2019-04-26,113.4000015258789,113.44999694824219,113.31999969482422,113.44999694824219,769500
2019-04-29,113.19000244140625,113.20999908447266,113.0999984741211,113.12999725341797,811000
2019-04-30,113.0999984741211,113.3499984741211,113.0999984741211,113.31999969482422,1004600
2019-05-01,113.2699966430664,113.55999755859375,113.02999877929688,113.04000091552734,2289100
2019-05-02,112.72000122070312,112.76000213623047,112.45999908447266,112.58000183105469,1103000
2019-05-03,112.80000305175781,112.9800033569336,112.80000305175781,112.88999938964844,1040400
2019-05-06,113.08999633789062,113.16000366210938,113.05000305175781,113.05999755859375,588700
2019-05-07,113.08999633789062,113.25,113.08000183105469,113.12000274658203,1479000
2019-05-08,113.20999908447266,113.23999786376953,112.80000305175781,112.83000183105469,2586100
2019-05-09,113.0199966430664,113.12999725341797,112.94000244140625,113.0199966430664,781800
2019-05-10,113.0999984741211,113.30999755859375,113.02999877929688,113.2699966430664,881100
2019-05-13,113.51000213623047,113.70999908447266,113.4800033569336,113.51000213623047,952600
2019-05-14,113.5199966430664,113.61000061035156,113.47000122070312,113.58999633789062,667700
2019-05-15,113.80999755859375,113.83999633789062,113.62000274658203,113.81999969482422,505500
2019-05-16,113.72000122070312,113.72000122070312,113.56999969482422,113.63999938964844,373600
2019-05-17,113.75,113.76000213623047,113.5199966430664,113.52999877929688,589500
2019-05-20,113.51000213623047,113.61000061035156,113.36000061035156,113.37999725341797,415400
2019-05-21,113.41999816894531,113.45999908447266,113.31999969482422,113.44000244140625,788600
2019-05-22,113.5,113.62000274658203,113.41999816894531,113.4800033569336,725100
2019-05-23,113.52999877929688,113.86000061035156,113.51000213623047,113.72000122070312,780800
2019-05-24,113.91999816894531,113.91999816894531,113.76000213623047,113.91000366210938,487500
2019-05-28,114.0,114.04000091552734,113.86000061035156,113.97000122070312,4731600
2019-05-29,114.16999816894531,114.41999816894531,114.16999816894531,114.16999816894531,1725100
2019-05-30,114.26000213623047,114.56999969482422,114.18000030517578,114.55000305175781,700700
2019-05-31,114.87999725341797,115.31999969482422,114.87000274658203,115.2699966430664,1622200
2019-06-03,114.7300033569336,115.1500015258789,114.6500015258789,114.94000244140625,7087400
2019-06-04,114.63999938964844,114.81999969482422,114.4800033569336,114.70999908447266,1603800
2019-06-05,114.87999725341797,115.04000091552734,114.72000122070312,114.77999877929688,1182800
2019-06-06,114.8499984741211,115.04000091552734,114.47000122070312,114.70999908447266,759100
2019-06-07,115.06999969482422,115.12999725341797,114.93000030517578,115.12999725341797,770500
2019-06-10,114.8499984741211,114.8499984741211,114.4800033569336,114.51000213623047,1606600
2019-06-11,114.41000366210938,114.51000213623047,114.33999633789062,114.36000061035156,640900
2019-06-12,114.38999938964844,114.56999969482422,114.36000061035156,114.41999816894531,506500
2019-06-13,114.55000305175781,114.62000274658203,114.44000244140625,114.45999908447266,1625200
2019-06-14,114.3499984741211,114.51000213623047,114.11000061035156,114.27999877929688,609600
2019-06-17,114.05999755859375,114.19000244140625,113.95999908447266,114.05999755859375,1652400
2019-06-18,114.75,114.83999633789062,114.4800033569336,114.52999877929688,860700
2019-06-19,114.36000061035156,115.20999908447266,114.31999969482422,115.19000244140625,1191800
2019-06-20,115.7300033569336,115.9800033569336,115.69000244140625,115.83999633789062,873800
2019-06-21,115.69000244140625,115.69000244140625,115.19999694824219,115.31999969482422,1174700
2019-06-24,115.51000213623047,115.55000305175781,115.41000366210938,115.54000091552734,528900
2019-06-25,115.54000091552734,115.6500015258789,115.30999755859375,115.33999633789062,678900
2019-06-26,115.3499984741211,115.4000015258789,115.18000030517578,115.2300033569336,1477300
2019-06-27,115.29000091552734,115.52999877929688,115.2300033569336,115.44999694824219,462300
2019-06-28,115.33999633789062,115.55999755859375,115.30999755859375,115.48999786376953,2422700
2019-07-01,114.9800033569336,115.0199966430664,114.4800033569336,114.63999938964844,1708400
2019-07-02,114.63999938964844,114.83999633789062,114.58000183105469,114.69999694824219,3109600
2019-07-03,114.9000015258789,115.05000305175781,114.88999938964844,115.0,560500
2019-07-05,114.51000213623047,114.72000122070312,114.25,114.6500015258789,708200
2019-07-08,114.87999725341797,114.91999816894531,114.66999816894531,114.66999816894531,639700
2019-07-09,114.7699966430664,114.88999938964844,114.61000061035156,114.79000091552734,436400
2019-07-10,115.0,115.08999633789062,114.8499984741211,114.98999786376953,1635700
2019-07-11,115.08000183105469,115.0999984741211,114.62000274658203,114.62999725341797,884700
2019-07-12,114.55999755859375,114.91000366210938,114.55999755859375,114.83000183105469,809100
2019-07-15,114.83999633789062,115.16999816894531,114.83999633789062,115.12000274658203,2156000
2019-07-16,114.9000015258789,114.98999786376953,114.8499984741211,114.93000030517578,1411400
2019-07-17,115.05000305175781,115.22000122070312,115.05000305175781,115.16999816894531,505800
2019-07-18,115.13999938964844,115.43000030517578,114.95999908447266,115.41000366210938,599800
2019-07-19,115.2300033569336,115.43000030517578,115.2300033569336,115.2300033569336,1135200
2019-07-22,115.36000061035156,115.41999816894531,115.26000213623047,115.26000213623047,939700
2019-07-23,115.2300033569336,115.33000183105469,115.12999725341797,115.2300033569336,377200
2019-07-24,115.25,115.37999725341797,115.19999694824219,115.26000213623047,662200
2019-07-25,115.18000030517578,115.22000122070312,115.0,115.06999969482422,669500
2019-07-26,115.18000030517578,115.19000244140625,114.9000015258789,114.98999786376953,472600
2019-07-29,115.08999633789062,115.0999984741211,114.88999938964844,114.88999938964844,620600
2019-07-30,115.05999755859375,115.12999725341797,114.94000244140625,115.05999755859375,924200
2019-07-31,115.0999984741211,115.55999755859375,114.97000122070312,115.23999786376953,1327500
2019-08-01,114.79000091552734,115.51000213623047,114.72000122070312,115.38999938964844,2549100
2019-08-02,115.41999816894531,115.5,115.11000061035156,115.47000122070312,2097600
2019-08-05,115.62999725341797,115.91999816894531,115.55999755859375,115.87000274658203,3091200
2019-08-06,115.81999969482422,116.30000305175781,115.7699966430664,116.30000305175781,2889600
2019-08-07,116.87000274658203,117.08000183105469,116.23999786376953,116.36000061035156,2157800
2019-08-08,116.19999694824219,116.69000244140625,116.05000305175781,116.66000366210938,1248300
2019-08-09,116.76000213623047,116.98999786376953,116.47000122070312,116.54000091552734,678100
2019-08-12,116.93000030517578,117.16000366210938,116.77999877929688,117.01000213623047,543200
2019-08-13,117.19999694824219,117.22000122070312,116.6500015258789,116.81999969482422,1379100
2019-08-14,117.19000244140625,117.25,116.94999694824219,117.04000091552734,619300
2019-08-15,117.19000244140625,117.79000091552734,117.02999877929688,117.55999755859375,772700
2019-08-16,117.19000244140625,117.30000305175781,116.95999908447266,117.22000122070312,548500
2019-08-19,116.72000122070312,117.01000213623047,116.72000122070312,116.77999877929688,600000
2019-08-20,117.05999755859375,117.12999725341797,116.9000015258789,116.93000030517578,607000
2019-08-21,116.80999755859375,117.26000213623047,116.7300033569336,116.80999755859375,938100
2019-08-22,116.69999694824219,116.91000366210938,116.38999938964844,116.70999908447266,961300
2019-08-23,116.7300033569336,117.5,116.66000366210938,117.37999725341797,756500
2019-08-26,117.43000030517578,117.55000305175781,117.1500015258789,117.25,1263700
2019-08-27,117.41000366210938,117.80999755859375,117.31999969482422,117.80000305175781,954200
2019-08-28,118.12999725341797,118.22000122070312,117.98999786376953,118.02999877929688,628600
2019-08-29,117.97000122070312,118.13999938964844,117.79000091552734,118.0999984741211,1308700
2019-08-30,118.01000213623047,118.05000305175781,117.63999938964844,117.6500015258789,955000
2019-09-03,117.51000213623047,117.94000244140625,117.38999938964844,117.44999694824219,5779500
2019-09-04,117.5,117.73999786376953,117.47000122070312,117.73999786376953,1538400
2019-09-05,117.2699966430664,117.3499984741211,116.9000015258789,117.20999908447266,1541700
2019-09-06,117.12000274658203,117.37999725341797,117.11000061035156,117.30999755859375,1216900
2019-09-09,116.91000366210938,116.94000244140625,116.69000244140625,116.70999908447266,1059600
2019-09-10,116.72000122070312,116.83999633789062,116.04000091552734,116.04000091552734,834000
2019-09-11,116.12999725341797,116.2699966430664,115.91000366210938,115.91000366210938,1774100
2019-09-12,116.44999694824219,116.56999969482422,115.75,115.81999969482422,1058200
2019-09-13,115.58000183105469,115.75,115.13999938964844,115.13999938964844,953300
2019-09-16,115.7699966430664,115.95999908447266,115.63999938964844,115.83000183105469,1516500
2019-09-17,115.83000183105469,116.16999816894531,115.7699966430664,115.9800033569336,2191700
2019-09-18,116.30000305175781,116.38999938964844,115.54000091552734,115.62000274658203,941800
2019-09-19,115.94000244140625,116.04000091552734,115.80999755859375,115.8499984741211,1742100
2019-09-20,116.05000305175781,116.5,116.05000305175781,116.48999786376953,630000
2019-09-23,116.54000091552734,116.88999938964844,116.48999786376953,116.6500015258789,691600
2019-09-24,116.72000122070312,116.98999786376953,116.69999694824219,116.91000366210938,533600
2019-09-25,116.75,116.7699966430664,116.18000030517578,116.30000305175781,736600
2019-09-26,116.41000366210938,116.56999969482422,116.30999755859375,116.37000274658203,931500
2019-09-27,116.30999755859375,116.43000030517578,116.1500015258789,116.19000244140625,675600
2019-09-30,116.0199966430664,116.36000061035156,115.80999755859375,116.29000091552734,2129700
2019-10-01,115.63999938964844,116.33999633789062,115.58000183105469,116.31999969482422,3965000
2019-10-02,116.2699966430664,116.51000213623047,116.18000030517578,116.31999969482422,2123800
2019-10-03,116.43000030517578,116.97000122070312,116.43000030517578,116.69000244140625,1389300
2019-10-04,116.79000091552734,117.16000366210938,116.76000213623047,117.05000305175781,792900
2019-10-07,116.91999816894531,117.08999633789062,116.7300033569336,116.7300033569336,635000
2019-10-08,116.91000366210938,116.94999694824219,116.5,116.62000274658203,839100
2019-10-09,116.5,116.54000091552734,116.19000244140625,116.37999725341797,1180600
2019-10-10,116.2699966430664,116.2699966430664,115.83999633789062,116.01000213623047,776900
2019-10-11,115.69000244140625,115.94999694824219,115.52999877929688,115.6500015258789,2313100
2019-10-14,115.95999908447266,115.95999908447266,115.69999694824219,115.83999633789062,772600
2019-10-15,115.80999755859375,115.87999725341797,115.41000366210938,115.44999694824219,1165000
2019-10-16,115.45999908447266,115.80000305175781,115.37999725341797,115.62999725341797,981200
2019-10-17,115.54000091552734,115.91000366210938,115.48999786376953,115.79000091552734,1122200
2019-10-18,115.9000015258789,116.05999755859375,115.83000183105469,115.97000122070312,525000
2019-10-21,115.68000030517578,115.87999725341797,115.58999633789062,115.5999984741211,1151000
2019-10-22,115.86000061035156,115.94999694824219,115.69000244140625,115.94999694824219,1075700
2019-10-23,116.08999633789062,116.20999908447266,115.9800033569336,116.02999877929688,946600
2019-10-24,116.0999984741211,116.30999755859375,116.0199966430664,116.0999984741211,928100
2019-10-25,116.12999725341797,116.19999694824219,115.94999694824219,116.12000274658203,807700
2019-10-28,115.73999786376953,115.79000091552734,115.54000091552734,115.55999755859375,1007800
2019-10-29,115.55999755859375,115.61000061035156,115.2699966430664,115.2699966430664,776500
2019-10-30,115.44999694824219,115.70999908447266,115.4000015258789,115.69999694824219,738500
2019-10-31,115.94999694824219,116.3499984741211,115.94999694824219,116.05999755859375,1396700
2019-11-01,116.08999633789062,116.33999633789062,115.9800033569336,116.20999908447266,7946400
2019-11-04,116.04000091552734,116.19000244140625,115.98999786376953,116.12999725341797,1705200
2019-11-05,115.91000366210938,116.0,115.73999786376953,115.91000366210938,967000
2019-11-06,116.02999877929688,116.27999877929688,116.02999877929688,116.27999877929688,1009800
2019-11-07,115.98999786376953,116.0,115.41000366210938,115.62999725341797,1245500
2019-11-08,115.41000366210938,115.6500015258789,115.4000015258789,115.55999755859375,742200
2019-11-11,115.69999694824219,115.72000122070312,115.54000091552734,115.62000274658203,530200
2019-11-12,115.62000274658203,115.72000122070312,115.5199966430664,115.5999984741211,1609600
2019-11-13,115.79000091552734,115.80999755859375,115.62999725341797,115.69999694824219,614600
2019-11-14,115.94000244140625,116.0999984741211,115.88999938964844,115.97000122070312,1247400
2019-11-15,115.7699966430664,116.0,115.73999786376953,115.83000183105469,813300
2019-11-18,115.87999725341797,116.0999984741211,115.87000274658203,116.05999755859375,613900
2019-11-19,116.0999984741211,116.30000305175781,116.08999633789062,116.2699966430664,437300
2019-11-20,116.41999816894531,116.72000122070312,116.41999816894531,116.72000122070312,666100
2019-11-21,116.41000366210938,116.55999755859375,116.29000091552734,116.45999908447266,803500
2019-11-22,116.4800033569336,116.5999984741211,116.38999938964844,116.5,2323700
2019-11-25,116.56999969482422,116.69000244140625,116.54000091552734,116.62999725341797,818000
2019-11-26,116.77999877929688,116.88999938964844,116.77999877929688,116.87999725341797,620200
2019-11-27,116.70999908447266,116.7699966430664,116.62000274658203,116.6500015258789,510800
2019-11-29,116.62000274658203,116.6500015258789,116.25,116.37999725341797,1013000
2019-12-02,115.86000061035156,116.12000274658203,115.7699966430664,116.11000061035156,2283500
2019-12-03,116.41999816894531,116.97000122070312,116.41999816894531,116.83000183105469,1277600
2019-12-04,116.69999694824219,116.83999633789062,116.5999984741211,116.75,773500
2019-12-05,116.5,116.62999725341797,116.44999694824219,116.58000183105469,679800
2019-12-06,116.3499984741211,116.55000305175781,116.29000091552734,116.5,524000
2019-12-09,116.66999816894531,116.72000122070312,116.47000122070312,116.52999877929688,493200
2019-12-10,116.56999969482422,116.5999984741211,116.36000061035156,116.5,432700
2019-12-11,116.7300033569336,116.94999694824219,116.6500015258789,116.91000366210938,860700
2019-12-12,116.77999877929688,116.87000274658203,116.12000274658203,116.33999633789062,1439800
2019-12-13,116.44999694824219,116.83000183105469,116.23999786376953,116.80999755859375,1093900
2019-12-16,116.6500015258789,116.7300033569336,116.4800033569336,116.54000091552734,852800
2019-12-17,116.54000091552734,116.69999694824219,116.51000213623047,116.69999694824219,1612300
2019-12-18,116.6500015258789,116.72000122070312,116.5199966430664,116.56999969482422,1277000
2019-12-19,116.33999633789062,116.79000091552734,116.27999877929688,116.6500015258789,1410000
2019-12-20,116.6500015258789,116.7300033569336,116.56999969482422,116.58999633789062,1218100
2019-12-23,116.58000183105469,116.58999633789062,116.30000305175781,116.38999938964844,1067600
2019-12-24,116.2699966430664,116.58999633789062,116.25,116.52999877929688,340800
2019-12-26,116.54000091552734,116.62999725341797,116.44999694824219,116.61000061035156,385800
2019-12-27,116.5999984741211,116.69999694824219,116.5999984741211,116.6500015258789,657900
2019-12-30,116.47000122070312,116.69000244140625,116.4000015258789,116.69000244140625,932600
2019-12-31,116.4800033569336,116.75,116.44000244140625,116.56999969482422,1277000
2020-01-02,116.93000030517578,117.19000244140625,116.93000030517578,117.13999938964844,2150700
2020-01-03,117.55999755859375,117.83000183105469,117.5,117.68000030517578,1259900
2020-01-06,117.83999633789062,117.83999633789062,117.33000183105469,117.37999725341797,917500
2020-01-07,117.2300033569336,117.26000213623047,117.0199966430664,117.0199966430664,810500
2020-01-08,117.05000305175781,117.18000030517578,116.76000213623047,116.91000366210938,2121500
2020-01-09,116.66000366210938,116.91999816894531,116.58999633789062,116.9000015258789,1814000
2020-01-10,117.05000305175781,117.2699966430664,117.0199966430664,117.25,1609300
2020-01-13,117.16999816894531,117.2699966430664,117.05000305175781,117.2300033569336,1422700
2020-01-14,117.27999877929688,117.43000030517578,117.25,117.38999938964844,3290000
2020-01-15,117.5999984741211,117.5999984741211,117.47000122070312,117.4800033569336,1601600
2020-01-16,117.43000030517578,117.44999694824219,117.27999877929688,117.29000091552734,1205800
2020-01-17,117.12999725341797,117.19000244140625,117.0199966430664,117.0999984741211,920500
2020-01-21,117.30999755859375,117.54000091552734,117.30000305175781,117.4800033569336,1109700
2020-01-22,117.55000305175781,117.58999633789062,117.38999938964844,117.4000015258789,1154700
2020-01-23,117.62000274658203,117.75,117.5999984741211,117.63999938964844,2230200
2020-01-24,117.73999786376953,117.97000122070312,117.73999786376953,117.9000015258789,963300
2020-01-27,118.13999938964844,118.23999786376953,118.08999633789062,118.16999816894531,1111600
2020-01-28,118.19000244140625,118.20999908447266,117.98999786376953,117.98999786376953,743100
2020-01-29,118.12999725341797,118.51000213623047,118.12000274658203,118.41999816894531,1096400
2020-01-30,118.4800033569336,118.8499984741211,118.36000061035156,118.55000305175781,1199500
2020-01-31,118.72000122070312,119.0999984741211,118.69999694824219,119.05999755859375,2343900
2020-02-03,118.55999755859375,118.68000030517578,118.37000274658203,118.6500015258789,3061900
2020-02-04,118.33000183105469,118.33000183105469,118.01000213623047,118.13999938964844,1635700
2020-02-05,117.86000061035156,117.9800033569336,117.77999877929688,117.79000091552734,1443800
2020-02-06,117.80000305175781,118.05000305175781,117.80000305175781,118.01000213623047,1222400
2020-02-07,118.29000091552734,118.5,118.25,118.48999786376953,1071900
2020-02-10,118.58000183105469,118.73999786376953,118.5199966430664,118.66999816894531,627100
2020-02-11,118.4800033569336,118.4800033569336,118.27999877929688,118.31999969482422,600200
2020-02-12,118.0999984741211,118.26000213623047,118.05999755859375,118.19999694824219,1242900
2020-02-13,118.41999816894531,118.5,118.36000061035156,118.44999694824219,1314600
2020-02-14,118.52999877929688,118.63999938964844,118.51000213623047,118.54000091552734,817500
2020-02-18,118.69000244140625,118.87000274658203,118.63999938964844,118.80000305175781,1078500
2020-02-19,118.76000213623047,118.80000305175781,118.66000366210938,118.75,787100
2020-02-20,118.81999969482422,118.98999786376953,118.79000091552734,118.9800033569336,809600
2020-02-21,119.08000183105469,119.33000183105469,119.08000183105469,119.19999694824219,930200
2020-02-24,119.76000213623047,119.83000183105469,119.66000366210938,119.75,1489600
2020-02-25,119.62999725341797,119.93000030517578,119.5199966430664,119.55000305175781,1462300
2020-02-26,119.33000183105469,119.77999877929688,119.23999786376953,119.48999786376953,2459700
2020-02-27,119.80999755859375,119.97000122070312,119.63999938964844,119.83999633789062,3634200
2020-02-28,120.18000030517578,120.48999786376953,119.91999816894531,120.02999877929688,5021700
2020-03-02,120.26000213623047,120.6500015258789,120.08000183105469,120.30999755859375,12076100
2020-03-03,120.30999755859375,122.16999816894531,120.23999786376953,121.52999877929688,7529700
2020-03-04,121.73999786376953,121.97000122070312,121.2300033569336,121.3499984741211,4020600
2020-03-05,121.93000030517578,122.08000183105469,121.6500015258789,121.7300033569336,3796000
2020-03-06,122.91999816894531,123.16000366210938,121.9800033569336,122.54000091552734,3888600
2020-03-09,122.88999938964844,123.12000274658203,120.0,120.0199966430664,5756500
2020-03-10,120.18000030517578,120.5,116.29000091552734,116.58000183105469,9542100
2020-03-11,117.0999984741211,117.79000091552734,113.48999786376953,113.94000244140625,8568300
2020-03-12,113.37999725341797,118.41999816894531,107.37000274658203,113.66999816894531,12654600
2020-03-13,114.80000305175781,115.94999694824219,113.69999694824219,114.12000274658203,5230400
2020-03-16,113.72000122070312,114.19000244140625,112.51000213623047,113.33000183105469,5894300
2020-03-17,113.18000030517578,114.38999938964844,110.16000366210938,110.16000366210938,4496400
2020-03-18,110.20999908447266,111.3499984741211,108.37000274658203,108.80999755859375,4942100
2020-03-19,109.63999938964844,111.0999984741211,109.63999938964844,110.91999816894531,3017500
2020-03-20,112.12999725341797,116.0999984741211,111.16999816894531,115.86000061035156,3326900
2020-03-23,115.41999816894531,118.05999755859375,115.01000213623047,118.04000091552734,4261400
2020-03-24,117.3499984741211,119.13999938964844,117.0,118.11000061035156,3533400
2020-03-25,118.70999908447266,119.9000015258789,118.5199966430664,119.25,2921800
2020-03-26,120.27999877929688,121.72000122070312,119.4800033569336,119.86000061035156,4072700
2020-03-27,120.0,120.37000274658203,118.52999877929688,120.25,2621800
2020-03-30,120.1500015258789,120.37999725341797,118.29000091552734,118.33999633789062,3484400
2020-03-31,118.93000030517578,119.0,117.75,117.91999816894531,3063200
2020-04-01,118.76000213623047,119.12999725341797,118.31999969482422,118.45999908447266,8058800
2020-04-02,119.66000366210938,120.58000183105469,119.25,120.2699966430664,2813500
2020-04-03,121.43000030517578,121.58999633789062,120.80999755859375,121.33000183105469,2990600
2020-04-06,121.47000122070312,121.52999877929688,121.02999877929688,121.25,2141600
2020-04-07,121.25,121.5199966430664,120.66999816894531,121.16999816894531,1655400
2020-04-08,121.04000091552734,121.30999755859375,120.25,120.33999633789062,11109900
2020-04-09,121.04000091552734,121.8499984741211,120.86000061035156,121.52999877929688,3010100
2020-04-13,121.66999816894531,121.91000366210938,121.56999969482422,121.75,1462100
2020-04-14,121.91999816894531,122.2699966430664,121.87000274658203,122.11000061035156,2983400
2020-04-15,122.62000274658203,122.6500015258789,122.11000061035156,122.23999786376953,1527200
2020-04-16,122.22000122070312,122.37999725341797,120.93000030517578,121.18000030517578,1914800
2020-04-17,121.29000091552734,121.44000244140625,120.33999633789062,120.5999984741211,2183500
2020-04-20,120.04000091552734,120.69000244140625,119.94999694824219,120.2300033569336,2014800
2020-04-21,120.70999908447266,121.06999969482422,120.5999984741211,120.83999633789062,1280000
2020-04-22,121.12000274658203,121.56999969482422,120.8499984741211,121.56999969482422,1830300
2020-04-23,121.77999877929688,121.9000015258789,121.3499984741211,121.5,2614500
2020-04-24,121.62999725341797,122.2300033569336,121.54000091552734,122.19000244140625,1119600
2020-04-27,122.12999725341797,122.31999969482422,121.9000015258789,121.94999694824219,2086200
2020-04-28,122.16000366210938,122.44999694824219,122.12000274658203,122.37000274658203,1362200
2020-04-29,122.30999755859375,122.45999908447266,122.0999984741211,122.22000122070312,1664900
2020-04-30,122.30999755859375,122.36000061035156,121.30999755859375,121.30999755859375,2968200
2020-05-01,121.05000305175781,121.12000274658203,120.62000274658203,121.01000213623047,1910900
2020-05-04,121.16999816894531,121.30000305175781,121.01000213623047,121.12999725341797,1484100
2020-05-05,121.02999877929688,121.37999725341797,120.91000366210938,121.2699966430664,3873000
2020-05-06,120.97000122070312,120.98999786376953,120.61000061035156,120.68000030517578,1844900
2020-05-07,120.91000366210938,121.54000091552734,120.81999969482422,121.44000244140625,1552100
2020-05-08,121.37000274658203,121.55000305175781,121.25,121.4000015258789,1113900
2020-05-11,121.25,121.33000183105469,120.9800033569336,120.9800033569336,1065800
2020-05-12,121.05999755859375,121.18000030517578,120.8499984741211,121.08999633789062,1582900
2020-05-13,121.2300033569336,121.43000030517578,121.02999877929688,121.19999694824219,1563900
2020-05-14,121.23999786376953,121.4000015258789,121.12000274658203,121.33999633789062,1141500
2020-05-15,121.45999908447266,121.55999755859375,121.31999969482422,121.55000305175781,1011500
2020-05-18,121.56999969482422,121.69999694824219,121.29000091552734,121.54000091552734,1561200
2020-05-19,121.44000244140625,121.56999969482422,121.36000061035156,121.4000015258789,1356200
2020-05-20,121.37999725341797,121.83000183105469,121.37999725341797,121.76000213623047,880500
2020-05-21,121.70999908447266,121.9800033569336,121.52999877929688,121.62999725341797,1345700
2020-05-22,121.58000183105469,121.75,121.4800033569336,121.69999694824219,1358500
2020-05-26,121.5999984741211,121.62000274658203,121.25,121.25,1170900
2020-05-27,121.26000213623047,121.5199966430664,121.16000366210938,121.37000274658203,1079300
2020-05-28,121.4000015258789,121.7699966430664,121.33999633789062,121.75,967800
2020-05-29,121.77999877929688,121.9800033569336,121.5999984741211,121.80000305175781,2454500
2020-06-01,121.83000183105469,121.97000122070312,121.75,121.94999694824219,1528000
2020-06-02,121.9000015258789,121.93000030517578,121.5199966430664,121.68000030517578,1031900
2020-06-03,121.45999908447266,121.47000122070312,121.08000183105469,121.27999877929688,1743600
2020-06-04,121.16999816894531,121.20999908447266,120.79000091552734,120.81999969482422,1541500
2020-06-05,120.58999633789062,120.83999633789062,120.26000213623047,120.80999755859375,1451600
2020-06-08,120.7699966430664,121.06999969482422,120.76000213623047,121.06999969482422,1572700
2020-06-09,121.5999984741211,121.69000244140625,121.16000366210938,121.19000244140625,1943600
2020-06-10,121.66000366210938,122.1500015258789,121.55000305175781,122.12000274658203,1472000
2020-06-11,122.2699966430664,122.44999694824219,122.11000061035156,122.16000366210938,1569800
2020-06-12,122.01000213623047,122.12999725341797,121.7699966430664,121.83000183105469,1450900
2020-06-15,122.02999877929688,122.08000183105469,121.81999969482422,121.87999725341797,1898700
2020-06-16,121.70999908447266,121.9800033569336,121.51000213623047,121.81999969482422,2475800
2020-06-17,121.70999908447266,121.80999755859375,121.58000183105469,121.73999786376953,1574600
2020-06-18,121.94000244140625,122.36000061035156,121.81999969482422,122.29000091552734,1553800
2020-06-19,122.20999908447266,122.52999877929688,122.18000030517578,122.52999877929688,1673400
2020-06-22,122.63999938964844,122.83999633789062,122.58000183105469,122.83999633789062,1612300
2020-06-23,122.9000015258789,122.94999694824219,122.80999755859375,122.91000366210938,1556800
2020-06-24,122.88999938964844,123.0199966430664,122.70999908447266,122.73999786376953,1152100
2020-06-25,122.83999633789062,122.97000122070312,122.73999786376953,122.8499984741211,1291000
2020-06-26,122.95999908447266,123.08000183105469,122.91000366210938,123.05999755859375,1017400
2020-06-29,123.08000183105469,123.19999694824219,123.04000091552734,123.19999694824219,959700
2020-06-30,123.27999877929688,123.36000061035156,122.80999755859375,123.0,2665300
2020-07-01,122.86000061035156,123.08000183105469,122.72000122070312,123.08000183105469,1755100
2020-07-02,123.12999725341797,123.5999984741211,122.97000122070312,123.41999816894531,1557800
2020-07-06,123.33999633789062,123.69999694824219,123.19000244140625,123.66000366210938,1295700
2020-07-07,123.70999908447266,123.80000305175781,123.44000244140625,123.69000244140625,1148200
2020-07-08,123.55000305175781,123.69000244140625,123.47000122070312,123.47000122070312,1223100
2020-07-09,123.55000305175781,123.91999816894531,123.5,123.79000091552734,1168200
2020-07-10,123.8499984741211,123.9000015258789,123.62999725341797,123.66000366210938,832000
2020-07-13,123.5,123.93000030517578,123.4000015258789,123.93000030517578,1041000
2020-07-14,124.08999633789062,124.23999786376953,123.91999816894531,123.94999694824219,1037600
2020-07-15,123.8499984741211,124.06999969482422,123.81999969482422,123.87999725341797,1098400
2020-07-16,124.08999633789062,124.18000030517578,123.98999786376953,124.12999725341797,950900
2020-07-17,124.2699966430664,124.36000061035156,124.16999816894531,124.36000061035156,1058800
2020-07-20,124.6500015258789,124.75,124.44999694824219,124.52999877929688,1543800
2020-07-21,124.75,124.87000274658203,124.6500015258789,124.80999755859375,1066500
2020-07-22,125.12999725341797,125.12999725341797,124.80999755859375,124.80999755859375,1595300
2020-07-23,125.0,125.06999969482422,124.7300033569336,124.87000274658203,2465500
2020-07-24,124.86000061035156,124.9800033569336,124.80999755859375,124.83999633789062,1168000
2020-07-27,125.0,125.05000305175781,124.77999877929688,124.83999633789062,1888800
2020-07-28,124.87999725341797,125.08000183105469,124.86000061035156,125.06999969482422,853200
2020-07-29,125.11000061035156,125.36000061035156,125.08999633789062,125.36000061035156,1080100
2020-07-30,125.47000122070312,125.51000213623047,125.33999633789062,125.48999786376953,1497300
2020-07-31,125.54000091552734,125.91999816894531,125.37000274658203,125.86000061035156,2701700
2020-08-03,125.8499984741211,126.02999877929688,125.76000213623047,126.02999877929688,3755800
2020-08-04,126.26000213623047,126.37000274658203,126.13999938964844,126.30999755859375,1536500
2020-08-05,126.2699966430664,126.45999908447266,126.26000213623047,126.37000274658203,1778700
2020-08-06,126.6500015258789,126.87999725341797,126.44000244140625,126.51000213623047,1895900
2020-08-07,126.58999633789062,126.5999984741211,126.0999984741211,126.16999816894531,2206800
2020-08-10,126.38999938964844,126.41000366210938,125.9800033569336,126.0199966430664,1692400
2020-08-11,125.79000091552734,125.83000183105469,125.56999969482422,125.73999786376953,2608600
2020-08-12,125.83999633789062,125.94999694824219,125.62999725341797,125.81999969482422,2302200
2020-08-13,125.9000015258789,126.05000305175781,125.45999908447266,125.5,1879700
2020-08-14,125.4800033569336,125.5199966430664,125.29000091552734,125.29000091552734,2057200
2020-08-17,125.4800033569336,125.63999938964844,125.4000015258789,125.55999755859375,1587400
2020-08-18,125.80999755859375,126.12999725341797,125.73999786376953,126.12000274658203,1388200
2020-08-19,126.37999725341797,126.51000213623047,125.69999694824219,125.73999786376953,2010900
2020-08-20,125.86000061035156,126.1500015258789,125.33000183105469,125.62000274658203,1650300
2020-08-21,125.80999755859375,126.05000305175781,125.69999694824219,126.05000305175781,2029400
2020-08-24,126.38999938964844,126.4800033569336,126.26000213623047,126.30000305175781,2014100
2020-08-25,126.13999938964844,126.3499984741211,125.9000015258789,126.26000213623047,2188200
2020-08-26,126.31999969482422,126.54000091552734,126.16999816894531,126.51000213623047,1316200
2020-08-27,126.43000030517578,126.45999908447266,125.91999816894531,126.01000213623047,1804700
2020-08-28,126.41000366210938,126.61000061035156,126.22000122070312,126.41000366210938,2553500
2020-08-31,126.6500015258789,127.1500015258789,126.58000183105469,126.9800033569336,3307900
2020-09-01,127.04000091552734,127.20999908447266,126.83000183105469,127.05000305175781,3560800
2020-09-02,127.2300033569336,127.27999877929688,126.94999694824219,127.0999984741211,3262400
2020-09-03,126.9800033569336,127.01000213623047,126.55999755859375,126.66000366210938,2666100
2020-09-04,126.73999786376953,126.73999786376953,126.11000061035156,126.2699966430664,2048300
2020-09-08,126.33999633789062,126.55000305175781,126.33000183105469,126.38999938964844,1821400
2020-09-09,126.6500015258789,126.80999755859375,126.31999969482422,126.45999908447266,2012100
2020-09-10,126.45999908447266,126.58000183105469,126.30999755859375,126.56999969482422,1845100
2020-09-11,126.5999984741211,126.66999816894531,126.43000030517578,126.5,1634800
2020-09-14,126.48999786376953,126.61000061035156,126.33000183105469,126.41999816894531,1450000
2020-09-15,126.41999816894531,126.58999633789062,126.4000015258789,126.51000213623047,1797600
2020-09-16,126.66999816894531,126.81999969482422,126.47000122070312,126.51000213623047,2265000
2020-09-17,126.54000091552734,126.62000274658203,126.3499984741211,126.58000183105469,1949700
2020-09-18,126.66999816894531,126.68000030517578,126.45999908447266,126.47000122070312,1311800
2020-09-21,126.4800033569336,126.56999969482422,126.20999908447266,126.23999786376953,4146000
2020-09-22,126.26000213623047,126.38999938964844,126.12999725341797,126.27999877929688,2661200
2020-09-23,126.30999755859375,126.37999725341797,126.08000183105469,126.1500015258789,2519400
2020-09-24,126.13999938964844,126.26000213623047,126.08999633789062,126.23999786376953,3391000
2020-09-25,126.19999694824219,126.41000366210938,126.1500015258789,126.41000366210938,2756300
2020-09-28,126.55000305175781,126.69000244140625,126.4800033569336,126.66999816894531,2220900
2020-09-29,126.7699966430664,126.94999694824219,126.70999908447266,126.87999725341797,1141400
2020-09-30,126.9000015258789,126.9000015258789,126.48999786376953,126.5,6230600
2020-10-01,126.06999969482422,126.30000305175781,125.93000030517578,126.05999755859375,10675700
2020-10-02,126.0999984741211,126.1500015258789,125.97000122070312,126.08000183105469,3120100
2020-10-05,126.05999755859375,126.05999755859375,125.69000244140625,125.69999694824219,2675300
2020-10-06,125.80000305175781,125.94000244140625,125.55000305175781,125.72000122070312,2184700
2020-10-07,125.75,125.80999755859375,125.61000061035156,125.70999908447266,1491200
2020-10-08,125.94999694824219,126.20999908447266,125.87000274658203,126.20999908447266,1923000
2020-10-09,126.19000244140625,126.2699966430664,126.0,126.25,1912700
2020-10-12,126.19000244140625,126.33999633789062,126.16000366210938,126.33000183105469,1263600
2020-10-13,126.29000091552734,126.47000122070312,126.26000213623047,126.33000183105469,1761000
2020-10-14,126.48999786376953,126.51000213623047,126.25,126.33000183105469,1135300
2020-10-15,126.37000274658203,126.37999725341797,126.22000122070312,126.29000091552734,923100
2020-10-16,126.36000061035156,126.41999816894531,126.25,126.33999633789062,1468800
2020-10-19,126.20999908447266,126.26000213623047,126.04000091552734,126.04000091552734,1577600
2020-10-20,126.05000305175781,126.11000061035156,125.87000274658203,125.93000030517578,2015700
2020-10-21,126.01000213623047,126.05000305175781,125.87999725341797,125.88999938964844,1617500
2020-10-22,125.9000015258789,125.9000015258789,125.66000366210938,125.69999694824219,2517000
2020-10-23,125.72000122070312,125.87999725341797,125.6500015258789,125.8499984741211,2846900
2020-10-26,125.9800033569336,126.02999877929688,125.83999633789062,125.94999694824219,2135600
2020-10-27,126.12000274658203,126.23999786376953,126.12000274658203,126.19999694824219,1521300
2020-10-28,126.13999938964844,126.16000366210938,125.94000244140625,126.04000091552734,2275700
2020-10-29,125.97000122070312,125.97000122070312,125.58999633789062,125.61000061035156,2698400
2020-10-30,125.61000061035156,125.66000366210938,125.16999816894531,125.2300033569336,3330300
2020-11-02,125.25,125.45999908447266,125.19999694824219,125.37000274658203,6642000
2020-11-03,125.29000091552734,125.29000091552734,124.97000122070312,125.2699966430664,5226500
2020-11-04,125.5999984741211,125.68000030517578,125.3499984741211,125.4800033569336,4789700
2020-11-05,125.58000183105469,125.66999816894531,125.45999908447266,125.58000183105469,3977000
2020-11-06,125.30000305175781,125.30000305175781,124.97000122070312,125.01000213623047,2495900
2020-11-09,124.61000061035156,124.68000030517578,124.31999969482422,124.6500015258789,3235600
2020-11-10,124.69000244140625,124.9800033569336,124.63999938964844,124.7699966430664,2641400
2020-11-11,124.88999938964844,124.98999786376953,124.80999755859375,124.98999786376953,1309000
2020-11-12,125.19999694824219,125.3499984741211,125.12000274658203,125.33999633789062,1726600
2020-11-13,125.44999694824219,125.44999694824219,125.2300033569336,125.33000183105469,1362600
2020-11-16,125.30000305175781,125.41000366210938,125.11000061035156,125.16000366210938,2750800
2020-11-17,125.30999755859375,125.4000015258789,125.23999786376953,125.37000274658203,1310200
2020-11-18,125.5,125.58000183105469,125.26000213623047,125.41000366210938,1385900
2020-11-19,125.5199966430664,125.6500015258789,125.36000061035156,125.54000091552734,4095400
2020-11-20,125.63999938964844,125.83000183105469,125.58999633789062,125.81999969482422,1137500
2020-11-23,125.73999786376953,125.80000305175781,125.63999938964844,125.72000122070312,1331200
2020-11-24,125.72000122070312,125.80999755859375,125.63999938964844,125.76000213623047,1662300
2020-11-25,125.93000030517578,126.05000305175781,125.87999725341797,125.97000122070312,1045600
2020-11-27,126.06999969482422,126.27999877929688,126.06999969482422,126.27999877929688,1015400
2020-11-30,126.33999633789062,126.51000213623047,126.22000122070312,126.41999816894531,3271000
2020-12-01,126.12000274658203,126.16999816894531,125.80000305175781,126.0,6034200
2020-12-02,125.86000061035156,126.12000274658203,125.68000030517578,126.08999633789062,3320300
2020-12-03,126.3499984741211,126.47000122070312,126.20999908447266,126.44000244140625,3802200
2020-12-04,126.2300033569336,126.2699966430664,126.01000213623047,126.16999816894531,1773400
2020-12-07,126.48999786376953,126.66999816894531,126.44000244140625,126.5,3853700
2020-12-08,126.70999908447266,126.80000305175781,126.61000061035156,126.70999908447266,1535400
2020-12-09,126.66999816894531,126.68000030517578,126.51000213623047,126.55000305175781,2271100
2020-12-10,126.69000244140625,126.8499984741211,126.62000274658203,126.83999633789062,2169200
2020-12-11,126.8499984741211,126.93000030517578,126.69999694824219,126.83000183105469,1228400
2020-12-14,126.68000030517578,126.91000366210938,126.56999969482422,126.83000183105469,1327400
2020-12-15,126.87999725341797,127.05999755859375,126.83000183105469,127.05999755859375,1766300
2020-12-16,126.9000015258789,127.12000274658203,126.79000091552734,127.05000305175781,1915400
2020-12-17,127.33000183105469,127.38999938964844,127.01000213623047,127.0999984741211,1410500
2020-12-18,127.1500015258789,127.23999786376953,127.0,127.04000091552734,1912000
2020-12-21,127.13999938964844,127.19000244140625,126.9800033569336,127.0199966430664,1705700
2020-12-22,127.1500015258789,127.16999816894531,127.02999877929688,127.13999938964844,947600
2020-12-23,126.94000244140625,127.19999694824219,126.75,127.19999694824219,1639500
2020-12-24,127.2699966430664,127.31999969482422,127.20999908447266,127.25,768900
2020-12-28,127.20999908447266,127.3499984741211,127.11000061035156,127.33999633789062,1081200
2020-12-29,127.18000030517578,127.29000091552734,127.16000366210938,127.27999877929688,1321500
2020-12-30,127.18000030517578,127.38999938964844,127.12999725341797,127.37999725341797,2329400
2020-12-31,127.43000030517578,127.68000030517578,127.38999938964844,127.6500015258789,2360900
2021-01-04,127.48999786376953,127.91999816894531,127.45999908447266,127.79000091552734,3859900
2021-01-05,127.69000244140625,127.80000305175781,127.58000183105469,127.75,3888000
2021-01-06,127.5199966430664,127.5199966430664,127.12999725341797,127.37000274658203,3917200
2021-01-07,127.18000030517578,127.37000274658203,127.18000030517578,127.29000091552734,3264000
2021-01-08,127.1500015258789,127.18000030517578,126.58000183105469,126.79000091552734,2292500
2021-01-11,126.45999908447266,126.5999984741211,126.36000061035156,126.5199966430664,2786800
2021-01-12,126.69000244140625,126.80000305175781,126.4000015258789,126.69000244140625,3489100
2021-01-13,126.77999877929688,127.13999938964844,126.69000244140625,126.97000122070312,2524100
2021-01-14,126.97000122070312,127.1500015258789,126.8499984741211,127.02999877929688,2214400
2021-01-15,127.16999816894531,127.23999786376953,127.05999755859375,127.16999816894531,2681100
2021-01-19,127.3499984741211,127.5199966430664,127.16000366210938,127.47000122070312,2581100
2021-01-20,127.47000122070312,127.70999908447266,127.4000015258789,127.66000366210938,2619800
2021-01-21,127.66000366210938,127.97000122070312,127.5,127.97000122070312,3029400
2021-01-22,127.83999633789062,127.9000015258789,127.7300033569336,127.7699966430664,1648100
2021-01-25,127.94000244140625,128.22999572753906,127.88999938964844,128.10000610351562,2102900
2021-01-26,128.11000061035156,128.14999389648438,127.81999969482422,127.91000366210938,2696200
2021-01-27,127.97000122070312,128.0500030517578,127.81999969482422,127.87000274658203,2070300
2021-01-28,128.02000427246094,128.16000366210938,127.91999816894531,128.1199951171875,1823800
2021-01-29,128.1300048828125,128.27000427246094,127.73999786376953,127.98999786376953,3341300
2021-02-01,127.8499984741211,127.94000244140625,127.70999908447266,127.70999908447266,7800000
2021-02-02,127.68000030517578,128.02000427246094,127.58999633789062,127.9000015258789,3343600
2021-02-03,127.87999725341797,127.9800033569336,127.83000183105469,127.83000183105469,1888700
2021-02-04,127.69999694824219,127.88999938964844,127.58000183105469,127.73999786376953,1943800
2021-02-05,127.70999908447266,127.80999755859375,127.61000061035156,127.70999908447266,1734000
2021-02-08,127.73999786376953,127.94999694824219,127.63999938964844,127.83000183105469,2188800
2021-02-09,127.93000030517578,128.02000427246094,127.83999633789062,127.9000015258789,2434400
2021-02-10,127.91000366210938,128.0399932861328,127.87000274658203,128.00999450683594,1599000
2021-02-11,128.05999755859375,128.05999755859375,127.7300033569336,127.86000061035156,1802900
2021-02-12,127.75,127.8499984741211,127.55999755859375,127.6500015258789,1995300
2021-02-16,127.33000183105469,127.4800033569336,126.9800033569336,127.02999877929688,2828100
2021-02-17,127.12999725341797,127.18000030517578,126.86000061035156,126.9800033569336,2404700
2021-02-18,126.80000305175781,126.80000305175781,126.44000244140625,126.44999694824219,2611800
2021-02-19,126.2300033569336,126.30999755859375,125.55000305175781,125.91000366210938,3543500
2021-02-22,125.86000061035156,126.02999877929688,125.77999877929688,125.9000015258789,2735700
2021-02-23,125.91999816894531,126.06999969482422,125.72000122070312,125.93000030517578,3199400
2021-02-24,125.62999725341797,125.95999908447266,125.54000091552734,125.83000183105469,3131500
2021-02-25,125.29000091552734,125.37000274658203,123.51000213623047,124.29000091552734,7721400
2021-02-26,124.48999786376953,125.83000183105469,124.30000305175781,125.83000183105469,6399400
2021-03-01,125.5999984741211,125.79000091552734,125.18000030517578,125.41000366210938,13489200
2021-03-02,125.33999633789062,125.94999694824219,125.33999633789062,125.91999816894531,3671500
2021-03-03,125.66999816894531,125.73999786376953,125.44999694824219,125.5999984741211,4606700
2021-03-04,125.69999694824219,125.7699966430664,124.88999938964844,125.12000274658203,5701600
2021-03-05,124.94000244140625,125.4000015258789,124.91000366210938,125.25,2570700
2021-03-08,125.19000244140625,125.2300033569336,124.55999755859375,124.55999755859375,3776600
2021-03-09,125.16000366210938,125.33999633789062,125.0199966430664,125.33999633789062,1801500
2021-03-10,125.4000015258789,125.91000366210938,125.4000015258789,125.91000366210938,1828000
2021-03-11,126.0,126.0999984741211,125.7699966430664,126.0199966430664,1612600
2021-03-12,125.27999877929688,125.27999877929688,124.86000061035156,125.02999877929688,2812300
2021-03-15,125.08999633789062,125.45999908447266,125.0199966430664,125.4000015258789,2098100
2021-03-16,125.6500015258789,125.77999877929688,125.44999694824219,125.66000366210938,1831300
2021-03-17,125.41999816894531,125.7300033569336,125.08999633789062,125.55000305175781,2518500
2021-03-18,124.86000061035156,124.98999786376953,124.66000366210938,124.66000366210938,4499200
2021-03-19,124.5999984741211,124.94000244140625,124.54000091552734,124.9000015258789,1474300
2021-03-22,125.0999984741211,125.5199966430664,125.08999633789062,125.5,1424600
2021-03-23,125.5,125.7699966430664,125.4000015258789,125.76000213623047,2294100
2021-03-24,125.7699966430664,126.0999984741211,125.72000122070312,126.08999633789062,1482500
2021-03-25,126.0999984741211,126.20999908447266,125.86000061035156,126.0,2120500
2021-03-26,125.9800033569336,126.2699966430664,125.97000122070312,126.02999877929688,1658600
2021-03-29,126.1500015258789,126.1500015258789,125.56999969482422,125.69000244140625,1629000
2021-03-30,125.38999938964844,125.55999755859375,125.31999969482422,125.47000122070312,1597100
2021-03-31,125.56999969482422,125.80000305175781,125.30999755859375,125.5,2781800
2021-04-01,125.37999725341797,125.58999633789062,125.2699966430664,125.55999755859375,3026600
2021-04-05,125.08999633789062,125.25,124.98999786376953,125.19999694824219,2094900
2021-04-06,125.3499984741211,125.52999877929688,125.2699966430664,125.2699966430664,2050100
2021-04-07,125.41000366210938,125.5999984741211,125.33000183105469,125.3499984741211,1519600
2021-04-08,125.56999969482422,125.70999908447266,125.5,125.62999725341797,1299600
2021-04-09,125.45999908447266,125.56999969482422,125.2699966430664,125.36000061035156,2891500
2021-04-12,125.37999725341797,125.43000030517578,125.25,125.37999725341797,1504700
2021-04-13,125.58999633789062,125.8499984741211,125.51000213623047,125.83999633789062,2062600
2021-04-14,125.69999694824219,125.88999938964844,125.66000366210938,125.83999633789062,1890100
2021-04-15,126.22000122070312,126.56999969482422,126.22000122070312,126.5199966430664,2047400
2021-04-16,126.36000061035156,126.58999633789062,126.30000305175781,126.4800033569336,1980900
2021-04-19,126.30000305175781,126.36000061035156,126.1500015258789,126.26000213623047,1829400
2021-04-20,126.04000091552734,126.38999938964844,126.04000091552734,126.33999633789062,1262000
2021-04-21,126.33999633789062,126.47000122070312,126.26000213623047,126.45999908447266,2158300
2021-04-22,126.5999984741211,126.69000244140625,126.37000274658203,126.61000061035156,2036200
2021-04-23,126.66999816894531,126.68000030517578,126.41000366210938,126.66999816894531,1564200
2021-04-26,126.55999755859375,126.77999877929688,126.5199966430664,126.73999786376953,1708800
2021-04-27,126.83999633789062,126.9000015258789,126.62999725341797,126.7300033569336,5229700
2021-04-28,126.97000122070312,127.16000366210938,126.79000091552734,127.12999725341797,2787900
2021-04-29,126.93000030517578,127.06999969482422,126.80000305175781,127.06999969482422,2167400
2021-04-30,126.95999908447266,127.05999755859375,126.83999633789062,126.98999786376953,2351500
2021-05-03,126.55999755859375,126.86000061035156,126.51000213623047,126.79000091552734,6701000
2021-05-04,127.18000030517578,127.29000091552734,126.94000244140625,127.08000183105469,5103200
2021-05-05,127.12999725341797,127.66000366210938,127.12999725341797,127.6500015258789,3928200
2021-05-06,127.66000366210938,127.87000274658203,127.44999694824219,127.5,4559100
2021-05-07,127.6500015258789,127.9000015258789,127.56999969482422,127.7699966430664,4880500
2021-05-10,128.00999450683594,128.2899932861328,127.77999877929688,127.83000183105469,2745000
2021-05-11,127.47000122070312,127.5999984741211,127.27999877929688,127.48999786376953,2535700
2021-05-12,127.69000244140625,127.76000213623047,127.25,127.2699966430664,3611900
2021-05-13,127.3499984741211,127.44000244140625,127.16999816894531,127.30000305175781,2992400
2021-05-14,127.48999786376953,127.79000091552734,127.44999694824219,127.75,2595200
2021-05-17,127.76000213623047,128.02000427246094,127.69999694824219,128.0,2225000
2021-05-18,127.8499984741211,128.05999755859375,127.77999877929688,127.80999755859375,2486300
2021-05-19,127.63999938964844,127.76000213623047,126.94000244140625,126.94000244140625,3527000
2021-05-20,127.08999633789062,127.26000213623047,126.94999694824219,127.08999633789062,2583000
2021-05-21,127.2699966430664,127.3499984741211,127.0999984741211,127.31999969482422,2021100
2021-05-24,127.43000030517578,127.66000366210938,127.37999725341797,127.62999725341797,2740200
2021-05-25,127.91999816894531,128.0399932861328,127.83999633789062,127.98999786376953,1545700
2021-05-26,128.0,128.02999877929688,127.61000061035156,127.69999694824219,2570900
2021-05-27,127.45999908447266,127.69000244140625,127.37000274658203,127.69000244140625,3046600
2021-05-28,127.7699966430664,127.97000122070312,127.69999694824219,127.7699966430664,3884000
2021-06-01,127.16999816894531,127.45999908447266,127.0199966430664,127.45999908447266,6261000
2021-06-02,127.51000213623047,127.55000305175781,127.30000305175781,127.30000305175781,3177900
2021-06-03,127.12000274658203,127.1500015258789,126.87000274658203,126.87000274658203,3777400
2021-06-04,127.25,127.52999877929688,127.25,127.4800033569336,3445400
2021-06-07,127.48999786376953,127.51000213623047,127.19999694824219,127.19999694824219,2713000
2021-06-08,127.38999938964844,127.44999694824219,127.26000213623047,127.33000183105469,1870800
2021-06-09,127.5199966430664,127.66999816894531,127.2300033569336,127.33999633789062,3332300
2021-06-10,127.38999938964844,128.02000427246094,127.31999969482422,128.0,3485000
2021-06-11,128.0399932861328,128.10000610351562,127.51000213623047,127.66999816894531,2573700
2021-06-14,127.72000122070312,127.76000213623047,127.37000274658203,127.5999984741211,2169000
2021-06-15,127.63999938964844,127.83999633789062,127.61000061035156,127.80999755859375,6562100
2021-06-16,127.87999725341797,128.24000549316406,126.63999938964844,126.6500015258789,3990600
2021-06-17,126.6500015258789,127.16999816894531,126.44999694824219,127.12999725341797,4873500
2021-06-18,126.98999786376953,127.25,126.70999908447266,127.18000030517578,4629400
2021-06-21,126.97000122070312,127.08999633789062,126.79000091552734,126.95999908447266,2607600
2021-06-22,127.04000091552734,127.66000366210938,127.02999877929688,127.66000366210938,1933000
2021-06-23,127.6500015258789,127.72000122070312,127.5,127.69000244140625,2633100
2021-06-24,127.70999908447266,127.77999877929688,127.44000244140625,127.44999694824219,2077500
2021-06-25,127.55999755859375,127.61000061035156,127.27999877929688,127.58000183105469,2426700
2021-06-28,127.77999877929688,127.97000122070312,127.7699966430664,127.7699966430664,1780700
2021-06-29,127.80999755859375,127.9000015258789,127.75,127.83999633789062,1613100
2021-06-30,128.00999450683594,128.2100067138672,127.98999786376953,128.00999450683594,2726500
2021-07-01,127.3499984741211,127.38999938964844,127.16000366210938,127.30000305175781,6201200
2021-07-02,127.45999908447266,127.86000061035156,127.41000366210938,127.83999633789062,5318400
2021-07-06,127.9800033569336,128.25999450683594,127.95999908447266,128.1699981689453,5628600
2021-07-07,128.36000061035156,128.42999267578125,127.98999786376953,128.0800018310547,3739500
2021-07-08,128.02000427246094,128.0800018310547,127.83999633789062,127.91000366210938,3737400
2021-07-09,127.80000305175781,127.95999908447266,127.72000122070312,127.93000030517578,2704000
2021-07-12,127.98999786376953,128.30999755859375,127.93000030517578,128.27000427246094,2775100
2021-07-13,128.5800018310547,128.66000366210938,128.2100067138672,128.27000427246094,2543200
2021-07-14,128.6699981689453,128.72000122070312,128.4199981689453,128.61000061035156,1730300
2021-07-15,128.8699951171875,129.00999450683594,128.6300048828125,129.0,2419100
2021-07-16,128.9600067138672,129.10000610351562,128.94000244140625,129.0,1607200
2021-07-19,129.35000610351562,129.52999877929688,128.99000549316406,129.0500030517578,4835400
2021-07-20,129.16000366210938,129.2899932861328,128.8800048828125,129.02999877929688,4167500
2021-07-21,128.80999755859375,128.86000061035156,128.60000610351562,128.6999969482422,4654800
2021-07-22,128.82000732421875,129.19000244140625,128.75999450683594,129.05999755859375,3061800
2021-07-23,129.19000244140625,129.6699981689453,129.14999389648438,129.63999938964844,17991800
2021-07-26,129.91000366210938,130.25999450683594,129.75999450683594,130.1999969482422,6587900
2021-07-27,130.1999969482422,130.27999877929688,129.97000122070312,130.1699981689453,3591100
2021-07-28,130.1199951171875,130.61000061035156,129.72000122070312,130.61000061035156,3485700
2021-07-29,130.47999572753906,130.6300048828125,130.3699951171875,130.3800048828125,3453100
2021-07-30,130.49000549316406,130.64999389648438,130.4499969482422,130.5800018310547,3894300
2021-08-02,129.8800048828125,130.14999389648438,129.77999877929688,129.85000610351562,10418900
2021-08-03,129.74000549316406,129.97000122070312,129.57000732421875,129.97000122070312,2642800
2021-08-04,129.97000122070312,130.08999633789062,129.52000427246094,129.72000122070312,3618200
2021-08-05,129.42999267578125,129.4600067138672,129.11000061035156,129.25999450683594,2912400
2021-08-06,128.77000427246094,129.02999877929688,128.72000122070312,128.97000122070312,2789800
2021-08-09,128.9499969482422,129.0800018310547,128.72000122070312,128.74000549316406,3077000
2021-08-10,128.82000732421875,128.99000549316406,128.72999572753906,128.86000061035156,2786300
2021-08-11,128.7899932861328,129.1300048828125,128.63999938964844,129.07000732421875,2780600
2021-08-12,129.02999877929688,129.07000732421875,128.8300018310547,128.97000122070312,2904100
2021-08-13,129.11000061035156,129.32000732421875,129.05999755859375,129.3000030517578,1947900
2021-08-16,129.41000366210938,129.57000732421875,129.36000061035156,129.42999267578125,2545000
2021-08-17,129.5,129.57000732421875,129.0800018310547,129.0800018310547,3217300
2021-08-18,129.08999633789062,129.1300048828125,128.7899932861328,129.10000610351562,4831500
2021-08-19,129.0800018310547,129.14999389648438,128.89999389648438,129.14999389648438,5415900
2021-08-20,129.07000732421875,129.14999389648438,128.72999572753906,128.75,2270000
2021-08-23,128.97999572753906,129.0800018310547,128.88999938964844,129.0500030517578,2436800
2021-08-24,129.0500030517578,129.25,129.0,129.0500030517578,3136100
2021-08-25,129.0800018310547,129.1300048828125,128.8800048828125,129.0,4473400
2021-08-26,129.0500030517578,129.0800018310547,128.89999389648438,129.02000427246094,2627200
2021-08-27,129.14999389648438,130.00999450683594,129.0500030517578,129.99000549316406,3107000
2021-08-30,130.14999389648438,130.22000122070312,129.80999755859375,129.97000122070312,2765400
2021-08-31,129.83999633789062,129.88999938964844,129.47000122070312,129.58999633789062,4555100
2021-09-01,128.47999572753906,128.75999450683594,128.41000366210938,128.75,11817000
2021-09-02,128.72000122070312,128.8000030517578,128.66000366210938,128.8000030517578,2925300
2021-09-03,128.69000244140625,128.72999572753906,128.57000732421875,128.6199951171875,3100300
2021-09-07,128.36000061035156,128.5,128.22999572753906,128.3000030517578,3480300
2021-09-08,128.67999267578125,128.88999938964844,128.58999633789062,128.82000732421875,2281400
2021-09-09,128.99000549316406,129.52999877929688,128.91000366210938,129.5,3040300
2021-09-10,129.4499969482422,129.52999877929688,129.07000732421875,129.13999938964844,2426500
2021-09-13,129.4600067138672,129.47000122070312,129.05999755859375,129.13999938964844,3171600
2021-09-14,129.1199951171875,129.4199981689453,129.0399932861328,129.2100067138672,3987700
2021-09-15,129.47000122070312,129.52000427246094,129.14999389648438,129.27999877929688,2575600
2021-09-16,129.08999633789062,129.19000244140625,128.99000549316406,129.07000732421875,1554600
2021-09-17,128.9499969482422,128.9499969482422,128.63999938964844,128.6999969482422,2162100
2021-09-20,128.86000061035156,128.94000244140625,128.7100067138672,128.82000732421875,3272700
2021-09-21,128.86000061035156,128.89999389648438,128.6300048828125,128.72999572753906,2819300
2021-09-22,128.75999450683594,128.91000366210938,128.4600067138672,128.60000610351562,2912800
2021-09-23,128.35000610351562,128.44000244140625,128.02000427246094,128.13999938964844,3702000
2021-09-24,127.88999938964844,127.97000122070312,127.69999694824219,127.81999969482422,3238700
2021-09-27,127.76000213623047,128.0500030517578,127.76000213623047,127.87999725341797,3169500
2021-09-28,127.80000305175781,127.80999755859375,127.58000183105469,127.5999984741211,3809600
2021-09-29,127.80000305175781,127.93000030517578,127.47000122070312,127.66999816894531,3307000
2021-09-30,127.5,127.75,127.4000015258789,127.69000244140625,3764700
2021-10-01,127.58000183105469,127.81999969482422,127.4800033569336,127.80999755859375,7280000
2021-10-04,127.68000030517578,127.86000061035156,127.58000183105469,127.80000305175781,9127100
2021-10-05,127.94000244140625,128.00999450683594,127.81999969482422,127.93000030517578,6185400
2021-10-06,127.97000122070312,128.0399932861328,127.80999755859375,127.86000061035156,2864100
2021-10-07,127.6500015258789,127.75,127.4800033569336,127.75,2616400
2021-10-08,127.80999755859375,127.87999725341797,127.6500015258789,127.77999877929688,2843300
2021-10-11,127.75,127.91999816894531,127.66999816894531,127.69999694824219,2967800
2021-10-12,127.88999938964844,128.10000610351562,127.76000213623047,127.94000244140625,3651800
2021-10-13,128.07000732421875,128.52999877929688,128.02999877929688,128.52000427246094,4373700
2021-10-14,128.6699981689453,128.83999633789062,128.5399932861328,128.77000427246094,4197400
2021-10-15,128.74000549316406,128.75,128.44000244140625,128.55999755859375,2197100
2021-10-18,128.35000610351562,128.49000549316406,128.0800018310547,128.2899932861328,2868700
2021-10-19,128.1199951171875,128.1300048828125,127.87000274658203,127.9800033569336,2126800
2021-10-20,127.87000274658203,128.3699951171875,127.83999633789062,128.2100067138672,5177800
2021-10-21,128.33999633789062,128.67999267578125,128.13999938964844,128.5,8850800
2021-10-22,128.74000549316406,128.8800048828125,128.4600067138672,128.75999450683594,4742400
2021-10-25,128.77000427246094,129.17999267578125,128.75999450683594,129.07000732421875,3460700
2021-10-26,129.1999969482422,129.5399932861328,128.97999572753906,129.52000427246094,4175200
2021-10-27,129.8000030517578,130.22000122070312,129.55999755859375,130.1300048828125,4194800
2021-10-28,129.47000122070312,129.61000061035156,128.77999877929688,129.0,7306900
2021-10-29,128.2100067138672,128.82000732421875,128.13999938964844,128.6699981689453,4994500
2021-11-01,128.6999969482422,128.75,127.86000061035156,128.0399932861328,5649200
2021-11-02,128.27000427246094,128.55999755859375,128.22999572753906,128.5500030517578,4797900
2021-11-03,128.5,128.8000030517578,128.22999572753906,128.3699951171875,3335000
2021-11-04,129.0500030517578,129.2899932861328,128.94000244140625,129.22000122070312,2985500
2021-11-05,129.52000427246094,129.77999877929688,129.39999389648438,129.6699981689453,3862900
2021-11-08,129.8800048828125,130.1300048828125,129.7899932861328,130.10000610351562,3581000
2021-11-09,130.55999755859375,130.9499969482422,130.36000061035156,130.86000061035156,3084900
2021-11-10,131.3000030517578,131.3699951171875,130.0,130.4600067138672,6254600
2021-11-11,130.57000732421875,130.60000610351562,130.39999389648438,130.44000244140625,2426600
2021-11-12,130.61000061035156,130.9499969482422,130.39999389648438,130.4199981689453,4085300
2021-11-15,130.5500030517578,130.75999450683594,130.41000366210938,130.44000244140625,4261600
2021-11-16,130.52999877929688,130.63999938964844,130.13999938964844,130.25,2772300
2021-11-17,130.0800018310547,130.5399932861328,130.0,130.50999450683594,4037100
2021-11-18,130.42999267578125,130.74000549316406,130.42999267578125,130.58999633789062,3099700
2021-11-19,130.66000366210938,130.9600067138672,130.3000030517578,130.35000610351562,2518200
2021-11-22,129.42999267578125,129.6999969482422,129.10000610351562,129.3000030517578,3503900
2021-11-23,128.99000549316406,129.02999877929688,128.42999267578125,128.8000030517578,3859500
2021-11-24,128.8699951171875,129.24000549316406,128.61000061035156,129.1999969482422,2725300
2021-11-26,129.39999389648438,129.8800048828125,129.25,129.83999633789062,2056900
2021-11-29,129.69000244140625,129.9199981689453,129.47000122070312,129.5399932861328,3803400
2021-11-30,129.9600067138672,130.22000122070312,129.39999389648438,129.66000366210938,5051400
2021-12-01,129.14999389648438,129.22999572753906,128.57000732421875,129.07000732421875,7504200
2021-12-02,129.07000732421875,129.52000427246094,128.88999938964844,129.4499969482422,3391400
2021-12-03,129.27000427246094,129.99000549316406,129.22999572753906,129.72000122070312,4030700
2021-12-06,129.85000610351562,129.94000244140625,129.10000610351562,129.1300048828125,6855000
2021-12-07,129.3699951171875,129.5399932861328,129.1999969482422,129.33999633789062,3824700
2021-12-08,129.3000030517578,129.32000732421875,128.97000122070312,129.1199951171875,3123600
2021-12-09,129.25999450683594,129.3699951171875,128.55999755859375,128.58999633789062,3774000
2021-12-10,128.6300048828125,128.88999938964844,128.5399932861328,128.5800018310547,2247700
2021-12-13,128.8300018310547,129.11000061035156,128.67999267578125,128.7100067138672,3605600
2021-12-14,128.3800048828125,128.41000366210938,128.02000427246094,128.3000030517578,4148200
2021-12-15,128.08999633789062,128.47999572753906,127.69000244140625,128.41000366210938,4290800
2021-12-16,128.00999450683594,128.05999755859375,127.56999969482422,127.88999938964844,3896900
2021-12-17,128.02000427246094,128.13999938964844,127.83000183105469,127.9000015258789,4022300
2021-12-20,127.86000061035156,127.98999786376953,127.77999877929688,127.83000183105469,4403300
2021-12-21,127.83999633789062,128.11000061035156,127.5999984741211,128.11000061035156,3902300
2021-12-22,128.1300048828125,128.7100067138672,127.98999786376953,128.52000427246094,3170000
2021-12-23,128.49000549316406,128.5,128.0500030517578,128.22999572753906,2785500
2021-12-27,128.27000427246094,128.7100067138672,128.22000122070312,128.66000366210938,3388800
2021-12-28,128.97000122070312,129.0500030517578,128.5399932861328,128.5800018310547,2866100
2021-12-29,128.27999877929688,128.6999969482422,128.02000427246094,128.69000244140625,4320200
2021-12-30,128.94000244140625,129.36000061035156,128.80999755859375,129.36000061035156,2926000
2021-12-31,129.22000122070312,129.30999755859375,129.07000732421875,129.1999969482422,3820400
2022-01-03,128.69000244140625,128.7100067138672,128.3800048828125,128.4600067138672,4573600
2022-01-04,128.32000732421875,128.4600067138672,127.76000213623047,127.97000122070312,5740700
2022-01-05,128.02000427246094,128.0399932861328,126.91999816894531,126.93000030517578,6622800
2022-01-06,126.44999694824219,126.47000122070312,126.0,126.37999725341797,7615500
2022-01-07,126.33000183105469,126.41000366210938,126.04000091552734,126.2300033569336,8132900
2022-01-10,126.02999877929688,126.4000015258789,125.8499984741211,126.38999938964844,6633200
2022-01-11,126.41999816894531,127.27999877929688,126.3499984741211,127.2699966430664,10839700
2022-01-12,127.11000061035156,127.16999816894531,126.43000030517578,126.44999694824219,7161900
2022-01-13,126.31999969482422,126.66000366210938,126.2300033569336,126.4800033569336,4735600
2022-01-14,126.26000213623047,126.31999969482422,125.8499984741211,125.91000366210938,6159500
2022-01-18,125.54000091552734,125.62999725341797,125.30000305175781,125.30999755859375,6517400
2022-01-19,125.37000274658203,125.44000244140625,125.05000305175781,125.05000305175781,7744200
2022-01-20,125.41999816894531,125.66999816894531,125.16999816894531,125.19999694824219,7190000
2022-01-21,125.69000244140625,126.05000305175781,125.54000091552734,125.9800033569336,6552400
2022-01-24,126.05000305175781,126.38999938964844,125.87000274658203,126.2699966430664,11250900
2022-01-25,126.23999786376953,126.48999786376953,125.95999908447266,126.05000305175781,6601000
2022-01-26,126.06999969482422,126.27999877929688,125.13999938964844,125.25,9557800
2022-01-27,125.56999969482422,125.87000274658203,125.37000274658203,125.76000213623047,17300800
2022-01-28,125.94000244140625,126.30000305175781,125.87000274658203,126.19999694824219,8506800
2022-01-31,126.08000183105469,126.54000091552734,126.06999969482422,126.54000091552734,7743300
2022-02-01,125.9000015258789,125.91999816894531,125.25,125.27999877929688,18785900
2022-02-02,125.30000305175781,125.69000244140625,125.23999786376953,125.41999816894531,8558200
2022-02-03,124.77999877929688,124.94999694824219,124.5999984741211,124.62999725341797,8142200
2022-02-04,124.08000183105469,124.29000091552734,123.77999877929688,123.91000366210938,9560900
2022-02-07,123.95999908447266,123.97000122070312,123.4800033569336,123.86000061035156,9979000
2022-02-08,123.6500015258789,123.88999938964844,123.54000091552734,123.69999694824219,5654300
2022-02-09,123.94999694824219,124.2699966430664,123.81999969482422,123.94000244140625,6164600
2022-02-10,123.62999725341797,123.73999786376953,122.91999816894531,122.94999694824219,13043800
2022-02-11,123.62999725341797,124.11000061035156,123.0999984741211,124.05000305175781,14075400
2022-02-14,123.54000091552734,124.08000183105469,123.43000030517578,123.72000122070312,8381800
2022-02-15,123.37000274658203,123.48999786376953,123.19999694824219,123.20999908447266,7243800
2022-02-16,123.45999908447266,123.6500015258789,123.29000091552734,123.44999694824219,5819200
2022-02-17,123.69999694824219,123.97000122070312,123.06999969482422,123.7300033569336,7624000
2022-02-18,124.02999877929688,124.16000366210938,123.91999816894531,124.13999938964844,8066300
2022-02-22,124.19000244140625,124.52999877929688,124.08000183105469,124.5199966430664,4772200
2022-02-23,124.2699966430664,124.80000305175781,124.06999969482422,124.61000061035156,4752600
2022-02-24,126.26000213623047,126.5,124.7699966430664,125.12000274658203,10218600
2022-02-25,124.91999816894531,125.04000091552734,124.62999725341797,125.01000213623047,4615600
2022-02-28,125.83999633789062,127.25,125.83000183105469,127.18000030517578,7282300
2022-03-01,127.29000091552734,128.3000030517578,127.27999877929688,127.86000061035156,8968800
2022-03-02,127.62000274658203,127.73999786376953,127.0,127.02999877929688,5829800
2022-03-03,127.19999694824219,127.4000015258789,126.83999633789062,126.87999725341797,4892900
2022-03-04,127.66000366210938,128.47999572753906,127.66000366210938,127.8499984741211,4735200
2022-03-07,127.94000244140625,128.75999450683594,127.88999938964844,128.5399932861328,6720100
2022-03-08,128.75,129.47999572753906,128.3300018310547,129.16000366210938,6291000
2022-03-09,128.3300018310547,128.52000427246094,127.41000366210938,127.87999725341797,8093400
2022-03-10,127.27999877929688,127.86000061035156,126.77999877929688,127.5999984741211,4035000
2022-03-11,127.98999786376953,128.60000610351562,127.94999694824219,128.5,5043700
2022-03-14,127.7699966430664,127.7699966430664,127.08000183105469,127.08000183105469,3650600
2022-03-15,127.20999908447266,127.27999877929688,126.11000061035156,126.12999725341797,4662200
2022-03-16,125.91999816894531,126.18000030517578,124.55000305175781,125.4000015258789,5880300
2022-03-17,126.02999877929688,127.1500015258789,125.83000183105469,127.11000061035156,3732400
2022-03-18,126.63999938964844,127.36000061035156,126.4800033569336,126.72000122070312,4485100
2022-03-21,126.12000274658203,126.47000122070312,125.44999694824219,125.5999984741211,3459200
2022-03-22,125.44999694824219,125.69000244140625,124.95999908447266,125.0199966430664,3683400
2022-03-23,125.62000274658203,126.62000274658203,125.56999969482422,126.58999633789062,4621600
2022-03-24,126.23999786376953,126.5,125.7699966430664,125.80999755859375,5085900
2022-03-25,125.11000061035156,125.31999969482422,124.7300033569336,124.94999694824219,2761800
2022-03-28,125.0199966430664,125.37000274658203,124.80000305175781,124.80999755859375,2815400
2022-03-29,124.33999633789062,124.83999633789062,124.29000091552734,124.36000061035156,3139300
2022-03-30,124.44000244140625,125.08999633789062,124.41000366210938,124.97000122070312,2728100
2022-03-31,124.94000244140625,125.5199966430664,124.3499984741211,124.56999969482422,5546400
2022-04-01,122.75,123.58000183105469,122.54000091552734,123.08999633789062,5399200
2022-04-04,123.2300033569336,123.30000305175781,122.9000015258789,123.0,3284100
2022-04-05,122.87000274658203,122.97000122070312,122.06999969482422,122.11000061035156,4752300
2022-04-06,121.79000091552734,122.05000305175781,121.04000091552734,121.56999969482422,4662400
2022-04-07,121.54000091552734,121.79000091552734,121.19999694824219,121.41000366210938,3109300
2022-04-08,121.30000305175781,121.62999725341797,121.23999786376953,121.62999725341797,5256300
2022-04-11,121.01000213623047,121.47000122070312,120.9000015258789,121.41999816894531,4074400
2022-04-12,121.81999969482422,122.12000274658203,121.38999938964844,121.41000366210938,6454400
2022-04-13,121.55999755859375,121.76000213623047,121.12000274658203,121.18000030517578,4781400
2022-04-14,121.1500015258789,121.31999969482422,120.83000183105469,121.16999816894531,4916900
2022-04-18,121.33000183105469,121.38999938964844,121.0199966430664,121.12999725341797,3969600
2022-04-19,120.91000366210938,121.06999969482422,120.43000030517578,120.52999877929688,6102300
2022-04-20,120.81999969482422,121.58999633789062,120.73999786376953,121.41999816894531,6580000
2022-04-21,121.4000015258789,121.94000244140625,120.68000030517578,121.9000015258789,7096200
2022-04-22,121.77999877929688,122.3499984741211,121.3499984741211,121.41999816894531,4678600
2022-04-25,121.79000091552734,122.02999877929688,121.27999877929688,121.33000183105469,5231500
2022-04-26,121.55999755859375,121.69999694824219,121.23999786376953,121.58999633789062,4330300
2022-04-27,121.68000030517578,121.70999908447266,121.1500015258789,121.38999938964844,6335700
2022-04-28,121.37999725341797,122.12000274658203,121.29000091552734,122.08000183105469,4564500
2022-04-29,121.8499984741211,122.23999786376953,120.81999969482422,121.06999969482422,8607200
2022-05-02,119.55000305175781,119.62000274658203,118.25,118.38999938964844,8579900
2022-05-03,119.29000091552734,119.6500015258789,118.79000091552734,118.81999969482422,6260800
2022-05-04,118.76000213623047,120.04000091552734,118.30999755859375,119.75,5375800
2022-05-05,118.94999694824219,119.19000244140625,118.08999633789062,118.48999786376953,4817100
2022-05-06,117.94000244140625,118.6500015258789,117.73999786376953,118.18000030517578,4995400
2022-05-09,117.94000244140625,117.98999786376953,117.5199966430664,117.72000122070312,5652000
2022-05-10,117.58000183105469,117.9800033569336,117.12999725341797,117.19000244140625,5760700
2022-05-11,117.36000061035156,118.73999786376953,117.0199966430664,118.61000061035156,5965600
2022-05-12,118.8499984741211,119.06999969482422,118.0199966430664,118.0999984741211,5169700
2022-05-13,118.20999908447266,118.73999786376953,118.01000213623047,118.70999908447266,4551800
2022-05-16,118.98999786376953,119.08000183105469,118.69999694824219,118.75,3105100
2022-05-17,118.55999755859375,118.66999816894531,118.05000305175781,118.1500015258789,3363700
2022-05-18,118.62999725341797,119.19000244140625,118.61000061035156,118.97000122070312,14954600
2022-05-19,119.41999816894531,119.5199966430664,118.16999816894531,118.55000305175781,8812500
2022-05-20,118.51000213623047,118.73999786376953,118.29000091552734,118.5999984741211,5597600
2022-05-23,118.43000030517578,118.69999694824219,118.16000366210938,118.18000030517578,3149600
2022-05-24,118.4000015258789,119.04000091552734,118.3499984741211,118.81999969482422,3232900
2022-05-25,119.06999969482422,119.06999969482422,118.5999984741211,118.91999816894531,3612600
2022-05-26,119.2300033569336,119.62999725341797,119.05999755859375,119.41000366210938,5993700
2022-05-27,119.73999786376953,119.86000061035156,119.61000061035156,119.79000091552734,3204900
2022-05-31,119.44000244140625,119.44999694824219,118.77999877929688,118.94000244140625,4760000
2022-06-01,117.5999984741211,117.69000244140625,116.98999786376953,117.08999633789062,4283200
2022-06-02,117.5,117.62999725341797,117.26000213623047,117.62999725341797,5457900
2022-06-03,117.30999755859375,118.36000061035156,117.30999755859375,118.30999755859375,4692400
2022-06-06,118.01000213623047,118.08000183105469,117.47000122070312,117.54000091552734,3466300
2022-06-07,117.66999816894531,117.91000366210938,117.56999969482422,117.81999969482422,2638200
2022-06-08,117.69999694824219,117.83999633789062,117.52999877929688,117.52999877929688,1961100
2022-06-09,117.44999694824219,117.69000244140625,117.30999755859375,117.51000213623047,2866800
2022-06-10,117.43000030517578,117.58999633789062,116.94000244140625,116.98999786376953,3241000
2022-06-13,115.62999725341797,115.87000274658203,114.58000183105469,115.0199966430664,7081800
2022-06-14,114.5,114.55000305175781,113.01000213623047,113.44000244140625,12801700
2022-06-15,113.87000274658203,115.29000091552734,113.68000030517578,115.01000213623047,10128000
2022-06-16,113.58000183105469,114.9800033569336,113.25,114.66999816894531,5934500
2022-06-17,114.61000061035156,114.83000183105469,114.26000213623047,114.7300033569336,5015900
2022-06-21,114.33999633789062,114.66999816894531,114.2300033569336,114.33000183105469,2628700
2022-06-22,114.91000366210938,115.12999725341797,114.79000091552734,114.98999786376953,5163300
2022-06-23,115.54000091552734,115.79000091552734,115.19999694824219,115.33000183105469,5523500
2022-06-24,115.45999908447266,115.80000305175781,115.27999877929688,115.44000244140625,3581400
2022-06-27,115.08999633789062,115.30999755859375,114.58000183105469,114.61000061035156,3885600
2022-06-28,114.56999969482422,114.5999984741211,114.12000274658203,114.20999908447266,3469600
2022-06-29,114.02999877929688,114.55000305175781,113.69000244140625,114.01000213623047,6274800
2022-06-30,114.58000183105469,114.76000213623047,113.88999938964844,113.91000366210938,8033400
2022-07-01,114.79000091552734,115.4000015258789,114.48999786376953,115.16999816894531,7041500
2022-07-05,115.30000305175781,115.3499984741211,114.70999908447266,114.8499984741211,4716100
2022-07-06,114.81999969482422,114.87000274658203,113.7699966430664,113.80999755859375,2909400
2022-07-07,114.27999877929688,114.29000091552734,113.4800033569336,113.62999725341797,2511700
2022-07-08,113.73999786376953,113.80999755859375,113.33999633789062,113.51000213623047,1919900
2022-07-11,113.83000183105469,114.0999984741211,113.58000183105469,113.69000244140625,2034200
2022-07-12,113.7300033569336,114.12999725341797,113.62999725341797,113.6500015258789,2604400
2022-07-13,113.61000061035156,114.54000091552734,113.47000122070312,114.23999786376953,3245600
2022-07-14,113.63999938964844,114.18000030517578,113.47000122070312,113.95999908447266,5758800
2022-07-15,114.19000244140625,114.70999908447266,114.0999984741211,114.62000274658203,4638600
2022-07-18,114.66999816894531,114.72000122070312,114.2699966430664,114.47000122070312,2302000
2022-07-19,114.43000030517578,114.66999816894531,114.31999969482422,114.3499984741211,4571400
2022-07-20,114.69000244140625,114.80999755859375,114.1500015258789,114.25,2787400
2022-07-21,114.29000091552734,114.95999908447266,114.0,114.95999908447266,8560600
2022-07-22,115.55999755859375,116.12000274658203,115.5199966430664,115.93000030517578,5918500
2022-07-25,115.58000183105469,115.98999786376953,115.55999755859375,115.70999908447266,11366300
2022-07-26,116.44000244140625,116.54000091552734,115.69999694824219,115.70999908447266,1796100
2022-07-27,116.0,116.69999694824219,115.95999908447266,116.44999694824219,2378500
2022-07-28,117.5,117.69000244140625,117.08999633789062,117.63999938964844,3283100
2022-07-29,117.91999816894531,118.4800033569336,117.77999877929688,118.2300033569336,3256700
2022-08-01,117.04000091552734,117.31999969482422,116.7699966430664,117.12999725341797,3576300
2022-08-02,116.9000015258789,117.19000244140625,115.5999984741211,115.75,3650800
2022-08-03,115.80000305175781,116.41999816894531,115.48999786376953,116.36000061035156,2442200
2022-08-04,116.1500015258789,116.44999694824219,116.04000091552734,116.33999633789062,2238700
2022-08-05,115.25,115.43000030517578,115.08000183105469,115.16999816894531,3098100
2022-08-08,115.75,116.0,115.69000244140625,115.95999908447266,3473200
2022-08-09,115.77999877929688,115.87999725341797,115.56999969482422,115.62999725341797,1453300
2022-08-10,115.68000030517578,116.0199966430664,115.41999816894531,115.43000030517578,1950500
2022-08-11,115.62000274658203,115.7699966430664,114.94999694824219,115.04000091552734,3714600
2022-08-12,115.4800033569336,115.56999969482422,115.16000366210938,115.48999786376953,2563100
2022-08-15,115.54000091552734,115.66000366210938,115.37000274658203,115.37000274658203,1950800
2022-08-16,115.38999938964844,115.48999786376953,115.08999633789062,115.4000015258789,2658100
2022-08-17,115.30999755859375,115.31999969482422,114.9000015258789,115.05000305175781,2086600
2022-08-18,115.29000091552734,115.87999725341797,115.0199966430664,115.63999938964844,3706400
2022-08-19,115.5,115.62999725341797,115.33999633789062,115.44000244140625,3423400
2022-08-22,115.47000122070312,115.48999786376953,115.19999694824219,115.22000122070312,3771500
2022-08-23,115.30000305175781,115.70999908447266,115.19999694824219,115.41000366210938,1664900
2022-08-24,115.2300033569336,115.4000015258789,115.11000061035156,115.38999938964844,1795000
2022-08-25,115.6500015258789,115.83000183105469,115.52999877929688,115.75,1468300
2022-08-26,115.72000122070312,115.83000183105469,115.33000183105469,115.58000183105469,1887800
2022-08-29,115.2300033569336,115.25,115.0199966430664,115.12999725341797,2117300
2022-08-30,114.94999694824219,115.20999908447266,114.69000244140625,114.93000030517578,2144200
2022-08-31,114.75,114.95999908447266,113.72000122070312,113.91000366210938,7620800
2022-09-01,111.83999633789062,112.02999877929688,111.51000213623047,111.62000274658203,5405500
2022-09-02,112.05999755859375,112.33000183105469,111.7300033569336,112.27999877929688,6140400
2022-09-06,111.80999755859375,111.87999725341797,111.18000030517578,111.20999908447266,3399100
2022-09-07,111.51000213623047,111.69000244140625,111.33999633789062,111.66999816894531,3352800
2022-09-08,111.37999725341797,111.56999969482422,110.9800033569336,111.05000305175781,3303200
2022-09-09,111.05999755859375,111.27999877929688,110.8499984741211,111.0999984741211,1903900
2022-09-12,111.19999694824219,111.26000213623047,110.5199966430664,110.7699966430664,3090300
2022-09-13,110.06999969482422,110.4800033569336,110.06999969482422,110.44000244140625,3606700
2022-09-14,110.4800033569336,110.79000091552734,110.44999694824219,110.72000122070312,1815400
2022-09-15,110.47000122070312,110.62000274658203,110.08999633789062,110.16000366210938,2617700
2022-09-16,110.0,110.18000030517578,109.63999938964844,109.69999694824219,2758100
2022-09-19,109.33000183105469,109.55000305175781,109.02999877929688,109.19999694824219,1639600
2022-09-20,108.7699966430664,109.16999816894531,108.72000122070312,109.02999877929688,2118800
2022-09-21,109.16000366210938,109.4800033569336,108.44999694824219,109.23999786376953,2939000
2022-09-22,108.70999908447266,108.79000091552734,107.87000274658203,108.0,3088400
2022-09-23,107.5999984741211,107.88999938964844,107.38999938964844,107.54000091552734,4059300
2022-09-26,107.3499984741211,107.37999725341797,105.79000091552734,105.81999969482422,5419000
2022-09-27,105.97000122070312,106.08999633789062,105.11000061035156,105.26000213623047,5123500
2022-09-28,106.1500015258789,107.18000030517578,105.80999755859375,107.12000274658203,2881900
2022-09-29,106.20999908447266,106.41000366210938,105.54000091552734,105.62000274658203,3468800
2022-09-30,105.4800033569336,105.61000061035156,104.62999725341797,104.9000015258789,5533400
2022-10-03,105.61000061035156,106.5199966430664,105.51000213623047,106.25,5368700
2022-10-04,106.88999938964844,107.05000305175781,106.54000091552734,106.66999816894531,3470600
2022-10-05,106.2699966430664,106.30999755859375,105.58000183105469,105.83000183105469,3467200
2022-10-06,105.8499984741211,105.94999694824219,105.44999694824219,105.4800033569336,3821900
2022-10-07,105.16000366210938,105.79000091552734,105.13999938964844,105.51000213623047,3308600
2022-10-10,105.43000030517578,105.51000213623047,104.87999725341797,104.91000366210938,2910900
2022-10-11,105.26000213623047,105.91000366210938,105.18000030517578,105.51000213623047,4508600
2022-10-12,105.61000061035156,105.87999725341797,105.33999633789062,105.72000122070312,10208100
2022-10-13,104.79000091552734,105.8499984741211,104.79000091552734,105.5999984741211,4180400
2022-10-14,105.8499984741211,105.87000274658203,105.29000091552734,105.69000244140625,3884900
2022-10-17,106.25,106.45999908447266,105.9000015258789,105.9800033569336,2767500
2022-10-18,106.04000091552734,106.18000030517578,105.44999694824219,105.69999694824219,3003300
2022-10-19,105.11000061035156,105.30000305175781,104.91999816894531,105.16000366210938,2803800
2022-10-20,105.08000183105469,105.45999908447266,104.7699966430664,105.05999755859375,15171500
2022-10-21,105.0,105.7300033569336,104.86000061035156,105.33000183105469,6788500
2022-10-24,105.4000015258789,105.86000061035156,105.25,105.58000183105469,3027900
2022-10-25,105.9800033569336,106.2300033569336,105.81999969482422,106.01000213623047,3423300
2022-10-26,106.05000305175781,106.4800033569336,105.70999908447266,105.8499984741211,3923000
2022-10-27,106.41000366210938,106.79000091552734,106.12000274658203,106.66999816894531,2817100
2022-10-28,106.58999633789062,106.91999816894531,106.29000091552734,106.54000091552734,3409500
2022-10-31,106.37000274658203,106.61000061035156,106.01000213623047,106.38999938964844,3145400
2022-11-01,107.05999755859375,107.08999633789062,106.20999908447266,106.37000274658203,2175700
2022-11-02,106.4800033569336,107.06999969482422,105.98999786376953,106.12999725341797,2056900
2022-11-03,105.16000366210938,105.55999755859375,104.91000366210938,104.94999694824219,3149800
2022-11-04,105.19000244140625,105.5,105.05999755859375,105.33999633789062,2209000
2022-11-07,105.63999938964844,105.70999908447266,105.41999816894531,105.47000122070312,2295300
2022-11-08,105.58000183105469,105.88999938964844,105.5,105.62000274658203,1681800
2022-11-09,105.4800033569336,105.77999877929688,105.06999969482422,105.4000015258789,2280600
2022-11-10,106.16000366210938,107.18000030517578,106.16000366210938,107.1500015258789,4163400
2022-11-11,106.97000122070312,107.12999725341797,106.80999755859375,107.08999633789062,2465600
2022-11-14,106.8499984741211,106.8499984741211,106.2300033569336,106.30000305175781,3491700
2022-11-15,106.66000366210938,107.11000061035156,106.55000305175781,106.98999786376953,2397500
2022-11-16,107.16000366210938,107.37000274658203,107.06999969482422,107.26000213623047,1985700
2022-11-17,106.77999877929688,106.8499984741211,106.36000061035156,106.52999877929688,2853300
2022-11-18,106.43000030517578,106.58000183105469,105.9000015258789,105.98999786376953,1851100
2022-11-21,106.37999725341797,106.62000274658203,106.11000061035156,106.55000305175781,2194900
2022-11-22,106.98999786376953,107.12999725341797,106.73999786376953,106.9800033569336,3023400
2022-11-23,106.93000030517578,107.56999969482422,106.88999938964844,107.56999969482422,1786500
2022-11-25,107.4800033569336,107.52999877929688,107.36000061035156,107.47000122070312,665300
2022-11-28,107.48999786376953,107.58999633789062,107.06999969482422,107.22000122070312,3710000
2022-11-29,106.87000274658203,107.08000183105469,106.69000244140625,106.76000213623047,2090100
2022-11-30,106.8499984741211,108.37000274658203,106.68000030517578,108.33999633789062,4520200
2022-12-01,108.4800033569336,109.37999725341797,108.45999908447266,109.37000274658203,9839800
2022-12-02,108.88999938964844,110.19999694824219,108.58999633789062,110.18000030517578,3393800
2022-12-05,109.45999908447266,109.4800033569336,108.79000091552734,109.05000305175781,3276700
2022-12-06,109.04000091552734,109.1500015258789,108.7699966430664,109.02999877929688,4906900
2022-12-07,109.16999816894531,109.52999877929688,108.95999908447266,109.5,2900600
2022-12-08,109.5,109.55000305175781,109.20999908447266,109.47000122070312,3183900
2022-12-09,108.93000030517578,109.05999755859375,108.36000061035156,108.43000030517578,2613000
2022-12-12,108.70999908447266,108.77999877929688,108.4000015258789,108.44000244140625,2735800
2022-12-13,109.16999816894531,109.30999755859375,108.6500015258789,108.76000213623047,4767700
2022-12-14,108.6500015258789,108.76000213623047,108.02999877929688,108.48999786376953,2882400
2022-12-15,108.2699966430664,108.33999633789062,107.7300033569336,108.16000366210938,2669900
2022-12-16,107.51000213623047,107.97000122070312,107.4800033569336,107.58000183105469,2290100
2022-12-19,107.5,107.51000213623047,107.18000030517578,107.20999908447266,2681700
2022-12-20,107.05000305175781,107.33999633789062,106.98999786376953,107.18000030517578,2942600
2022-12-21,107.83999633789062,107.9000015258789,107.41000366210938,107.76000213623047,6070000
2022-12-22,107.72000122070312,107.80000305175781,107.12000274658203,107.16999816894531,3674600
2022-12-23,107.0199966430664,107.11000061035156,106.73999786376953,106.93000030517578,2523500
2022-12-27,106.73999786376953,106.93000030517578,106.43000030517578,106.44000244140625,2464500
2022-12-28,106.62999725341797,106.77999877929688,106.29000091552734,106.31999969482422,3091400
2022-12-29,106.58999633789062,106.83999633789062,106.52999877929688,106.76000213623047,3141300
2022-12-30,106.38999938964844,106.80000305175781,106.27999877929688,106.44000244140625,4694700
2023-01-03,107.19999694824219,107.25,106.66999816894531,106.81999969482422,3740300
2023-01-04,107.18000030517578,107.30000305175781,106.79000091552734,106.88999938964844,3247800
2023-01-05,106.48999786376953,106.94999694824219,106.36000061035156,106.91999816894531,2377500
2023-01-06,107.0199966430664,107.94999694824219,106.94000244140625,107.9000015258789,3855300
2023-01-09,107.9000015258789,108.3499984741211,107.8499984741211,108.1500015258789,2640200
2023-01-10,107.86000061035156,108.0,107.63999938964844,107.70999908447266,2302000
2023-01-11,107.81999969482422,108.18000030517578,107.75,108.16999816894531,7551700
2023-01-12,108.4800033569336,109.02999877929688,108.0999984741211,109.0199966430664,3943700
2023-01-13,108.76000213623047,108.93000030517578,108.06999969482422,108.16999816894531,2833100
2023-01-17,107.87000274658203,108.20999908447266,107.83000183105469,107.86000061035156,2711500
2023-01-18,108.66999816894531,108.80000305175781,108.44999694824219,108.5999984741211,3919000
2023-01-19,108.61000061035156,109.29000091552734,108.44000244140625,109.2699966430664,4591500
2023-01-20,108.55000305175781,108.91000366210938,108.55000305175781,108.6500015258789,2878100
2023-01-23,108.58999633789062,108.80999755859375,108.52999877929688,108.55000305175781,3170400
2023-01-24,108.70999908447266,109.19000244140625,108.5,109.16999816894531,2913900
2023-01-25,109.1500015258789,109.38999938964844,108.97000122070312,109.38999938964844,2996900
2023-01-26,109.33000183105469,109.61000061035156,109.19999694824219,109.37999725341797,4193500
2023-01-27,109.08000183105469,109.26000213623047,109.01000213623047,109.13999938964844,2408700
2023-01-30,108.94000244140625,109.11000061035156,108.61000061035156,108.61000061035156,2462300
2023-01-31,108.86000061035156,108.9000015258789,108.33000183105469,108.6500015258789,4134300
2023-02-01,108.9800033569336,109.48999786376953,108.44000244140625,109.37999725341797,5419300
2023-02-02,109.66999816894531,109.80999755859375,109.18000030517578,109.2300033569336,5030900
2023-02-03,108.62999725341797,108.83999633789062,108.16999816894531,108.20999908447266,5375200
2023-02-06,107.80000305175781,107.95999908447266,107.69999694824219,107.77999877929688,5195500
2023-02-07,107.80999755859375,108.55000305175781,107.7699966430664,108.05999755859375,3758700
2023-02-08,108.27999877929688,108.66999816894531,108.1500015258789,108.62000274658203,2821200
2023-02-09,108.69999694824219,108.76000213623047,108.05999755859375,108.06999969482422,2648200
2023-02-10,108.11000061035156,108.16000366210938,107.66000366210938,107.68000030517578,3105600
2023-02-13,107.70999908447266,107.94000244140625,107.68000030517578,107.86000061035156,2259000
2023-02-14,107.7699966430664,108.01000213623047,107.16999816894531,107.5,3037800
2023-02-15,107.47000122070312,107.7300033569336,107.30000305175781,107.5,2631900
2023-02-16,107.38999938964844,107.66000366210938,107.19999694824219,107.23999786376953,4054900
2023-02-17,107.08000183105469,107.51000213623047,107.02999877929688,107.44999694824219,5304300
2023-02-21,107.0999984741211,107.26000213623047,106.87000274658203,106.97000122070312,2344000
2023-02-22,107.3499984741211,107.51000213623047,106.83000183105469,106.91000366210938,5106800
2023-02-23,107.0,107.37999725341797,106.95999908447266,107.26000213623047,3038100
2023-02-24,106.7300033569336,106.7699966430664,106.3499984741211,106.55999755859375,3524300
2023-02-27,106.7699966430664,106.87000274658203,106.63999938964844,106.77999877929688,1614400
2023-02-28,106.5999984741211,107.26000213623047,106.5199966430664,107.18000030517578,3852500
2023-03-01,106.87999725341797,106.9800033569336,106.58999633789062,106.77999877929688,5948400
2023-03-02,106.66000366210938,106.91000366210938,106.6500015258789,106.86000061035156,3979000
2023-03-03,107.20999908447266,108.01000213623047,107.11000061035156,108.01000213623047,3710700
2023-03-06,107.98999786376953,108.0199966430664,107.43000030517578,107.43000030517578,3128600
2023-03-07,107.38999938964844,107.43000030517578,106.66000366210938,106.75,3565900
2023-03-08,106.83000183105469,107.02999877929688,106.19999694824219,106.23999786376953,4268100
2023-03-09,106.55999755859375,106.75,106.4000015258789,106.5199966430664,4310100
2023-03-10,107.25,108.08999633789062,107.23999786376953,108.08999633789062,5856500
2023-03-13,108.88999938964844,109.63999938964844,108.37000274658203,108.91000366210938,6223200
2023-03-14,108.95999908447266,109.16000366210938,108.2699966430664,108.30999755859375,5222800
2023-03-15,109.12999725341797,109.88999938964844,108.97000122070312,109.62999725341797,5923000
2023-03-16,109.97000122070312,110.01000213623047,108.36000061035156,108.38999938964844,7644200
2023-03-17,108.77999877929688,109.2300033569336,108.62000274658203,108.62000274658203,4457300
2023-03-20,108.97000122070312,108.97000122070312,108.45999908447266,108.72000122070312,2988800
2023-03-21,108.44999694824219,108.91000366210938,108.37000274658203,108.48999786376953,2988900
2023-03-22,108.69999694824219,110.11000061035156,108.62999725341797,109.9800033569336,5961800
2023-03-23,109.98999786376953,110.22000122070312,109.75,110.18000030517578,5372300
2023-03-24,110.3499984741211,110.51000213623047,109.86000061035156,109.9000015258789,8001000
2023-03-27,109.47000122070312,109.54000091552734,109.01000213623047,109.04000091552734,6509500
2023-03-28,109.0999984741211,109.62000274658203,109.06999969482422,109.37999725341797,3953300
2023-03-29,109.26000213623047,109.5999984741211,109.23999786376953,109.58999633789062,2400900
2023-03-30,109.66000366210938,109.81999969482422,109.62000274658203,109.69999694824219,2101300
2023-03-31,109.87000274658203,110.44000244140625,109.76000213623047,110.25,5667300
2023-04-03,110.37999725341797,110.80000305175781,110.1500015258789,110.31999969482422,6515100
2023-04-04,110.12999725341797,110.7699966430664,110.12000274658203,110.63999938964844,4266100
2023-04-05,110.93000030517578,111.26000213623047,110.70999908447266,110.9000015258789,5296400
2023-04-06,111.08000183105469,111.26000213623047,110.9800033569336,111.1500015258789,3074800
2023-04-10,110.52999877929688,110.58999633789062,110.3499984741211,110.36000061035156,2572900
2023-04-11,110.52999877929688,110.56999969482422,110.33000183105469,110.55000305175781,2317600
2023-04-12,110.38999938964844,110.68000030517578,110.25,110.58999633789062,3461900
2023-04-13,110.70999908447266,110.93000030517578,110.27999877929688,110.31999969482422,3396900
2023-04-14,110.0199966430664,110.16000366210938,109.77999877929688,109.83999633789062,3325700
2023-04-17,109.83000183105469,109.87999725341797,109.31999969482422,109.33999633789062,4215800
2023-04-18,109.37000274658203,109.5999984741211,109.31999969482422,109.44999694824219,3523900
2023-04-19,109.33999633789062,109.44999694824219,109.18000030517578,109.33999633789062,4609500
2023-04-20,109.63999938964844,109.9000015258789,109.5999984741211,109.69000244140625,3856700
2023-04-21,109.93000030517578,109.9800033569336,109.55999755859375,109.73999786376953,2523200
2023-04-24,109.94000244140625,110.19000244140625,109.91000366210938,110.16000366210938,1651400
2023-04-25,110.4800033569336,110.8499984741211,110.4800033569336,110.80999755859375,3446500
2023-04-26,110.7699966430664,110.87999725341797,110.3499984741211,110.41999816894531,3114100
2023-04-27,110.33000183105469,110.37999725341797,109.97000122070312,110.05000305175781,2242800
2023-04-28,110.27999877929688,110.38999938964844,109.98999786376953,110.18000030517578,4474500
2023-05-01,109.3499984741211,109.38999938964844,108.55000305175781,108.69999694824219,3140600
2023-05-02,108.91999816894531,109.5999984741211,108.91000366210938,109.52999877929688,3033700
2023-05-03,109.66000366210938,110.08000183105469,109.62000274658203,110.02999877929688,3895900
2023-05-04,109.80000305175781,110.4800033569336,109.77999877929688,110.0,4109800
2023-05-05,109.7699966430664,109.87999725341797,109.58999633789062,109.77999877929688,1955000
2023-05-08,109.41000366210938,109.5,109.33999633789062,109.37000274658203,2510600
2023-05-09,109.36000061035156,109.41000366210938,109.0999984741211,109.20999908447266,2162400
2023-05-10,109.41999816894531,109.68000030517578,109.31999969482422,109.56999969482422,2983400
2023-05-11,109.91999816894531,109.98999786376953,109.66999816894531,109.80999755859375,5607100
2023-05-12,109.87000274658203,109.93000030517578,109.38999938964844,109.41999816894531,1924300
2023-05-15,109.36000061035156,109.41000366210938,109.20999908447266,109.26000213623047,2404800
2023-05-16,109.0999984741211,109.22000122070312,108.80000305175781,108.97000122070312,4087900
2023-05-17,109.06999969482422,109.08999633789062,108.83000183105469,108.91999816894531,2766900
2023-05-18,108.63999938964844,108.77999877929688,108.41000366210938,108.55999755859375,6186100
2023-05-19,108.36000061035156,108.66999816894531,108.19000244140625,108.30000305175781,3543300
2023-05-22,108.38999938964844,108.5199966430664,108.04000091552734,108.0999984741211,3120200
2023-05-23,108.05999755859375,108.47000122070312,108.01000213623047,108.43000030517578,3191000
2023-05-24,108.5999984741211,108.63999938964844,108.08000183105469,108.08999633789062,2791700
2023-05-25,107.98999786376953,108.05000305175781,107.51000213623047,107.5999984741211,4197100
2023-05-26,107.63999938964844,107.80000305175781,107.41999816894531,107.7300033569336,3035100
2023-05-30,107.97000122070312,108.20999908447266,107.87000274658203,108.16000366210938,4166100
2023-05-31,108.23999786376953,108.4000015258789,108.05000305175781,108.30000305175781,6155400
2023-06-01,108.04000091552734,108.20999908447266,107.95999908447266,108.16000366210938,5326300
2023-06-02,108.12000274658203,108.1500015258789,107.5999984741211,107.62999725341797,2367500
2023-06-05,107.54000091552734,107.9800033569336,107.47000122070312,107.7699966430664,2160500
2023-06-06,107.69999694824219,107.86000061035156,107.51000213623047,107.83000183105469,2087000
2023-06-07,107.86000061035156,107.94999694824219,107.25,107.33000183105469,3181600
2023-06-08,107.5,107.9000015258789,107.48999786376953,107.86000061035156,2327600
2023-06-09,107.70999908447266,107.7699966430664,107.54000091552734,107.55999755859375,1903300
2023-06-12,107.6500015258789,107.66000366210938,107.30999755859375,107.6500015258789,3835000
2023-06-13,107.66999816894531,107.79000091552734,107.04000091552734,107.0999984741211,2959000
2023-06-14,107.45999908447266,107.73999786376953,107.12000274658203,107.37000274658203,2879900
2023-06-15,108.01000213623047,108.18000030517578,107.86000061035156,108.05000305175781,3435000
2023-06-16,107.68000030517578,107.87000274658203,107.44999694824219,107.7699966430664,2392000
2023-06-20,107.83999633789062,108.0999984741211,107.83999633789062,108.0,2826300
2023-06-21,107.77999877929688,108.12000274658203,107.63999938964844,108.01000213623047,3169900
2023-06-22,107.7699966430664,107.95999908447266,107.58999633789062,107.62999725341797,4519900
2023-06-23,108.19999694824219,108.2300033569336,107.86000061035156,107.88999938964844,2758200
2023-06-26,108.11000061035156,108.1500015258789,107.87000274658203,107.94000244140625,2912500
2023-06-27,108.08000183105469,108.2300033569336,107.56999969482422,107.63999938964844,3316800
2023-06-28,107.87000274658203,107.9800033569336,107.66000366210938,107.86000061035156,3616900
2023-06-29,107.25,107.31999969482422,107.01000213623047,107.1500015258789,2812800
2023-06-30,107.25,107.66999816894531,107.16000366210938,107.62000274658203,6657300
2023-07-03,107.26000213623047,107.41999816894531,106.95999908447266,106.98999786376953,1851800
2023-07-05,106.83000183105469,106.91999816894531,106.38999938964844,106.4800033569336,2609300
2023-07-06,106.01000213623047,106.0999984741211,105.58999633789062,105.91999816894531,3030500
2023-07-07,105.88999938964844,106.13999938964844,105.83000183105469,105.8499984741211,2395600
2023-07-10,105.94000244140625,106.19000244140625,105.91000366210938,106.0999984741211,1965300
2023-07-11,106.16000366210938,106.20999908447266,105.91000366210938,105.9800033569336,1460400
2023-07-12,106.48999786376953,107.18000030517578,106.44000244140625,107.1500015258789,3071800
2023-07-13,107.55999755859375,107.69999694824219,107.3499984741211,107.69999694824219,2665700
2023-07-14,107.44999694824219,107.55000305175781,107.08999633789062,107.12999725341797,2393100
2023-07-17,107.20999908447266,107.44000244140625,107.0999984741211,107.33000183105469,1768300
2023-07-18,107.44999694824219,107.55999755859375,107.19999694824219,107.27999877929688,1777500
2023-07-19,107.37000274658203,107.6500015258789,107.25,107.6500015258789,1842700
2023-07-20,107.43000030517578,107.62000274658203,107.12999725341797,107.61000061035156,17993300
2023-07-21,107.7300033569336,107.83000183105469,107.55000305175781,107.61000061035156,3073400
2023-07-24,107.5999984741211,107.72000122070312,107.4800033569336,107.66000366210938,2912400
2023-07-25,107.62000274658203,107.7300033569336,107.27999877929688,107.47000122070312,2052500
2023-07-26,107.43000030517578,107.5999984741211,107.2300033569336,107.51000213623047,2231400
2023-07-27,107.33000183105469,107.44000244140625,106.58000183105469,106.72000122070312,2826500
2023-07-28,106.77999877929688,107.12999725341797,106.76000213623047,107.12999725341797,1584800
2023-07-31,107.08999633789062,107.30999755859375,106.95999908447266,107.16000366210938,5960700
2023-08-01,106.55999755859375,106.62000274658203,106.23999786376953,106.30000305175781,2259800
2023-08-02,106.0199966430664,106.16999816894531,105.73999786376953,106.11000061035156,2257100
2023-08-03,105.6500015258789,105.69000244140625,105.41999816894531,105.44999694824219,2828200
2023-08-04,105.8499984741211,106.51000213623047,105.8499984741211,106.47000122070312,2067500
2023-08-07,106.43000030517578,106.6500015258789,106.30000305175781,106.55999755859375,8487200
2023-08-08,106.73999786376953,106.91000366210938,106.4800033569336,106.54000091552734,1922100
2023-08-09,106.54000091552734,106.61000061035156,106.43000030517578,106.48999786376953,1383000
2023-08-10,106.51000213623047,106.69999694824219,105.94000244140625,105.94000244140625,2808000
2023-08-11,105.77999877929688,106.02999877929688,105.73999786376953,105.79000091552734,1967200
2023-08-14,105.7699966430664,105.8499984741211,105.54000091552734,105.56999969482422,1688600
2023-08-15,105.51000213623047,105.72000122070312,105.2300033569336,105.23999786376953,1615700
2023-08-16,105.2300033569336,105.4000015258789,104.91999816894531,104.93000030517578,2197800
2023-08-17,105.02999877929688,105.0999984741211,104.70999908447266,104.9000015258789,2168400
2023-08-18,105.0199966430664,105.31999969482422,105.01000213623047,105.08000183105469,1431000
2023-08-21,104.72000122070312,104.81999969482422,104.56999969482422,104.80000305175781,1499800
2023-08-22,104.80999755859375,105.0,104.76000213623047,104.9800033569336,1351000
2023-08-23,105.38999938964844,105.93000030517578,105.38999938964844,105.93000030517578,5432600
2023-08-24,105.66999816894531,105.8499984741211,105.30000305175781,105.44999694824219,9117500
2023-08-25,105.36000061035156,105.66000366210938,105.12000274658203,105.43000030517578,3501800
2023-08-28,105.5999984741211,105.61000061035156,105.37000274658203,105.48999786376953,1410900
2023-08-29,105.30000305175781,106.08000183105469,105.30000305175781,106.01000213623047,2281400
2023-08-30,106.04000091552734,106.0999984741211,105.83000183105469,105.8499984741211,1741200
2023-08-31,105.94999694824219,106.12999725341797,105.87999725341797,106.06999969482422,6068200
2023-09-01,105.69000244140625,105.69999694824219,105.18000030517578,105.19999694824219,1697100
2023-09-05,105.18000030517578,105.19000244140625,104.88999938964844,104.98999786376953,1999600
2023-09-06,105.16999816894531,105.20999908447266,104.79000091552734,104.83000183105469,2037700
2023-09-07,105.05999755859375,105.25,105.0,105.20999908447266,1257400
2023-09-08,105.45999908447266,105.62999725341797,105.38999938964844,105.44999694824219,1899300
2023-09-11,105.25,105.41000366210938,105.19999694824219,105.3499984741211,1660200
2023-09-12,105.37999725341797,105.45999908447266,105.33000183105469,105.4000015258789,1589300
2023-09-13,105.41999816894531,105.66999816894531,105.4000015258789,105.54000091552734,2328400
2023-09-14,105.54000091552734,105.62999725341797,105.27999877929688,105.37000274658203,1817900
2023-09-15,105.19000244140625,105.30000305175781,105.06999969482422,105.11000061035156,1822200
2023-09-18,105.08000183105469,105.3499984741211,105.05000305175781,105.33000183105469,1521400
2023-09-19,105.19000244140625,105.30000305175781,105.0199966430664,105.02999877929688,2313000
2023-09-20,105.20999908447266,105.36000061035156,104.80999755859375,104.80999755859375,1818500
2023-09-21,104.38999938964844,104.54000091552734,104.2300033569336,104.26000213623047,6247300
2023-09-22,104.36000061035156,104.72000122070312,104.31999969482422,104.62000274658203,1641800
2023-09-25,104.0999984741211,104.20999908447266,103.83000183105469,103.83000183105469,1780100
2023-09-26,103.88999938964844,103.93000030517578,103.48999786376953,103.56999969482422,2208800
2023-09-27,103.80000305175781,103.87999725341797,103.19999694824219,103.4000015258789,2139400
2023-09-28,103.29000091552734,103.94999694824219,103.08999633789062,103.93000030517578,1709800
2023-09-29,104.19999694824219,104.31999969482422,103.61000061035156,103.72000122070312,5679300
2023-10-02,103.23999786376953,103.36000061035156,102.86000061035156,102.91999816894531,6662900
2023-10-03,102.69000244140625,102.81999969482422,102.1500015258789,102.19000244140625,5004600
2023-10-04,102.43000030517578,102.68000030517578,102.30000305175781,102.63999938964844,2644600
2023-10-05,102.69999694824219,102.76000213623047,102.4800033569336,102.48999786376953,2283200
2023-10-06,101.80000305175781,102.37999725341797,101.73999786376953,102.12000274658203,2164800
2023-10-09,102.66000366210938,103.19000244140625,102.58999633789062,103.12999725341797,1424000
2023-10-10,102.8499984741211,103.30000305175781,102.76000213623047,103.16999816894531,3710500
2023-10-11,103.47000122070312,103.66000366210938,103.3499984741211,103.62999725341797,2106900
2023-10-12,103.52999877929688,103.61000061035156,102.81999969482422,102.97000122070312,2852600
2023-10-13,103.77999877929688,103.86000061035156,103.5199966430664,103.63999938964844,2463800
2023-10-16,103.26000213623047,103.38999938964844,103.16000366210938,103.33999633789062,1538400
2023-10-17,102.7699966430664,102.97000122070312,102.61000061035156,102.83999633789062,1930800
2023-10-18,102.7699966430664,102.88999938964844,102.44000244140625,102.62000274658203,1575400
2023-10-19,102.37999725341797,102.88999938964844,102.37999725341797,102.52999877929688,12019700
2023-10-20,102.68000030517578,102.94999694824219,102.62999725341797,102.83999633789062,3301500
2023-10-23,102.45999908447266,102.94000244140625,102.31999969482422,102.86000061035156,2632000
2023-10-24,102.7699966430664,102.9800033569336,102.55000305175781,102.94999694824219,2951400
2023-10-25,102.62000274658203,102.66000366210938,102.4000015258789,102.5199966430664,2265400
2023-10-26,102.62999725341797,103.11000061035156,102.58000183105469,103.06999969482422,1941900
2023-10-27,103.0199966430664,103.23999786376953,102.8499984741211,103.22000122070312,2640900
2023-10-30,102.86000061035156,103.16000366210938,102.7699966430664,103.05999755859375,1582200
2023-10-31,103.0999984741211,103.23999786376953,102.7699966430664,102.80000305175781,5219300
2023-11-01,102.51000213623047,103.27999877929688,102.45999908447266,103.23999786376953,3244500
2023-11-02,103.80999755859375,103.9800033569336,103.52999877929688,103.70999908447266,2869700
2023-11-03,104.45999908447266,104.62999725341797,104.20999908447266,104.23999786376953,3444000
2023-11-06,104.06999969482422,104.12000274658203,103.81999969482422,103.97000122070312,2356100
2023-11-07,104.0999984741211,104.38999938964844,104.05000305175781,104.25,1600400
2023-11-08,104.18000030517578,104.5,104.13999938964844,104.4800033569336,1835300
2023-11-09,104.27999877929688,104.33000183105469,103.52999877929688,103.5999984741211,2328000
2023-11-10,103.81999969482422,103.86000061035156,103.54000091552734,103.63999938964844,2920900
2023-11-13,103.30000305175781,103.5999984741211,103.19000244140625,103.56999969482422,1329700
2023-11-14,104.41999816894531,104.63999938964844,104.27999877929688,104.41999816894531,2794300
2023-11-15,104.06999969482422,104.08000183105469,103.7699966430664,103.97000122070312,2358300
2023-11-16,104.18000030517578,104.48999786376953,104.18000030517578,104.3499984741211,2540100
2023-11-17,104.54000091552734,104.58000183105469,104.27999877929688,104.45999908447266,2073700
2023-11-20,104.30000305175781,104.79000091552734,104.29000091552734,104.7699966430664,1511500
2023-11-21,104.66000366210938,104.73999786376953,104.29000091552734,104.55000305175781,7051400
2023-11-22,104.5999984741211,104.66999816894531,104.30999755859375,104.6500015258789,1395400
2023-11-24,104.36000061035156,104.41999816894531,104.19000244140625,104.20999908447266,498200
2023-11-27,104.38999938964844,104.55999755859375,104.25,104.55000305175781,2231700
2023-11-28,104.37000274658203,104.98999786376953,104.36000061035156,104.95999908447266,3241400
2023-11-29,105.19000244140625,105.45999908447266,105.11000061035156,105.37999725341797,3617200
2023-11-30,105.19000244140625,105.27999877929688,104.97000122070312,105.19000244140625,6295600
2023-12-01,104.79000091552734,105.52999877929688,104.79000091552734,105.47000122070312,5444600
2023-12-04,105.13999938964844,105.27999877929688,104.93000030517578,105.02999877929688,2523700
2023-12-05,105.33999633789062,105.7699966430664,105.33999633789062,105.5999984741211,10909800
2023-12-06,105.55000305175781,105.79000091552734,105.47000122070312,105.70999908447266,3262400
2023-12-07,105.58000183105469,105.9000015258789,105.58000183105469,105.62000274658203,2956600
2023-12-08,105.2300033569336,105.51000213623047,105.11000061035156,105.48999786376953,1657400
2023-12-11,105.22000122070312,105.29000091552734,104.9800033569336,105.2699966430664,1898300
2023-12-12,105.1500015258789,105.30999755859375,105.04000091552734,105.20999908447266,1860800
2023-12-13,105.30000305175781,106.66000366210938,105.25,106.63999938964844,2778900
2023-12-14,107.48999786376953,108.05999755859375,107.4800033569336,107.80999755859375,4948700
2023-12-15,107.4000015258789,107.69999694824219,107.3499984741211,107.62999725341797,3185200
2023-12-18,107.45999908447266,107.5,107.30999755859375,107.30999755859375,1608200
2023-12-19,107.44000244140625,107.6500015258789,107.30999755859375,107.37999725341797,1624700
2023-12-20,107.62999725341797,107.83999633789062,107.44999694824219,107.80999755859375,1843200
2023-12-21,107.81999969482422,107.91000366210938,107.4800033569336,107.62999725341797,4795900
2023-12-22,107.7699966430664,107.77999877929688,107.31999969482422,107.41999816894531,1187800
2023-12-26,107.44000244140625,107.55999755859375,107.38999938964844,107.4800033569336,1307100
2023-12-27,107.7300033569336,108.01000213623047,107.66999816894531,107.97000122070312,1472400
2023-12-28,107.81999969482422,108.05000305175781,107.58999633789062,107.62000274658203,2011500
2023-12-29,107.37999725341797,107.7699966430664,107.36000061035156,107.48999786376953,5159200
2024-01-02,107.16000366210938,107.41000366210938,107.06999969482422,107.33999633789062,2635700
2024-01-03,106.94999694824219,107.54000091552734,106.91000366210938,107.51000213623047,1920700
2024-01-04,107.05000305175781,107.12999725341797,106.94000244140625,107.01000213623047,1897600
2024-01-05,106.77999877929688,107.25,106.68000030517578,106.7699966430664,2040600
2024-01-08,106.68000030517578,107.22000122070312,106.68000030517578,107.05999755859375,1399400
2024-01-09,106.91999816894531,107.1500015258789,106.8499984741211,106.8499984741211,1535600
2024-01-10,107.02999877929688,107.06999969482422,106.73999786376953,106.76000213623047,1427300
2024-01-11,107.05000305175781,107.37000274658203,106.94000244140625,107.33000183105469,2352100
2024-01-12,107.5999984741211,107.83999633789062,107.54000091552734,107.79000091552734,1741200
2024-01-16,107.5,107.62999725341797,107.0999984741211,107.23999786376953,2383300
2024-01-17,106.88999938964844,107.0199966430664,106.75,106.91000366210938,2933200
2024-01-18,106.91999816894531,107.0199966430664,106.75,106.94000244140625,5550300
2024-01-19,106.87000274658203,107.0199966430664,106.66999816894531,107.0199966430664,1461900
2024-01-22,107.0199966430664,107.19999694824219,106.98999786376953,107.06999969482422,1443200
2024-01-23,106.62000274658203,106.7699966430664,106.51000213623047,106.72000122070312,1191300
2024-01-24,106.91999816894531,106.94000244140625,106.45999908447266,106.47000122070312,1282300
2024-01-25,106.7699966430664,106.86000061035156,106.62000274658203,106.83000183105469,1717800
2024-01-26,106.86000061035156,106.86000061035156,106.6500015258789,106.7300033569336,1706300
2024-01-29,107.0,107.29000091552734,106.94000244140625,107.19999694824219,1275600
2024-01-30,107.25,107.3499984741211,107.01000213623047,107.1500015258789,2152100
2024-01-31,107.4800033569336,107.86000061035156,107.33000183105469,107.8499984741211,8965800
2024-02-01,108.13999938964844,108.54000091552734,107.94999694824219,108.04000091552734,2966600
2024-02-02,107.16000366210938,107.29000091552734,106.80000305175781,107.0,3070100
2024-02-05,106.61000061035156,106.70999908447266,106.33999633789062,106.4000015258789,1869800
2024-02-06,106.51000213623047,106.93000030517578,106.5,106.76000213623047,2163600
2024-02-07,106.63999938964844,106.8499984741211,106.55999755859375,106.55999755859375,1489700
2024-02-08,106.44000244140625,106.58999633789062,106.37000274658203,106.4800033569336,1603900
2024-02-09,106.30999755859375,106.4800033569336,106.2699966430664,106.33000183105469,1506700
2024-02-12,106.33999633789062,106.4000015258789,106.19000244140625,106.37000274658203,1134700
2024-02-13,105.88999938964844,106.0199966430664,105.68000030517578,105.69000244140625,1771000
2024-02-14,105.94999694824219,106.26000213623047,105.94999694824219,106.13999938964844,1606700
2024-02-15,106.41999816894531,106.47000122070312,106.26000213623047,106.2699966430664,1894000
2024-02-16,106.0199966430664,106.19000244140625,105.98999786376953,106.16000366210938,1063600
2024-02-20,106.2300033569336,106.3499984741211,106.18000030517578,106.20999908447266,1013900
2024-02-21,106.23999786376953,106.30000305175781,105.9800033569336,106.08999633789062,1772800
2024-02-22,106.02999877929688,106.26000213623047,105.7699966430664,105.94999694824219,5515200
2024-02-23,105.91999816894531,106.33999633789062,105.91999816894531,106.22000122070312,1160500
2024-02-26,106.23999786376953,106.25,106.0199966430664,106.18000030517578,1413600
2024-02-27,106.19000244140625,106.30999755859375,106.0199966430664,106.05000305175781,2781900
2024-02-28,106.19000244140625,106.41000366210938,106.1500015258789,106.38999938964844,1485700
2024-02-29,106.4800033569336,106.7300033569336,106.47000122070312,106.72000122070312,6257500
2024-03-01,106.61000061035156,107.1500015258789,106.41999816894531,107.12000274658203,2949700
2024-03-04,106.8499984741211,107.05000305175781,106.83000183105469,107.02999877929688,1857200
2024-03-05,107.3499984741211,107.5999984741211,107.26000213623047,107.5199966430664,1512900
2024-03-06,107.5999984741211,107.81999969482422,107.48999786376953,107.55999755859375,2931800
2024-03-07,107.6500015258789,107.66000366210938,107.36000061035156,107.5,2014800
2024-03-08,107.66999816894531,107.79000091552734,107.52999877929688,107.58999633789062,1313800
2024-03-11,107.62999725341797,107.62999725341797,107.37000274658203,107.4000015258789,1928900
2024-03-12,107.36000061035156,107.38999938964844,107.16999816894531,107.19000244140625,2379800
2024-03-13,107.16999816894531,107.22000122070312,106.97000122070312,107.04000091552734,1696100
2024-03-14,106.79000091552734,106.79000091552734,106.33999633789062,106.38999938964844,1954300
2024-03-15,106.44000244140625,106.51000213623047,106.31999969482422,106.31999969482422,1288400
2024-03-18,106.31999969482422,106.36000061035156,106.1500015258789,106.22000122070312,1908100
2024-03-19,106.37000274658203,106.58000183105469,106.33000183105469,106.37000274658203,1518000
2024-03-20,106.43000030517578,106.81999969482422,106.37000274658203,106.79000091552734,1758700
2024-03-21,107.18000030517578,107.23999786376953,106.9000015258789,106.9800033569336,2337500
2024-03-22,107.4800033569336,107.4800033569336,107.29000091552734,107.3499984741211,2385700
2024-03-25,107.31999969482422,107.33000183105469,106.98999786376953,107.01000213623047,1902700
2024-03-26,107.02999877929688,107.1500015258789,106.91999816894531,107.04000091552734,932200
2024-03-27,107.16000366210938,107.44999694824219,107.1500015258789,107.37000274658203,1758100
2024-03-28,107.19000244140625,107.55000305175781,107.19000244140625,107.41000366210938,2137800
2024-04-01,107.0199966430664,107.02999877929688,106.62000274658203,106.6500015258789,1639800
2024-04-02,106.43000030517578,106.70999908447266,106.2699966430664,106.68000030517578,1899400
2024-04-03,106.37999725341797,106.69999694824219,106.30000305175781,106.68000030517578,1396200
2024-04-04,106.86000061035156,107.08999633789062,106.6500015258789,107.08000183105469,1971100
2024-04-05,106.76000213623047,106.95999908447266,106.62000274658203,106.62999725341797,1608800
2024-04-08,106.5,106.6500015258789,106.41999816894531,106.58999633789062,1830200
2024-04-09,106.80000305175781,106.91999816894531,106.75,106.87000274658203,1309500
2024-04-10,106.36000061035156,106.43000030517578,105.83000183105469,105.83999633789062,2194300
2024-04-11,106.04000091552734,106.06999969482422,105.6500015258789,105.75,5224100
2024-04-12,106.22000122070312,106.4000015258789,106.12000274658203,106.12000274658203,5867200
2024-04-15,105.7300033569336,105.77999877929688,105.45999908447266,105.77999877929688,1793900
2024-04-16,105.45999908447266,105.62000274658203,105.30999755859375,105.3499984741211,4094600
2024-04-17,105.47000122070312,105.83999633789062,105.44999694824219,105.76000213623047,2567400
2024-04-18,105.7300033569336,105.73999786376953,105.44999694824219,105.62000274658203,1491900
2024-04-19,105.83000183105469,105.91999816894531,105.73999786376953,105.77999877929688,1484700
2024-04-22,105.58999633789062,105.83000183105469,105.58999633789062,105.79000091552734,1561200
2024-04-23,105.66999816894531,106.05999755859375,105.5999984741211,105.88999938964844,2243100
2024-04-24,105.7300033569336,105.7699966430664,105.51000213623047,105.66999816894531,1970900
2024-04-25,105.27999877929688,105.55999755859375,105.25,105.51000213623047,2417600
2024-04-26,105.70999908447266,105.91000366210938,105.70999908447266,105.77999877929688,1382600
2024-04-29,105.94000244140625,106.12000274658203,105.88999938964844,106.04000091552734,1333900
2024-04-30,105.72000122070312,105.83999633789062,105.48999786376953,105.52999877929688,3238400
2024-05-01,105.0199966430664,105.36000061035156,104.66999816894531,105.01000213623047,3188300
2024-05-02,105.04000091552734,105.47000122070312,105.0199966430664,105.38999938964844,2093000
2024-05-03,106.02999877929688,106.12000274658203,105.66999816894531,105.93000030517578,2388300
2024-05-06,105.94000244140625,106.04000091552734,105.86000061035156,105.9800033569336,1027400
2024-05-07,106.29000091552734,106.29000091552734,105.91999816894531,105.95999908447266,2088700
2024-05-08,105.8499984741211,105.94000244140625,105.79000091552734,105.83999633789062,1508100
2024-05-09,105.83999633789062,106.25,105.83999633789062,106.22000122070312,2047100
2024-05-10,106.16000366210938,106.22000122070312,105.9800033569336,106.05000305175781,1922100
2024-05-13,106.19000244140625,106.23999786376953,106.04000091552734,106.08999633789062,1492900
2024-05-14,106.13999938964844,106.31999969482422,106.0999984741211,106.29000091552734,1609500
2024-05-15,106.62000274658203,106.91999816894531,106.54000091552734,106.83000183105469,2707600
2024-05-16,106.9000015258789,106.91000366210938,106.68000030517578,106.68000030517578,1492400
2024-05-17,106.5999984741211,106.7300033569336,106.56999969482422,106.58000183105469,2103100
2024-05-20,106.4800033569336,106.61000061035156,106.45999908447266,106.54000091552734,2841700
2024-05-21,106.77999877929688,106.83999633789062,106.70999908447266,106.73999786376953,1827900
2024-05-22,106.58000183105469,106.79000091552734,106.58000183105469,106.72000122070312,2187700
2024-05-23,106.77999877929688,106.77999877929688,106.23999786376953,106.30999755859375,1413600
2024-05-24,106.27999877929688,106.5,106.27999877929688,106.44000244140625,592900
2024-05-28,106.58999633789062,106.61000061035156,106.0999984741211,106.12000274658203,1829800
2024-05-29,105.91999816894531,105.94000244140625,105.66000366210938,105.87000274658203,1883700
2024-05-30,106.16000366210938,106.31999969482422,106.1500015258789,106.27999877929688,1055200
2024-05-31,106.61000061035156,106.72000122070312,106.44999694824219,106.69999694824219,1867600
2024-06-03,106.02999877929688,106.43000030517578,106.01000213623047,106.41999816894531,1880200
2024-06-04,106.5999984741211,106.80000305175781,106.5199966430664,106.75,1787900
2024-06-05,106.8499984741211,107.0199966430664,106.58000183105469,107.0199966430664,2253400
2024-06-06,106.86000061035156,106.98999786376953,106.77999877929688,106.93000030517578,1778500
2024-06-07,106.30000305175781,106.30000305175781,106.05000305175781,106.05000305175781,2165200
2024-06-10,105.9800033569336,106.0199966430664,105.86000061035156,105.9000015258789,2040200
2024-06-11,105.98999786376953,106.25,105.9000015258789,106.19000244140625,2400400
2024-06-12,106.77999877929688,106.91000366210938,106.30000305175781,106.3499984741211,1989800
2024-06-13,106.62999725341797,107.0,106.58000183105469,106.7699966430664,1906100
2024-06-14,106.87000274658203,107.0,106.7699966430664,106.9000015258789,1395600
2024-06-17,106.6500015258789,106.76000213623047,106.56999969482422,106.75,1020400
2024-06-18,106.98999786376953,107.23999786376953,106.94000244140625,107.18000030517578,1401800
2024-06-20,106.80999755859375,107.20999908447266,106.80000305175781,107.19999694824219,3173500
2024-06-21,107.29000091552734,107.37000274658203,107.0199966430664,107.04000091552734,1022800
2024-06-24,107.06999969482422,107.12000274658203,106.95999908447266,107.0999984741211,950100
2024-06-25,107.02999877929688,107.2300033569336,107.0199966430664,107.2300033569336,2228700
2024-06-26,106.86000061035156,106.97000122070312,106.77999877929688,106.91000366210938,1982200
2024-06-27,107.13999938964844,107.23999786376953,107.08000183105469,107.11000061035156,779900
2024-06-28,107.3499984741211,107.37999725341797,106.76000213623047,106.77999877929688,1960900
2024-07-01,105.98999786376953,106.30999755859375,105.8499984741211,105.91999816894531,4132700
2024-07-02,106.25,106.30000305175781,105.98999786376953,106.12000274658203,2341900
2024-07-03,106.2699966430664,106.63999938964844,106.2699966430664,106.54000091552734,854300
2024-07-05,106.87999725341797,107.13999938964844,106.73999786376953,107.0199966430664,1192500
2024-07-08,106.94000244140625,107.08999633789062,106.83000183105469,106.9800033569336,1156500
2024-07-09,106.9000015258789,106.95999908447266,106.69000244140625,106.81999969482422,4961700
2024-07-10,106.9000015258789,107.04000091552734,106.86000061035156,107.0199966430664,1476000
2024-07-11,107.43000030517578,107.5199966430664,107.26000213623047,107.33999633789062,1321100
2024-07-12,107.41000366210938,107.5199966430664,107.27999877929688,107.51000213623047,1678800
2024-07-15,107.41999816894531,107.56999969482422,107.33000183105469,107.44000244140625,930200
2024-07-16,107.58999633789062,107.86000061035156,107.52999877929688,107.7699966430664,818200
2024-07-17,107.75,107.9000015258789,107.6500015258789,107.80999755859375,956000
2024-07-18,107.68000030517578,107.83000183105469,107.55999755859375,107.56999969482422,1272900
2024-07-19,107.45999908447266,107.4800033569336,107.29000091552734,107.30999755859375,1948200
2024-07-22,107.29000091552734,107.3499984741211,107.01000213623047,107.18000030517578,2347900
2024-07-23,107.19999694824219,107.3499984741211,107.11000061035156,107.12000274658203,2039600
2024-07-24,107.2300033569336,107.33999633789062,106.80000305175781,106.80000305175781,1252900
2024-07-25,106.94000244140625,107.23999786376953,106.93000030517578,107.05999755859375,1073200
2024-07-26,107.36000061035156,107.44000244140625,107.2300033569336,107.4000015258789,1458800
2024-07-29,107.58999633789062,107.5999984741211,107.41999816894531,107.51000213623047,973300
2024-07-30,107.61000061035156,107.70999908447266,107.44999694824219,107.58999633789062,693500
2024-07-31,107.88999938964844,108.19999694824219,107.63999938964844,108.18000030517578,1585700
2024-08-01,108.19000244140625,108.45999908447266,108.12000274658203,108.1500015258789,3247900
2024-08-02,108.58999633789062,108.80999755859375,108.37999725341797,108.66999816894531,1393900
2024-08-05,108.72000122070312,109.12999725341797,108.43000030517578,108.9800033569336,3172500
2024-08-06,108.72000122070312,108.75,108.33000183105469,108.3499984741211,2115100
2024-08-07,108.19000244140625,108.37000274658203,107.94999694824219,108.0199966430664,1239900
2024-08-08,107.79000091552734,107.94999694824219,107.6500015258789,107.91999816894531,1189900
2024-08-09,108.30999755859375,108.30999755859375,108.11000061035156,108.19999694824219,804900
2024-08-12,108.11000061035156,108.52999877929688,108.05999755859375,108.48999786376953,611300
2024-08-13,108.7300033569336,108.75,108.58000183105469,108.72000122070312,717700
2024-08-14,108.79000091552734,108.94999694824219,108.5999984741211,108.66000366210938,516100
2024-08-15,108.20999908447266,108.43000030517578,108.13999938964844,108.43000030517578,443800
2024-08-16,108.61000061035156,108.62999725341797,108.33999633789062,108.38999938964844,840100
2024-08-19,108.37000274658203,108.63999938964844,108.37000274658203,108.45999908447266,1159300
2024-08-20,108.69999694824219,108.94999694824219,108.6500015258789,108.88999938964844,1449500
2024-08-21,108.98999786376953,109.19999694824219,108.79000091552734,109.12999725341797,2223600
2024-08-22,108.81999969482422,108.81999969482422,108.47000122070312,108.79000091552734,1018100
2024-08-23,108.93000030517578,109.48999786376953,108.86000061035156,109.37000274658203,790400
2024-08-26,109.55999755859375,109.61000061035156,109.37999725341797,109.37999725341797,1096600
2024-08-27,109.16000366210938,109.45999908447266,109.12999725341797,109.37999725341797,1599400
2024-08-28,109.44000244140625,109.51000213623047,109.30999755859375,109.37000274658203,687600
2024-08-29,109.2300033569336,109.29000091552734,109.12999725341797,109.22000122070312,746100
2024-08-30,109.16999816894531,109.25,108.80000305175781,108.87000274658203,1160900
2024-09-03,109.12000274658203,109.37000274658203,109.0,109.05999755859375,2892600
2024-09-04,109.05000305175781,109.4000015258789,109.0,109.3499984741211,2176700
2024-09-05,109.55000305175781,109.55000305175781,109.26000213623047,109.41999816894531,6292500
2024-09-06,109.6500015258789,109.98999786376953,109.43000030517578,109.48999786376953,2264200
2024-09-09,109.55999755859375,109.80999755859375,109.45999908447266,109.73999786376953,1377500
2024-09-10,109.69000244140625,110.0199966430664,109.6500015258789,109.9800033569336,2782200
2024-09-11,110.0199966430664,110.33000183105469,109.97000122070312,110.05000305175781,1550000
2024-09-12,109.9800033569336,110.13999938964844,109.86000061035156,110.06999969482422,1787300
2024-09-13,110.5199966430664,110.52999877929688,110.30999755859375,110.44000244140625,1689400
2024-09-16,110.66000366210938,110.87000274658203,110.56999969482422,110.81999969482422,944400
2024-09-17,110.8499984741211,110.91000366210938,110.72000122070312,110.77999877929688,2195700
2024-09-18,110.58999633789062,111.05999755859375,110.33000183105469,110.37000274658203,1191400
2024-09-19,110.33000183105469,110.7300033569336,110.27999877929688,110.69999694824219,1789600
2024-09-20,110.51000213623047,110.68000030517578,110.31999969482422,110.55000305175781,1088700
2024-09-23,110.36000061035156,110.68000030517578,110.19000244140625,110.55999755859375,1208900
2024-09-24,110.47000122070312,110.88999938964844,110.37999725341797,110.83000183105469,1880400
2024-09-25,110.62000274658203,110.62999725341797,110.38999938964844,110.41000366210938,1181600
2024-09-26,110.38999938964844,110.43000030517578,110.11000061035156,110.2699966430664,2141700
2024-09-27,110.4800033569336,110.6500015258789,110.4000015258789,110.54000091552734,892400
2024-09-30,110.55000305175781,110.58999633789062,110.2699966430664,110.47000122070312,1592400
2024-10-01,110.66000366210938,111.02999877929688,110.62000274658203,110.70999908447266,3069000
2024-10-02,110.38999938964844,110.68000030517578,110.30999755859375,110.61000061035156,2561600
2024-10-03,110.37999725341797,110.62999725341797,110.12000274658203,110.13999938964844,1590600
2024-10-04,109.58999633789062,109.72000122070312,109.37000274658203,109.38999938964844,1919500
2024-10-07,109.20999908447266,109.36000061035156,109.16000366210938,109.2699966430664,1643900
2024-10-08,109.08000183105469,109.47000122070312,109.04000091552734,109.44999694824219,1951200
2024-10-09,109.13999938964844,109.27999877929688,109.01000213623047,109.25,2538600
2024-10-10,109.2699966430664,109.48999786376953,109.19000244140625,109.47000122070312,1854500
2024-10-11,109.41999816894531,109.68000030517578,109.3499984741211,109.4800033569336,1716200
2024-10-14,109.0999984741211,109.4000015258789,109.08999633789062,109.37000274658203,1095800
2024-10-15,109.44999694824219,109.63999938964844,109.41000366210938,109.48999786376953,911200
2024-10-16,109.62999725341797,109.6500015258789,109.4800033569336,109.51000213623047,681000
2024-10-17,109.23999786376953,109.33000183105469,109.11000061035156,109.18000030517578,1163900
2024-10-18,109.33000183105469,109.4800033569336,109.33000183105469,109.36000061035156,964800
2024-10-21,109.05999755859375,109.08999633789062,108.54000091552734,108.56999969482422,1783100
2024-10-22,108.80000305175781,108.87000274658203,108.62000274658203,108.72000122070312,1464100
2024-10-23,108.4800033569336,108.52999877929688,108.30999755859375,108.44999694824219,1311000
2024-10-24,108.51000213623047,108.76000213623047,108.44000244140625,108.55999755859375,1505000
2024-10-25,108.69000244140625,108.69000244140625,108.22000122070312,108.2699966430664,1677500
2024-10-28,108.20999908447266,108.22000122070312,107.87999725341797,108.05999755859375,1848300
2024-10-29,107.83999633789062,108.23999786376953,107.70999908447266,108.22000122070312,8300200
2024-10-30,108.33000183105469,108.76000213623047,108.30999755859375,108.43000030517578,1174900
2024-10-31,108.33000183105469,108.48999786376953,108.08000183105469,108.30999755859375,3683800
2024-11-01,108.36000061035156,108.48999786376953,107.66999816894531,107.76000213623047,2613400
2024-11-04,108.2300033569336,108.29000091552734,107.80000305175781,107.94000244140625,1901900
2024-11-05,107.8499984741211,108.1500015258789,107.62999725341797,108.04000091552734,3188100
2024-11-06,107.41999816894531,108.11000061035156,107.37999725341797,107.87000274658203,1828500
2024-11-07,107.98999786376953,108.37000274658203,107.97000122070312,108.2699966430664,4425600
2024-11-08,108.54000091552734,108.69000244140625,108.37000274658203,108.56999969482422,2767200
2024-11-11,108.27999877929688,108.33000183105469,108.12000274658203,108.20999908447266,1465400
2024-11-12,108.0199966430664,108.19000244140625,107.56999969482422,107.63999938964844,3034500
2024-11-13,108.0,108.08999633789062,107.3499984741211,107.44000244140625,2857900
2024-11-14,107.7300033569336,107.86000061035156,107.37000274658203,107.41999816894531,2095500
2024-11-15,107.20999908447266,107.63999938964844,107.05999755859375,107.44999694824219,3513200
2024-11-18,107.43000030517578,107.7699966430664,107.37000274658203,107.70999908447266,1572000
2024-11-19,107.93000030517578,108.05999755859375,107.83999633789062,107.87999725341797,1349300
2024-11-20,107.77999877929688,108.0999984741211,107.73999786376953,107.83000183105469,2465200
2024-11-21,107.83000183105469,107.9800033569336,107.58999633789062,107.69000244140625,2007300
2024-11-22,107.69999694824219,107.9000015258789,107.62000274658203,107.7699966430664,1541900
2024-11-25,108.27999877929688,108.4000015258789,108.05000305175781,108.36000061035156,2028500
2024-11-26,108.31999969482422,108.37999725341797,108.05000305175781,108.11000061035156,2612500
2024-11-27,108.48999786376953,108.52999877929688,108.27999877929688,108.44999694824219,2106700
2024-11-29,108.69999694824219,108.7699966430664,108.54000091552734,108.76000213623047,2221400
2024-12-02,108.25,108.76000213623047,108.25,108.51000213623047,10473300
2024-12-03,108.66999816894531,108.7300033569336,108.4800033569336,108.55999755859375,2072500
2024-12-04,108.45999908447266,108.94999694824219,108.44999694824219,108.87000274658203,2743300
2024-12-05,108.62999725341797,108.81999969482422,108.5999984741211,108.73999786376953,1712900
2024-12-06,109.05000305175781,109.11000061035156,108.75,108.83000183105469,1557400
2024-12-09,108.70999908447266,108.7300033569336,108.56999969482422,108.62999725341797,1239200
2024-12-10,108.44999694824219,108.66000366210938,108.38999938964844,108.58999633789062,1925100
2024-12-11,108.58999633789062,108.69999694824219,108.37000274658203,108.43000030517578,1200500
2024-12-12,108.27999877929688,108.37000274658203,108.04000091552734,108.08000183105469,1836700
2024-12-13,108.0999984741211,108.11000061035156,107.7300033569336,107.77999877929688,1480300
2024-12-16,107.8499984741211,107.88999938964844,107.63999938964844,107.66000366210938,2852400
2024-12-17,107.58000183105469,107.73999786376953,107.55000305175781,107.5999984741211,1375700
2024-12-18,107.4800033569336,107.66999816894531,106.73999786376953,106.76000213623047,2634500
2024-12-19,106.6500015258789,106.69999694824219,106.04000091552734,106.33000183105469,5926400
2024-12-20,106.68000030517578,106.83999633789062,106.5199966430664,106.54000091552734,3304900
2024-12-23,106.5,106.54000091552734,106.31999969482422,106.4000015258789,2272500
2024-12-24,106.2699966430664,106.63999938964844,106.26000213623047,106.63999938964844,704400
2024-12-26,106.38999938964844,106.70999908447266,106.37999725341797,106.63999938964844,1175800
2024-12-27,106.55000305175781,106.6500015258789,106.33999633789062,106.37000274658203,1359200
2024-12-30,106.73999786376953,106.81999969482422,106.56999969482422,106.68000030517578,6392500
2024-12-31,106.8499984741211,106.91999816894531,106.54000091552734,106.55000305175781,2971800
2025-01-02,106.77999877929688,106.97000122070312,106.62999725341797,106.70999908447266,3753600
2025-01-03,106.73999786376953,106.80000305175781,106.4800033569336,106.48999786376953,2283800
2025-01-06,106.4000015258789,106.55999755859375,106.33999633789062,106.48999786376953,4278000
2025-01-07,106.44000244140625,106.5199966430664,106.19000244140625,106.31999969482422,6720600
2025-01-08,106.37999725341797,106.72000122070312,106.33999633789062,106.5999984741211,2661800
2025-01-10,106.30000305175781,106.43000030517578,106.08999633789062,106.22000122070312,4238600
2025-01-13,106.33999633789062,106.3499984741211,106.08999633789062,106.22000122070312,1671800
2025-01-14,106.29000091552734,106.30000305175781,106.12000274658203,106.26000213623047,1100800
2025-01-15,106.9000015258789,107.05000305175781,106.80000305175781,107.0,2803400
2025-01-16,107.02999877929688,107.33000183105469,106.88999938964844,107.13999938964844,2669400
2025-01-17,107.2300033569336,107.33999633789062,107.0999984741211,107.18000030517578,1068100
2025-01-21,107.2699966430664,107.37999725341797,107.13999938964844,107.26000213623047,2552600
2025-01-22,107.30000305175781,107.31999969482422,107.06999969482422,107.13999938964844,1549800
2025-01-23,106.83999633789062,107.23999786376953,106.81999969482422,107.23999786376953,2548900
2025-01-24,107.13999938964844,107.44999694824219,107.11000061035156,107.43000030517578,1654800
2025-01-27,107.88999938964844,107.94999694824219,107.69999694824219,107.87999725341797,3059000
2025-01-28,107.80000305175781,107.97000122070312,107.69000244140625,107.94999694824219,1363400
2025-01-29,108.0,108.05000305175781,107.5199966430664,107.81999969482422,941400
2025-01-30,107.9800033569336,108.11000061035156,107.80999755859375,107.93000030517578,1530500
2025-01-31,107.93000030517578,108.05000305175781,107.70999908447266,108.01000213623047,2848200
2025-02-03,108.6500015258789,108.87000274658203,108.12999725341797,108.26000213623047,5060500
2025-02-04,107.9000015258789,108.45999908447266,107.86000061035156,108.44000244140625,3018800
2025-02-05,108.7300033569336,108.9800033569336,108.68000030517578,108.91999816894531,2186500
2025-02-06,108.86000061035156,108.9000015258789,108.63999938964844,108.7300033569336,1366000
2025-02-07,108.41999816894531,108.56999969482422,108.23999786376953,108.44000244140625,3189500
2025-02-10,108.61000061035156,108.69000244140625,108.41000366210938,108.48999786376953,1028500
2025-02-11,108.36000061035156,108.45999908447266,108.30000305175781,108.45999908447266,1493200
2025-02-12,108.08000183105469,108.08999633789062,107.79000091552734,107.80999755859375,1680900
2025-02-13,108.19999694824219,108.45999908447266,108.02999877929688,108.41000366210938,1669600
2025-02-14,108.69000244140625,108.79000091552734,108.56999969482422,108.61000061035156,2046800
2025-02-18,108.41000366210938,108.54000091552734,108.25,108.26000213623047,1330100
2025-02-19,108.31999969482422,108.5199966430664,108.29000091552734,108.4800033569336,1030600
2025-02-20,108.58999633789062,108.81999969482422,108.55999755859375,108.69999694824219,2129300
2025-02-21,108.80999755859375,109.12000274658203,108.77999877929688,108.91999816894531,1114500
2025-02-24,108.87000274658203,109.18000030517578,108.87000274658203,109.16000366210938,1137700
2025-02-25,109.5999984741211,109.72000122070312,109.52999877929688,109.62000274658203,1629900
2025-02-26,109.6500015258789,109.83999633789062,109.52999877929688,109.70999908447266,1728200
2025-02-27,109.55000305175781,109.76000213623047,109.5,109.58000183105469,1194400
2025-02-28,109.98999786376953,110.41000366210938,109.88999938964844,110.33999633789062,2418600
2025-03-03,110.36000061035156,110.69000244140625,110.0199966430664,110.63999938964844,2632500
2025-03-04,110.88999938964844,110.9000015258789,110.16999816894531,110.25,3752200
2025-03-05,110.26000213623047,110.33000183105469,109.66000366210938,109.69000244140625,2822000
2025-03-06,109.5199966430664,109.70999908447266,109.19999694824219,109.63999938964844,1945000
2025-03-07,109.91999816894531,109.98999786376953,109.37000274658203,109.45999908447266,2422200
2025-03-10,109.97000122070312,110.12999725341797,109.86000061035156,109.94999694824219,1903400
2025-03-11,109.94000244140625,110.1500015258789,109.58000183105469,109.6500015258789,2341300
2025-03-12,109.55999755859375,109.79000091552734,109.5,109.5199966430664,3293300
2025-03-13,109.43000030517578,109.76000213623047,109.33999633789062,109.68000030517578,2152200
2025-03-14,109.48999786376953,109.58000183105469,109.37999725341797,109.41999816894531,1042900
2025-03-17,109.55000305175781,109.69999694824219,109.38999938964844,109.44999694824219,1838400
2025-03-18,109.4000015258789,109.68000030517578,109.38999938964844,109.56999969482422,1172200
2025-03-19,109.5,110.12999725341797,109.4000015258789,110.12999725341797,1391800
2025-03-20,110.45999908447266,110.4800033569336,110.08000183105469,110.2300033569336,2287100
2025-03-21,110.43000030517578,110.47000122070312,110.0999984741211,110.0999984741211,1228400
2025-03-24,110.0,110.02999877929688,109.76000213623047,109.81999969482422,1977500
2025-03-25,109.86000061035156,110.05000305175781,109.80999755859375,110.0,1165300
2025-03-26,109.91999816894531,110.04000091552734,109.80999755859375,109.86000061035156,1548100
2025-03-27,109.94999694824219,110.13999938964844,109.87000274658203,110.08999633789062,2945700
2025-03-28,110.41999816894531,110.7699966430664,110.41000366210938,110.6500015258789,1558500
2025-03-31,111.06999969482422,111.2300033569336,110.94000244140625,111.08999633789062,2755600
2025-04-01,110.48999786376953,110.80999755859375,110.37999725341797,110.44999694824219,3953100
2025-04-02,110.79000091552734,110.79000091552734,110.08999633789062,110.27999877929688,1679800
2025-04-03,111.22000122070312,111.44999694824219,110.9000015258789,110.97000122070312,3547500
2025-04-04,111.43000030517578,111.51000213623047,110.55999755859375,110.5999984741211,4726000
2025-04-07,110.30000305175781,110.48999786376953,109.2300033569336,109.2699966430664,5648000
2025-04-08,109.5,109.83000183105469,108.94999694824219,109.0,3549100
2025-04-09,108.3499984741211,109.26000213623047,107.79000091552734,109.2300033569336,4559100
2025-04-10,108.9000015258789,109.08000183105469,107.87000274658203,107.93000030517578,4609000
2025-04-11,107.0999984741211,107.97000122070312,106.47000122070312,107.97000122070312,2989200
2025-04-14,108.62999725341797,108.73999786376953,108.25,108.48999786376953,3639200
2025-04-15,108.4800033569336,108.76000213623047,108.38999938964844,108.4800033569336,2982000
2025-04-16,108.55999755859375,108.87999725341797,108.43000030517578,108.77999877929688,2294400
2025-04-17,108.81999969482422,109.08999633789062,108.76000213623047,109.02999877929688,1942000
2025-04-21,108.80999755859375,109.16999816894531,108.43000030517578,108.47000122070312,2079200
2025-04-22,108.8499984741211,108.98999786376953,108.73999786376953,108.87000274658203,2639700
2025-04-23,109.81999969482422,109.87999725341797,109.01000213623047,109.19000244140625,1740500
2025-04-24,109.55000305175781,109.7699966430664,109.4800033569336,109.7699966430664,1658300
2025-04-25,109.94000244140625,109.97000122070312,109.76000213623047,109.81999969482422,1930700
2025-04-28,109.87999725341797,110.2300033569336,109.86000061035156,110.19999694824219,1204800
2025-04-29,110.1500015258789,110.41000366210938,110.13999938964844,110.38999938964844,1106100
2025-04-30,110.36000061035156,110.62999725341797,110.23999786376953,110.5199966430664,2729600
2025-05-01,110.0199966430664,110.2300033569336,109.45999908447266,109.61000061035156,2383600
2025-05-02,109.37000274658203,109.4000015258789,108.98999786376953,109.04000091552734,1794200
2025-05-05,108.94000244140625,109.0,108.66999816894531,108.93000030517578,1751500
2025-05-06,108.97000122070312,109.27999877929688,108.88999938964844,109.26000213623047,1772200
2025-05-07,109.41000366210938,109.62999725341797,109.26000213623047,109.37000274658203,2185800
2025-05-08,109.44000244140625,109.44999694824219,108.91000366210938,108.9800033569336,1132500
2025-05-09,109.18000030517578,109.33000183105469,109.01000213623047,109.08000183105469,867200
2025-05-12,108.48999786376953,108.66999816894531,108.20999908447266,108.2300033569336,1481000
2025-05-13,108.22000122070312,108.48999786376953,108.08000183105469,108.48999786376953,2724200
2025-05-14,108.48999786376953,108.5,108.27999877929688,108.37999725341797,1815200
2025-05-15,108.51000213623047,108.77999877929688,108.38999938964844,108.69000244140625,1668000
2025-05-16,108.9800033569336,109.0,108.75,108.87999725341797,1120900
2025-05-19,108.44999694824219,108.94999694824219,108.4000015258789,108.88999938964844,2179300
2025-05-20,108.62000274658203,108.79000091552734,108.4800033569336,108.7300033569336,1851600
2025-05-21,108.47000122070312,108.56999969482422,108.06999969482422,108.13999938964844,1870000
2025-05-22,108.05000305175781,108.4800033569336,107.9800033569336,108.45999908447266,2654500
2025-05-23,108.62000274658203,108.66000366210938,108.44000244140625,108.55999755859375,1596900
2025-05-27,108.75,108.95999908447266,108.66999816894531,108.87000274658203,2875500
2025-05-28,108.70999908447266,108.79000091552734,108.52999877929688,108.62000274658203,2367900
2025-05-29,108.69999694824219,108.97000122070312,108.6500015258789,108.93000030517578,1714500
2025-05-30,108.95999908447266,109.36000061035156,108.9000015258789,109.29000091552734,3950200
2025-06-02,108.63999938964844,108.80000305175781,108.4800033569336,108.6500015258789,2797100
2025-06-03,108.77999877929688,108.83999633789062,108.44000244140625,108.55000305175781,3669800
2025-06-04,108.77999877929688,109.06999969482422,108.72000122070312,108.97000122070312,2432200
2025-06-05,109.0199966430664,109.08999633789062,108.62999725341797,108.6500015258789,2596700
2025-06-06,108.41999816894531,108.58000183105469,108.06999969482422,108.06999969482422,2031700
2025-06-09,108.13999938964844,108.3499984741211,108.08000183105469,108.22000122070312,2846000
2025-06-10,108.44000244140625,108.44999694824219,108.19000244140625,108.2699966430664,1757100
2025-06-11,108.25,108.54000091552734,108.18000030517578,108.44999694824219,1820500
2025-06-12,108.75,108.83999633789062,108.6500015258789,108.76000213623047,2207700
2025-06-13,109.04000091552734,109.04000091552734,108.37999725341797,108.5999984741211,1633700
2025-06-16,108.5,108.76000213623047,108.44000244140625,108.44999694824219,1684500
2025-06-17,108.68000030517578,109.05999755859375,108.56999969482422,109.0199966430664,3579200
2025-06-18,109.16000366210938,109.22000122070312,108.9800033569336,109.0999984741211,2168800
2025-06-20,108.98999786376953,109.37999725341797,108.93000030517578,109.29000091552734,1740800
2025-06-23,109.5,109.77999877929688,109.37999725341797,109.37999725341797,2846600
2025-06-24,109.22000122070312,109.5999984741211,109.12999725341797,109.5199966430664,2604700
2025-06-25,109.45999908447266,109.62999725341797,109.16000366210938,109.58000183105469,2096200
2025-06-26,109.69999694824219,109.91999816894531,109.62000274658203,109.9000015258789,2620800
2025-06-27,109.72000122070312,110.04000091552734,109.66999816894531,109.76000213623047,1547100
2025-06-30,110.0,110.16000366210938,109.88999938964844,110.04000091552734,4252900
2025-07-01,109.5999984741211,109.77999877929688,109.4800033569336,109.5999984741211,5945000
2025-07-02,109.44999694824219,109.55999755859375,109.4000015258789,109.55000305175781,3416700
2025-07-03,109.38999938964844,109.47000122070312,109.23999786376953,109.36000061035156,1776100
2025-07-07,109.20999908447266,109.26000213623047,109.0999984741211,109.22000122070312,1758700
2025-07-08,109.05000305175781,109.16000366210938,109.02999877929688,109.12999725341797,1577300
2025-07-09,109.18000030517578,109.54000091552734,109.16000366210938,109.54000091552734,3659600
2025-07-10,109.47000122070312,109.55000305175781,109.33999633789062,109.51000213623047,2378200
2025-07-11,109.33999633789062,109.37000274658203,109.23999786376953,109.33000183105469,2269800
2025-07-14,109.30000305175781,109.45999908447266,109.2300033569336,109.4000015258789,1530500
2025-07-15,109.72000122070312,109.72000122070312,109.02999877929688,109.11000061035156,2408100
2025-07-16,109.16000366210938,109.48999786376953,109.12000274658203,109.4800033569336,4479200
2025-07-17,109.56999969482422,109.68000030517578,109.52999877929688,109.58000183105469,1618100
2025-07-18,109.87000274658203,109.87999725341797,109.6500015258789,109.69999694824219,1720400
2025-07-21,109.9800033569336,110.1500015258789,109.9000015258789,109.9800033569336,3055900
2025-07-22,110.0,110.19000244140625,109.9800033569336,110.08000183105469,3951300
2025-07-23,109.83999633789062,109.87999725341797,109.61000061035156,109.6500015258789,2282900
2025-07-24,109.5199966430664,109.81999969482422,109.30000305175781,109.7300033569336,2321000
2025-07-25,109.7300033569336,109.88999938964844,109.6500015258789,109.83000183105469,1093400
2025-07-28,109.70999908447266,109.83999633789062,109.66999816894531,109.69000244140625,1656400
2025-07-29,109.81999969482422,110.27999877929688,109.80999755859375,110.27999877929688,2326800
2025-07-30,110.05000305175781,110.23999786376953,109.80999755859375,109.8499984741211,3846800
2025-07-31,109.98999786376953,110.08000183105469,109.66000366210938,109.66999816894531,3608800
2025-08-01,110.0199966430664,110.19999694824219,109.80000305175781,110.16999816894531,3766800
2025-08-04,110.25,110.58000183105469,110.19999694824219,110.48999786376953,3014900
2025-08-05,110.4000015258789,110.52999877929688,110.37000274658203,110.38999938964844,1800300
2025-08-06,110.30000305175781,110.44999694824219,110.08000183105469,110.30000305175781,1856200
2025-08-07,110.33999633789062,110.41999816894531,110.2300033569336,110.41999816894531,1606300
2025-08-08,110.26000213623047,110.41999816894531,110.12999725341797,110.3499984741211,1831600
2025-08-11,110.43000030517578,110.52999877929688,110.3499984741211,110.3499984741211,1624700
2025-08-12,110.02999877929688,110.2300033569336,109.94999694824219,110.16000366210938,2526100
2025-08-13,110.5,110.6500015258789,110.48999786376953,110.58000183105469,1598200
2025-08-14,110.44999694824219,110.48999786376953,110.23999786376953,110.25,2203400
2025-08-15,110.23999786376953,110.27999877929688,109.94999694824219,110.04000091552734,1745900
2025-08-18,110.05999755859375,110.05999755859375,109.79000091552734,109.91999816894531,1721300
2025-08-19,110.02999877929688,110.11000061035156,110.01000213623047,110.02999877929688,2263600
2025-08-20,110.05000305175781,110.26000213623047,110.05000305175781,110.1500015258789,2369300
2025-08-21,110.0999984741211,110.22000122070312,109.93000030517578,110.16999816894531,3563000
2025-08-22,110.30000305175781,110.94999694824219,110.2699966430664,110.91999816894531,3388300
2025-08-25,110.73999786376953,110.81999969482422,110.66999816894531,110.70999908447266,4332700
2025-08-26,110.76000213623047,111.02999877929688,110.69999694824219,110.97000122070312,5345700
2025-08-27,110.95999908447266,111.2699966430664,110.88999938964844,111.22000122070312,2106700
2025-08-28,111.23999786376953,111.3499984741211,111.19999694824219,111.29000091552734,3876100
2025-08-29,111.31999969482422,111.33999633789062,111.16000366210938,111.16999816894531,2847300
2025-09-02,110.4800033569336,110.5999984741211,110.44000244140625,110.55000305175781,5710700
2025-09-03,110.55000305175781,110.91999816894531,110.54000091552734,110.80000305175781,4699700
2025-09-04,110.91000366210938,110.98999786376953,110.77999877929688,110.97000122070312,3919500
2025-09-05,111.37000274658203,111.45999908447266,111.33000183105469,111.45999908447266,4068800
2025-09-08,111.63999938964844,111.72000122070312,111.55000305175781,111.69000244140625,3818200
2025-09-09,111.66999816894531,111.76000213623047,111.44999694824219,111.47000122070312,4938800
2025-09-10,111.56999969482422,111.79000091552734,111.4800033569336,111.63999938964844,4601200
2025-09-11,111.7699966430664,111.95999908447266,111.76000213623047,111.81999969482422,4158700
2025-09-12,111.69999694824219,111.72000122070312,111.56999969482422,111.66999816894531,2049100
2025-09-15,111.73999786376953,111.88999938964844,111.73999786376953,111.77999877929688,3587000
2025-09-16,111.86000061035156,111.95999908447266,111.80000305175781,111.87999725341797,5346500
2025-09-17,111.94000244140625,112.26000213623047,111.66000366210938,111.80999755859375,5676100
2025-09-18,111.56999969482422,111.70999908447266,111.33000183105469,111.5,4223100
2025-09-19,111.4800033569336,111.54000091552734,111.30999755859375,111.44000244140625,1336600
2025-09-22,111.33000183105469,111.36000061035156,111.1500015258789,111.16999816894531,2076400
2025-09-23,111.30000305175781,111.47000122070312,111.19999694824219,111.47000122070312,2856900
2025-09-24,111.41000366210938,111.43000030517578,111.2300033569336,111.2699966430664,2236400
2025-09-25,111.11000061035156,111.16999816894531,110.94000244140625,111.08999633789062,4019900
2025-09-26,111.16000366210938,111.29000091552734,111.01000213623047,111.11000061035156,2790000
2025-09-29,111.20999908447266,111.30000305175781,111.16000366210938,111.25,2524800
2025-09-30,111.26000213623047,111.4000015258789,111.18000030517578,111.22000122070312,2985100
2025-10-01,111.30000305175781,111.36000061035156,111.11000061035156,111.22000122070312,3796100
2025-10-02,111.19999694824219,111.30999755859375,111.1500015258789,111.16999816894531,3162400
2025-10-03,111.26000213623047,111.29000091552734,111.04000091552734,111.05000305175781,2184000
2025-10-06,110.91999816894531,111.05999755859375,110.83999633789062,110.86000061035156,2262400
2025-10-07,110.98999786376953,111.23999786376953,110.94999694824219,111.16999816894531,2714900
2025-10-08,111.37000274658203,111.37999725341797,111.20999908447266,111.25,2273300
2025-10-09,111.23999786376953,111.2699966430664,111.08999633789062,111.12000274658203,2491400
2025-10-10,111.41999816894531,111.66000366210938,111.37000274658203,111.51000213623047,4018900
2025-10-13,111.55999755859375,111.79000091552734,111.44999694824219,111.79000091552734,2206300
2025-10-14,111.5999984741211,111.76000213623047,111.56999969482422,111.66999816894531,4469200
2025-10-15,111.80999755859375,111.88999938964844,111.51000213623047,111.63999938964844,3018700
2025-10-16,111.56999969482422,111.91999816894531,111.54000091552734,111.9000015258789,2687300
2025-10-17,111.91000366210938,111.91999816894531,111.6500015258789,111.68000030517578,1739700
2025-10-20,111.7699966430664,111.80000305175781,111.69999694824219,111.77999877929688,2108500
2025-10-21,112.04000091552734,112.11000061035156,112.0,112.0199966430664,2702400
2025-10-22,112.12000274658203,112.23999786376953,112.02999877929688,112.19999694824219,2898200
2025-10-23,112.11000061035156,112.16999816894531,111.94000244140625,111.9800033569336,2645900
2025-10-24,111.91000366210938,112.0199966430664,111.76000213623047,111.97000122070312,1706700
2025-10-27,111.91999816894531,111.9800033569336,111.77999877929688,111.94000244140625,2753600
2025-10-28,111.94000244140625,112.04000091552734,111.91000366210938,112.02999877929688,2608700
2025-10-29,111.93000030517578,112.04000091552734,111.38999938964844,111.44000244140625,2976500
2025-10-30,111.16000366210938,111.4000015258789,111.1500015258789,111.19999694824219,3977100
2025-10-31,111.31999969482422,111.41000366210938,111.26000213623047,111.37999725341797,2249300
2025-11-03,110.94000244140625,111.02999877929688,110.83999633789062,110.94000244140625,3887200
2025-11-04,110.95999908447266,111.08999633789062,110.93000030517578,110.98999786376953,4858700
2025-11-05,110.83000183105469,110.87000274658203,110.55000305175781,110.58000183105469,3908700
2025-11-06,110.8499984741211,110.95999908447266,110.81999969482422,110.87999725341797,2394500
2025-11-07,110.69999694824219,110.98999786376953,110.69999694824219,110.9000015258789,3097600
2025-11-10,110.87999725341797,110.94000244140625,110.81999969482422,110.91999816894531,2354200
2025-11-11,111.1500015258789,111.37000274658203,111.08999633789062,111.37000274658203,3902000
2025-11-12,111.1500015258789,111.23999786376953,111.08000183105469,111.12999725341797,3297900
2025-11-13,111.0,111.08999633789062,110.87999725341797,110.87999725341797,2215500
2025-11-14,111.08999633789062,111.12999725341797,110.7300033569336,110.75,3059200
2025-11-17,110.8499984741211,110.87000274658203,110.76000213623047,110.7699966430664,2044000
2025-11-18,110.91000366210938,110.9800033569336,110.7300033569336,110.8499984741211,4616900
2025-11-19,110.88999938964844,110.91000366210938,110.68000030517578,110.70999908447266,2472400
2025-11-20,110.83000183105469,110.91999816894531,110.6500015258789,110.76000213623047,3091600
2025-11-21,111.04000091552734,111.05000305175781,110.87999725341797,111.0199966430664,2651000
2025-11-24,111.13999938964844,111.13999938964844,111.0199966430664,111.06999969482422,2619500
2025-11-25,111.05999755859375,111.30999755859375,111.04000091552734,111.2699966430664,3404200
2025-11-26,111.27999877929688,111.51000213623047,111.13999938964844,111.51000213623047,3805900
2025-11-28,111.4800033569336,111.5199966430664,111.2300033569336,111.26000213623047,1830000
2025-12-01,110.62000274658203,110.68000030517578,110.5,110.5,3198500
2025-12-02,110.52999877929688,110.62999725341797,110.51000213623047,110.52999877929688,4068000
2025-12-03,110.66999816894531,110.80999755859375,110.62999725341797,110.77999877929688,2541200
2025-12-04,110.69000244140625,110.69999694824219,110.5999984741211,110.62999725341797,2243300
2025-12-05,110.69999694824219,110.70999908447266,110.44999694824219,110.44999694824219,3672300
2025-12-08,110.44000244140625,110.44000244140625,110.1500015258789,110.2300033569336,2101000
2025-12-09,110.33999633789062,110.37000274658203,110.08999633789062,110.08999633789062,5181700
2025-12-10,110.02999877929688,110.47000122070312,110.0199966430664,110.44999694824219,3503000
2025-12-11,110.62000274658203,110.68000030517578,110.36000061035156,110.4000015258789,3661200
2025-12-12,110.18000030517578,110.23999786376953,110.12999725341797,110.2300033569336,2379100
2025-12-15,110.3499984741211,110.41999816894531,110.1500015258789,110.1500015258789,2229400
2025-12-16,110.01000213623047,110.26000213623047,109.98999786376953,110.16999816894531,5094500
2025-12-17,110.1500015258789,110.30000305175781,110.12999725341797,110.29000091552734,1831100
2025-12-18,110.33999633789062,110.51000213623047,110.19000244140625,110.5,4253800
2025-12-19,110.0999984741211,110.0999984741211,109.87000274658203,109.94000244140625,2940500
2025-12-22,109.87000274658203,109.88999938964844,109.7300033569336,109.77999877929688,2116000
2025-12-23,109.58000183105469,109.87000274658203,109.56999969482422,109.83000183105469,1914900
2025-12-24,110.01000213623047,110.0999984741211,109.97000122070312,110.05999755859375,877800
2025-12-26,110.18000030517578,110.19999694824219,109.9800033569336,110.05000305175781,1357100
2025-12-29,110.13999938964844,110.19000244140625,110.08999633789062,110.1500015258789,1572100
2025-12-30,110.0999984741211,110.22000122070312,110.06999969482422,110.12999725341797,1723000
2025-12-31,109.98999786376953,110.16999816894531,109.88999938964844,109.91000366210938,2927800
2026-01-02,110.0,110.01000213623047,109.8499984741211,109.86000061035156,2787700
2026-01-05,109.97000122070312,110.18000030517578,109.93000030517578,110.16000366210938,2084800
2026-01-06,110.12000274658203,110.16999816894531,109.94999694824219,110.08000183105469,3737900
2026-01-07,110.27999877929688,110.30999755859375,110.11000061035156,110.25,3603400
2026-01-08,110.06999969482422,110.1500015258789,110.0199966430664,110.02999877929688,2414000
2026-01-09,110.08000183105469,110.26000213623047,110.01000213623047,110.18000030517578,2589200
2026-01-12,110.1500015258789,110.26000213623047,110.12000274658203,110.18000030517578,1558700
2026-01-13,110.30000305175781,110.36000061035156,110.19000244140625,110.27999877929688,2589900
2026-01-14,110.37999725341797,110.54000091552734,110.37999725341797,110.4000015258789,1879900
2026-01-15,110.43000030517578,110.44000244140625,110.2300033569336,110.2300033569336,2645900
2026-01-16,110.26000213623047,110.30000305175781,110.0199966430664,110.0199966430664,2318600
2026-01-20,109.70999908447266,109.87000274658203,109.68000030517578,109.69000244140625,2445300
2026-01-21,109.81999969482422,110.12999725341797,109.75,110.12000274658203,4361600
2026-01-22,110.0199966430664,110.19000244140625,109.97000122070312,110.01000213623047,4034100
2026-01-23,110.02999877929688,110.26000213623047,110.01000213623047,110.2300033569336,5141400
2026-01-26,110.33999633789062,110.41999816894531,110.27999877929688,110.37999725341797,2785700
2026-01-27,110.41999816894531,110.48999786376953,110.37999725341797,110.38999938964844,2042000
2026-01-28,110.43000030517578,110.45999908447266,110.23999786376953,110.44000244140625,2449000
2026-01-29,110.48999786376953,110.69000244140625,110.47000122070312,110.5199966430664,2024100
2026-01-30,110.45999908447266,110.55000305175781,110.37999725341797,110.4800033569336,2285100
2026-02-02,110.43000030517578,110.44000244140625,110.16000366210938,110.19000244140625,4416400
2026-02-03,110.23999786376953,110.41000366210938,110.23999786376953,110.37000274658203,1651200
2026-02-04,110.22000122070312,110.3499984741211,110.20999908447266,110.25,4072200
2026-02-05,110.41000366210938,110.58000183105469,110.33999633789062,110.55999755859375,2319200
2026-02-06,110.58999633789062,110.66999816894531,110.4800033569336,110.66999816894531,2478600
2026-02-09,110.5999984741211,110.77999877929688,110.55000305175781,110.76000213623047,2712500
2026-02-10,111.0,111.08999633789062,110.91000366210938,110.98999786376953,2026200
2026-02-11,110.83999633789062,111.0,110.7699966430664,110.80999755859375,1771800
2026-02-12,110.9000015258789,111.2699966430664,110.87999725341797,111.25,2401200
2026-02-13,111.37999725341797,111.44000244140625,111.25,111.38999938964844,4662700
2026-02-17,111.31999969482422,111.33000183105469,111.19999694824219,111.2300033569336,1844000
2026-02-18,111.22000122070312,111.29000091552734,111.12999725341797,111.16000366210938,1939700
2026-02-19,111.12999725341797,111.33999633789062,111.12000274658203,111.25,2665300
2026-02-20,111.30999755859375,111.30999755859375,110.98999786376953,111.19000244140625,3085100
2026-02-23,111.29000091552734,111.45999908447266,111.25,111.29000091552734,2315600
2026-02-24,111.33000183105469,111.36000061035156,111.20999908447266,111.30999755859375,1227200
2026-02-25,111.27999877929688,111.45999908447266,111.26000213623047,111.41000366210938,1549000
2026-02-26,111.52999877929688,111.72000122070312,111.5199966430664,111.70999908447266,1545200
2026-02-27,111.9800033569336,111.9800033569336,111.79000091552734,111.87999725341797,2462700
2026-03-02,111.83000183105469,111.83000183105469,111.31999969482422,111.56999969482422,3321700
2026-03-03,111.30999755859375,111.62999725341797,111.27999877929688,111.5,2735100
2026-03-04,111.47000122070312,111.4800033569336,111.23999786376953,111.25,1760700
2026-03-05,111.08000183105469,111.31999969482422,111.04000091552734,111.22000122070312,2495500
2026-03-06,111.31999969482422,111.70999908447266,111.27999877929688,111.43000030517578,2774400
2026-03-09,111.5199966430664,111.69999694824219,111.3499984741211,111.61000061035156,4620200
2026-03-10,111.52999877929688,111.55000305175781,111.20999908447266,111.23999786376953,2975400
2026-03-11,111.26000213623047,111.26000213623047,111.02999877929688,111.06999969482422,2860600
2026-03-12,111.08000183105469,111.19000244140625,110.80000305175781,110.93000030517578,2417700
2026-03-13,110.87999725341797,110.94000244140625,110.66000366210938,110.70999908447266,2274900
2026-03-16,111.0199966430664,111.08999633789062,110.87999725341797,111.05999755859375,2260600
2026-03-17,111.2699966430664,111.4800033569336,111.22000122070312,111.44999694824219,1821600
2026-03-18,111.51000213623047,111.55999755859375,111.20999908447266,111.23999786376953,3350700
2026-03-19,111.0199966430664,111.2300033569336,110.94999694824219,111.11000061035156,4816200
2026-03-20,110.72000122070312,110.7300033569336,110.19000244140625,110.22000122070312,4004100
2026-03-23,110.08999633789062,110.38999938964844,110.0,110.19000244140625,5753600
2026-03-24,109.87999725341797,110.06999969482422,109.68000030517578,109.83000183105469,4523500
2026-03-25,110.11000061035156,110.16999816894531,109.93000030517578,110.16000366210938,4294500
2026-03-26,110.12000274658203,110.20999908447266,109.76000213623047,109.76000213623047,3267700
2026-03-27,109.6500015258789,109.87000274658203,109.58000183105469,109.66999816894531,3071300
2026-03-30,110.36000061035156,110.5199966430664,110.30000305175781,110.3499984741211,3452800
2026-03-31,110.63999938964844,110.68000030517578,110.33999633789062,110.36000061035156,5512500
2026-04-01,110.30999755859375,110.5199966430664,110.27999877929688,110.36000061035156,3328400
2026-04-02,110.52999877929688,110.83000183105469,110.4800033569336,110.80999755859375,1976700
2026-04-06,110.63999938964844,110.83999633789062,110.5999984741211,110.76000213623047,1533000
2026-04-07,110.70999908447266,110.95999908447266,110.38999938964844,110.88999938964844,1765900
2026-04-08,111.06999969482422,111.08000183105469,110.80000305175781,110.91000366210938,2723900
2026-04-09,110.8499984741211,111.05999755859375,110.75,110.95999908447266,1862300
2026-04-10,110.98999786376953,111.11000061035156,110.91999816894531,111.0199966430664,2252200
2026-04-13,111.08999633789062,111.30999755859375,111.04000091552734,111.27999877929688,1574900
2026-04-14,111.26000213623047,111.54000091552734,111.25,111.52999877929688,2181600
2026-04-15,111.48999786376953,111.5,111.36000061035156,111.43000030517578,1815500
2026-04-16,111.45999908447266,111.5,111.16000366210938,111.19000244140625,1588700
2026-04-17,111.43000030517578,111.48999786376953,111.33000183105469,111.4800033569336,1507600
2026-04-20,111.4800033569336,111.48999786376953,111.30000305175781,111.41000366210938,1463400
2026-04-21,111.33999633789062,111.38999938964844,111.16999816894531,111.22000122070312,1064200
2026-04-22,111.48999786376953,111.55000305175781,111.37000274658203,111.38999938964844,1435200
2026-04-23,111.52999877929688,111.5999984741211,111.31999969482422,111.56999969482422,1074100
2026-04-24,111.51000213623047,111.83999633789062,111.41000366210938,111.80000305175781,1133300
2026-04-27,111.7300033569336,111.87999725341797,111.69000244140625,111.7699966430664,2115800
2026-04-28,111.73999786376953,111.73999786376953,111.54000091552734,111.7300033569336,1535900
2026-04-29,111.58999633789062,111.62999725341797,111.31999969482422,111.38999938964844,1201200
2026-04-30,111.47000122070312,111.63999938964844,111.41000366210938,111.55999755859375,1958400
2026-05-01,111.2699966430664,111.48999786376953,111.20999908447266,111.3499984741211,1507700
2026-05-04,111.2699966430664,111.2699966430664,111.0199966430664,111.1500015258789,1214600
2026-05-05,111.11000061035156,111.19000244140625,111.04000091552734,111.06999969482422,1442900
2026-05-06,111.20999908447266,111.23999786376953,111.08999633789062,111.1500015258789,1538800
2026-05-07,111.23999786376953,111.23999786376953,110.94999694824219,111.02999877929688,1529900
2026-05-08,111.4000015258789,111.44000244140625,111.30999755859375,111.4000015258789,1142700
2026-05-11,111.3499984741211,111.37999725341797,111.26000213623047,111.30999755859375,1753000
2026-05-12,111.27999877929688,111.27999877929688,111.05000305175781,111.12000274658203,1253000
2026-05-13,111.16999816894531,111.20999908447266,111.0199966430664,111.12000274658203,869600
2026-05-14,111.23999786376953,111.29000091552734,110.98999786376953,111.01000213623047,3152500
2026-05-15,110.5999984741211,110.66000366210938,110.47000122070312,110.61000061035156,7481100
2026-05-18,110.58000183105469,110.66000366210938,110.38999938964844,110.4800033569336,2490200
2026-05-19,110.1500015258789,110.2699966430664,109.94000244140625,110.11000061035156,2623600
2026-05-20,110.11000061035156,110.44999694824219,110.0999984741211,110.37000274658203,2915600
2026-05-21,110.30000305175781,110.38999938964844,110.1500015258789,110.37000274658203,2792500
2026-05-22,110.51000213623047,110.54000091552734,110.12000274658203,110.37999725341797,1410800
2026-05-26,110.69999694824219,110.83999633789062,110.62999725341797,110.81999969482422,2183700
2026-05-27,110.86000061035156,111.01000213623047,110.83000183105469,110.87999725341797,1961900
2026-05-28,111.05999755859375,111.2699966430664,110.97000122070312,111.18000030517578,1702800
2026-05-29,111.16999816894531,111.29000091552734,111.11000061035156,111.20999908447266,3078300
2026-06-01,109.87000274658203,109.98999786376953,109.76000213623047,109.9800033569336,1843900
2026-06-02,110.11000061035156,110.12000274658203,109.95999908447266,109.97000122070312,1386500
2026-06-03,109.80999755859375,109.91000366210938,109.68000030517578,109.7699966430664,1077200
2026-06-04,109.83999633789062,109.86000061035156,109.7300033569336,109.77999877929688,1483200
2026-06-05,109.41999816894531,109.4800033569336,109.25,109.25,1816400
2026-06-08,109.5,109.5199966430664,109.12000274658203,109.12999725341797,2522600
2026-06-09,109.33999633789062,109.4000015258789,109.19000244140625,109.31999969482422,2372800
2026-06-10,109.45999908447266,109.55999755859375,109.20999908447266,109.20999908447266,1522100
2026-06-11,109.33000183105469,109.66000366210938,109.20999908447266,109.5999984741211,1873900
2026-06-12,109.4800033569336,109.62000274658203,109.38999938964844,109.61000061035156,2610300
2026-06-15,109.70999908447266,109.77999877929688,109.63999938964844,109.76000213623047,1183100
2026-06-16,109.7300033569336,109.87000274658203,109.66999816894531,109.76000213623047,1022800
2026-06-17,109.81999969482422,109.81999969482422,109.0199966430664,109.02999877929688,2044500
2026-06-18,109.30999755859375,109.52999877929688,109.27999877929688,109.38999938964844,2912100
2026-06-22,109.25,109.26000213623047,108.93000030517578,108.94000244140625,1156400
2026-06-23,108.94000244140625,109.05000305175781,108.87999725341797,108.9000015258789,2626000
2026-06-24,109.12000274658203,109.33999633789062,109.05000305175781,109.31999969482422,1243900
2026-06-25,109.56999969482422,109.76000213623047,109.48999786376953,109.5,2946700
2026-06-26,109.55000305175781,109.75,109.52999877929688,109.69999694824219,2678900
2026-06-29,109.77999877929688,109.91000366210938,109.77999877929688,109.9000015258789,2428700
2026-06-30,109.83999633789062,109.86000061035156,109.43000030517578,109.43000030517578,4145000
2026-07-01,108.29000091552734,108.45999908447266,108.16000366210938,108.16999816894531,1690900
2026-07-02,108.30999755859375,108.43000030517578,108.23999786376953,108.33000183105469,2011700
2026-07-06,108.43000030517578,108.48999786376953,108.30000305175781,108.48999786376953,1346000
2026-07-07,108.36000061035156,108.36000061035156,108.11000061035156,108.16999816894531,1755100
2026-07-08,108.08999633789062,108.12000274658203,107.9800033569336,108.05000305175781,941700
2026-07-09,108.13999938964844,108.22000122070312,108.08999633789062,108.12000274658203,1170800
2026-07-10,108.08000183105469,108.1500015258789,107.9800033569336,108.12999725341797,1162700
2026-07-13,108.05000305175781,108.05000305175781,107.81999969482422,107.91000366210938,1153800
2026-07-14,107.94999694824219,108.12999725341797,107.91000366210938,108.01000213623047,1451500
2026-07-15,107.98999786376953,108.16000366210938,107.98999786376953,108.06999969482422,1900400
2026-07-16,107.9800033569336,108.05000305175781,107.91999816894531,107.97000122070312,863900
2026-07-17,108.2699966430664,108.37000274658203,108.16999816894531,108.2699966430664,1788800
2026-07-20,108.19000244140625,108.22000122070312,108.01000213623047,108.05000305175781,1010500
2026-07-21,108.0,108.01000213623047,107.83999633789062,107.87999725341797,1487900
2026-07-22,107.94999694824219,107.95999908447266,107.76000213623047,107.7699966430664,1743300
2026-07-23,107.54000091552734,107.6500015258789,107.4800033569336,107.48999786376953,2261200
2026-07-24,107.55000305175781,107.73999786376953,107.5,107.5,1220700
2026-07-27,107.56999969482422,107.62999725341797,107.38999938964844,107.38999938964844,1262000
2026-07-28,107.5,107.80000305175781,107.4800033569336,107.66000366210938,2765800
2026-07-29,107.63999938964844,108.01000213623047,107.4800033569336,107.7699966430664,1759400
2026-07-30,107.83000183105469,107.88999938964844,107.66999816894531,107.73999786376953,2203000
2026-07-31,107.55000305175781,107.62999725341797,107.33999633789062,107.62999725341797,3868300
2026-08-03,106.88999938964844,106.97000122070312,106.76000213623047,106.86000061035156,2609900
2026-08-04,107.0999984741211,107.12999725341797,106.98999786376953,107.05000305175781,2324900
2026-08-05,107.05000305175781,107.11000061035156,106.91999816894531,107.0,1768800
2026-08-06,106.94000244140625,106.97000122070312,106.80000305175781,106.87000274658203,1962900
2026-08-07,107.11000061035156,107.13999938964844,106.98999786376953,107.08000183105469,1146300
2026-08-10,106.95999908447266,106.99500274658203,106.8499984741211,106.87010192871094,850745
