date,open,high,low,close,volume
2025-10-16,3991.3,4002.3,3982.7,3992.3,13.38819169
2025-10-15,4133.2,4223.3,3935.5,3990.9,5680.90789397
2025-10-14,4250.7,4272.1,3890.5,4133.3,5675.3158799
2025-10-13,4162.4,4295.7,4051.7,4250.3,5270.75392502
2025-10-12,3757.1,4204.0,3707.6,4162.3,10318.96694753
2025-10-11,3859.1,3908.5,3651.0,3757.0,14773.55984923
2025-10-10,4371.1,4396.5,3500.0,3859.1,36539.35566718
2025-10-09,4529.3,4533.2,4267.0,4371.2,3565.27586641
2025-10-08,4451.3,4557.4,4413.7,4529.3,8208.73370993
2025-10-07,4684.1,4752.1,4434.6,4451.8,9423.18671541
2025-10-06,4513.9,4733.9,4491.2,4684.6,22551.97174865
2025-10-05,4487.2,4616.5,4469.1,4513.9,12470.11117419
2025-10-04,4510.9,4516.4,4441.8,4487.1,919.53323776
2025-10-03,4485.3,4591.4,4433.1,4511.0,5666.42144534
2025-10-02,4350.7,4519.4,4338.1,4485.4,4570.08216278
2025-10-01,4146.5,4359.0,4124.2,4350.3,5451.15506729
2025-09-30,4222.9,4256.5,4099.5,4146.0,2308.57076132
2025-09-29,4153.0,4250.0,4094.2,4222.9,2180.53245243
2025-09-28,4027.2,4154.3,3977.2,4151.8,1205.66468141
2025-09-27,4042.5,4050.0,3983.7,4027.2,1418.73338542
2025-09-26,3878.9,4078.0,3875.1,4042.6,3086.62573878
2025-09-25,4160.4,4167.9,3832.0,3877.9,6308.92886224
2025-09-24,4173.6,4211.9,4085.5,4160.4,2648.13868088
2025-09-23,4205.1,4234.0,4122.2,4174.1,4906.66756339
2025-09-22,4452.6,4462.2,4056.0,4205.3,9507.83433693
2025-09-21,4487.7,4507.0,4451.8,4453.1,626.05980051
2025-09-20,4476.9,4514.7,4464.1,4487.9,424.51242413
2025-09-19,4589.0,4618.2,4443.9,4476.9,2644.77984784
2025-09-18,4593.1,4647.3,4556.1,4589.0,3898.23746417
2025-09-17,4504.9,4619.4,4417.8,4593.0,3998.24665911
2025-09-16,4532.4,4545.9,4431.6,4504.8,1778.09887296
2025-09-15,4614.9,4679.7,4473.5,4532.8,3912.28566089
2025-09-14,4665.6,4688.8,4579.9,4615.3,1835.33252659
2025-09-13,4707.7,4761.2,4606.0,4665.4,13136.25868786
2025-09-12,4457.6,4741.8,4449.8,4707.8,17041.58945132
2025-09-11,4345.9,4478.0,4337.8,4457.5,15618.36121853
2025-09-10,4309.7,4454.2,4290.0,4345.9,14901.119433169999
2025-09-09,4305.8,4378.4,4276.5,4309.7,11183.42854306
2025-09-08,4307.1,4380.1,4281.8,4305.8,20686.23095415
2025-09-07,4273.5,4336.4,4272.4,4307.2,11165.76370475
2025-09-06,4302.9,4316.5,4241.8,4273.4,18520.50694935
2025-09-05,4304.9,4498.8,4262.1,4302.9,9978.8504847
2025-09-04,4456.6,4488.2,4273.6,4304.8,2716.57143089
2025-09-03,4331.7,4495.6,4291.8,4456.7,2360.53589831
2025-09-02,4320.8,4421.8,4266.8,4331.6,2410.65406443
2025-09-01,4397.1,4494.3,4219.7,4320.8,2442.37801862
2025-08-31,4382.2,4504.5,4382.2,4397.3,2441.98515138
2025-08-30,4366.8,4420.8,4265.8,4382.8,1565.27256533
2025-08-29,4520.3,4522.8,4274.7,4366.8,14451.72968459
2025-08-28,4514.6,4638.9,4439.6,4520.8,6258.15958044
2025-08-27,4608.7,4670.0,4491.8,4515.1,4726.01796609
2025-08-26,4385.2,4641.6,4320.8,4608.8,10824.84700214
2025-08-25,4788.0,4804.4,4346.2,4385.1,7874.43329644
2025-08-24,4784.8,4958.7,4718.3,4788.1,8740.44674186
2025-08-23,4836.2,4836.2,4671.0,4784.8,3372.30088714
2025-08-22,4232.7,4889.8,4215.9,4836.2,19360.41973803
2025-08-21,4343.1,4346.4,4215.1,4232.7,3733.13077884
2025-08-20,4084.0,4384.6,4069.6,4342.8,6917.51513928
2025-08-19,4318.2,4360.6,4077.0,4084.4,7908.54084748
2025-08-18,4476.8,4486.3,4234.0,4318.2,9099.89751161
2025-08-17,4428.7,4580.8,4402.2,4477.8,3609.37812125
2025-08-16,4447.1,4496.4,4383.1,4429.0,2812.23053007
2025-08-15,4551.7,4672.9,4375.0,4449.4,7261.85408077
2025-08-14,4732.1,4783.9,4452.8,4551.2,20129.72285454
2025-08-13,4586.1,4770.1,4561.3,4770.1,22826.35947942
2025-08-12,4228.6,4635.4,4225.1,4586.2,21054.49200792
2025-08-11,4255.0,4368.3,4154.9,4229.0,8443.9396523
2025-08-10,4265.3,4333.0,4164.1,4255.1,3308.45555952
2025-08-09,4013.4,4326.9,4012.1,4265.3,12733.52105885
2025-08-08,3915.6,4073.5,3882.1,4013.2,27767.54510836
2025-08-07,3687.9,3930.0,3654.1,3915.0,5923.73292107
2025-08-06,3613.8,3702.5,3566.7,3687.9,4806.39395507
2025-08-05,3723.8,3723.8,3549.8,3614.7,5249.68222218
2025-08-04,3501.2,3738.9,3497.6,3723.1,9067.24513714
2025-08-03,3399.0,3525.5,3361.8,3501.2,3844.12855004
2025-08-02,3492.0,3542.4,3372.9,3398.8,4386.43889193
2025-08-01,3702.1,3729.0,3436.3,3492.4,28156.34142438
2025-07-31,3814.5,3883.2,3692.1,3703.4,4074.75693186
2025-07-30,3799.6,3837.9,3686.0,3814.3,4345.0512972
2025-07-29,3802.9,3889.8,3720.5,3799.6,6291.26184721
2025-07-28,3878.1,3942.5,3760.9,3801.9,5433.75928636
2025-07-27,3743.7,3882.8,3736.2,3878.2,2304.81976902
2025-07-26,3726.1,3796.1,3702.4,3743.7,1865.28608587
2025-07-25,3708.7,3748.0,3577.1,3728.8,5728.58954458
2025-07-24,3632.3,3774.3,3511.4,3707.9,5550.84969827
2025-07-23,3748.4,3764.1,3533.7,3632.6,6591.41452491
2025-07-22,3763.1,3800.7,3619.4,3749.2,5915.92189663
2025-07-21,3757.1,3856.9,3701.5,3762.9,3845.9414535
2025-07-20,3593.5,3820.8,3580.2,3757.1,13083.0736286
2025-07-19,3548.1,3607.9,3510.6,3593.6,5857.05964598
2025-07-18,3477.4,3676.1,3463.1,3548.3,8504.22700829
2025-07-17,3372.8,3523.5,3311.8,3475.8,18075.69481312
2025-07-16,3141.5,3423.5,3105.5,3373.9,16826.63442973
2025-07-15,3014.4,3146.0,2933.6,3141.6,7750.62809924
2025-07-14,2968.4,3078.8,2961.2,3014.4,14055.34567498
2025-07-13,2939.0,3013.6,2933.5,2968.1,15832.9766402
2025-07-12,2954.6,2975.8,2900.3,2939.0,3630.75352004
2025-07-11,2949.5,3036.0,2914.6,2954.4,23156.76868202
2025-07-10,2771.9,3000.2,2759.3,2949.8,12215.16106645
2025-07-09,2618.1,2798.0,2592.8,2771.8,8180.33639589
2025-07-08,2546.3,2630.0,2527.6,2617.9,4449.83954166
2025-07-07,2574.4,2593.4,2514.4,2546.3,2073.03069753
2025-07-06,2519.0,2608.8,2507.9,2574.4,4034.59935127
2025-07-05,2511.4,2532.8,2491.8,2519.1,2077.603066
2025-07-04,2594.2,2605.9,2477.6,2511.4,2073.67827544
2025-07-03,2573.9,2639.5,2560.6,2594.1,4204.85097055
2025-07-02,2409.6,2621.2,2379.7,2573.8,4543.52735423
2025-07-01,2489.4,2502.5,2391.1,2409.7,3611.41774063
2025-06-30,2500.5,2524.3,2435.8,2489.5,4488.42579393
2025-06-29,2436.9,2523.7,2413.1,2500.4,2506.98125233
2025-06-28,2424.2,2448.3,2407.8,2436.9,1685.76499761
2025-06-27,2416.3,2463.5,2382.3,2424.2,2813.2927998
2025-06-26,2419.7,2519.5,2395.4,2416.2,2280.54676168
2025-06-25,2449.7,2469.3,2389.5,2417.5,2802.29775425
2025-06-24,2416.9,2481.7,2379.4,2448.5,2966.74195475
2025-06-23,2232.6,2441.8,2192.8,2415.8,7819.18058156
2025-06-22,2300.6,2315.5,2117.4,2229.6,11183.20047141
2025-06-21,2407.3,2450.5,2217.7,2298.5,5617.06555811
2025-06-20,2524.1,2570.4,2369.0,2406.5,4388.73601052
2025-06-19,2527.9,2549.9,2488.9,2525.7,2327.0984047
2025-06-18,2514.3,2550.0,2470.9,2527.3,4733.45501146
2025-06-17,2543.1,2619.0,2456.1,2514.1,5228.94381821
2025-06-16,2551.2,2682.2,2519.9,2544.9,6027.82829157
2025-06-15,2534.8,2562.2,2498.0,2551.2,3292.37200591
2025-06-14,2577.3,2577.3,2492.1,2535.3,2146.75289712
2025-06-13,2642.1,2644.9,2439.3,2579.6,24942.22104903
2025-06-12,2770.1,2782.4,2618.8,2642.3,9990.17039419
2025-06-11,2812.3,2875.9,2744.0,2771.9,19706.56730794
2025-06-10,2681.1,2823.9,2655.1,2812.8,34722.86633181
2025-06-09,2511.5,2693.9,2481.6,2680.4,9203.28877488
2025-06-08,2526.5,2549.6,2492.7,2510.8,2906.96585561
2025-06-07,2480.5,2545.6,2460.7,2526.9,1513.87244293
2025-06-06,2417.2,2530.9,2386.4,2480.3,3248.7826386
2025-06-05,2602.8,2638.9,2395.5,2419.6,32398.51478168
2025-06-04,2590.1,2675.0,2582.4,2602.0,33571.23973186
2025-06-03,2606.9,2654.7,2574.2,2591.9,23082.12482537
2025-06-02,2540.0,2614.8,2476.1,2605.8,3090.62059544
2025-06-01,2527.2,2547.8,2469.0,2539.2,1588.79137946
2025-05-31,2531.4,2550.4,2478.7,2530.4,2400.10484377
2025-05-30,2630.9,2646.8,2508.8,2527.8,21444.19681151
2025-05-29,2680.2,2784.9,2618.4,2629.8,25062.24904632
2025-05-28,2657.8,2685.9,2606.9,2678.7,34842.60981469
2025-05-27,2564.6,2709.6,2511.4,2657.8,28070.61583963
2025-05-26,2549.0,2602.5,2526.0,2563.9,5302.52179971
2025-05-25,2524.5,2551.4,2458.3,2549.1,3996.93336714
2025-05-24,2522.8,2574.3,2513.1,2526.8,5765.8118869
2025-05-23,2662.8,2730.0,2498.9,2523.0,20356.9965355
2025-05-22,2552.9,2691.3,2545.7,2660.2,28545.931506
2025-05-21,2522.5,2614.0,2454.5,2551.9,14742.05339573
2025-05-20,2527.7,2585.6,2444.0,2523.2,7145.83295169
2025-05-19,2500.4,2544.6,2349.6,2527.4,13269.77918941
2025-05-18,2475.1,2585.9,2319.6,2495.5,12824.28379453
2025-05-17,2536.0,2536.0,2446.6,2474.9,4058.56572702
2025-05-16,2547.7,2646.2,2528.8,2533.1,9716.23355763
2025-05-15,2610.1,2644.5,2479.1,2545.7,10802.23337145
2025-05-14,2680.2,2723.2,2548.7,2608.9,20899.59287892
2025-05-13,2496.6,2737.7,2418.2,2680.3,12689.26254802
2025-05-12,2514.2,2622.9,2410.7,2496.7,15043.9131008
2025-05-11,2580.5,2605.7,2435.2,2514.4,8768.7490374
2025-05-10,2345.2,2598.0,2318.1,2581.7,16161.32990753
2025-05-09,2207.1,2489.8,2186.7,2344.8,19976.05102466
2025-05-08,1812.8,2231.2,1811.2,2208.9,15427.92033256
2025-05-07,1819.0,1854.2,1790.1,1813.0,4459.55138383
2025-05-06,1824.4,1824.4,1757.3,1819.0,5107.00663125
2025-05-05,1814.5,1836.5,1786.9,1824.4,6698.25743956
2025-05-04,1836.6,1852.9,1809.1,1815.3,6403.2436885
2025-05-03,1842.5,1850.5,1812.1,1837.2,4396.6223843
2025-05-02,1837.6,1870.9,1814.1,1842.7,4314.62998079
2025-05-01,1796.7,1873.8,1796.6,1839.7,5539.35869489
2025-04-30,1800.8,1817.3,1736.0,1795.7,5682.39468428
2025-04-29,1802.7,1844.1,1783.8,1802.3,4910.77760274
2025-04-28,1791.8,1828.2,1748.3,1800.2,6990.54719893
2025-04-27,1821.8,1857.3,1784.8,1792.6,2054.52398312
2025-04-26,1786.5,1841.8,1781.2,1822.2,2370.93506741
2025-04-25,1768.4,1827.2,1740.8,1785.9,3959.88229279
2025-04-24,1794.1,1801.4,1724.6,1769.4,5901.30776678
2025-04-23,1755.5,1834.7,1744.0,1794.6,8303.62368827
2025-04-22,1578.5,1776.0,1536.0,1755.0,10419.7634199
2025-04-21,1585.1,1654.4,1563.0,1579.2,4107.67828474
2025-04-20,1610.7,1616.4,1562.9,1584.4,3327.76049708
2025-04-19,1587.1,1629.1,1584.5,1610.1,990.45187538
2025-04-18,1582.0,1598.4,1572.1,1588.0,1501.98007638
2025-04-17,1578.1,1614.8,1563.1,1580.4,4456.41640394
2025-04-16,1587.1,1613.4,1538.7,1577.6,7980.09761714
2025-04-15,1623.3,1660.4,1584.0,1589.4,7733.324241
2025-04-14,1596.9,1689.8,1596.1,1622.4,8719.68185061
2025-04-13,1644.7,1647.8,1560.0,1596.1,10640.92310497
2025-04-12,1566.2,1668.2,1545.7,1642.7,7636.65770313
2025-04-11,1521.2,1588.7,1503.5,1566.3,12312.56569698
2025-04-10,1669.6,1669.6,1473.1,1521.7,49956.80043582
2025-04-09,1473.2,1687.7,1385.5,1670.0,18388.90572241
2025-04-08,1552.7,1619.0,1447.3,1474.3,6915.07759881
2025-04-07,1580.9,1636.0,1411.6,1552.6,22532.21973825
2025-04-06,1807.2,1817.3,1539.2,1580.3,12891.6278712
2025-04-05,1815.4,1825.9,1766.1,1807.9,1436.54065984
2025-04-04,1816.8,1833.9,1758.6,1815.1,5727.1594004
2025-04-03,1794.8,1844.6,1746.7,1817.5,3214.58006595
2025-04-02,1905.1,1953.0,1782.9,1794.9,5514.09109124
2025-04-01,1824.1,1927.2,1821.1,1905.5,5966.62258135
2025-03-31,1810.9,1857.2,1780.6,1825.7,7351.30416805
2025-03-30,1832.1,1852.5,1768.7,1810.5,6595.12781467
2025-03-29,1901.0,1917.9,1802.4,1834.1,5790.73015902
2025-03-28,2005.8,2017.5,1861.5,1902.7,7552.08544981
2025-03-27,2014.4,2040.3,1990.1,2004.3,1724.57076295
2025-03-26,2070.2,2081.6,1987.0,2013.4,1711.89540024
2025-03-25,2083.6,2099.6,2040.4,2070.4,1923.72116658
2025-03-24,2010.3,2106.8,1981.6,2086.6,4482.74410768
2025-03-23,1982.2,2023.4,1981.7,2009.0,7163.59377603
2025-03-22,1967.5,2007.6,1967.5,1982.1,921.09158696
2025-03-21,1985.7,1998.0,1940.0,1967.5,2964.80739568
2025-03-20,2062.2,2072.0,1955.2,1985.2,8420.61394838
2025-03-19,1937.2,2073.4,1933.0,2061.4,7628.80819735
2025-03-18,1931.8,1940.9,1877.5,1937.6,2313.27589939
2025-03-17,1891.6,1954.8,1884.7,1931.7,1983.1477627900001
2025-03-16,1942.3,1944.6,1866.1,1892.0,1999.71974161
2025-03-15,1916.5,1961.8,1910.0,1942.5,779.03860532
2025-03-14,1869.1,1950.0,1867.5,1916.8,2794.06301849
2025-03-13,1914.8,1925.9,1825.7,1867.9,2528.3574982
2025-03-12,1928.4,1960.6,1835.6,1914.2,4847.04237452
2025-03-11,1872.1,1967.6,1761.9,1925.8,11375.53558225
2025-03-10,2026.9,2156.2,1817.3,1869.8,13751.23189415
2025-03-09,2210.7,2218.3,1996.7,2024.9,9632.47680704
2025-03-08,2145.7,2241.2,2112.2,2209.2,4780.35253629
2025-03-07,2207.2,2262.3,2107.4,2146.9,6314.79165696
2025-03-06,2246.1,2324.4,2182.5,2207.1,4110.91316977
2025-03-05,2175.5,2278.4,2162.0,2248.3,4069.05711274
2025-03-04,2153.0,2226.9,1992.3,2177.8,13125.887985630001
2025-03-03,2525.2,2529.7,2104.3,2155.9,11788.19962841
2025-03-02,2223.7,2556.4,2181.1,2523.7,13012.15983175
2025-03-01,2245.3,2287.5,2151.0,2224.4,5159.25801832
2025-02-28,2313.5,2320.1,2084.2,2245.3,15548.77541426
2025-02-27,2343.6,2387.5,2237.1,2314.0,6539.88540041
2025-02-26,2501.4,2511.9,2264.0,2343.2,9021.87687881
2025-02-25,2522.5,2540.1,2343.7,2501.8,31677.14848623
2025-02-24,2823.9,2844.3,2477.9,2519.3,26733.69381882
2025-02-23,2767.7,2860.9,2749.7,2823.7,2034.34514118
2025-02-22,2667.2,2800.8,2659.8,2767.3,2962.0378072
2025-02-21,2742.0,2847.9,2620.4,2664.0,5746.11424938
2025-02-20,2720.1,2773.4,2712.0,2743.1,1174.10390746
2025-02-19,2676.4,2740.5,2662.5,2719.9,1566.80562988
2025-02-18,2748.0,2760.9,2612.3,2676.6,4160.25563471
2025-02-17,2662.2,2853.1,2641.8,2747.9,3397.41430211
2025-02-16,2693.0,2726.2,2653.7,2665.6,1105.74818747
2025-02-15,2725.5,2739.5,2665.0,2693.5,1262.94939429
2025-02-14,2680.7,2790.6,2669.5,2725.9,11265.9170436
2025-02-13,2741.4,2759.2,2616.7,2677.3,24924.69428359
2025-02-12,2606.4,2798.5,2552.2,2740.2,4616.70642448
2025-02-11,2666.6,2727.7,2563.6,2607.5,4991.27460612
2025-02-10,2632.5,2695.5,2562.7,2664.1,3435.73015308
2025-02-09,2638.4,2700.0,2530.3,2633.4,15323.03040729
2025-02-08,2625.2,2668.4,2591.8,2634.0,4760.52092551
2025-02-07,2690.8,2798.3,2565.1,2628.2,11084.60658917
2025-02-06,2793.4,2859.2,2660.1,2692.9,14327.61579242
2025-02-05,2733.4,2825.6,2700.1,2788.4,5846.03536383
2025-02-04,2878.3,2888.1,2632.2,2732.1,13380.11787737
2025-02-03,2865.1,2918.5,2100.0,2881.1,55668.3585621
2025-02-02,3118.8,3163.7,2747.8,2866.6,68137.2366261
2025-02-01,3299.3,3330.5,3105.0,3120.3,3393.78036747
2025-01-31,3248.8,3436.0,3215.0,3301.5,5790.44379317
2025-01-30,3117.4,3285.9,3094.2,3247.7,1823.16374799
2025-01-29,3079.8,3181.4,3055.9,3115.0,1576.29837899
2025-01-28,3188.0,3226.1,3043.6,3079.7,4084.045434
2025-01-27,3232.1,3254.7,3024.0,3187.3,18743.34848938
2025-01-26,3315.9,3360.1,3229.9,3234.0,1256.88214427
2025-01-25,3305.0,3349.7,3269.2,3317.1,1072.12205187
2025-01-24,3343.6,3442.4,3276.0,3309.2,3050.98308561
2025-01-23,3242.7,3346.8,3179.8,3339.2,5626.81367647
2025-01-22,3330.2,3364.9,3222.8,3242.0,2918.70300463
2025-01-21,3281.6,3368.9,3202.3,3327.8,12069.55055907
2025-01-20,3211.5,3451.8,3143.3,3280.3,20473.85949023
2025-01-19,3308.5,3447.0,3130.6,3216.0,21355.84442391
2025-01-18,3472.6,3491.4,3226.6,3309.5,7126.43244361
2025-01-17,3308.7,3521.6,3308.7,3472.1,16040.4761258
2025-01-16,3449.7,3457.9,3266.0,3309.4,17339.1531888
2025-01-15,3230.8,3472.6,3191.5,3449.6,10764.95537302
2025-01-14,3142.4,3259.1,3131.6,3228.7,6962.98744859
2025-01-13,3270.8,3339.5,2941.8,3141.1,43196.85217795
2025-01-12,3287.3,3302.3,3230.3,3270.7,1493.92890819
2025-01-11,3270.4,3322.8,3222.2,3287.5,1157.6212904
2025-01-10,3223.7,3326.2,3200.0,3271.0,4300.71519632
2025-01-09,3331.6,3361.1,3165.5,3223.8,5475.94015386
2025-01-08,3383.2,3416.2,3215.1,3331.8,9911.44913089
2025-01-07,3686.2,3701.9,3357.2,3382.3,12854.58463487
2025-01-06,3639.8,3744.0,3613.7,3690.1,6740.58779928
2025-01-05,3659.4,3676.0,3596.5,3638.1,1586.64663924
2025-01-04,3610.5,3671.2,3575.3,3660.2,3680.09588929
2025-01-03,3458.8,3631.7,3425.8,3609.8,8164.07267417
2025-01-02,3366.0,3514.0,3359.7,3458.2,2718.54452087
2025-01-01,3344.2,3378.9,3320.8,3365.5,1869.57283499
2024-12-31,3365.2,3454.2,3321.1,3346.8,11738.51734437
2024-12-30,3360.7,3438.0,3307.6,3369.9,36838.40413633
2024-12-29,3410.1,3418.1,3332.4,3367.1,4634.7153154200005
2024-12-28,3340.0,3434.5,3327.4,3404.3,1240.69344657
2024-12-27,3337.5,3444.1,3310.6,3337.7,8068.22267482
2024-12-26,3500.0,3515.3,3310.8,3337.3,24725.20401216
2024-12-25,3494.4,3549.0,3442.8,3497.3,2471.5756615
2024-12-24,3423.6,3542.1,3360.6,3497.1,4716.35115077
2024-12-23,3281.9,3469.0,3220.3,3422.0,11320.75031013
2024-12-22,3340.4,3405.0,3225.4,3282.0,12447.13130463
2024-12-21,3473.8,3552.6,3294.0,3341.7,14387.97916114
2024-12-20,3417.2,3500.0,3106.4,3475.2,28245.74086277
2024-12-19,3626.8,3720.3,3326.6,3418.4,11990.02804098
2024-12-18,3888.8,3904.0,3617.2,3623.2,10045.59325851
2024-12-17,3980.4,4036.6,3843.9,3888.8,9906.27443555
2024-12-16,3958.5,4094.9,3879.3,3981.5,11172.97611905
2024-12-15,3868.7,3971.0,3832.3,3955.0,3549.42720641
2024-12-14,3904.6,3942.3,3823.4,3869.0,3655.33672729
2024-12-13,3879.9,3968.1,3853.3,3904.1,2197.11260215
2024-12-12,3830.7,3985.8,3797.6,3881.5,11546.91112069
2024-12-11,3630.6,3847.3,3566.0,3827.7,3891.02856437
2024-12-10,3714.7,3785.0,3520.0,3631.9,13509.97864649
2024-12-09,4007.9,4009.0,3464.1,3724.0,26577.84364048
2024-12-08,4001.0,4018.1,3928.6,4007.9,3855.22629024
2024-12-07,3999.0,4026.5,3971.2,3998.7,2520.33362407
2024-12-06,3780.3,4087.6,3775.9,3999.9,13042.34443393
2024-12-05,3840.1,3957.8,3651.7,3781.6,34026.59412795
2024-12-04,3620.4,3894.5,3620.4,3839.5,23852.8054949
2024-12-03,3646.7,3673.2,3507.9,3620.5,8333.12308884
2024-12-02,3711.3,3761.7,3561.8,3644.5,8506.60743453
2024-12-01,3708.4,3747.8,3664.1,3710.6,4428.81005408
2024-11-30,3594.9,3741.1,3573.1,3708.2,17056.32201646
2024-11-29,3585.1,3648.0,3541.1,3600.0,2742.50052861
2024-11-28,3658.3,3663.5,3533.9,3583.0,8692.67732123
2024-11-27,3327.9,3686.9,3307.8,3654.3,11175.56958126
2024-11-26,3416.9,3466.1,3256.0,3330.0,4364.36508993
2024-11-25,3350.8,3546.3,3297.2,3417.1,12341.83207778
2024-11-24,3389.0,3444.8,3270.4,3357.0,4839.25547838
2024-11-23,3322.9,3498.4,3304.4,3389.6,9999.08742162
2024-11-22,3356.3,3420.0,3256.2,3322.9,6118.41412259
2024-11-21,3067.3,3385.0,3035.0,3358.7,14540.57259453
2024-11-20,3105.0,3157.0,3029.6,3069.3,4673.23177896
2024-11-19,3210.0,3222.7,3066.0,3106.6,6811.98967234
2024-11-18,3070.1,3225.0,3053.5,3207.5,7949.2919819
2024-11-17,3131.9,3159.4,3037.7,3077.9,5232.73791892
2024-11-16,3087.2,3217.0,3071.7,3132.2,3770.22018805
2024-11-15,3057.0,3131.8,2982.0,3089.5,10510.30264774
2024-11-14,3191.5,3238.3,3030.1,3061.7,9182.14688956
2024-11-13,3243.0,3333.1,3117.8,3191.0,11624.11643378
2024-11-12,3367.0,3441.8,3211.1,3240.6,14006.77961233
2024-11-11,3183.9,3384.6,3106.4,3369.4,14218.80230576
2024-11-10,3126.5,3244.0,3071.0,3188.8,19089.1006266
2024-11-09,2962.3,3156.4,2955.0,3126.9,7590.80586547
2024-11-08,2895.3,2980.5,2887.9,2957.8,3896.50060314
2024-11-07,2722.1,2912.9,2700.5,2894.7,8725.82544965
2024-11-06,2425.3,2743.1,2421.0,2720.6,9960.06394906
2024-11-05,2398.7,2482.4,2382.8,2425.6,5564.24770135
2024-11-04,2459.0,2491.4,2360.0,2398.8,3864.8733862
2024-11-03,2493.8,2495.4,2413.8,2458.5,4149.72436213
2024-11-02,2512.3,2524.2,2472.0,2492.8,1331.56593669
2024-11-01,2519.0,2585.3,2468.9,2515.5,3695.52439075
2024-10-31,2662.0,2669.8,2503.0,2519.2,5318.84503564
2024-10-30,2638.1,2723.9,2600.4,2660.0,7114.79448101
2024-10-29,2568.6,2680.8,2562.3,2638.3,4664.5094159
2024-10-28,2508.7,2590.1,2472.4,2568.4,2591.53706256
2024-10-27,2482.3,2527.7,2463.2,2509.7,998.76526182
2024-10-26,2439.1,2506.3,2432.4,2482.7,2530.5934679800002
2024-10-25,2535.3,2566.7,2380.5,2439.8,5761.87794439
2024-10-24,2524.1,2561.2,2507.3,2534.9,2526.68082095
2024-10-23,2623.0,2626.2,2450.0,2526.3,5414.90132515
2024-10-22,2668.7,2672.9,2607.1,2620.2,2961.74533518
2024-10-21,2748.2,2769.5,2658.2,2668.5,3600.9044191
2024-10-20,2648.8,2758.6,2636.6,2747.7,4488.06056579
2024-10-19,2640.3,2662.0,2632.5,2649.7,2432.87936887
2024-10-18,2606.4,2674.9,2598.7,2640.5,2313.66452847
2024-10-17,2615.9,2648.4,2578.6,2605.7,1464.34520149
2024-10-16,2610.5,2648.1,2592.7,2610.9,2566.24265484
2024-10-15,2632.8,2687.7,2539.7,2610.7,4545.78589562
2024-10-14,2473.8,2656.1,2447.9,2634.0,4926.8960763000005
2024-10-13,2482.2,2488.0,2442.8,2470.1,913.75663999
2024-10-12,2440.6,2493.7,2438.5,2482.4,1112.99082613
2024-10-11,2385.1,2472.3,2378.7,2438.9,2514.15153797
2024-10-10,2371.4,2422.1,2331.3,2386.3,2872.73403782
2024-10-09,2445.1,2475.0,2352.9,2374.5,2164.36840026
2024-10-08,2423.2,2467.3,2403.5,2444.7,2177.11180903
2024-10-07,2440.8,2522.3,2405.9,2422.9,5307.84446798
2024-10-06,2417.6,2458.7,2408.8,2442.9,3050.85085932
2024-10-05,2421.4,2432.8,2392.8,2417.5,707.50198749
2024-10-04,2355.4,2445.2,2344.6,2419.8,1718.1616289
2024-10-03,2369.1,2406.0,2315.8,2354.9,4070.7690206800003
2024-10-02,2452.1,2504.1,2358.4,2369.8,3434.51583021
2024-10-01,2607.8,2663.4,2420.0,2455.1,5356.55427124
2024-09-30,2663.5,2668.9,2580.5,2609.0,3120.40190123
2024-09-29,2681.9,2689.1,2641.2,2664.3,807.3155497600001
2024-09-28,2702.1,2710.1,2657.4,2681.6,1037.4977267
2024-09-27,2637.7,2732.1,2620.9,2701.2,2912.06282632
2024-09-26,2586.3,2670.1,2563.0,2637.5,2870.66789723
2024-09-25,2658.2,2678.7,2560.2,2584.8,2341.81384626
2024-09-24,2653.5,2675.8,2595.5,2657.5,4604.06513473
2024-09-23,2585.0,2708.8,2545.0,2653.1,6110.54366699
2024-09-22,2615.0,2633.2,2529.5,2585.0,2264.01967896
2024-09-21,2560.2,2622.6,2531.3,2615.0,10909.17233614
2024-09-20,2469.8,2576.3,2442.2,2560.1,29897.41446237
2024-09-19,2379.2,2498.0,2376.9,2467.7,5094.26498036
2024-09-18,2346.3,2379.6,2282.1,2379.4,2970.09779216
2024-09-17,2300.9,2396.4,2269.0,2346.2,3369.81974472
2024-09-16,2322.5,2340.2,2259.4,2301.6,2816.14733924
2024-09-15,2423.8,2436.3,2290.0,2323.2,2976.95715164
2024-09-14,2444.2,2444.5,2385.6,2423.6,1751.19593609
2024-09-13,2368.1,2469.1,2343.0,2444.7,3824.74309697
2024-09-12,2346.2,2396.5,2321.7,2368.0,2123.85983461
2024-09-11,2393.8,2393.8,2284.1,2344.2,4247.87880155
2024-09-10,2364.9,2403.4,2325.4,2393.2,1379.01638609
2024-09-09,2303.9,2383.0,2280.2,2361.2,3115.21423582
2024-09-08,2279.7,2339.3,2245.7,2303.2,2551.60222445
2024-09-07,2232.6,2317.9,2228.8,2282.0,3034.63694735
2024-09-06,2374.2,2413.6,2156.6,2231.1,13592.92551987
2024-09-05,2456.5,2472.0,2354.3,2371.5,6234.96779728
2024-09-04,2432.8,2493.4,2315.4,2454.6,6161.4812199
2024-09-03,2546.3,2557.9,2420.0,2428.5,5055.56789008
2024-09-02,2431.4,2571.0,2426.9,2545.5,9669.66327209
2024-09-01,2519.4,2522.4,2407.6,2437.4,3963.3002133699997
2024-08-31,2533.3,2540.0,2500.1,2518.2,1385.91817331
2024-08-30,2533.4,2556.1,2441.0,2532.4,4532.2042645
2024-08-29,2532.9,2601.1,2512.7,2535.6,1188.29228444
2024-08-28,2460.2,2560.6,2424.0,2533.1,9830.36051884
2024-08-27,2684.9,2704.3,2398.9,2463.3,11980.47577479
2024-08-26,2752.9,2766.4,2672.5,2685.5,1895.73244613
2024-08-25,2771.8,2796.4,2739.3,2748.8,672.36490282
2024-08-24,2767.7,2823.3,2737.8,2771.1,2153.59882322
2024-08-23,2627.3,2803.6,2627.3,2766.3,4365.63410634
2024-08-22,2635.6,2648.2,2589.8,2628.2,9321.41068967
2024-08-21,2580.0,2666.7,2540.3,2634.6,2772.41368106
2024-08-20,2641.7,2699.4,2560.9,2580.5,10089.73635262
2024-08-19,2617.0,2653.0,2569.4,2645.2,1996.65165118
2024-08-18,2619.2,2692.1,2600.6,2614.9,1727.37802005
2024-08-17,2598.8,2632.9,2594.1,2619.0,886.06886235
2024-08-16,2572.8,2634.3,2555.3,2598.3,1774.29830171
2024-08-15,2665.0,2678.1,2521.7,2570.9,3962.50086108
2024-08-14,2707.1,2784.6,2637.1,2667.4,1631.03206457
2024-08-13,2727.9,2742.7,2615.4,2703.1,2701.13364896
2024-08-12,2558.9,2757.0,2514.5,2727.3,4885.637593
2024-08-11,2614.0,2723.5,2546.5,2557.8,2184.51827752
2024-08-10,2603.0,2647.3,2581.3,2612.1,1043.3084302
2024-08-09,2688.3,2710.3,2556.6,2604.4,2451.95576844
2024-08-08,2345.5,2725.7,2325.6,2687.5,5895.22414767
2024-08-07,2467.6,2556.9,2313.6,2345.9,3593.95330756
2024-08-06,2425.9,2559.9,2423.3,2466.4,4100.47257994
2024-08-05,2692.5,2700.1,2099.9,2423.7,24990.483058410002
2024-08-04,2908.5,2940.3,2629.1,2691.0,6830.40730684
2024-08-03,2992.9,3021.2,2865.1,2910.0,4556.37163123
2024-08-02,3209.0,3223.0,2973.0,2993.8,4753.16249163
2024-08-01,3237.0,3246.8,3086.3,3210.1,3055.41081566
2024-07-31,3286.3,3354.8,3219.7,3239.4,1918.39734586
2024-07-30,3324.3,3372.5,3240.3,3285.7,997.96524368
2024-07-29,3277.7,3403.7,3264.2,3327.9,3344.67084036
2024-07-28,3253.9,3292.5,3205.8,3280.2,983.40482778
2024-07-27,3282.5,3333.0,3202.0,3254.3,2048.181823
2024-07-26,3179.0,3292.7,3177.1,3281.7,2692.95499787
2024-07-25,3342.6,3347.7,3093.9,3178.9,6965.44383986
2024-07-24,3490.1,3501.9,3304.2,3342.5,7428.13084927
2024-07-23,3446.5,3548.1,3395.6,3488.1,3012.39442058
2024-07-22,3542.5,3566.4,3433.3,3448.1,1597.51904312
2024-07-21,3522.6,3551.7,3417.6,3541.5,2629.27013628
2024-07-20,3510.3,3544.5,3487.7,3524.6,1401.40965996
2024-07-19,3430.2,3546.6,3382.1,3510.5,2150.62549859
2024-07-18,3391.2,3493.2,3372.4,3436.5,999.96355837
2024-07-17,3452.7,3521.7,3382.7,3392.1,1674.30627389
2024-07-16,3491.2,3503.5,3355.2,3448.2,2547.38635998
2024-07-15,3251.9,3500.0,3241.8,3495.9,3315.54203232
2024-07-14,3185.7,3275.0,3172.5,3250.2,1634.7515961
2024-07-13,3143.1,3210.0,3122.4,3183.0,1425.4728791
2024-07-12,3107.4,3163.3,3054.4,3142.1,2664.50895025
2024-07-11,3106.5,3223.5,3062.6,3105.4,1972.56337484
2024-07-10,3072.0,3158.5,3033.8,3110.4,1433.99030268
2024-07-09,3027.2,3119.1,3011.8,3073.6,4178.3868855
2024-07-08,2940.6,3103.9,2834.7,3026.2,3701.39220131
2024-07-07,3067.2,3079.2,2932.0,2940.5,7255.79733731
2024-07-06,2987.0,3085.1,2962.7,3072.6,3008.24998684
2024-07-05,3062.9,3111.3,2815.8,2989.3,15239.344755350001
2024-07-04,3299.1,3315.8,3055.8,3060.0,7666.98281651
2024-07-03,3425.1,3435.6,3255.2,3299.9,4634.69145754
2024-07-02,3445.8,3466.0,3405.7,3425.3,1256.99913089
2024-07-01,3441.7,3526.7,3428.2,3444.8,2004.1463276700001
2024-06-30,3381.2,3462.6,3358.5,3441.0,1046.44556689
2024-06-29,3386.4,3412.4,3377.4,3381.2,522.71389487
2024-06-28,3455.3,3492.5,3371.5,3384.6,1426.77572125
2024-06-27,3376.2,3482.0,3365.2,3452.4,2819.08106932
2024-06-26,3397.7,3428.9,3331.0,3374.8,3849.37706667
2024-06-25,3356.4,3431.9,3340.8,3399.2,4388.87506784
2024-06-24,3425.1,3437.4,3231.8,3356.5,6800.98968305
2024-06-23,3505.0,3525.0,3412.4,3427.7,1536.06028827
2024-06-22,3526.7,3526.7,3481.7,3500.5,623.80940937
2024-06-21,3522.8,3551.5,3455.6,3523.8,2443.68938115
2024-06-20,3557.9,3628.6,3492.2,3519.7,2520.14687579
2024-06-19,3488.4,3591.7,3471.6,3560.6,2732.86603622
2024-06-18,3517.3,3517.6,3354.1,3487.2,3641.07863324
2024-06-17,3625.7,3637.8,3468.5,3515.3,3842.75289527
2024-06-16,3568.1,3652.5,3540.9,3624.2,1098.62550863
2024-06-15,3481.3,3593.6,3474.1,3566.8,1992.49458085
2024-06-14,3470.8,3530.8,3365.0,3479.4,2835.35906157
2024-06-13,3559.0,3562.0,3428.4,3470.3,2146.48627668
2024-06-12,3498.7,3655.3,3463.6,3559.8,5256.0167081
2024-06-11,3666.6,3671.5,3431.9,3499.6,12138.20396697
2024-06-10,3706.2,3712.3,3645.6,3666.8,1676.12006595
2024-06-09,3681.8,3721.8,3666.8,3705.8,1045.63022828
2024-06-08,3678.6,3711.7,3663.2,3682.5,481.54911342
2024-06-07,3814.0,3842.0,3584.4,3682.0,5251.09354298
2024-06-06,3861.6,3878.7,3761.1,3815.6,1593.40898002
2024-06-05,3812.9,3884.0,3781.7,3864.5,3785.99751365
2024-06-04,3768.3,3832.1,3731.9,3815.1,5513.52691406
2024-06-03,3781.9,3852.1,3761.6,3767.2,3334.24501259
2024-06-02,3817.6,3837.9,3754.9,3783.4,821.3907902
2024-06-01,3768.2,3833.7,3755.3,3817.4,803.61551616
2024-05-31,3747.8,3845.7,3724.5,3764.9,6797.35956111
2024-05-30,3779.0,3825.9,3708.2,3750.5,2624.09259284
2024-05-29,3850.1,3890.0,3748.9,3769.6,2777.75288234
2024-05-28,3897.0,3929.8,3776.2,3847.5,6148.77045453
2024-05-27,3828.7,3975.8,3827.3,3898.1,11456.399432350001
2024-05-26,3753.8,3884.7,3736.5,3828.9,7594.3383307700005
2024-05-25,3731.2,3781.5,3712.1,3751.0,1943.4083085299999
2024-05-24,3786.3,3831.5,3632.0,3731.2,10414.75349059
2024-05-23,3741.8,3944.9,3529.3,3787.0,25205.63150379
2024-05-22,3788.3,3808.8,3657.0,3738.6,9483.06416587
2024-05-21,3659.6,3837.4,3624.9,3789.2,34355.53746708
2024-05-20,3074.4,3691.5,3053.0,3659.4,27108.01010368
2024-05-19,3127.4,3138.2,3057.5,3075.0,1211.17349503
2024-05-18,3096.0,3151.9,3091.6,3126.6,1321.86607374
2024-05-17,2949.3,3124.2,2938.4,3099.7,3056.85513993
2024-05-16,3038.3,3044.0,2928.9,2949.4,3075.92912535
2024-05-15,2886.8,3044.0,2869.3,3041.7,3536.63162117
2024-05-14,2951.0,2963.7,2868.3,2886.9,2282.22331344
2024-05-13,2937.3,3003.6,2872.5,2951.4,3279.29961524
2024-05-12,2916.3,2962.6,2905.0,2936.3,1140.6099336
2024-05-11,2910.7,2949.2,2891.0,2919.0,2041.39993298
2024-05-10,3043.5,3059.3,2882.7,2910.7,18123.73410345
2024-05-09,2982.1,3064.6,2958.3,3041.4,3549.72364273
2024-05-08,3010.8,3042.9,2943.0,2980.0,7467.01196675
2024-05-07,3068.2,3133.9,3005.5,3006.7,2309.69336435
2024-05-06,3148.4,3225.8,3052.2,3070.8,10415.58942066
2024-05-05,3124.2,3177.0,3079.7,3146.6,2094.14330111
2024-05-04,3108.7,3171.9,3098.1,3121.2,796.95176934
2024-05-03,2991.5,3131.6,2960.2,3105.2,13445.34793344
2024-05-02,2975.1,3020.4,2899.4,2995.9,5995.35397166
2024-05-01,3020.3,3028.4,2824.5,2980.0,21551.96879157
2024-04-30,3219.4,3255.0,2925.8,3019.4,7084.19332054
2024-04-29,3264.7,3289.8,3122.0,3221.7,2660.50629351
2024-04-28,3261.6,3363.1,3255.4,3264.8,2981.32478017
2024-04-27,3135.9,3287.0,3071.7,3258.7,2996.87987959
2024-04-26,3158.9,3169.9,3107.1,3137.3,1763.3356883
2024-04-25,3143.3,3193.8,3074.9,3160.5,2532.16947928
2024-04-24,3225.0,3295.2,3108.8,3141.8,3321.17253512
2024-04-23,3203.9,3267.2,3156.7,3224.0,2432.14171508
2024-04-22,3150.6,3239.1,3133.5,3205.2,2733.65886122
2024-04-21,3158.1,3199.0,3119.1,3150.6,2444.70661881
2024-04-20,3060.2,3173.2,3022.7,3160.7,1498.31736247
2024-04-19,3063.0,3128.5,2868.2,3061.6,4777.14290892
2024-04-18,2983.6,3094.3,2958.0,3066.0,14130.62696026
2024-04-17,3088.3,3126.2,2920.3,2989.1,8790.52850563
2024-04-16,3100.8,3132.1,2990.7,3085.8,6012.53613506
2024-04-15,3159.7,3279.2,3028.9,3104.9,16810.17015813
2024-04-14,3008.7,3178.3,2908.9,3159.5,12994.12842553
2024-04-13,3235.4,3303.5,2848.9,3010.9,21365.97015882
2024-04-12,3507.1,3555.3,3079.5,3235.6,19011.05958885
2024-04-11,3550.0,3620.5,3478.9,3507.2,2297.15881834
2024-04-10,3505.5,3568.9,3417.4,3549.9,4831.74414828
2024-04-09,3695.5,3723.8,3455.0,3504.4,12139.28491493
2024-04-08,3452.4,3731.0,3407.4,3695.5,25789.34905632
2024-04-07,3352.6,3456.8,3345.6,3451.7,1532.50779578
2024-04-06,3318.5,3397.0,3308.5,3352.5,2477.22475179
2024-04-05,3327.6,3347.0,3209.7,3318.2,3882.03227248
2024-04-04,3311.0,3442.9,3251.2,3329.2,4862.50007664
2024-04-03,3279.8,3367.6,3204.9,3311.0,2631.93676009
2024-04-02,3506.4,3507.0,3212.4,3278.1,6618.61118435
2024-04-01,3650.6,3650.6,3415.7,3504.8,3315.95308123
2024-03-31,3510.0,3658.0,3509.9,3650.6,3207.0737634
2024-03-30,3511.3,3566.2,3488.8,3509.9,3810.2618367200002
2024-03-29,3561.8,3584.9,3470.5,3511.3,2088.70460682
2024-03-28,3502.6,3612.2,3466.2,3561.4,2246.74101245
2024-03-27,3588.1,3661.3,3461.5,3501.6,4257.61403434
2024-03-26,3586.8,3675.0,3543.6,3587.5,8581.10563031
2024-03-25,3458.5,3649.4,3424.2,3586.6,23877.96547214
2024-03-24,3331.5,3473.5,3301.2,3458.7,2739.62035415
2024-03-23,3337.3,3435.0,3272.8,3331.9,3257.03588971
2024-03-22,3496.4,3546.3,3250.0,3336.2,15842.84388681
2024-03-21,3519.0,3589.3,3416.2,3494.7,19479.89095332
2024-03-20,3164.0,3537.8,3063.1,3519.0,24391.50932454
2024-03-19,3521.0,3546.2,3157.2,3171.0,36988.24508359
2024-03-18,3645.8,3645.8,3457.8,3521.3,6580.37040291
2024-03-17,3521.0,3679.7,3417.6,3647.2,15876.53145927
2024-03-16,3744.2,3784.8,3470.2,3521.0,6165.34586529
2024-03-15,3880.5,3928.9,3566.0,3742.0,9527.1641452
2024-03-14,4003.4,4007.5,3719.6,3879.4,9734.04693319
2024-03-13,3968.2,4077.0,3927.7,4001.4,10278.28613198
2024-03-12,4059.2,4084.4,3812.7,3969.0,35846.43340094
2024-03-11,3878.6,4082.1,3721.0,4058.6,28099.10112773
2024-03-10,3900.5,3960.3,3789.4,3878.6,6268.30630295
2024-03-09,3880.2,3935.3,3865.6,3901.3,3423.81630127
2024-03-08,3864.8,3987.9,3822.2,3879.9,19090.48618826
2024-03-07,3818.9,3925.5,3738.6,3864.1,12801.93093266
2024-03-06,3556.7,3900.0,3500.9,3817.5,21974.30224175
2024-03-05,3620.0,3805.7,3200.0,3558.6,42910.25484074
2024-03-04,3487.7,3630.8,3429.6,3621.1,29399.923312
2024-03-03,3419.7,3491.4,3367.3,3488.8,10130.27930996
2024-03-02,3433.1,3457.3,3393.7,3420.1,4655.02215409
2024-03-01,3339.2,3450.0,3339.2,3432.7,5351.78280087
2024-02-29,3381.7,3518.0,3301.0,3339.6,19625.464504
2024-02-28,3240.5,3475.1,3173.0,3380.1,25294.753270100002
2024-02-27,3174.3,3273.0,3161.6,3240.4,29106.67338856
2024-02-26,3112.3,3188.7,3036.1,3173.0,23540.53012235
2024-02-25,2994.9,3113.2,2988.7,3112.5,29532.3205926
2024-02-24,2921.7,3007.2,2907.4,2994.4,3518.73279282
2024-02-23,2973.1,2992.5,2905.7,2922.0,3687.48569966
2024-02-22,2968.6,3032.8,2906.9,2969.0,15688.54657202
2024-02-21,3009.7,3011.8,2870.0,2969.1,11387.4757962
2024-02-20,2943.0,3022.1,2873.6,3010.3,23080.970679590002
2024-02-19,2877.1,2976.6,2856.4,2941.5,23729.98349693
2024-02-18,2783.5,2893.4,2764.0,2877.1,16113.568580180001
2024-02-17,2801.1,2803.4,2717.4,2785.3,3258.60875318
2024-02-16,2821.9,2851.2,2741.9,2801.8,11593.78801106
2024-02-15,2774.8,2858.9,2757.5,2822.7,25167.19327961
2024-02-14,2643.7,2785.8,2622.4,2775.0,16744.94862019
2024-02-13,2662.4,2688.0,2592.3,2643.9,12172.01125984
2024-02-12,2509.6,2665.4,2474.4,2659.8,16155.11787172
2024-02-11,2502.9,2541.3,2496.3,2508.9,4332.43732936
2024-02-10,2488.1,2518.8,2473.7,2503.3,3548.13309176
2024-02-09,2420.6,2528.4,2418.5,2487.6,34513.92481844
2024-02-08,2424.4,2460.8,2411.6,2419.2,3426.90373961
2024-02-07,2372.6,2444.3,2354.8,2423.7,2900.44780615
2024-02-06,2300.3,2391.0,2299.1,2374.3,3936.62063235
2024-02-05,2289.2,2338.1,2269.9,2301.1,2300.1543658
2024-02-04,2295.8,2310.0,2267.1,2289.3,2874.21753895
2024-02-03,2307.4,2329.0,2293.2,2296.1,1007.63447841
2024-02-02,2304.9,2324.3,2282.3,2308.0,2269.2667738
2024-02-01,2283.0,2311.4,2240.9,2304.7,3491.55790332
2024-01-31,2346.8,2351.0,2264.2,2283.6,2854.82375386
2024-01-30,2312.7,2391.0,2297.6,2344.2,3833.12001033
2024-01-29,2257.3,2322.3,2234.1,2317.0,3695.6692451
2024-01-28,2267.7,2306.3,2239.0,2257.4,1821.86272171
2024-01-27,2268.1,2282.9,2251.5,2268.7,934.73008248
2024-01-26,2220.5,2287.9,2197.5,2266.9,3315.86441095
2024-01-25,2236.5,2244.6,2172.0,2220.1,4863.8710450300005
2024-01-24,2244.6,2267.0,2195.6,2237.1,4537.36249186
2024-01-23,2315.7,2353.5,2168.4,2246.3,32044.28567064
2024-01-22,2462.5,2469.4,2305.0,2315.0,19790.52105866
2024-01-21,2475.8,2486.7,2456.5,2458.0,1112.74165087
2024-01-20,2493.4,2494.0,2457.6,2473.3,2571.84654697
2024-01-19,2470.9,2507.6,2418.6,2494.1,8771.71316868
2024-01-18,2530.4,2549.1,2428.6,2471.0,4849.15355652
2024-01-17,2588.6,2593.9,2508.0,2530.8,5641.24688216
2024-01-16,2512.2,2616.7,2497.2,2586.7,3579.3156237
2024-01-15,2474.6,2552.5,2472.1,2514.6,2869.86659517
2024-01-14,2577.5,2578.5,2468.7,2472.7,3673.61811048
2024-01-13,2527.0,2589.0,2498.2,2576.2,5632.50850463
2024-01-12,2618.5,2715.9,2457.3,2524.0,17760.77411961
2024-01-11,2583.3,2685.9,2562.3,2620.0,26161.06695155
2024-01-10,2344.5,2635.1,2340.4,2580.4,34325.16390527
2024-01-09,2333.0,2371.5,2226.7,2344.1,12598.71964245
2024-01-08,2223.6,2359.6,2168.4,2333.0,7226.86144985
2024-01-07,2242.9,2260.0,2206.6,2224.1,1908.34561305
2024-01-06,2271.6,2272.9,2218.5,2242.0,3332.46799595
2024-01-05,2271.0,2279.5,2209.5,2270.1,4118.39445869
2024-01-04,2211.3,2298.4,2204.7,2270.8,6225.54945868
2024-01-03,2358.2,2387.1,2097.4,2211.8,21831.3641157
2024-01-02,2352.7,2431.9,2340.0,2356.7,12905.24556897
2024-01-01,2286.5,2352.6,2269.5,2352.5,5240.32140427
2023-12-31,2294.0,2323.7,2260.0,2284.9,2123.55930096
2023-12-30,2299.7,2324.7,2271.3,2293.5,2762.08945001
2023-12-29,2346.5,2388.6,2258.1,2302.7,6061.74631413
2023-12-28,2380.7,2447.1,2337.1,2348.0,19683.8564444
2023-12-27,2233.1,2393.5,2215.3,2379.6,15021.38972314
2023-12-26,2274.2,2277.0,2182.0,2234.0,4671.23200552
2023-12-25,2267.1,2308.4,2257.3,2275.0,1735.58872522
2023-12-24,2312.6,2325.2,2248.1,2267.1,2616.56132768
2023-12-23,2329.7,2337.1,2269.2,2312.8,1891.48836828
2023-12-22,2242.3,2346.9,2233.1,2330.0,6478.57158066
2023-12-21,2201.6,2281.8,2187.0,2241.5,5257.03049926
2023-12-20,2180.1,2268.0,2160.2,2203.7,5267.34387058
2023-12-19,2220.7,2257.2,2138.0,2180.5,4239.97042534
2023-12-18,2198.1,2224.7,2118.2,2219.4,5091.69429323
2023-12-17,2232.3,2250.0,2192.0,2197.7,2249.44102985
2023-12-16,2223.9,2265.6,2213.5,2231.7,2302.14574731
2023-12-15,2317.5,2319.8,2201.6,2220.8,3069.99437691
2023-12-14,2262.1,2334.1,2229.5,2319.1,4205.84156998
2023-12-13,2204.5,2285.1,2147.8,2262.5,5364.13362147
2023-12-12,2226.3,2245.0,2166.7,2204.4,4637.45010798
2023-12-11,2353.6,2356.4,2137.8,2226.9,11254.64576144
2023-12-10,2342.5,2378.9,2324.5,2354.6,2057.9056535
2023-12-09,2359.2,2404.1,2330.5,2341.9,6437.76474976
2023-12-08,2356.5,2392.2,2336.4,2358.3,4164.64847704
2023-12-07,2235.3,2382.7,2224.2,2357.5,16451.97046628
2023-12-06,2295.5,2312.5,2222.4,2235.7,10670.18131899
2023-12-05,2241.4,2307.8,2186.1,2294.7,12454.92852108
2023-12-04,2192.1,2269.0,2191.0,2241.2,18530.4419615
2023-12-03,2163.9,2214.7,2146.8,2191.5,11778.22212474
2023-12-02,2087.2,2184.0,2087.1,2163.9,10989.9936798
2023-12-01,2052.7,2109.5,2046.1,2087.1,13579.22571387
2023-11-30,2028.2,2054.9,2021.5,2052.0,1224.2825973
2023-11-29,2045.8,2074.9,2018.3,2028.5,4456.40865887
2023-11-28,2027.3,2074.5,1996.5,2046.0,13753.19296082
2023-11-27,2062.5,2070.4,1987.6,2029.1,17375.71841242
2023-11-26,2083.3,2094.1,2036.8,2061.7,5622.65041942
2023-11-25,2080.9,2090.0,2065.4,2084.5,1846.34298481
2023-11-24,2061.6,2132.8,2059.9,2079.7,13871.21425517
2023-11-23,2064.2,2089.3,2040.4,2062.5,2424.28810659
2023-11-22,1933.2,2092.4,1930.5,2063.9,6409.30743706
2023-11-21,2021.6,2034.9,1931.4,1934.1,5656.79306314
2023-11-20,2013.1,2066.3,1991.5,2021.6,4819.23919407
2023-11-19,1963.4,2015.9,1945.2,2012.6,2438.51397077
2023-11-18,1961.5,1973.0,1919.5,1962.9,7216.31844442
2023-11-17,1962.1,1991.4,1906.2,1961.8,6096.3554544
2023-11-16,2059.8,2090.8,1940.0,1962.0,5185.39926766
2023-11-15,1980.0,2063.2,1968.2,2059.5,5355.95966701
2023-11-14,2054.9,2065.2,1933.0,1980.0,9405.36846343
2023-11-13,2042.9,2118.8,2029.9,2055.2,8696.00866973
2023-11-12,2053.5,2064.6,2013.5,2044.2,53868.5971353
2023-11-11,2078.4,2089.0,2031.1,2053.3,14219.069760620001
2023-11-10,2120.9,2134.7,2066.2,2077.4,48873.9978506
2023-11-09,1888.6,2131.5,1883.4,2120.9,31351.71553736
2023-11-08,1887.3,1904.4,1875.0,1889.1,3443.90474042
2023-11-07,1902.1,1908.6,1853.5,1888.9,9789.43400025
2023-11-06,1894.3,1916.5,1872.0,1902.1,4817.19519253
2023-11-05,1858.8,1915.8,1848.9,1895.3,11133.64516599
2023-11-04,1835.2,1872.5,1826.9,1859.1,2771.66257217
2023-11-03,1801.3,1835.9,1777.6,1834.6,5307.26679509
2023-11-02,1848.4,1876.0,1785.7,1801.1,7067.04336945
2023-11-01,1815.8,1859.4,1784.5,1848.4,7649.31442245
2023-10-31,1810.1,1820.3,1783.8,1817.2,2875.60669036
2023-10-30,1796.9,1831.5,1779.1,1810.1,5381.4394499
2023-10-29,1777.2,1812.9,1764.5,1796.0,3081.94628607
2023-10-28,1780.8,1805.0,1771.1,1777.6,1936.38414785
2023-10-27,1804.3,1804.8,1743.8,1780.6,4754.94377907
2023-10-26,1787.5,1866.1,1761.9,1804.9,6249.76490262
2023-10-25,1786.5,1818.2,1762.3,1787.4,4864.44537796
2023-10-24,1766.3,1855.6,1756.8,1786.5,20916.74597109
2023-10-23,1665.1,1799.0,1659.6,1766.3,13111.0305628
2023-10-22,1629.4,1669.2,1621.9,1665.0,3481.27993493
2023-10-21,1604.6,1645.7,1593.8,1628.9,2152.68271291
2023-10-20,1568.5,1631.9,1563.4,1604.9,3755.52579401
2023-10-19,1563.5,1575.7,1542.3,1568.8,8694.71006377
2023-10-18,1565.6,1586.1,1556.4,1564.2,3164.31547687
2023-10-17,1600.8,1601.6,1552.4,1565.5,3484.62000321
2023-10-16,1558.2,1656.0,1556.5,1600.9,6364.83325208
2023-10-15,1555.8,1567.9,1549.5,1558.7,1876.5700718800001
2023-10-14,1552.9,1563.0,1545.8,1555.8,2857.54008476
2023-10-13,1541.6,1575.4,1539.1,1552.9,3595.72371988
2023-10-12,1567.4,1570.0,1521.8,1542.0,10755.72832844
2023-10-11,1568.8,1579.3,1545.4,1567.4,5588.05894292
2023-10-10,1581.7,1596.0,1551.3,1568.9,2808.46976908
2023-10-09,1633.6,1636.0,1549.3,1581.3,8661.77187094
2023-10-08,1634.5,1641.2,1617.0,1633.2,1548.65725468
2023-10-07,1645.5,1647.9,1630.5,1634.5,953.56430734
2023-10-06,1612.4,1663.5,1612.4,1645.7,4436.36047535
2023-10-05,1648.2,1656.1,1607.1,1611.5,2936.6393275
2023-10-04,1656.7,1658.1,1623.1,1648.4,3311.92846194
2023-10-03,1664.7,1672.2,1644.9,1656.7,3693.16330609
2023-10-02,1736.2,1746.0,1637.9,1664.9,10414.58539335
2023-10-01,1671.9,1765.0,1669.2,1735.5,3993.65512265
2023-09-30,1668.8,1695.0,1667.7,1671.8,2554.78342285
2023-09-29,1655.4,1691.0,1650.9,1668.9,6400.20957956
2023-09-28,1599.8,1669.3,1599.5,1654.6,4965.84437822
2023-09-27,1595.5,1635.6,1585.8,1599.7,3633.48573882
2023-09-26,1590.0,1602.4,1582.3,1594.8,1969.40823703
2023-09-25,1582.8,1599.3,1566.1,1590.4,3361.1142597
2023-09-24,1595.4,1603.5,1573.1,1583.5,1803.28587908
2023-09-23,1595.9,1600.0,1590.5,1595.6,1375.1406737300001
2023-09-22,1587.1,1603.8,1579.4,1595.4,1965.31648295
2023-09-21,1623.1,1626.4,1570.1,1586.0,7700.68392975
2023-09-20,1644.8,1651.1,1605.6,1623.1,4257.95378651
2023-09-19,1638.1,1662.6,1628.9,1645.6,3313.20395026
2023-09-18,1624.1,1671.3,1605.0,1638.4,4571.54591149
2023-09-17,1635.9,1636.0,1613.8,1624.3,1383.09096316
2023-09-16,1643.0,1653.6,1633.1,1635.8,1527.4114742900001
2023-09-15,1627.1,1654.8,1613.6,1642.8,2600.0465391
2023-09-14,1609.0,1645.0,1608.7,1627.6,3862.96350962
2023-09-13,1593.6,1620.2,1583.8,1609.2,3288.37645853
2023-09-12,1552.8,1626.9,1551.1,1593.7,5350.6327064
2023-09-11,1618.0,1619.6,1532.2,1552.4,6898.21000616
2023-09-10,1636.3,1636.3,1597.9,1618.8,4697.44094198
2023-09-09,1637.2,1638.0,1630.6,1636.3,2072.96818989
2023-09-08,1649.4,1659.7,1617.0,1637.4,4604.08534554
2023-09-07,1634.3,1661.7,1625.0,1649.7,3317.57511076
2023-09-06,1634.8,1672.0,1609.8,1634.3,8823.34543243
2023-09-05,1631.0,1649.5,1610.6,1634.6,6728.54595144
2023-09-04,1636.7,1644.8,1617.1,1630.8,2823.36171398
2023-09-03,1637.4,1648.2,1626.4,1636.6,1789.6065346
2023-09-02,1630.1,1646.3,1628.4,1637.4,2351.4213164
2023-09-01,1647.7,1655.6,1602.4,1629.9,4473.16011002
2023-08-31,1707.3,1728.4,1632.1,1648.2,6508.69143858
2023-08-30,1731.1,1732.2,1697.3,1706.9,3737.89582668
2023-08-29,1654.8,1748.5,1642.3,1729.8,7768.59538286
2023-08-28,1658.8,1665.7,1624.6,1655.4,3033.85431406
2023-08-27,1648.4,1661.2,1647.9,1659.6,928.86167284
2023-08-26,1654.7,1656.5,1645.6,1648.1,969.16827004
2023-08-25,1663.2,1677.9,1637.3,1655.1,3464.09890884
2023-08-24,1681.1,1684.7,1637.9,1662.2,4282.94566069
2023-08-23,1636.0,1702.9,1630.6,1680.4,9526.44790999
2023-08-22,1669.0,1670.2,1582.9,1636.0,7167.69323336
2023-08-21,1686.4,1689.5,1647.7,1670.1,5540.47633169
2023-08-20,1670.5,1695.6,1662.9,1686.4,2889.68333773
2023-08-19,1662.3,1697.0,1655.2,1670.0,3512.85215343
2023-08-18,1682.4,1699.3,1643.1,1662.3,10674.9894759
2023-08-17,1807.9,1809.4,1517.0,1682.4,18265.95091215
2023-08-16,1829.4,1831.2,1798.3,1808.0,3409.03192043
2023-08-15,1845.6,1847.1,1810.8,1829.1,2096.45324368
2023-08-14,1841.5,1856.1,1836.0,1845.3,1285.67307333
2023-08-13,1850.5,1862.5,1835.0,1841.7,970.73055153
2023-08-12,1849.4,1854.3,1847.7,1850.5,676.98192551
2023-08-11,1852.4,1857.2,1838.6,1849.6,2739.07413613
2023-08-10,1856.4,1866.3,1846.3,1853.1,1316.99634282
2023-08-09,1857.3,1872.7,1847.1,1856.5,1971.6946317
2023-08-08,1829.3,1877.4,1828.0,1857.6,6368.54552047
2023-08-07,1830.2,1846.5,1802.6,1829.3,9554.04395262
2023-08-06,1836.8,1838.5,1826.6,1830.2,5938.4474952
2023-08-05,1830.4,1839.4,1828.0,1836.8,3500.59110237
2023-08-04,1836.8,1852.0,1816.0,1830.4,2887.64652666
2023-08-03,1841.3,1859.8,1827.4,1836.9,2327.2465103
2023-08-02,1876.0,1881.1,1823.2,1842.0,2342.74956034
2023-08-01,1858.2,1877.2,1815.2,1873.9,7157.09465034
2023-07-31,1863.8,1879.2,1853.8,1858.6,1383.84868759
2023-07-30,1883.8,1888.0,1852.2,1864.2,1901.00735592
2023-07-29,1877.4,1889.1,1872.9,1883.5,1976.09743006
2023-07-28,1863.3,1885.3,1859.3,1877.5,1214.99337947
2023-07-27,1874.3,1888.2,1857.8,1863.3,2199.60369511
2023-07-26,1860.9,1890.7,1851.2,1874.0,2359.360443
2023-07-25,1852.7,1870.4,1848.4,1860.9,1149.40725238
2023-07-24,1890.9,1891.9,1835.1,1853.2,6441.68088475
2023-07-23,1868.3,1906.6,1860.6,1891.0,1900.38814409
2023-07-22,1893.9,1899.3,1853.5,1868.1,3457.0320095800002
2023-07-21,1894.0,1907.5,1887.4,1893.8,2145.75535343
2023-07-20,1890.0,1929.6,1881.4,1893.5,13709.55006842
2023-07-19,1898.4,1925.1,1883.3,1891.3,2199.47062334
2023-07-18,1914.5,1919.0,1879.1,1898.9,5346.27388241
2023-07-17,1924.2,1937.5,1876.6,1914.7,3294.74826967
2023-07-16,1932.9,1945.1,1915.9,1923.9,1967.69877745
2023-07-15,1940.3,1948.0,1928.7,1932.4,2080.82863994
2023-07-14,2007.2,2031.4,1901.2,1940.1,10640.86240358
2023-07-13,1874.4,2014.7,1866.0,2008.2,11452.36999977
2023-07-12,1880.1,1906.0,1867.5,1874.5,3095.36724334
2023-07-11,1882.3,1892.3,1864.6,1879.9,2625.43037774
2023-07-10,1863.8,1906.9,1848.6,1882.2,3824.03008143
2023-07-09,1867.1,1880.4,1858.2,1864.1,2013.84559646
2023-07-08,1872.2,1875.0,1844.7,1867.4,1895.22292808
2023-07-07,1848.0,1879.3,1828.2,1872.1,2297.68395889
2023-07-06,1911.7,1959.0,1848.1,1848.1,7518.13002361
2023-07-05,1937.5,1943.9,1896.3,1912.0,2814.03320852
2023-07-04,1957.2,1968.6,1933.1,1936.7,4320.21338231
2023-07-03,1939.6,1978.4,1936.4,1957.1,5858.45905491
2023-07-02,1925.9,1963.2,1888.7,1940.1,7580.89436056
2023-07-01,1935.9,1945.7,1911.6,1926.0,2587.66015062
2023-06-30,1853.4,1949.0,1827.4,1936.2,9601.16086778
2023-06-29,1828.7,1880.4,1827.6,1853.2,2266.98637059
2023-06-28,1891.9,1891.9,1817.3,1828.0,3794.53486435
2023-06-27,1860.1,1913.8,1856.9,1891.1,3564.30881826
2023-06-26,1900.7,1909.8,1839.0,1860.6,4523.75963712
2023-06-25,1876.7,1930.9,1870.5,1900.8,3634.29255499
2023-06-24,1894.5,1907.0,1866.2,1876.8,2840.34906765
2023-06-23,1873.8,1938.7,1863.0,1894.0,4259.98548508
2023-06-22,1891.3,1934.0,1868.7,1873.6,4563.85983887
2023-06-21,1793.6,1903.4,1788.8,1891.3,11963.74824494
2023-06-20,1738.8,1797.2,1716.0,1793.2,7858.27244834
2023-06-19,1722.0,1752.2,1697.9,1738.7,5089.66247835
2023-06-18,1728.9,1749.2,1713.7,1722.4,2198.56707197
2023-06-17,1718.9,1773.5,1715.7,1729.1,4413.0135172
2023-06-16,1667.8,1730.0,1650.9,1719.0,3421.10523513
2023-06-15,1652.0,1680.5,1628.3,1668.3,7031.53386245
2023-06-14,1740.4,1751.0,1629.4,1652.1,10217.928312600001
2023-06-13,1743.8,1768.4,1725.3,1740.4,5046.2885266
2023-06-12,1754.7,1760.1,1722.2,1744.2,4859.79432655
2023-06-11,1753.3,1779.4,1740.3,1754.8,2963.67460486
2023-06-10,1842.2,1846.4,1718.9,1753.1,11302.5867971
2023-06-09,1847.5,1856.0,1829.2,1841.8,3540.16937726
2023-06-08,1833.5,1862.7,1830.0,1847.5,4014.16025255
2023-06-07,1885.0,1897.2,1822.6,1833.6,7889.62594632
2023-06-06,1811.9,1898.6,1798.6,1884.8,7661.11185254
2023-06-05,1890.4,1891.3,1779.0,1811.8,9152.87962016
2023-06-04,1892.3,1917.0,1885.4,1890.8,2342.52084433
2023-06-03,1907.5,1909.1,1881.9,1892.0,1983.36949733
2023-06-02,1862.1,1911.4,1849.4,1907.4,2595.16489709
2023-06-01,1874.6,1892.6,1840.5,1862.6,2882.04606834
2023-05-31,1901.8,1908.6,1849.1,1874.6,4673.00873984
2023-05-30,1895.1,1919.0,1883.5,1902.0,2601.4673377999998
2023-05-29,1911.2,1930.4,1876.6,1895.1,3264.54596685
2023-05-28,1832.2,1925.0,1825.9,1910.9,5649.78302684
2023-05-27,1830.4,1839.3,1815.4,1832.2,1152.75848064
2023-05-26,1807.3,1839.5,1798.3,1830.3,1902.6382787
2023-05-25,1801.0,1819.1,1761.0,1807.6,5785.68200722
2023-05-24,1855.5,1855.5,1777.6,1801.7,7038.04382717
2023-05-23,1819.2,1875.8,1817.5,1855.7,5214.25998994
2023-05-22,1805.4,1831.5,1793.5,1819.6,2284.59639114
2023-05-21,1821.2,1830.0,1799.6,1804.2,1902.6702561500001
2023-05-20,1814.2,1830.3,1809.1,1821.1,1202.75662807
2023-05-19,1802.4,1831.7,1799.8,1814.2,2312.98371573
2023-05-18,1823.8,1833.4,1772.5,1804.4,3174.44902235
2023-05-17,1825.7,1838.7,1786.7,1823.8,3121.80523656
2023-05-16,1817.2,1834.0,1798.8,1826.2,3264.72272231
2023-05-15,1800.9,1849.0,1786.5,1817.8,3936.94608408
2023-05-14,1796.8,1827.2,1792.6,1801.0,3014.87717539
2023-05-13,1809.3,1818.0,1787.7,1796.4,1816.62714117
2023-05-12,1796.5,1818.0,1741.5,1809.2,9833.99998931
2023-05-11,1842.5,1843.4,1773.9,1797.3,6778.41203556
2023-05-10,1849.2,1888.9,1793.4,1842.7,14311.61152509
2023-05-09,1849.4,1863.3,1832.9,1849.0,3365.74349297
2023-05-08,1874.8,1887.3,1813.0,1849.3,10859.00224689
2023-05-07,1900.4,1936.6,1874.2,1875.0,10129.46856424
2023-05-06,1995.3,2020.0,1865.0,1901.1,21070.77710605
2023-05-05,1877.7,2003.4,1876.5,1994.8,11138.7304665
2023-05-04,1906.7,1918.7,1868.4,1877.8,2236.29072084
2023-05-03,1870.4,1917.2,1844.5,1906.3,3859.16185765
2023-05-02,1832.0,1882.6,1824.6,1870.9,2684.39141428
2023-05-01,1871.6,1887.1,1808.5,1833.0,5150.41261438
2023-04-30,1908.8,1940.0,1867.2,1870.9,4150.1535705100005
2023-04-29,1892.9,1918.6,1885.4,1908.8,1489.81611206
2023-04-28,1909.1,1924.1,1876.4,1892.8,3535.71860238
2023-04-27,1866.0,1939.3,1862.3,1909.5,10911.39976019
2023-04-26,1867.7,1965.1,1787.0,1866.5,15948.23244571
2023-04-25,1842.8,1880.7,1803.8,1867.9,6800.10898469
2023-04-24,1863.5,1890.5,1808.1,1842.6,7872.70638536
2023-04-23,1874.7,1882.9,1839.5,1863.6,9251.8573885
2023-04-22,1850.4,1889.1,1845.5,1874.8,3820.55651685
2023-04-21,1943.6,1956.8,1827.9,1851.5,27365.1446637
2023-04-20,1935.4,1983.1,1916.2,1944.2,14727.33370322
2023-04-19,2104.8,2104.9,1925.0,1935.6,35831.01665041
2023-04-18,2074.4,2125.0,2054.0,2104.9,6138.89736503
2023-04-17,2117.0,2118.4,2057.0,2074.1,5521.72704334
2023-04-16,2089.4,2146.5,2071.9,2117.2,5624.39037763
2023-04-15,2100.0,2110.5,2070.7,2089.3,4244.67375431
2023-04-14,2012.6,2135.8,2010.1,2099.3,20132.01092062
2023-04-13,1917.8,2023.3,1900.1,2011.7,15407.85037773
2023-04-12,1888.7,1931.8,1852.9,1917.9,7497.79241049
2023-04-11,1909.1,1935.6,1881.0,1888.8,3670.72392662
2023-04-10,1858.0,1919.5,1846.6,1909.1,4086.87566787
2023-04-09,1846.7,1872.9,1821.0,1857.9,3148.26246095
2023-04-08,1863.3,1878.3,1844.3,1846.9,1286.65999658
2023-04-07,1871.5,1880.8,1840.6,1863.4,2488.03091444
2023-04-06,1908.2,1908.5,1853.0,1871.5,3366.4567296
2023-04-05,1870.7,1943.0,1864.9,1908.3,8554.35614986
2023-04-04,1810.1,1891.8,1801.7,1870.7,6704.86642678
2023-04-03,1794.0,1839.2,1763.7,1810.1,4529.28388835
2023-04-02,1820.3,1824.2,1772.7,1793.8,1959.62625787
2023-04-01,1821.6,1842.8,1809.0,1820.3,1683.24763908
2023-03-31,1793.1,1846.9,1779.4,1821.7,5515.19785064
2023-03-30,1792.9,1829.3,1762.8,1793.1,5804.98171697
2023-03-29,1773.1,1827.8,1772.6,1792.9,5418.02094892
2023-03-28,1715.1,1795.7,1701.9,1772.9,7325.1314087499995
2023-03-27,1774.5,1780.6,1687.3,1714.6,11399.91946775
2023-03-26,1742.7,1801.5,1740.3,1774.8,3739.4519181
2023-03-25,1750.4,1763.0,1713.2,1742.9,3093.78594896
2023-03-24,1814.7,1819.0,1727.1,1750.2,10984.94113374
2023-03-23,1735.0,1858.0,1730.5,1814.9,8548.0710262
2023-03-22,1802.1,1819.9,1711.1,1735.1,10217.71699677
2023-03-21,1732.7,1836.0,1717.9,1802.1,9343.419338400001
2023-03-20,1779.7,1802.6,1723.8,1732.9,6420.09767416
2023-03-19,1759.5,1839.8,1759.0,1778.8,12067.091801800001
2023-03-18,1788.5,1840.1,1747.8,1760.2,23614.13996756
2023-03-17,1677.3,1795.0,1666.3,1788.5,32751.130904550002
2023-03-16,1652.2,1697.9,1635.4,1677.1,6365.49433981
2023-03-15,1702.7,1719.1,1614.4,1652.1,21477.58220002
2023-03-14,1679.8,1782.1,1661.1,1703.2,24804.09564201
2023-03-13,1586.5,1702.8,1570.4,1678.9,26784.80479367
2023-03-12,1476.4,1599.5,1454.2,1586.2,20885.74126882
2023-03-11,1429.2,1482.4,1414.5,1476.7,25137.468308210002
2023-03-10,1438.0,1439.8,1370.4,1429.2,17729.91656791
2023-03-09,1533.7,1546.6,1410.0,1438.0,13338.22862951
2023-03-08,1562.4,1571.0,1524.3,1533.7,5129.80171092
2023-03-07,1565.9,1583.7,1535.0,1562.1,5042.96185334
2023-03-06,1564.3,1584.0,1555.4,1565.7,3869.91376939
2023-03-05,1566.3,1588.2,1554.0,1564.3,3658.84253081
2023-03-04,1569.7,1577.4,1549.0,1566.2,2483.30628187
2023-03-03,1648.3,1649.2,1529.9,1569.5,12908.65379086
2023-03-02,1665.8,1680.4,1618.5,1648.0,5463.73922395
2023-03-01,1605.6,1670.6,1596.2,1666.1,5609.14746946
2023-02-28,1633.6,1647.4,1597.8,1605.5,3577.65483279
2023-02-27,1641.0,1664.5,1608.3,1633.6,6384.18954003
2023-02-26,1595.0,1651.4,1588.8,1640.9,6517.04148783
2023-02-25,1608.7,1609.4,1559.2,1595.0,4039.34101198
2023-02-24,1650.5,1664.9,1575.5,1608.7,15060.5762329
2023-02-23,1643.6,1679.7,1629.1,1650.6,8234.23288097
2023-02-22,1659.7,1667.0,1597.5,1643.5,11184.43426986
2023-02-21,1703.0,1715.5,1636.8,1659.7,14659.87687099
2023-02-20,1681.0,1719.2,1651.9,1703.0,10730.22882987
2023-02-19,1691.6,1726.7,1667.5,1681.0,10084.327418750001
2023-02-18,1694.6,1713.5,1679.4,1691.8,5088.77157105
2023-02-17,1638.9,1720.9,1631.7,1694.9,13104.48427272
2023-02-16,1674.5,1741.0,1634.8,1639.0,23785.04451765
2023-02-15,1555.8,1682.6,1543.3,1674.7,17528.55121676
2023-02-14,1505.3,1568.7,1486.0,1556.0,11668.42428018
2023-02-13,1515.7,1526.4,1462.2,1504.9,11599.76223073
2023-02-12,1538.7,1548.0,1494.3,1515.7,4770.02811798
2023-02-11,1513.4,1543.2,1505.5,1538.7,4181.74315455
2023-02-10,1545.6,1554.3,1492.5,1514.3,16210.77316684
2023-02-09,1650.0,1655.1,1525.0,1545.5,22201.58024563
2023-02-08,1671.0,1697.5,1631.0,1650.4,14087.68249381
2023-02-07,1614.0,1679.2,1613.3,1671.1,7513.3489353
2023-02-06,1629.2,1658.1,1605.3,1614.1,5072.86655633
2023-02-05,1666.3,1673.1,1610.0,1629.1,8854.89443927
2023-02-04,1663.9,1694.7,1645.8,1666.3,8995.8309542
2023-02-03,1643.6,1676.0,1625.6,1664.2,9165.40554138
2023-02-02,1640.9,1714.6,1626.0,1643.3,31805.07382367
2023-02-01,1585.6,1647.6,1556.3,1640.8,15046.74856261
2023-01-31,1566.9,1605.6,1561.8,1585.7,8393.77296128
2023-01-30,1644.4,1646.3,1536.0,1566.8,17971.0135405
2023-01-29,1572.7,1666.1,1567.2,1644.8,24577.9430795
2023-01-28,1597.4,1606.1,1556.6,1572.8,5190.02370904
2023-01-27,1601.1,1621.6,1552.3,1597.4,6853.85102747
2023-01-26,1612.4,1632.4,1577.7,1601.0,6213.91145198
2023-01-25,1555.7,1639.6,1516.1,1611.8,15571.07262865
2023-01-24,1626.2,1640.7,1530.0,1555.9,16276.01691798
2023-01-23,1627.7,1647.6,1585.7,1626.2,17342.53264432
2023-01-22,1625.8,1663.7,1603.7,1627.9,12721.40555526
2023-01-21,1658.4,1679.0,1618.8,1625.9,14671.26516861
2023-01-20,1551.6,1675.0,1542.0,1658.6,14448.49440604
2023-01-19,1511.7,1564.1,1509.9,1551.6,6713.34133992
2023-01-18,1565.6,1610.8,1501.8,1512.7,20135.56695403
2023-01-17,1577.0,1609.3,1542.4,1565.3,11176.66175093
2023-01-16,1552.9,1606.3,1522.7,1577.4,23518.62934225
2023-01-15,1550.2,1567.4,1516.3,1552.9,10060.72650819
2023-01-14,1451.0,1620.2,1449.8,1550.2,32250.26326452
2023-01-13,1416.0,1464.2,1401.6,1450.8,14058.39921948
2023-01-12,1390.6,1439.1,1362.0,1416.0,29398.86518167
2023-01-11,1336.0,1399.6,1321.2,1390.0,16748.92866792
2023-01-10,1320.9,1348.1,1317.7,1335.6,7491.52442103
2023-01-09,1291.3,1345.3,1286.5,1321.1,20789.26320708
2023-01-08,1264.9,1296.0,1259.5,1291.3,6071.09645376
2023-01-07,1270.3,1272.0,1262.0,1264.7,3019.20360891
2023-01-06,1251.9,1279.7,1237.0,1270.3,8781.54368507
2023-01-05,1257.4,1260.5,1241.8,1251.9,3531.2092534
2023-01-04,1215.6,1273.3,1213.8,1257.5,18767.18771966
2023-01-03,1215.3,1221.5,1205.5,1215.6,5871.66901559
2023-01-02,1201.9,1225.6,1194.8,1215.2,4987.33478366
2023-01-01,1197.3,1205.9,1192.8,1202.1,2119.12070377
2022-12-31,1200.9,1209.7,1193.0,1197.1,2704.51265761
2022-12-30,1201.7,1203.2,1183.2,1200.8,6182.80590429
2022-12-29,1191.0,1207.5,1187.6,1202.1,6006.17010441
2022-12-28,1212.7,1216.7,1184.3,1190.7,20444.99489316
2022-12-27,1229.7,1234.9,1202.9,1212.9,11259.14091142
2022-12-26,1220.0,1232.3,1213.1,1229.2,5913.91961976
2022-12-25,1222.3,1226.1,1193.9,1219.8,10402.85312791
2022-12-24,1221.7,1229.0,1216.4,1222.0,1025.50624072
2022-12-23,1219.8,1233.5,1215.3,1221.7,5271.99042597
2022-12-22,1214.7,1240.0,1185.1,1219.5,22923.25367515
2022-12-21,1218.2,1223.8,1205.2,1215.0,12580.19906671
2022-12-20,1168.1,1232.1,1163.9,1218.1,13067.20046612
2022-12-19,1184.2,1196.2,1151.2,1167.9,14158.23750045
2022-12-18,1188.4,1197.3,1173.4,1183.9,5122.02308044
2022-12-17,1167.7,1190.9,1163.6,1188.2,7895.71380391
2022-12-16,1267.6,1280.6,1157.0,1167.6,26249.34437495
2022-12-15,1308.2,1312.1,1260.5,1267.6,16591.76458422
2022-12-14,1321.5,1352.7,1301.8,1308.2,17435.56845367
2022-12-13,1276.7,1348.5,1256.9,1321.4,29769.13122737
2022-12-12,1264.1,1280.3,1241.8,1276.7,13362.24454765
2022-12-11,1267.0,1286.1,1257.1,1264.5,5159.56843526
2022-12-10,1263.4,1285.1,1260.1,1266.7,4228.08496667
2022-12-09,1281.4,1297.4,1256.3,1263.3,14922.82984416
2022-12-08,1231.9,1293.6,1222.8,1281.4,22733.51395303
2022-12-07,1271.9,1278.3,1219.0,1231.7,9551.3438705
2022-12-06,1259.9,1274.6,1242.6,1271.9,7137.97187072
2022-12-05,1280.6,1306.4,1246.9,1260.1,17014.52935813
2022-12-04,1240.9,1287.6,1240.6,1280.5,10122.08795639
2022-12-03,1295.8,1305.6,1237.0,1240.9,15526.93484847
2022-12-02,1276.8,1297.1,1265.9,1296.0,10979.04470668
2022-12-01,1295.6,1298.5,1263.7,1276.7,10784.32232321
2022-11-30,1216.9,1310.3,1213.2,1295.6,17405.34705722
2022-11-29,1168.0,1228.9,1158.7,1216.9,10615.20175798
2022-11-28,1194.1,1199.3,1149.8,1168.0,10852.6505051
2022-11-27,1205.1,1223.4,1189.5,1194.0,4214.14281442
2022-11-26,1199.2,1234.7,1196.9,1205.2,6673.90254192
2022-11-25,1204.2,1208.1,1171.2,1198.5,8727.27081697
2022-11-24,1184.7,1216.6,1180.9,1204.6,20847.80682649
2022-11-23,1139.6,1192.0,1127.6,1184.3,18745.72081282
2022-11-22,1106.6,1142.0,1075.2,1138.8,15502.30403145
2022-11-21,1141.9,1145.7,1079.5,1106.5,30400.96575917
2022-11-20,1216.6,1226.3,1132.2,1142.0,15252.51507597
2022-11-19,1211.7,1232.3,1197.3,1217.3,5449.29505597
2022-11-18,1199.0,1232.5,1198.7,1211.5,13407.58552466
2022-11-17,1216.1,1227.8,1180.0,1199.3,13707.61302991
2022-11-16,1253.0,1268.3,1186.1,1215.3,18650.09503011
2022-11-15,1243.0,1291.7,1231.0,1253.0,32020.88315554
2022-11-14,1223.0,1290.9,1172.0,1242.6,31741.75270132
2022-11-13,1257.7,1275.1,1202.7,1223.0,27241.84229173
2022-11-12,1288.3,1291.3,1238.7,1257.5,16665.51905409
2022-11-11,1299.3,1309.7,1201.9,1287.3,54156.95214676
2022-11-10,1103.1,1348.0,1086.1,1299.9,116390.12545871
2022-11-09,1335.5,1338.4,1073.9,1102.6,191093.61270806
2022-11-08,1569.5,1580.0,1213.5,1335.9,254547.91214427
2022-11-07,1569.7,1609.6,1547.3,1569.3,25486.8034778
2022-11-06,1628.1,1638.4,1566.7,1569.6,15662.02316924
2022-11-05,1645.5,1667.8,1622.5,1628.1,18928.14893872
2022-11-04,1532.6,1678.0,1530.2,1645.5,56600.77337455
2022-11-03,1519.7,1560.0,1516.5,1532.6,21595.43854813
2022-11-02,1579.8,1622.4,1503.5,1519.7,38582.03209173
2022-11-01,1573.6,1614.0,1564.1,1579.8,25392.91901751
2022-10-31,1592.0,1636.5,1545.8,1573.7,33555.65218918
2022-10-30,1621.4,1642.1,1578.2,1591.7,12194.52246463
2022-10-29,1555.6,1666.0,1549.1,1621.6,34604.84700398
2022-10-28,1515.1,1576.4,1482.1,1555.7,21691.10460618
2022-10-27,1566.9,1579.2,1504.3,1515.1,39136.42260458
2022-10-26,1461.1,1596.0,1458.5,1566.9,80209.17489208
2022-10-25,1344.6,1533.1,1335.9,1460.8,47763.21827092
2022-10-24,1365.3,1371.5,1324.7,1344.7,13583.82429282
2022-10-23,1314.8,1372.4,1300.1,1364.8,11255.18051716
2022-10-22,1300.7,1321.2,1294.7,1314.7,3840.76689031
2022-10-21,1283.8,1307.9,1254.8,1300.4,16906.38177397
2022-10-20,1285.6,1311.4,1270.0,1283.9,18662.89469581
2022-10-19,1310.7,1313.3,1279.8,1285.6,9790.8236523
2022-10-18,1331.8,1342.1,1287.0,1310.8,13064.58959524
2022-10-17,1306.4,1339.0,1296.0,1331.8,6814.06135662
2022-10-16,1275.2,1316.2,1274.9,1306.4,6652.48382324
2022-10-15,1297.0,1301.8,1263.7,1275.2,5013.58851365
2022-10-14,1287.1,1344.0,1283.7,1297.1,10936.63962659
2022-10-13,1294.5,1301.4,1190.0,1287.3,46416.42441837
2022-10-12,1279.8,1303.1,1275.16479186,1294.6,21512.60292396
2022-10-11,1289.9,1299.06906763,1267.08689386,1279.9,30471.04918847
2022-10-10,1323.1,1338.1,1287.4,1290.0,26923.55506508
2022-10-09,1315.7,1328.7,1307.3,1323.54406149,10018.13291081
2022-10-08,1330.8918066,1337.7,1303.6,1315.7,6582.64696521
2022-10-07,1352.2,1361.9,1317.14808044,1330.8918066,43373.65950182
2022-10-06,1352.04599591,1390.2,1345.3,1352.2,46269.31697817
2022-10-05,1361.76327716,1365.0,1316.2,1352.04599591,35758.27423358
2022-10-04,1323.4,1370.1285401,1319.2539635,1361.76327716,29768.0592772
2022-10-03,1277.29444921,1330.1850109,1264.0,1323.4,67545.95589698
2022-10-02,1312.2,1318.2,1270.0,1277.8,15928.36087717
2022-10-01,1329.2,1334.4,1303.2,1312.0,6922.58786193
2022-09-30,1336.15159633,1373.7,1315.1,1329.2,56487.71818591
2022-09-29,1337.8,1352.2,1289.5,1335.75835033,40476.63152742
2022-09-28,1329.00947922,1356.7,1255.0,1337.3,86536.87463584
2022-09-27,1336.89342049,1401.6,1304.83663664,1328.9,65989.55592681
2022-09-26,1295.5099612,1341.13753568,1279.6,1337.2,195856.5025724
2022-09-25,1317.4,1337.8,1270.5,1295.0,16745.45265845
2022-09-24,1327.7,1349.94224716,1307.0,1317.4,6033.79210478
2022-09-23,1327.1,1360.0,1263.1,1328.1,74394.15134531
2022-09-22,1245.7,1349.7,1237.3,1326.5,94659.57705136
2022-09-21,1323.54920562,1412.76385631,1220.11135781,1246.3,84579.95446887
2022-09-20,1376.07777212,1385.8,1313.1,1323.7,49879.57279823
2022-09-19,1335.2,1393.9,1281.1,1376.67959926,51901.63924612
2022-09-18,1469.3,1470.49587126,1324.0,1334.6365268,45209.01996037
2022-09-17,1434.4,1476.45898224,1410.3,1469.4,25276.71332062
2022-09-16,1474.2,1484.5,1406.5,1434.4,60740.31526848
2022-09-15,1638.5,1656.0,1461.0,1474.1,132829.06200408
2022-09-14,1574.5,1652.7,1553.1,1639.4,35303.56432483
2022-09-13,1716.2,1763.9,1561.6,1574.9,74190.31201089
2022-09-12,1766.30886479,1783.14261305,1693.1,1716.70659732,26056.28662372
2022-09-11,1774.9,1789.2,1721.0,1767.56081559,16567.46496671
2022-09-10,1720.3,1789.7,1707.9,1774.7,15326.33829314
2022-09-09,1635.7,1749.5,1631.1598881,1719.8,59446.09330052
2022-09-08,1629.65738754,1663.2,1595.0,1635.9,59038.78147969
2022-09-07,1558.81828698,1657.3,1491.0,1629.65738754,39183.91483458
2022-09-06,1617.6,1686.5,1554.1,1558.8,70720.02515289
2022-09-05,1579.1,1630.4,1557.16730876,1616.47572917,21507.05001054
2022-09-04,1557.3,1583.5,1540.8,1579.2,11232.25451638
2022-09-03,1576.40938973,1582.9,1531.98904655,1557.6,19477.08412199
2022-09-02,1586.9,1649.6,1546.7,1576.49987553,45303.54176867
2022-09-01,1554.48427564,1600.0,1513.3,1586.13170286,29403.00022317
2022-08-31,1525.3,1620.3,1525.3,1554.7,37385.67841206
2022-08-30,1552.62064789,1608.2,1474.4,1525.3,47175.98002837
2022-08-29,1427.48582452,1561.0,1422.8,1553.58909958,29070.64617663
2022-08-28,1492.9,1512.2,1424.1,1428.0,17277.00275166
2022-08-27,1508.8,1519.7,1447.7,1492.65035627,32014.80094874
2022-08-26,1695.2,1707.5,1488.6,1509.20374955,75095.25518848
2022-08-25,1657.1585529,1722.64137556,1654.6,1695.7,29515.904660340002
2022-08-24,1665.7,1694.5,1605.9,1657.00586626,26983.66753339
2022-08-23,1624.6,1675.0,1564.2,1665.0,34373.16007549
2022-08-22,1617.8,1628.6,1530.4,1625.1,35141.36361137
2022-08-21,1575.9,1646.7,1563.4,1617.9,12635.85661536
2022-08-20,1609.1,1657.0,1523.58825501,1575.8,18614.77592999
2022-08-19,1846.63591833,1847.96183665,1603.0,1609.1,45443.35564717
2022-08-18,1834.0,1882.5,1821.0,1846.4,14361.29651793
2022-08-17,1877.1,1957.3,1811.6,1833.63011956,39932.88243078
2022-08-16,1898.8,1915.6,1851.0,1876.97017734,14661.88213588
2022-08-15,1935.14670295,2012.4,1873.6,1899.3,25593.53131151
2022-08-14,1982.8,2030.8,1906.8,1935.22174645,12855.79385541
2022-08-13,1958.5,2019.1,1947.0,1983.1108359,16681.62911357
2022-08-12,1880.15870478,1964.7,1853.49303449,1958.45958314,22237.83425545
2022-08-11,1853.90972991,1942.6,1850.3,1880.6,46893.8627225
2022-08-10,1702.9,1885.0,1654.2,1853.99450033,57329.55173047
2022-08-09,1776.71729454,1790.8,1668.0,1702.9,25740.04316175
2022-08-08,1699.7,1816.9,1693.2,1777.8,61149.3740121
2022-08-07,1689.3,1727.4,1668.63736258,1699.7,25749.25325719
2022-08-06,1735.9,1747.9,1684.0,1689.5,105905.91811243
2022-08-05,1607.1,1741.0,1605.26060135,1735.6,86700.53267001
2022-08-04,1617.2,1661.4,1579.2,1607.1,46927.8537968
2022-08-03,1630.97843473,1685.1,1589.0,1617.2,28604.73850171
2022-08-02,1628.93788706,1678.2,1560.0,1630.4,34140.54078566
2022-08-01,1677.7,1704.5,1605.2,1628.93788706,49991.723910990004
2022-07-31,1697.1,1754.6,1666.1,1677.7,20633.60286343
2022-07-30,1721.41492096,1744.9,1673.4,1696.4,27754.29571618
2022-07-29,1724.14943294,1765.9,1657.9,1722.1,54076.1865098
2022-07-28,1636.13447221,1784.0,1596.0,1724.3,58653.70152902
2022-07-27,1449.8,1644.4,1421.04168463,1636.42817314,54554.44148182
2022-07-26,1440.2,1455.7,1356.2,1449.68158222,43594.59505836
2022-07-25,1598.44828856,1609.7,1434.8,1439.8893574,47954.29752964
2022-07-24,1548.76205262,1665.4,1545.2,1598.3,23480.0939415
2022-07-23,1536.090194,1596.9,1487.8,1548.6,14349.0993031
2022-07-22,1575.25389597,1647.9,1516.3,1535.0,48240.77985685
2022-07-21,1521.4,1606.2,1463.3,1575.4,59649.62099709
2022-07-20,1541.7,1620.0,1484.24421593,1521.5,58415.52658679
2022-07-19,1580.9,1630.0,1489.9,1542.4,74969.38852508
2022-07-18,1338.58943362,1595.7,1335.8,1581.3,93445.64290527
2022-07-17,1356.4929694,1388.0,1319.4,1338.3,32037.96308844
2022-07-16,1230.7,1430.3,1192.0,1356.6,58165.75133182
2022-07-15,1192.6,1287.1,1180.6,1231.3,66970.54805835
2022-07-14,1114.92998345,1214.4,1071.0,1192.6,52657.36013269
2022-07-13,1037.17660264,1119.64474168,1005.7,1115.5,168780.07594079
2022-07-12,1095.65620322,1097.1,1029.9,1037.5,53073.4678128
2022-07-11,1168.65353848,1171.4,1090.8,1095.71560963,37781.25567282
2022-07-10,1216.6,1219.7,1153.05721268,1168.3,13387.82201611
2022-07-09,1213.1,1233.3,1204.1,1216.4,8476.50778329
2022-07-08,1235.5,1274.5,1192.7,1213.7,91944.47790344
2022-07-07,1185.8,1252.2,1162.92246673,1235.0,52550.00222264
2022-07-06,1131.79068517,1203.8,1110.6,1185.5,45128.08156609
2022-07-05,1150.74680053,1173.0,1077.0,1131.84098764,33304.93314479
2022-07-04,1073.78349053,1160.7,1045.0,1150.4,39228.04642815
2022-07-03,1065.9,1086.7,1039.8,1073.97713121,18559.84546539
2022-07-02,1059.5,1078.0,1027.7,1065.5,25773.79693374
2022-07-01,1071.2,1115.7,1032.9,1059.5,52779.84429322
2022-06-30,1099.8,1106.2,997.29,1071.8,57105.21591032
2022-06-29,1143.5,1156.6,1088.8,1099.5,51257.90218354
2022-06-28,1191.7,1237.9,1136.5,1142.9,39221.14201668
2022-06-27,1199.1,1239.0,1171.0,1190.4,40126.17079146
2022-06-26,1241.78124782,1280.30106563,1196.0,1199.9,96788.96836462
2022-06-25,1224.49195038,1257.0,1177.4,1241.5,31410.23620886
2022-06-24,1142.72186859,1245.2,1130.4,1223.3,80576.50838762
2022-06-23,1048.3,1153.1,1043.2,1142.51144195,47116.94951604
2022-06-22,1124.6,1125.8,1041.6,1047.3,48910.84545279
2022-06-21,1126.8,1191.9041666,1108.18056615,1124.0,38605.83750882
2022-06-20,1126.8,1169.0,1052.2,1126.91316468,48305.37661965
2022-06-19,995.08,1158.0,936.31,1127.1,82471.09591907
2022-06-18,1084.27336577,1094.8,881.01,995.26,157324.59453483
2022-06-17,1068.8,1118.9,1051.1,1084.28019884,57479.98199033
2022-06-16,1238.2,1258.2,1052.1,1068.62740253,82339.02883258
2022-06-15,1208.4,1251.2,1013.3,1237.9,185056.03112756
2022-06-14,1211.3,1268.17026948,1075.3,1208.2,141233.60792386
2022-06-13,1437.5,1456.5,1163.1,1210.5,212227.70304315
2022-06-12,1533.7,1548.6,1426.2,1437.7,71678.71985009
2022-06-11,1663.5,1683.8,1502.0,1532.4,64187.49279433
2022-06-10,1789.7,1806.4,1655.5,1663.67813616,48313.05407686
2022-06-09,1793.30004072,1835.2,1778.7,1789.7,25932.1523402
2022-06-08,1814.6,1840.2,1766.7,1793.3,25969.30226672
2022-06-07,1859.8,1875.0,1725.9,1814.8,51934.46828536
2022-06-06,1806.86059982,1920.0,1805.2,1859.71567447,24958.97242569
2022-06-05,1805.3,1831.0,1773.1,1806.2,18616.07055449
2022-06-04,1776.6,1816.9,1749.0,1805.3,10858.39111054
2022-06-03,1836.0,1844.8,1736.7,1777.0,32974.23322248
2022-06-02,1820.9,1854.8,1783.35800115,1836.0,60676.20216243
2022-06-01,1941.3,1973.5,1763.2,1820.9,122904.93878883
2022-05-31,1999.7,2016.3,1925.2,1941.3,32172.95600237
2022-05-30,1814.1,2013.3,1804.5,1998.7,49181.18225848
2022-05-29,1793.3,1828.3,1763.6,1814.0,45501.35703442
2022-05-28,1727.68347215,1809.5,1722.33314534,1793.2,25379.8608808
2022-05-27,1791.8,1822.8,1703.0,1727.3,62740.34148275
2022-05-26,1941.9,1964.8632284,1733.0,1792.4,51329.5993253
2022-05-25,1978.5,2021.8,1933.4,1941.9,16366.13843964
2022-05-24,1972.4373698,1992.6,1910.6,1979.2,19793.170839
2022-05-23,2042.5,2087.8,1955.4,1971.6,17777.08881542
2022-05-22,1974.0,2056.6,1965.40733002,2042.5,10172.25322598
2022-05-21,1958.6,1990.0,1937.2,1973.91074729,8621.40687671
2022-05-20,2020.4,2065.1,1921.8,1959.8,24347.73139263
2022-05-19,1913.9,2041.1,1903.0,2020.3,38570.94598478
2022-05-18,2090.1,2109.97752762,1907.1,1912.23128554,35385.06814226
2022-05-17,2022.6,2123.3,2007.1,2090.6,20525.53399306
2022-05-16,2143.9,2144.3,1978.5,2022.2,42038.06165774
2022-05-15,2057.08622787,2167.0,2000.8,2144.4,23070.69639703
2022-05-14,2010.2,2070.5,1952.4,2057.1,28863.73525189
2022-05-13,1963.9,2153.07129134,1945.0,2009.90151707,75410.8008351
2022-05-12,2089.25098169,2196.7,1763.4,1963.4,189437.90949938
2022-05-11,2345.6010109,2456.4,2012.7,2088.9,202698.29821891
2022-05-10,2232.1,2459.4,2201.8986299,2346.56815213,85582.82625786
2022-05-09,2521.6,2532.59296113,2227.50043185,2233.54512368,91372.1677567
2022-05-08,2637.6,2643.7,2484.78094808,2520.9,27755.1161429
2022-05-07,2694.0,2705.9,2589.4,2637.5,20079.23935113
2022-05-06,2748.66277092,2757.5,2634.05137754,2693.7,55756.90884816
2022-05-05,2941.79812252,2955.8,2688.0,2748.64226782,35229.68704853
2022-05-04,2782.74038099,2965.66534385,2772.4,2941.9,31278.6213336
2022-05-03,2857.7,2863.5,2756.3,2782.50979263,16494.99559338
2022-05-02,2828.1,2885.0,2780.54718902,2857.1,17402.85424665
2022-05-01,2728.1,2851.4,2717.24574261,2828.8,9624.3689225
2022-04-30,2818.4,2842.5,2717.0,2728.1,10334.65029533
2022-04-29,2937.2,2947.2,2777.59605465,2818.3,19589.81981906
2022-04-28,2890.3,2980.5,2856.62756999,2937.55422962,27476.31514016
2022-04-27,2810.69346157,2921.1,2796.0,2890.66794035,16128.79273487
2022-04-26,3009.2,3039.5,2767.7,2811.0,18089.54443949
2022-04-25,2922.5,3027.2,2797.7,3008.0,24305.53176248
2022-04-24,2933.5,2968.23381229,2913.5,2923.9,7485.33351832
2022-04-23,2963.7,2980.6,2917.0,2932.75049161,5763.55131453
2022-04-22,2984.66872528,3034.7,2934.0,2963.85862526,12754.30112632
2022-04-21,3076.4,3181.9,2940.9,2984.51804911,16312.64815544
2022-04-20,3103.32545413,3170.9,3038.1531986,3076.46064653,19380.16192443
2022-04-19,3057.6,3133.0,3031.8,3104.2,10777.85034444
2022-04-18,2987.86485847,3071.3,2883.4,3056.5,21963.8645237
2022-04-17,3061.24456941,3083.4,2982.8,2991.0,7850.26421092
2022-04-16,3041.6,3086.3,3012.3,3061.1,6328.86066543
2022-04-15,3022.70942308,3062.6,2994.4,3042.9,7996.84818499
2022-04-14,3119.4,3144.3,2976.8,3022.47167031,15794.28416425
2022-04-13,3028.9,3129.5,2999.3,3118.93217107,21284.65685927
2022-04-12,2981.52002779,3086.9,2953.47542541,3029.5,16931.2529772
2022-04-11,3204.21960221,3216.1,2951.1,2980.3,42604.0052139
2022-04-10,3260.23806544,3310.9,3196.2,3204.3,24610.61015955
2022-04-09,3193.0,3269.8,3183.1,3259.0,12319.86542269
2022-04-08,3227.4,3314.5,3174.0,3194.7,13932.82450888
2022-04-07,3170.08315079,3269.0,3147.1,3227.6,17537.05955394
2022-04-06,3405.8,3405.8,3165.3,3170.73702335,56124.86214374
2022-04-05,3521.0,3551.9,3398.6,3405.0,25393.57668734
2022-04-04,3520.5,3544.0,3409.8,3520.8,23090.73179412
2022-04-03,3443.73553307,3578.7,3413.5,3520.6219146,20790.29514365
2022-04-02,3456.2,3528.8,3431.7,3443.3,37566.98392951
2022-04-01,3282.0,3482.9,3214.3,3456.9,22777.25248483
2022-03-31,3384.5,3445.7,3258.4,3282.2,23700.84965214
2022-03-30,3400.6,3445.9,3333.8,3384.1,19500.09718586
2022-03-29,3332.5,3482.0,3330.3,3401.6,32365.01261091
2022-03-28,3294.7,3429.9,3274.6,3332.8,25838.1064996
2022-03-27,3145.3,3297.4,3128.0,3295.37056522,20950.98418506
2022-03-26,3104.05420213,3152.6,3086.72426301,3145.6,9132.53027471
2022-03-25,3110.5,3193.0,3078.3,3104.18622213,29243.72437563
2022-03-24,3036.0,3128.0,3002.2,3111.5,40579.78424733
2022-03-23,2969.0,3043.3,2920.4,3036.0,25716.38414901
2022-03-22,2888.7,3050.3,2886.2,2969.4,75631.45965349
2022-03-21,2861.6,2960.7,2832.7,2889.0,34995.0999187
2022-03-20,2951.52275288,2964.60856967,2819.4,2861.2,14933.50705064
2022-03-19,2938.9,2986.7,2891.9,2951.94217008,34241.75279469
2022-03-18,2813.9,2984.6,2769.4,2939.9,92412.62104162
2022-03-17,2776.4,2839.0,2750.0,2814.1,20411.35641417
2022-03-16,2620.5,2790.7,2606.9,2776.7,31251.96090406
2022-03-15,2592.74255324,2671.1,2510.0,2620.8,18166.89897109
2022-03-14,2516.2,2610.8,2499.4,2593.7,15962.51759312
2022-03-13,2568.8,2603.6,2491.7,2514.5,10146.95586682
2022-03-12,2558.03227084,2614.2,2553.7,2569.7,9556.46493145
2022-03-11,2609.0,2677.2,2523.0,2558.03227084,25615.81061352
2022-03-10,2730.02919979,2735.26513348,2556.3,2609.0,72128.27081628
2022-03-09,2578.1,2775.3,2570.2,2730.7,28883.7095652
2022-03-08,2493.88871573,2626.3,2482.4,2579.46063743,27765.80214004
2022-03-07,2551.96618531,2650.6,2447.3,2493.8,30023.89520026
2022-03-06,2665.8,2677.7,2533.7,2551.0,10952.02870383
2022-03-05,2624.7,2686.0,2591.47233673,2666.0,7430.99777918
2022-03-04,2835.8,2837.9,2576.7,2624.5,24788.2798937
2022-03-03,2950.6,2972.6,2788.0,2835.8,16633.02027237
2022-03-02,2979.3,3047.4,2916.0,2950.3,29988.17898
2022-03-01,2925.3,3038.9,2856.8,2977.8,44478.6892921
2022-02-28,2620.3,2953.2,2570.3,2925.8,51863.15311289
2022-02-27,2781.33964037,2838.9,2560.2,2618.6,49556.95207883
2022-02-26,2770.6,2880.6,2731.1,2780.9,29453.80489638
2022-02-25,2599.8,2838.52477919,2575.0,2770.6,40019.40036384
2022-02-24,2583.55039983,2740.4,2306.1,2600.1,131415.53942421
2022-02-23,2641.5,2756.7,2580.2,2582.1,38604.98651039
2022-02-22,2572.1,2670.0,2504.9,2641.3,37656.99801115
2022-02-21,2625.7,2762.2,2563.2,2572.5,91639.52911402
2022-02-20,2766.8,2768.1,2578.1,2625.4,33296.25404617
2022-02-19,2781.5,2832.3,2697.6,2766.85793995,16716.00156004
2022-02-18,2894.7,2947.2,2755.6,2781.9,21367.91943675
2022-02-17,3124.5,3162.0,2855.6,2894.3,56803.13838794
2022-02-16,3185.8,3190.6,3045.9,3124.96179214,17149.01044013
2022-02-15,2931.1,3198.9,2914.3,3185.8,18698.71294458
2022-02-14,2873.5,2967.1,2834.0,2930.4,22318.07192306
2022-02-13,2919.5,2954.9,2837.4,2873.46131551,12557.64671574
2022-02-12,2930.3,2987.5,2860.2,2919.74613666,14672.67734035
2022-02-11,3076.57832855,3142.6243426,2881.56167321,2930.0,27896.58526099
2022-02-10,3247.98971592,3288.5,3062.4,3076.2,36404.90380604
2022-02-09,3119.3,3274.5,3057.0,3248.4,23851.66233051
2022-02-08,3142.0,3236.2,3027.0,3118.7,30161.34639953
2022-02-07,3058.78445699,3187.7,2996.5,3141.5,24366.65247772
2022-02-06,3017.5,3077.0,2955.0,3058.8,13620.87432683
2022-02-05,2997.6,3062.2,2960.12047381,3017.2,19791.01903015
2022-02-04,2699.3,2999.0,2673.69674612,2996.3,47959.70326669
2022-02-03,2682.1,2727.2,2577.0,2698.8,33643.44435029
2022-02-02,2789.2,2811.9,2615.2,2681.2,24684.4890892
2022-02-01,2689.6,2815.8,2676.1,2789.45766495,23214.86431668
2022-01-31,2603.8,2710.0,2479.7,2688.8,35063.42244591
2022-01-30,2602.5,2641.0,2544.7,2604.8,19214.99214114
2022-01-29,2546.5,2639.4,2522.2,2601.91155377,22696.55697431
2022-01-28,2425.96255401,2558.5,2361.0,2546.88971162,26027.4790726
2022-01-27,2465.4,2521.6,2315.6,2426.6,39634.87548912
2022-01-26,2460.50898897,2722.1,2405.2,2464.7,46082.6928144
2022-01-25,2443.2,2508.6,2353.3,2460.3,25158.29259121
2022-01-24,2542.0,2542.0,2160.6,2442.0,83826.76641748
2022-01-23,2414.6,2552.9,2374.3,2542.9,38426.51633504
2022-01-22,2570.3,2626.9,2301.0,2414.3,82539.79883389
2022-01-21,3001.6,3035.7,2467.8,2569.8,116749.02116486
2022-01-20,3084.4,3275.0,2988.1,3003.0,20538.69955701
2022-01-19,3160.7,3177.59209133,3049.1,3082.9,23885.25766288
2022-01-18,3210.9,3244.6,3084.6,3162.8,21531.41000767
2022-01-17,3349.11634169,3358.1,3142.4,3210.3,25070.3555776
2022-01-16,3327.0,3393.0,3272.7,3349.0,14267.49296254
2022-01-15,3309.4,3374.9,3264.0,3328.4,23110.3725443
2022-01-14,3241.0,3342.0,3189.4,3309.4,37239.4149625
2022-01-13,3372.01806771,3412.3,3233.4,3241.4,22369.14737537
2022-01-12,3240.59734476,3412.9,3208.3,3371.9,28840.5229329
2022-01-11,3084.7,3264.4,3052.9,3239.7,27738.04934115
2022-01-10,3150.2,3182.2,2930.35661308,3084.5,64198.56398775
2022-01-09,3081.3,3210.8,3059.2,3149.4,41073.43328127
2022-01-08,3197.4,3248.2,2998.7,3081.6,42691.68444996
2022-01-07,3406.6,3415.1,3064.95650159,3197.5,94775.47721915
2022-01-06,3539.7,3548.9,3300.0,3408.1,46945.70323274
2022-01-05,3785.6,3847.2,3411.3037009,3539.9,42082.55436017
2022-01-04,3765.3,3890.8,3714.8,3785.4,22282.96035994
2022-01-03,3830.7,3849.7,3683.0,3764.9,18642.86759724
2022-01-02,3767.17148208,3852.5,3717.6,3830.6,12608.05366777
2022-01-01,3677.6,3777.9,3675.0,3767.1,16828.88526562
2021-12-31,3710.6,3816.8,3622.0,3678.2,28128.69328507
2021-12-30,3629.5,3768.0,3586.3,3710.0,21673.83337067
2021-12-29,3794.6,3828.6,3606.0,3627.9,31390.79079134
2021-12-28,4037.9,4037.9,3761.3,3793.4,29907.20830862
2021-12-27,4064.6,4126.9,4033.0,4037.0,13403.74072817
2021-12-26,4096.7,4107.5,4006.1056652,4063.8,14544.83396952
2021-12-25,4047.4,4139.6,4026.0,4096.0,14354.54625259
2021-12-24,4112.9,4136.1,4026.0,4047.6,25079.01252413
2021-12-23,3981.7,4154.4,3896.75159278,4112.1,49188.9234961
2021-12-22,4017.1,4076.3,3940.1,3981.77159441,22467.03499531
2021-12-21,3947.2,4065.5,3915.87665699,4017.10993358,46161.65539089
2021-12-20,3926.8,3985.3,3755.8,3945.2,24687.36339556
2021-12-19,3962.2,4034.1,3886.1,3926.29691461,19332.16068297
2021-12-18,3877.11748301,4003.2,3769.2,3963.8,24224.60902212
2021-12-17,3958.98779653,3996.96435954,3706.0,3877.6,49001.76713317
2021-12-16,4023.9,4115.51653021,3955.4,3958.3,35547.92689636
2021-12-15,3862.8,4097.0,3614.6,4023.15206957,69522.14971581
2021-12-14,3788.0,3884.4,3689.0,3863.4,35051.80669334
2021-12-13,4134.97838721,4147.1,3676.0,3788.3,164415.96130593
2021-12-12,4092.3,4176.70321293,3990.08555198,4135.3,14423.84569014
2021-12-11,3901.6,4099.0,3836.0,4091.6,25058.38187686
2021-12-10,4107.8,4235.0,3891.34227937,3902.9,33347.8175002
2021-12-09,4441.7,4490.5236743,4081.8,4109.6,35270.23060902
2021-12-08,4310.6,4455.7,4228.4,4440.8,24736.25550342
2021-12-07,4352.98246327,4426.1,4262.0,4309.2,21441.56827776
2021-12-06,4203.1,4375.9,3926.8409894,4354.5,52315.52100606
2021-12-05,4123.4,4254.9,4038.55950987,4202.8,34788.40113525
2021-12-04,4218.8,4239.0,3436.4,4125.4,77930.91998933
2021-12-03,4514.3,4657.1,4050.0,4220.6,52998.47109924
2021-12-02,4587.4,4635.0,4432.4,4516.0,27338.13674261
2021-12-01,4632.9,4781.6,4527.6,4589.5239992,31869.37993811
2021-11-30,4447.3,4755.9,4351.1,4633.0,48791.393761780004
2021-11-29,4298.50274007,4460.0,4284.8,4447.3,20600.754928450002
2021-11-28,4097.9,4303.3,3968.85861625,4299.2,28494.18211053
2021-11-27,4046.0,4187.6,4034.9,4100.1,11283.91913128
2021-11-26,4527.6,4556.0,3916.3,4047.9,52614.8660951
2021-11-25,4271.9,4556.2,4248.4,4527.3,20645.51272732
2021-11-24,4341.8,4376.1,4167.5,4272.9,25044.58115039
2021-11-23,4089.1,4386.5,4061.7,4341.9,28736.69347771
2021-11-22,4262.6,4319.6,4025.7,4089.7,35585.92563514
2021-11-21,4415.77421546,4426.6,4249.2,4264.5,12465.54142708
2021-11-20,4298.9,4438.0,4207.0,4416.6,19249.77280071
2021-11-19,3998.4,4311.6,3978.1,4299.6,36245.51621247
2021-11-18,4289.06773158,4344.6,3959.7,3998.7,51251.98248556
2021-11-17,4208.2,4299.0,4067.8,4289.8,36923.90110263
2021-11-16,4560.7,4560.7,4124.0,4208.4,99957.98306667
2021-11-15,4625.22211311,4767.5,4535.2,4560.2,17440.11612681
2021-11-14,4645.0926318,4693.4,4514.7,4625.44517998,12378.57915849
2021-11-13,4668.3,4706.5420133,4587.9,4647.1,8681.12939367
2021-11-12,4719.5,4804.0,4510.0,4668.0,31834.8251932
2021-11-11,4629.8,4777.0,4577.5,4721.4,19044.79548066
2021-11-10,4733.0,4864.9,4476.0,4629.8,49658.21606803
2021-11-09,4807.1,4839.0,4716.4,4733.1,23046.88590722
2021-11-08,4614.8005161,4820.0,4614.52139105,4807.3,38792.43121629
2021-11-07,4520.06033732,4635.0,4506.2,4614.8,16412.80908762
2021-11-06,4477.9,4531.2,4327.6,4520.0,20007.45139835
2021-11-05,4533.4750634,4570.6,4432.38004027,4479.2,15574.38858674
2021-11-04,4602.2,4604.6,4421.1,4535.1,16006.52227132
2021-11-03,4593.4,4668.9,4457.5,4601.0,47478.64245723
2021-11-02,4320.4,4601.0,4285.9,4592.21957979,28815.27546967
2021-11-01,4288.3,4382.5,4146.2,4321.3,28566.97744867
2021-10-31,4322.8,4394.3,4164.9,4288.3,28701.60416322
2021-10-30,4418.6,4430.0,4235.4,4322.9,22714.69444969
2021-10-29,4286.7,4456.5,4267.5,4417.4,44682.82216449
2021-10-28,3922.5,4291.3,3891.0,4286.03812564,42385.15518084
2021-10-27,4127.9,4308.0,3909.0,3922.5,46236.12692622
2021-10-26,4220.4,4296.9,4089.4,4128.0,27141.00591119
2021-10-25,4080.1,4233.8,4066.7473858,4220.1,23756.27317532
2021-10-24,4167.7,4185.0,3962.3,4080.4,24450.15163707
2021-10-23,3972.7,4172.3,3941.1,4168.66071463,18535.76565034
2021-10-22,4053.7,4165.9,3892.8,3972.9,28192.60224051
2021-10-21,4162.1,4370.3,4015.8398042,4054.6,55187.83211729
2021-10-20,3876.5,4170.0,3828.4,4164.4,32085.06206085
2021-10-19,3745.9,3887.0,3732.6,3876.0,19652.06454957
2021-10-18,3845.5,3895.0,3676.8,3747.8,24689.70808609
2021-10-17,3829.2,3918.9,3641.5,3845.1,26072.59507987
2021-10-16,3870.0,3973.2,3804.2,3830.0,25065.7781539
2021-10-15,3791.2,3906.6,3736.5,3869.3,36976.96056782
2021-10-14,3607.7,3823.5,3590.7,3790.5214358,26528.7466978
2021-10-13,3489.8,3613.5,3414.2,3607.5,15331.58230605
2021-10-12,3541.6,3548.3,3403.7,3491.0,20238.90989532
2021-10-11,3414.2,3622.6,3372.1,3544.1,26226.37918582
2021-10-10,3576.4,3603.2,3409.0,3415.1,21794.26750374
2021-10-09,3563.0,3637.1,3538.6,3576.5,12889.48046394
2021-10-08,3587.3,3671.6,3533.3,3562.5,27027.97822467
2021-10-07,3576.47122774,3654.5,3470.4,3587.3,26230.52431542
2021-10-06,3516.5,3632.69680954,3342.3,3576.4,28879.50070322
2021-10-05,3387.6,3546.8,3365.8,3515.7,21873.13844211
2021-10-04,3419.66566055,3441.3,3268.4,3385.5,24647.56067148
2021-10-03,3389.3,3490.0,3344.25628824,3419.66566055,14936.83427997
2021-10-02,3310.2,3471.7,3261.0,3389.6,19181.63625012
2021-10-01,3000.5,3330.98553394,2969.8,3310.5,37222.27999898
2021-09-30,2850.7,3050.6,2838.4,3000.5,29216.84977043
2021-09-29,2806.5,2949.67343401,2783.4,2849.73849759,29254.13103621
2021-09-28,2927.7,2970.0,2789.7,2807.7,42221.67358805
2021-09-27,3061.3,3166.0,2925.1,2928.9,35398.16676875
2021-09-26,2924.5,3117.8,2743.5,3063.0,58853.28535229
2021-09-25,2931.8,2968.8,2806.5,2924.3,47804.13529287
2021-09-24,3153.7,3160.8708696,2737.0,2931.7,83640.10172509
2021-09-23,3078.1,3175.6,3034.4,3152.8,28112.47574903
2021-09-22,2766.0,3089.6,2740.0,3078.0,58147.8847356
2021-09-21,2977.0,3104.60422795,2656.9,2766.4,101108.10432862
2021-09-20,3328.64271937,3346.1,2924.0,2977.7,81696.78646025
2021-09-19,3436.08472937,3455.50548596,3278.7,3328.4,20866.51098472
2021-09-18,3400.2,3542.0,3370.8,3436.1,14031.38319214
2021-09-17,3569.8,3595.1,3351.6,3399.0,23134.15163613
2021-09-16,3614.4,3675.0,3485.0,3569.9,40542.09124931
2021-09-15,3436.0,3616.4,3360.3,3614.9,27736.58437178
2021-09-14,3285.0,3439.7,3271.3,3436.0,29727.83243202
2021-09-13,3404.8,3428.8,3109.03393701,3285.2,78502.83797415
2021-09-12,3267.3,3471.7,3232.8,3404.7,33562.47894823
2021-09-11,3210.2,3347.5,3200.8,3267.4,21318.12084931
2021-09-10,3425.4,3515.4,3148.14158665,3209.8,42322.73225481
2021-09-09,3500.2,3567.1,3395.08766117,3424.3,32219.6454225
2021-09-08,3435.1,3559.4,3218.2,3500.2,60155.76085415
2021-09-07,3927.2,3946.2,3026.0,3432.5,143770.33522377
2021-09-06,3952.1,3973.2,3882.5,3927.2,50207.34399832
2021-09-05,3885.3,3982.0,3833.8,3952.1,39134.94724441
2021-09-04,3938.8,3969.8,3835.0,3884.4,23300.40429983
2021-09-03,3787.6,4027.9,3710.0,3938.3,57443.89972817
2021-09-02,3826.4,3837.0,3723.89275663,3787.6,34933.6499283
2021-09-01,3431.1,3840.9,3383.9,3827.2,64494.77331006
2021-08-31,3230.7,3474.0,3191.5,3431.1,57257.52490032
2021-08-30,3225.9,3349.0,3142.6,3230.88339915,29276.98784938
2021-08-29,3246.0,3289.4,3153.0,3225.8,20425.02550639
2021-08-28,3275.16867201,3286.7,3211.6,3245.8,8712.73265236
2021-08-27,3092.4,3282.2,3061.0,3276.1,26166.49743996
2021-08-26,3227.6,3252.5,3056.0,3092.67898368,25322.7725691
2021-08-25,3171.3,3248.8,3080.7,3228.51441547,34952.54842194
2021-08-24,3323.4,3359.10304951,3148.2,3173.2,36027.86609181
2021-08-23,3240.7,3380.3,3232.5,3324.43541691,41708.34541707
2021-08-22,3225.0,3275.0,3127.0,3240.7,19611.00783748
2021-08-21,3287.9,3310.0,3206.9,3225.0,20223.12589839
2021-08-20,3185.9,3303.1,3179.9,3286.8,31865.22692414
2021-08-19,3015.3,3188.3,2960.1,3186.4,36892.44541992
2021-08-18,3012.6,3124.0,2955.0,3015.4,35131.83337907
2021-08-17,3147.4,3291.4,2993.9,3013.0,54078.40745508
2021-08-16,3311.1,3340.1,3135.0,3147.27310599,46987.13211524
2021-08-15,3265.3,3322.7,3104.8,3312.4,41579.2847322
2021-08-14,3325.531512,3332.72789539,3206.6,3265.6,21317.13383495
2021-08-13,3047.6,3329.7,3035.6,3324.8,31174.30097141
2021-08-12,3160.1,3237.9,2981.3,3047.8,41101.52754713
2021-08-11,3141.7,3272.2,3121.7,3163.0,41973.38786362
2021-08-10,3164.44952897,3232.7,3051.5,3139.9,51151.82644387
2021-08-09,3009.76699591,3187.5382627,2892.6,3164.4,83221.56160817
2021-08-08,3158.0,3187.0,2947.5,3009.2,66503.57765485
2021-08-07,2891.9,3172.0,2866.7,3158.3,64894.22537063
2021-08-06,2829.4,2947.6,2722.2,2892.0,41155.14790841
2021-08-05,2725.9,2844.1,2531.4,2829.1,90002.03373624
2021-08-04,2510.0,2773.6,2455.4,2726.1,59045.45796171
2021-08-03,2607.8,2632.6,2446.9,2508.9,67178.21087843
2021-08-02,2557.3,2667.3,2510.0,2607.3,84645.19128607
2021-08-01,2530.0,2697.0,2511.0,2557.3,115325.25553934
2021-07-31,2462.9,2550.9,2420.4,2529.0,38391.58942901
2021-07-30,2384.0,2471.2,2317.1,2463.0892634,45197.45695165
2021-07-29,2301.0,2403.9,2266.4,2384.2,21642.8948278
2021-07-28,2301.6,2346.47091105,2244.1,2300.1,33143.98546437
2021-07-27,2229.3,2319.3,2151.3,2304.3,83188.8915804
2021-07-26,2193.0,2431.51779793,2173.6,2228.7,74771.4747216
2021-07-25,2187.0,2199.1,2109.06342846,2192.7,15274.24041286
2021-07-24,2125.0,2200.8,2106.3,2185.9,97055.50986653
2021-07-23,2026.0,2130.7,1997.2,2124.5,34969.7561018
2021-07-22,1995.8,2048.9,1948.8,2025.3,33067.31606012
2021-07-21,1788.2,2037.00276253,1755.3,1995.4,68776.65370621
2021-07-20,1820.3,1842.2,1721.0,1787.8,137810.20583396
2021-07-19,1893.7,1919.8,1806.0,1820.0,58416.59558511
2021-07-18,1900.76717679,1993.7,1879.94418571,1893.20875733,37432.25621685
2021-07-17,1878.1,1920.6,1846.4,1900.85804867,66806.51403383
2021-07-16,1919.7675586,1967.0,1850.9,1878.23910657,40932.08448608
2021-07-15,1994.9,2041.8,1882.3,1919.7,42766.13701095
2021-07-14,1940.3,2020.5,1863.6,1995.0,41122.34963636
2021-07-13,2029.6,2046.4,1917.2,1940.6,34502.41415487
2021-07-12,2140.0,2167.0,2004.0,2031.0,29085.32521088
2021-07-11,2109.6,2173.7,2081.0,2139.6,11735.05985158
2021-07-10,2143.3,2188.9,2072.5,2110.0,43244.3195771
2021-07-09,2114.0,2184.2,2045.7,2143.3,224854.02294593
2021-07-08,2317.5,2325.8,2082.87444617,2112.6,324579.0307123
2021-07-07,2323.71169612,2409.6,2294.1,2316.9,42373.41968412
2021-07-06,2194.9,2349.88367354,2192.41107338,2323.7,54383.87368367
2021-07-05,2321.9,2323.9,2157.1,2195.20588584,51905.18138446
2021-07-04,2227.5,2386.5,2189.7,2322.43252401,54218.61615439
2021-07-03,2155.9,2239.5,2113.1,2227.1,33574.06329246
2021-07-02,2106.7,2160.3,2017.3,2156.2,42625.18951882
2021-07-01,2275.5,2276.8,2072.1,2106.7,49354.99719235
2021-06-30,2166.3,2288.0,2089.1,2275.0,38457.82349635
2021-06-29,2083.77707891,2243.4,2075.3,2166.1,64297.2083274
2021-06-28,1984.9,2147.5,1963.1,2083.8,87161.42605975
2021-06-27,1833.2,1985.7,1808.0,1983.39778481,196717.98433979
2021-06-26,1807.9,1851.2,1717.2,1833.3,133339.61001294001
2021-06-25,1990.4,2019.9,1788.0,1809.0,231083.24228023
2021-06-24,1969.60212551,2032.1,1887.1,1990.3,66451.2493039
2021-06-23,1883.6,2045.4,1826.21974604,1970.32286547,194020.90122778
2021-06-22,1894.0,2005.33413628,1711.4,1881.6,635945.28624989
2021-06-21,2246.6,2263.9,1885.0,1892.93577195,313607.5909141
2021-06-20,2168.18536102,2282.0,2046.1,2246.8385046,59409.50054717
2021-06-19,2234.6,2279.5,2165.6,2169.1,37096.24174637
2021-06-18,2373.0,2377.4,2138.3,2234.5,49219.69393859
2021-06-17,2366.5,2460.5,2304.7,2372.0,26621.10328279
2021-06-16,2542.0,2555.79327982,2351.7,2366.7,36212.41654651
2021-06-15,2581.1,2640.3,2505.2,2541.6,22267.5211698
2021-06-14,2509.1,2604.1,2460.8674582,2580.5,30672.03524261
2021-06-13,2371.1,2550.4,2309.6,2508.49058317,27343.50898778
2021-06-12,2354.98933844,2456.48020554,2258.3,2368.7,40740.37934818
2021-06-11,2469.8,2497.74945271,2320.88548912,2354.7,42909.42802672
2021-06-10,2609.0,2623.0,2425.4,2470.7,51748.35728522
2021-06-09,2508.3,2623.2,2409.3,2609.16215241,83288.77061717
2021-06-08,2590.5,2620.0,2310.0,2508.62724811,75198.57984759
2021-06-07,2711.8,2846.86789902,2570.90782744,2591.357671,61109.76329947
2021-06-06,2628.2,2744.0,2615.2,2710.1,29691.40330441
2021-06-05,2690.2,2815.9,2554.0,2629.0,53948.41021807
2021-06-04,2855.7,2858.65959328,2551.9,2692.0,57816.43737039
2021-06-03,2704.1,2889.8,2663.4,2855.7,53284.21259604
2021-06-02,2633.9,2801.7,2551.0,2706.0,43366.61465213
2021-06-01,2705.1,2738.9,2526.2656081,2632.8,52135.15552421
2021-05-31,2381.8,2719.0,2271.0,2705.39785315,81828.52896449
2021-05-30,2272.7,2466.9,2178.4,2382.9,271175.12216268
2021-05-29,2409.3,2574.3,2206.7,2272.7,162715.51231125
2021-05-28,2740.9,2759.1,2326.5,2409.74455175,170754.48327537
2021-05-27,2888.88052683,2890.55607704,2640.4,2740.9,63954.9751817
2021-05-26,2707.9,2915.4,2647.1,2888.9,96503.27593805
2021-05-25,2647.7,2751.66022128,2386.0,2707.9,125633.5376514
2021-05-24,2097.22218588,2675.0,2084.2,2647.7,319889.82306367
2021-05-23,2302.13365081,2388.70694929,1755.0,2097.6,474084.57836641
2021-05-22,2439.7,2495.0,2164.1,2302.1,258458.88203209
2021-05-21,2772.06112579,2940.8,2113.0,2439.8,323558.87958085
2021-05-20,2441.6,2989.9,2160.3,2773.9,263389.7128138
2021-05-19,3378.6,3442.9,2033.7,2441.6,715001.93509402
2021-05-18,3283.5,3563.8,3238.6,3378.6,121345.22593888
2021-05-17,3593.5,3598.8,3122.5,3277.66615736,234830.82918947
2021-05-16,3652.9,3887.9,3363.6,3593.5,133616.90347014
2021-05-15,4082.3,4136.4,3638.1,3651.9,63656.63657859
2021-05-14,3722.43565027,4171.7,3697.4,4082.3,60724.21141766
2021-05-13,3832.9,4038.2,3555.0,3722.8,176239.24069398
2021-05-12,4172.7,4373.0,3759.1,3833.3051523,167392.91909688
2021-05-11,3945.5040603,4177.2,3767.06573054,4172.7,79570.31180925
2021-05-10,3926.9,4207.6,3666.3,3945.5040603,140794.83705284
2021-05-09,3910.90415771,3980.0,3724.1,3926.0,64100.30063732
2021-05-08,3482.2,3953.2,3452.0,3911.7,96492.32830645
2021-05-07,3491.3511649,3586.8,3356.7,3481.48541605,49192.64638476
2021-05-06,3524.7,3599.0,3380.0,3491.4,100986.97906195
2021-05-05,3242.44843,3542.0,3207.8,3524.7,82857.30617097
2021-05-04,3429.653425,3524.0,3175.0,3240.5,145832.9963547
2021-05-03,2949.7,3445.0,2949.7,3427.3,118168.96081195
2021-05-02,2943.9,2981.4,2851.0,2949.7,32283.84502191
2021-05-01,2769.4,2950.5,2752.2,2943.8,61256.63412977
2021-04-30,2758.3,2798.7,2725.2,2769.4,35475.54440894
2021-04-29,2748.5,2796.1,2671.1,2758.6,61706.13843855
2021-04-28,2665.7,2760.4,2563.9,2748.5,84109.42316172
2021-04-27,2536.9,2680.0,2484.2,2665.7,81867.84099448
2021-04-26,2323.0,2544.9,2306.3,2537.0,67016.63459905
2021-04-25,2218.1,2360.2,2167.6,2322.8,92310.16727915
2021-04-24,2368.8,2368.9,2162.1,2218.6,68236.73273855
2021-04-23,2399.4,2441.9,2111.3,2367.9,192502.54572415
2021-04-22,2356.1,2642.0,2305.2,2399.3,195662.95982556
2021-04-21,2329.9,2466.32374375,2236.3784825,2356.7,139470.14749473
2021-04-20,2160.53285071,2345.9,2055.0,2329.9,141227.50107731
2021-04-19,2235.9,2277.0,2077.8,2160.0,74286.9086357
2021-04-18,2313.8,2335.8,1926.0,2237.1,235282.77660959
2021-04-17,2421.9,2494.5,2310.5,2313.6,66875.56401966
2021-04-16,2516.6,2544.0,2298.6,2422.5,101986.60460289
2021-04-15,2429.9,2544.0,2397.2,2516.4,73456.14479858
2021-04-14,2296.7,2444.9,2281.1,2429.9,83946.6527375
2021-04-13,2138.2,2316.2,2137.1,2296.7,93350.14519929
2021-04-12,2152.9,2203.9,2101.9,2138.2,50273.74423447
2021-04-11,2136.7,2166.9,2115.6,2152.8,34324.27625925
2021-04-10,2067.4,2200.0,2059.1,2136.1,74549.70346988
2021-04-09,2081.3,2100.6,2051.8,2067.4,66756.89335195
2021-04-08,1964.6,2084.0,1950.0,2081.4,31837.94323698
2021-04-07,2112.7,2127.9,1930.0,1964.9,74418.59565877
2021-04-06,2108.3,2151.3,2042.1,2112.1,58643.36644912
2021-04-05,2077.5,2131.6,1998.7,2107.4,66310.68702423
2021-04-04,2007.1,2092.0,1979.6,2077.4,42193.75802186
2021-04-03,2133.1,2137.6,2001.0,2007.6,75406.46018471
2021-04-02,1967.8,2142.7,1948.8,2133.1,86037.97699291
2021-04-01,1919.3,1982.0,1888.0,1967.8,62098.22045071
2021-03-31,1843.9,1948.52489247,1772.3,1919.3,63264.23118341
2021-03-30,1818.2,1861.0,1788.7,1843.9,29360.2890666
2021-03-29,1687.2,1839.0,1677.1,1818.2,69624.03217778
2021-03-28,1713.8,1727.7,1662.2,1687.2,18450.37105492
2021-03-27,1698.5,1733.8,1667.4,1713.9,24908.27051542
2021-03-26,1587.1,1699.0,1587.1,1698.5,69243.58619641
2021-03-25,1585.8,1620.5,1548.3,1587.6,90419.96169532
2021-03-24,1668.4,1740.9,1546.0,1585.8,162096.71605948
2021-03-23,1682.0,1720.4,1650.6,1669.1,32885.56991801
2021-03-22,1784.6,1808.29169634,1656.0,1682.0,99623.95369886
2021-03-21,1804.7,1815.9,1745.26096753,1784.3,105083.41000501
2021-03-20,1809.2,1871.97180834,1801.0,1804.6,27034.76562166
2021-03-19,1775.4,1842.0159641,1733.3,1809.8,41962.49738367
2021-03-18,1821.8524069,1849.2,1759.34360321,1775.3,38170.5701818
2021-03-17,1804.9,1833.9,1741.8,1821.7,237317.20570943
2021-03-16,1796.7,1824.2,1723.2,1805.0,176209.93085181
2021-03-15,1847.96830749,1889.9,1735.59653136,1796.0,210989.08187005
2021-03-14,1922.9,1933.0,1840.0,1847.96830749,52915.07600106
2021-03-13,1768.9,1943.6,1730.0,1921.9,91402.57338424
2021-03-12,1829.6,1845.7,1720.8,1768.7,76598.26705567
2021-03-11,1797.6,1849.9,1730.9,1829.9,70090.35655925
2021-03-10,1873.0,1879.2,1761.1,1796.8,128663.63870442
2021-03-09,1833.4,1873.3,1801.0,1873.3,65973.77642973
2021-03-08,1726.3,1841.8,1666.6,1833.6,81097.11091052
2021-03-07,1650.2,1734.0,1632.7,1727.9,51195.42775229
2021-03-06,1531.4780532,1670.7,1514.1,1650.6,267429.04467154
2021-03-05,1540.9,1551.0,1445.1,1531.7,126643.72491235
2021-03-04,1570.2,1626.6,1507.4,1539.28432632,115300.25410443
2021-03-03,1490.2,1658.0,1478.1,1570.0,72733.80413256
2021-03-02,1569.781015,1601.0,1457.8,1489.7,110397.04255025
2021-03-01,1424.4,1571.3,1413.9,1569.8,178368.39594337
2021-02-28,1459.9,1471.3,1296.5,1424.4,170990.04978099
2021-02-27,1444.1,1527.1,1427.9,1460.9,78151.45700372
2021-02-26,1485.3,1561.8,1400.1,1446.2,259864.55551131
2021-02-25,1624.0,1672.3,1460.2,1485.8,171041.78912522
2021-02-24,1576.6,1709.4,1499.1,1624.4,219943.33774468
2021-02-23,1775.9,1779.8,1360.1,1577.0,467582.64419154
2021-02-22,1932.4,1934.9,1550.0,1774.2,268154.00839699
2021-02-21,1911.1,1978.7,1882.1,1932.9,79906.66489481
2021-02-20,1955.7,2036.8,1780.0,1911.7,194848.63127256
2021-02-19,1938.3,1971.1,1891.1,1955.4077796,129221.79991832
2021-02-18,1848.7,1948.84596805,1848.7,1937.5,71896.24144915
2021-02-17,1783.710981,1856.9,1735.3,1848.7,81646.31865873
2021-02-16,1778.5,1828.3,1725.0,1784.6,106270.79323662
2021-02-15,1801.3,1837.125887,1649.0,1779.42505123,166031.09928872
2021-02-14,1816.8,1853.3,1781.3,1801.2,57058.20588445
2021-02-13,1842.5,1874.1,1762.07929312,1814.80349814,79361.26974407
2021-02-12,1787.1,1865.1,1740.0,1842.4,123178.15468295
2021-02-11,1742.5,1821.9,1705.0,1787.7,92092.08306538
2021-02-10,1771.8,1838.7,1678.1,1742.1,179674.48926485
2021-02-09,1755.0,1826.9,1710.638776,1771.9,202577.27783477
2021-02-08,1613.4,1784.2,1563.4,1754.8452795,252219.32161012
2021-02-07,1677.0,1692.7,1486.8,1611.99918993,179076.232099
2021-02-06,1717.5,1742.7,1646.6,1676.9,118751.09961729
2021-02-05,1596.2,1760.0,1590.8,1717.7,227509.39638112
2021-02-04,1662.5,1695.8,1559.0,1595.1,193733.98893796
2021-02-03,1515.9,1667.1,1512.4,1663.1,238855.20357968
2021-02-02,1376.3,1550.0,1363.4,1515.7,219566.71435151
2021-02-01,1313.86860839,1378.9,1271.0,1375.9,105346.15205727
2021-01-31,1379.7,1381.8,1284.1,1314.23235939,117897.89172776
2021-01-30,1379.7,1408.3,1325.3,1379.7,117105.9120716
2021-01-29,1328.77517555,1443.0,1286.6,1379.1,535380.48783862
2021-01-28,1240.2,1361.3,1220.5,1328.6,370296.46895287
2021-01-27,1366.9,1374.9,1209.0,1240.1,445028.52391669
2021-01-26,1317.4,1378.2,1246.9,1367.5720434,388127.18649261
2021-01-25,1395.1,1480.0,1295.0,1317.9,317532.47078034
2021-01-24,1233.6,1400.0,1220.8,1394.5,313524.44434553
2021-01-23,1235.6,1275.0,1197.8,1233.5,109140.57089744
2021-01-22,1112.0,1276.0,1048.9,1235.9,442354.27094341
2021-01-21,1378.25462933,1389.0,1084.1,1111.8,457218.56804656
2021-01-20,1365.8,1409.3,1234.0,1378.1,259033.54326935
2021-01-19,1261.7,1439.8,1254.4333249,1367.38843092,307266.84295807
2021-01-18,1235.1,1263.2,1184.5,1261.0,115187.69809799
2021-01-17,1229.0,1273.09167,1163.4,1235.2,151162.05846395
2021-01-16,1167.6,1295.01193223,1152.1,1228.9,180684.30666941
2021-01-15,1230.8,1255.0,1072.0,1167.7,244726.69547658
2021-01-14,1128.1,1245.9,1086.0,1229.883808,250012.52702218
2021-01-13,1051.7,1135.4,987.44,1128.1,241858.07539132
2021-01-12,1087.0,1150.5,1009.1,1052.3,275550.90163285
2021-01-11,1255.9,1261.1792218,923.0,1087.0,775275.46963155
2021-01-10,1278.97936399,1351.0,1170.0,1256.1,262352.00474304
2021-01-09,1214.6,1306.8,1171.0,1278.9,181106.45878971
2021-01-08,1221.5,1274.9,1060.8,1214.2,252773.77791942
2021-01-07,1209.4,1290.0,1143.3,1221.6,284947.69199593
2021-01-06,1101.7,1213.3,1058.9,1209.4,965580.52888019
2021-01-05,1041.2,1134.1,968.29,1101.6,378176.06851894
2021-01-04,976.32,1159.4,860.0,1042.6,726003.55752062
2021-01-03,774.82,1009.4,769.9,977.47,528915.27008931
2021-01-02,729.46,786.36,714.89,774.21,137274.81729635
2021-01-01,736.22,749.13,716.2,729.46,59183.04965185
2020-12-31,752.54,755.28,713.42,735.88,79273.74628969
2020-12-30,730.31,757.67,716.52,752.25,89535.51906639
2020-12-29,729.51,739.68,689.07,730.17,100963.90695916
2020-12-28,684.06,747.15,680.96,729.51,189245.62448534
2020-12-27,635.86,711.0,622.14,684.34,261659.6245538
2020-12-26,627.524938,650.53,615.01,635.49916,115498.83247847
2020-12-25,612.56,634.6,580.0,627.51,98507.02672891
2020-12-24,584.47566352,615.0,565.12,612.67,68570.41254702
2020-12-23,636.18,637.19,547.8,584.91,154284.65977187
2020-12-22,607.4,636.8,586.43,636.19,77330.45529567
2020-12-21,637.45472751,647.65,593.62,607.38630892,133732.38834689
2020-12-20,657.91,660.5,620.4,637.14,77629.14375251
2020-12-19,654.41,670.68,645.21,657.91,70008.60699111
2020-12-18,642.1,664.71,628.38,654.19,69950.37736583
2020-12-17,636.45,674.0,625.82,641.74,322841.68872182
2020-12-16,589.65,637.45,581.6,636.3,177260.10501558
2020-12-15,586.51,598.12,579.39,589.64,42637.57489955
2020-12-14,591.18,592.07,576.22,586.52,23374.76697014
2020-12-13,568.3,595.84,563.58,591.1,46853.16441373
2020-12-12,544.85,574.05,543.9,568.24,33189.69680608
2020-12-11,559.17,560.7,535.44859534,544.93,60786.45349574
2020-12-10,573.47,575.61,548.72,559.02,37186.99224249
2020-12-09,555.0,589.0,532.01152039,573.64,87249.41882168
2020-12-08,592.02,595.71,550.15,555.03,60973.02171492
2020-12-07,602.69,603.8,584.78,591.82,37366.38412534
2020-12-06,597.55,607.19,583.42,602.69,49690.37490312
2020-12-05,567.6,598.0,558.86,597.21,55953.09770474
2020-12-04,616.41,620.60596056,565.08,567.66,168951.95629418
2020-12-03,597.88,624.5,586.38,616.66,80480.72569667
2020-12-02,587.03,606.26,575.89,598.0,80675.1450516
2020-12-01,616.0,636.33,562.48,587.03,329191.67379563
2020-11-30,576.37,616.0,570.04,616.0,162105.27688957
2020-11-29,538.09,576.68,531.2,576.37,55396.47359342
2020-11-28,519.55,548.29,507.88,538.14,51930.73990488
2020-11-27,521.53,533.08,495.25,519.55,108385.44802954
2020-11-26,569.63,577.26,483.43,521.5,376087.37404428
2020-11-25,604.18,605.0,555.05,569.6,99477.78760436
2020-11-24,608.42,621.47,587.73163899,604.11,166752.73484373
2020-11-23,558.0,609.53,549.6,608.32,228933.5218773
2020-11-22,551.42,579.8,512.0,558.0,250240.42912334
2020-11-21,510.3,551.69,502.2,551.19,194454.95433854
2020-11-20,471.44,513.74,470.86,510.3,142063.32509682
2020-11-19,478.450469,480.85,463.34,471.58,39368.15538757
2020-11-18,482.5168076,495.07,457.5,478.46,203344.01584055
2020-11-17,460.66,484.3560704,460.23,482.51,86404.06062195
2020-11-16,448.41720943,466.28,446.05,460.45,47304.05212015
2020-11-15,460.54,462.65,440.26,448.5,57120.34082216
2020-11-14,476.3,477.27,451.8,460.53,70908.35781863
2020-11-13,462.45,477.0,457.15,476.13,88926.91471022
2020-11-12,463.81,471.15,451.99,462.37,84610.29118265
2020-11-11,450.59,476.86,449.75,463.81,101461.71749308
2020-11-10,444.54,455.41,439.27,450.65,45812.48074544
2020-11-09,455.09,459.08986232,434.16776623,444.53,70693.12318937
2020-11-08,435.95507314,460.26,432.88,455.09,67836.87265927
2020-11-07,455.65,467.75,426.29669182,435.96,234669.03631153
2020-11-06,416.32,457.7,414.56,455.58902156,147754.85973737
2020-11-05,402.78,420.0,395.1350624,416.16,119086.63346475
2020-11-04,388.17353075,408.91566465,376.82828288,402.69,91653.007141
2020-11-03,383.35,390.29230067,370.52,388.174976,41414.56033361
2020-11-02,396.66,404.91,377.86,383.35,67272.73680774
2020-11-01,386.32658693,397.49,384.68,396.56,27522.64236163
2020-10-31,382.90539189,394.28,380.78,386.47,41095.13012155
2020-10-30,386.9,392.22233091,373.2,382.9,45345.44505825
2020-10-29,388.47236904,393.71,380.5,387.06,31174.14080743
2020-10-28,403.22,409.45,380.5,388.39,61360.39858446
2020-10-27,392.80996057,409.78,390.21,403.02,58004.05909261
2020-10-26,405.97,411.56,382.2,392.68,94828.96519716
2020-10-25,412.54,417.82,403.55,406.09,33116.69943774
2020-10-24,409.58359673,417.0,406.93,412.49,39313.58426647
2020-10-23,414.3,419.77,402.09,409.58,62251.39771688
2020-10-22,391.28,421.29,391.27,414.31,149342.61241706
2020-10-21,368.79,401.41,368.11,391.37,133501.21339848
2020-10-20,379.63046942,381.11877378,365.0,368.8,59090.13265544
2020-10-19,378.75,384.5,373.05,379.63,35175.45535755
2020-10-18,368.68,379.05,367.87,378.74,30160.7834482
2020-10-17,365.82,371.0,363.65,368.77,23536.24067709
2020-10-16,377.9,380.20325028,361.47,365.75,59268.25820399
2020-10-15,379.37151452,382.79,370.42,377.96,33549.12792315
2020-10-14,381.74,388.47,373.51,379.40936416,37750.60262478
2020-10-13,387.39,388.31,375.21,381.77,37598.72219826
2020-10-12,374.65,395.8,365.93700532,387.5738248,78931.23017786
2020-10-11,371.15,378.0,369.51,374.5,17462.04447021
2020-10-10,365.71,379.0,365.62,371.17,37604.60580667
2020-10-09,351.73478772,369.0,348.09,365.7,39283.73521213
2020-10-08,342.31,353.97,334.41,351.5,65270.06105368
2020-10-07,341.08581595,343.3,333.25,342.34927507,52531.54015941
2020-10-06,354.26,355.84,337.37,341.09,48454.00609912
2020-10-05,352.97,356.77,349.29,354.23,20539.44527352
2020-10-04,346.42,354.98,344.56,352.96,25135.76968675
2020-10-03,346.24,351.64,344.44389264,346.51,20357.86129195
2020-10-02,353.29,354.90365621,335.0,346.03,87052.91755948
2020-10-01,360.45299625,371.2,345.85,353.48,62726.33890377
2020-09-30,360.66998174,361.99,352.34,360.28,20324.06950106
2020-09-29,354.54938179,361.33,351.14,360.61,25085.67812746
2020-09-28,358.56,368.59,352.71,354.55,56652.73467139
2020-09-27,354.91209986,363.0,347.6,358.46,55479.54444947
2020-09-26,352.61565493,357.14,346.46,354.62936345,34492.07594518
2020-09-25,349.47,358.65,338.25,352.65,64672.70547197
2020-09-24,321.37007352,353.85,317.52286593,349.5,130585.78066621
2020-09-23,344.72,345.15246147,313.81,321.26,112656.12267939
2020-09-22,341.0,347.42557348,335.91,344.65,51987.88000714
2020-09-21,371.62,377.59144509,332.1,340.78,152572.87081831
2020-09-20,386.16,386.34,366.25,371.74703576,92157.65567413
2020-09-19,384.99207378,389.3,378.00609871,386.16365194,23994.81434613
2020-09-18,390.0,393.0,375.78,384.99207378,42757.82188864
2020-09-17,365.71463688,394.94,363.94,390.1,92448.53967516
2020-09-16,364.40337879,374.4,355.8,365.69,54745.55725695
2020-09-15,377.43,382.96,362.76072133,364.46,47635.47237443
2020-09-14,366.24081414,385.0,356.28,377.43,73482.01299596
2020-09-13,388.1,391.23,354.01,366.25,79190.15293491
2020-09-12,374.14,388.99,365.15,388.1,59788.83856505
2020-09-11,368.38,375.94054344,356.11,374.19,76646.48749712
2020-09-10,351.6,378.34,351.0,368.38962511,96987.676275
2020-09-09,338.0,359.72,331.55168222,351.4,65347.45326798
2020-09-08,354.34,357.52,326.0,338.0,100546.20226275
2020-09-07,353.52,359.25,324.23,354.34,111294.05595825
2020-09-06,335.99831978,360.98612226,317.2,353.2820405,140599.36727225
2020-09-05,386.36,395.61,310.38,336.02,326912.24918034
2020-09-04,382.06,400.8,355.5,386.35429997,167949.25818348
2020-09-03,440.04668284,450.7,371.57,382.00000000000006,313396.7128743
2020-09-02,476.03813054,482.02923597000006,417.9,439.9,209242.72432755
2020-09-01,434.48362427,488.84999999999997,430.2,476.19,200849.2164161
2020-08-31,429.55,440.16,418.44,434.61494952000004,65735.67298203
2020-08-30,399.31,430.0,399.03,429.93000000000006,75803.52566997
2020-08-29,395.73,406.58,392.42,399.29,50935.51229792
2020-08-28,383.7,398.9700000000001,380.66,395.94,42329.1576
2020-08-27,386.27,398.00000000000006,371.7,383.42,70584.75552127
2020-08-26,383.61,393.5199999999999,377.8,386.01000000000005,43315.12765475
2020-08-25,408.22,409.20000000000005,370.5,383.69000000000005,99187.87886946
2020-08-24,391.1,410.69,388.08,408.3999999999999,49970.51714735
2020-08-23,395.82,397.49,384.14,391.22,22386.64716217
2020-08-22,387.84,397.47999999999996,380.06,395.86926344,52196.43974706
2020-08-21,416.58,419.22,385.5,388.0899999999999,85804.43929299
2020-08-20,408.46,419.60999999999996,402.42,416.79,70408.1351573
2020-08-19,422.19333516,427.11,396.0,408.66999999999996,152530.23120917
2020-08-18,431.61395316,434.84999999999997,413.71,422.2,76401.79675316
2020-08-17,434.55,448.46999999999997,421.05,431.60999999999996,144916.48763211
2020-08-16,433.18,437.47999999999996,412.82,434.32,56047.60458106
2020-08-15,438.29,443.4,426.1,432.92999999999995,57669.10195392
2020-08-14,425.24048515,444.0,418.5,438.18000000000006,135322.52402189
2020-08-13,388.4,431.98644431,376.62,425.24,178936.55462853
2020-08-12,378.58,389.74,366.0,388.4,57825.51895408
2020-08-11,395.86,398.4,365.75,378.94999999999993,95794.31618859
2020-08-10,390.19,400.4,385.02135,395.87,79101.58421536
2020-08-09,396.83,400.24000000000007,382.45,390.05855616,60886.72845455
2020-08-08,378.86,397.0,375.9,396.88,43688.28019488
2020-08-07,394.7,398.0,362.27780062,379.03,157995.75187707
2020-08-06,400.73,403.29999999999995,390.5,394.70000000000005,55053.64236756
2020-08-05,389.63,408.8299999999999,383.52,400.8469632,109152.03946177
2020-08-04,385.77,401.74,380.5,389.6,121244.38172924
2020-08-03,372.06041755,397.66,366.79,385.68,126895.68407959
2020-08-02,387.03,415.0,320.0,371.87,322415.93795846
2020-08-01,346.81495481,392.24000000000007,343.46,387.15000000000003,214176.49261159
2020-07-31,335.36,348.8,329.08,346.82,145813.10173272
2020-07-30,318.46,342.37,314.52,335.42872406999993,89569.97540347
2020-07-29,317.46,326.89,312.89,318.4599999999999,118429.60257243
2020-07-28,322.4,327.5,306.0,317.51,123463.82906934
2020-07-27,311.5091808,333.45,310.94,322.31,280978.22804644
2020-07-26,305.73,321.00000000000006,300.19,311.62000000000006,159414.85391187
2020-07-25,279.91,309.11999999999995,279.91,305.87000000000006,175226.05470768
2020-07-24,275.58200132,287.78000000000003,268.44375403,279.8500000000001,119430.41960094
2020-07-23,264.7,280.84,260.41,275.7799999999999,146673.95422058
2020-07-22,246.04,270.55,242.2,264.62878928000003,108885.23222509
2020-07-21,236.45,247.33999999999997,236.18,246.0,68514.69236552
2020-07-20,239.67,240.31000000000003,234.67,236.42999999999998,23617.26042354
2020-07-19,236.12485336,240.53,233.67,239.58,21305.03271571
2020-07-18,233.18,237.09,232.6,236.19,13382.67
2020-07-17,233.96,234.86,232.43,233.18,18165.79
2020-07-16,238.94,239.52,229.35,233.96,79262.7
2020-07-15,240.56,241.61,237.33,238.94,19689.88
2020-07-14,239.9,242.31,237.3,240.56,21865.29
2020-07-13,243.08,245.62,237.86,239.9,37628.51
2020-07-12,239.47,244.5,237.06,243.08,32454.57
2020-07-11,241.55,242.07,237.7,239.47,17564.87
2020-07-10,242.4,242.4,235.5,241.55,28116.42
2020-07-09,247.35,248.0,238.16,242.4,56876.65
2020-07-08,239.63,249.2,238.42,247.35,59762.64
2020-07-07,242.13,244.0,234.87,239.63,59175.26
2020-07-06,227.94,242.38,227.22,242.13,64925.08
2020-07-05,229.6,229.94,223.54,227.94,21488.5
2020-07-04,225.33,230.97,224.78,229.6,14909.31
2020-07-03,226.57,228.39,224.46,225.33,12221.55
2020-07-02,231.31,232.39,223.0,226.57,44643.45
2020-07-01,225.88,233.21,224.64,231.31,35692.82
2020-06-30,228.05,228.85,223.2,225.8,16432.83
2020-06-29,225.12,230.0,221.36,228.05,30415.41
2020-06-28,221.13,228.04,218.0,225.32,37466.86
2020-06-27,229.82,231.24,216.0,221.13,56790.42
2020-06-26,232.69,233.61,227.66,229.82,34411.87
2020-06-25,234.68,235.58,227.65,232.69,54625.14
2020-06-24,243.49,249.77,230.98,234.77,90955.28
2020-06-23,243.41,245.46,241.04,243.49,46524.57
2020-06-22,227.8,247.0,227.49,243.41,124086.48
2020-06-21,229.23,231.71,227.3,227.8,23279.38
2020-06-20,229.09,230.87,225.59,229.23,27005.58
2020-06-19,231.69,231.98,226.36,229.09,29124.97
2020-06-18,234.2,234.87,227.86,231.69,19636.69
2020-06-17,235.62,237.85,228.22,234.2,53630.49
2020-06-16,231.13,236.0,228.96,235.62,44626.42
2020-06-15,231.9,233.83,218.2,231.13,106436.46
2020-06-14,238.48,238.78,229.9,231.9,76662.22
2020-06-13,237.65,238.91,233.89,238.48,37206.77
2020-06-12,230.41,239.4,228.45,237.65,54858.16
2020-06-11,248.21,250.48,225.96,230.41,152667.23
2020-06-10,243.88,250.53,241.57,248.14,68952.44
2020-06-09,246.6,249.93,238.18,243.85,47487.75
2020-06-08,244.73,247.9,241.28,246.6,27714.54
2020-06-07,242.18,245.51,234.81,244.73,57612.07
2020-06-06,240.02,244.64,238.0,242.18,30095.83
2020-06-05,243.48,248.0,239.1,240.02,40885.33
2020-06-04,244.75,246.53,236.14,243.48,66770.68
2020-06-03,237.61,245.1,233.32,244.75,49612.92
2020-06-02,248.82,253.69,225.79,237.61,130418.73
2020-06-01,231.64,251.74,230.5,248.82,100205.44
2020-05-31,243.58,245.3,229.9,231.64,73026.23
2020-05-30,220.55,247.0,219.0,243.58,151520.43
2020-05-29,220.65,224.91,217.8,220.55,55334.34
2020-05-28,208.6,221.01,204.77,220.65,59396.24
2020-05-27,201.23,208.55,201.03,208.54,46266.07
2020-05-26,204.07,205.0,196.7,201.23,32663.16
2020-05-25,199.51,205.71,198.0,204.07,31017.13
2020-05-24,206.81,210.89,199.51,199.51,74239.15
2020-05-23,207.5,211.5,204.57,206.81,30862.23
2020-05-22,198.54,209.29,196.26,207.5,56288.15
2020-05-21,209.63,211.47,191.7,198.54,137587.87
2020-05-20,214.49,215.64,205.96,209.63,104025.06
2020-05-19,214.56,215.68,209.11,214.49,54246.44
2020-05-18,206.9,217.0,206.9,214.56,85540.3
2020-05-17,200.46,210.0,199.79,206.9,68507.97
2020-05-16,194.6,203.61,193.36,200.46,41915.49
2020-05-15,203.23,204.2,191.57,194.6,56700.95
2020-05-14,199.84,206.0,195.93,203.23,64212.23
2020-05-13,189.77,201.33,188.46,199.84,60699.31
2020-05-12,185.6,192.41,185.57,189.77,62640.19
2020-05-11,187.71,193.68,175.72,185.6,132290.88
2020-05-10,209.94,209.94,179.44,187.71,485175.44
2020-05-09,211.34,214.65,208.33,209.94,53652.01
2020-05-08,212.19,217.12,206.77,211.34,89560.24
2020-05-07,198.96,215.6,196.78,212.19,133184.73
2020-05-06,205.4,211.02,198.09,198.96,72580.69
2020-05-05,206.73,212.1,201.28,205.4,95246.69
2020-05-04,209.91,210.7,195.0,206.73,130052.43
2020-05-03,214.12,219.51,204.11,209.91,100768.8
2020-05-02,211.7,215.61,210.32,214.12,42839.29
2020-05-01,206.39,217.73,206.34,211.7,86574.48
2020-04-30,215.3,226.82,201.92,206.39,226392.16
2020-04-29,196.63,218.67,196.46,215.3,196062.26
2020-04-28,196.63,197.76,192.06,196.55,54669.35
2020-04-27,197.5,198.98,189.6,196.63,96540.79
2020-04-26,194.27,199.68,192.53,197.5,87305.72
2020-04-25,187.68,198.0,185.99,194.27,114640.99
2020-04-24,185.84,189.99,185.5,187.68,61469.41
2020-04-23,183.0,194.86,178.49,185.84,153414.25
2020-04-22,170.79,184.34,170.05,183.0,97157.65
2020-04-21,170.58,174.74,168.25,170.79,67290.15
2020-04-20,180.59,186.74,166.64,170.58,200724.03
2020-04-19,187.87,188.73,176.82,180.59,96337.76
2020-04-18,171.27,189.89,171.14,187.87,115049.88
2020-04-17,172.5,175.24,168.75,171.27,82151.8
2020-04-16,153.01,175.29,148.59,172.5,195432.41
2020-04-15,158.55,161.4,152.35,153.01,60359.7
2020-04-14,156.64,161.98,155.35,158.54,69656.49
2020-04-13,159.04,159.28,149.45,156.64,109635.53
2020-04-12,158.69,166.07,155.4,159.04,78692.48
2020-04-11,158.11,161.5,154.37,158.7,61838.36
2020-04-10,170.0,170.2,152.62,158.11,544023.15
2020-04-09,173.16,173.68,165.13,170.0,67552.31
2020-04-08,164.9,174.6,163.73,173.16,90250.16
2020-04-07,171.38,176.0,162.42,164.9,169235.28
2020-04-06,142.98,172.06,142.94,171.38,201674.79
2020-04-05,144.62,146.24,140.65,142.98,38904.5
2020-04-04,141.58,146.57,139.17,144.53,46463.2
2020-04-03,141.8,147.0,138.01,141.58,58044.42
2020-04-02,136.45,150.51,135.85,141.8,154675.0
2020-04-01,133.2,137.64,129.22,136.45,62483.08
2020-03-31,132.25,135.5,130.63,133.2,33039.47
2020-03-30,124.76,135.68,124.52,132.25,85235.77
2020-03-29,131.24,132.19,123.85,124.76,82246.07
2020-03-28,131.23,133.26,125.0,131.23,102001.22
2020-03-27,138.76,142.08,129.7,131.23,85876.51
2020-03-26,136.16,139.89,133.01,138.76,50660.42
2020-03-25,138.84,142.73,131.71,136.16,81029.17
2020-03-24,136.48,143.83,133.08,138.84,110669.06
2020-03-23,122.3,138.23,119.58,136.48,168102.82
2020-03-22,132.75,137.21,121.0,122.3,119183.28
2020-03-21,133.51,137.71,126.0,132.84,113660.38
2020-03-20,136.5,153.72,115.64,133.51,354802.32
2020-03-19,118.67,143.28,115.77,136.5,325115.18
2020-03-18,116.3,119.07,110.47,118.67,104131.97
2020-03-17,111.76,122.0,110.0,116.3,125818.74
2020-03-16,124.25,124.5,101.2,111.76,336047.24
2020-03-15,123.38,134.69,120.5,124.25,153042.23
2020-03-14,135.22,135.73,121.61,123.54,138836.55
2020-03-13,109.5,145.0,89.66,135.34,900947.26
2020-03-12,195.6,196.53,101.59,109.5,1620939.91
2020-03-11,201.04,203.69,183.0,195.6,151046.88
2020-03-10,203.72,207.0,196.77,201.04,128416.14
2020-03-09,200.2,209.53,191.3,203.72,293862.93
2020-03-08,238.11,238.19,196.39,200.2,273879.65
2020-03-07,246.09,252.99,237.07,238.11,99313.67
2020-03-06,229.4,246.1,228.18,246.09,83030.9
2020-03-05,225.1,235.18,225.1,229.4,70893.36
2020-03-04,224.41,229.42,221.32,225.1,68442.94
2020-03-03,232.52,233.64,220.57,224.41,69684.61
2020-03-02,218.57,235.34,216.73,232.52,88651.3
2020-03-01,218.16,228.71,213.01,218.57,113803.99
2020-02-29,227.82,233.5,218.1,218.16,69962.32
2020-02-28,227.41,234.92,214.1,227.93,126065.32
2020-02-27,224.11,238.0,210.78,227.41,192402.75
2020-02-26,247.36,250.66,216.0,224.11,348764.94
2020-02-25,266.11,266.37,245.28,247.36,147039.4
2020-02-24,275.59,278.19,254.9,266.11,155451.68
2020-02-23,262.14,276.2,261.49,275.59,86210.13
2020-02-22,265.5,266.68,256.3,262.14,44424.68
2020-02-21,257.67,268.3,254.0,265.43,92520.85
2020-02-20,258.56,263.84,245.28,257.67,158343.12
2020-02-19,283.0,287.0,250.5,258.56,156048.02
2020-02-18,268.16,286.31,259.71,283.0,172286.39
2020-02-17,258.92,268.29,243.01,268.16,200752.23
2020-02-16,264.96,273.65,237.99,258.92,231276.09
2020-02-15,284.98,287.32,264.0,264.96,197548.33
2020-02-14,268.3,286.44,260.24,284.87,130117.33
2020-02-13,265.49,276.02,255.42,268.3,166145.46
2020-02-12,237.24,273.73,237.02,265.49,247434.23
2020-02-11,223.14,239.0,218.24,237.24,66594.43
2020-02-10,228.23,229.21,216.1,223.14,89646.47
2020-02-09,222.69,230.0,222.55,228.23,70858.48
2020-02-08,223.11,227.59,212.77,222.69,92548.18
2020-02-07,212.59,223.95,212.59,223.11,131052.62
2020-02-06,203.79,216.0,201.02,212.59,97268.62
2020-02-05,189.06,207.99,188.29,203.79,112613.02
2020-02-04,190.41,191.76,184.79,189.06,32832.63
2020-02-03,188.69,195.81,186.95,190.41,52546.73
2020-02-02,184.07,194.0,179.6,188.69,73836.71
2020-02-01,180.19,184.47,179.63,184.07,62116.26
2020-01-31,184.62,185.5,175.21,180.19,40934.66
2020-01-30,173.82,186.75,171.09,184.62,86590.51
2020-01-29,175.99,178.78,173.34,173.82,31179.82
2020-01-28,170.14,177.01,170.14,175.99,49565.07
2020-01-27,168.16,172.06,165.45,170.14,64445.55
2020-01-26,160.47,169.39,159.56,168.16,62744.58
2020-01-25,162.71,162.73,157.82,160.47,14482.74
2020-01-24,162.92,164.42,155.76,162.71,30789.58
2020-01-23,167.7,167.7,159.07,162.92,37895.55
2020-01-22,169.33,171.32,165.65,167.7,18108.22
2020-01-21,166.86,169.99,164.89,169.33,27029.71
2020-01-20,166.8,169.0,161.05,166.86,33711.79
2020-01-19,173.58,177.56,161.21,166.8,84549.49
2020-01-18,169.22,178.97,165.0,173.58,90529.09
2020-01-17,164.03,174.0,161.09,169.22,104133.03
2020-01-16,166.05,167.11,158.3,164.03,66631.6
2020-01-15,164.98,171.16,159.0,166.05,132495.01
2020-01-14,143.47,170.0,143.47,164.98,213402.38
2020-01-13,146.34,147.59,142.24,143.47,25706.78
2020-01-12,142.41,146.35,141.54,146.34,22576.92
2020-01-11,144.57,147.76,142.02,142.48,36471.32
2020-01-10,137.72,144.96,135.34,144.57,41787.2
2020-01-09,140.5,141.32,135.33,137.72,29638.0
2020-01-08,143.09,147.98,137.3,140.5,65435.83
2020-01-07,144.18,144.99,139.05,143.09,49511.87
2020-01-06,135.6,144.27,135.09,144.18,66630.38
2020-01-05,134.55,138.45,134.42,135.6,45995.47
2020-01-04,134.83,136.35,133.12,134.56,23569.04
2020-01-03,127.56,135.81,126.36,134.83,76522.13
2020-01-02,130.94,130.94,126.84,127.56,46993.69
2020-01-01,129.45,133.24,128.9,130.94,37253.12
2019-12-31,131.83,133.95,128.31,129.45,36596.16
2019-12-30,134.9,136.58,130.56,131.83,34877.67
2019-12-29,128.49,138.63,128.03,134.9,49059.18
2019-12-28,126.92,130.28,126.69,128.48,19065.9
2019-12-27,126.15,127.46,122.77,126.92,44857.67
2019-12-26,125.32,132.9,124.6,126.15,36866.25
2019-12-25,128.04,128.11,123.78,125.32,32236.85
2019-12-24,128.22,129.9,127.15,128.04,12065.15
2019-12-23,132.77,135.96,125.95,128.22,58521.61
2019-12-22,127.5,133.61,127.4,132.77,24458.96
2019-12-21,128.9,129.01,127.12,127.5,7042.28
2019-12-20,128.68,129.97,126.23,128.9,17164.33
2019-12-19,133.5,134.82,126.51,128.68,34428.55
2019-12-18,122.81,135.13,116.72,133.5,113438.43
2019-12-17,133.34,133.47,120.35,122.81,102118.4
2019-12-16,143.11,143.39,130.13,133.34,64162.0
2019-12-15,142.56,144.83,140.57,143.11,16718.43
2019-12-14,145.38,145.76,141.5,142.56,19719.43
2019-12-13,145.5,145.81,143.78,145.38,16715.44
2019-12-12,143.91,147.17,140.0,145.51,47188.74
2019-12-11,146.36,146.94,142.65,143.91,18883.24
2019-12-10,148.08,148.98,144.44,146.36,27583.1
2019-12-09,151.41,152.04,147.25,148.08,29726.18
2019-12-08,148.15,152.62,146.43,151.41,27676.23
2019-12-07,149.69,150.56,147.69,148.15,10911.77
2019-12-06,149.05,151.0,146.55,149.69,17633.05
2019-12-05,146.31,150.19,144.57,148.73,23830.37
2019-12-04,148.17,155.21,144.15,146.31,73322.54
2019-12-03,149.77,150.96,146.01,148.17,23509.78
2019-12-02,151.84,152.73,147.66,149.77,24784.73
2019-12-01,152.53,153.55,146.74,151.84,33577.37
2019-11-30,155.53,156.63,150.03,152.53,26387.36
2019-11-29,151.4,158.85,151.05,155.53,36977.63
2019-11-28,153.27,155.45,150.11,151.52,31310.97
2019-11-27,148.35,156.56,142.0,153.27,67025.59
2019-11-26,146.58,150.86,144.57,148.35,32596.16
2019-11-25,141.18,152.71,133.58,146.58,144429.03
2019-11-24,152.77,153.66,140.0,141.18,64463.8
2019-11-23,150.55,155.0,147.26,152.77,59100.87
2019-11-22,162.03,163.4,138.33,150.55,131281.96
2019-11-21,175.27,176.38,156.73,162.05,77336.15
2019-11-20,176.46,178.18,173.93,175.27,20410.53
2019-11-19,178.61,178.96,173.17,176.46,24581.35
2019-11-18,184.53,185.04,175.5,178.61,40770.79
2019-11-17,182.97,186.92,181.0,184.53,19994.58
2019-11-16,180.23,183.98,179.5,182.97,16343.86
2019-11-15,185.06,188.11,177.09,180.23,70351.82
2019-11-14,188.69,189.22,183.31,185.12,19912.11
2019-11-13,187.16,190.0,185.5,188.69,23716.19
2019-11-12,185.1,187.71,182.28,187.16,26464.93
2019-11-11,189.68,190.89,184.2,185.1,29586.92
2019-11-10,185.0,192.24,183.5,189.68,58269.38
2019-11-09,184.0,185.62,182.8,185.0,17392.62
2019-11-08,186.67,188.3,180.5,184.0,45813.06
2019-11-07,191.51,192.72,184.51,186.65,28328.41
2019-11-06,189.44,195.21,188.35,191.51,37914.0
2019-11-05,187.0,192.8,182.25,189.44,48153.99
2019-11-04,182.19,190.1,180.92,187.0,47667.44
2019-11-03,183.92,185.45,179.31,182.19,21003.09
2019-11-02,183.98,186.87,182.42,183.92,24613.47
2019-11-01,183.02,185.48,177.23,183.98,25234.75
2019-10-31,183.82,185.7,178.26,183.04,30141.55
2019-10-30,191.29,192.5,179.79,183.82,59207.57
2019-10-29,182.25,193.65,181.78,191.29,56388.75
2019-10-28,184.58,190.72,181.27,182.25,38272.13
2019-10-27,180.42,189.32,177.2,184.58,58285.37
2019-10-26,181.95,199.08,174.2,180.42,177043.54
2019-10-25,161.18,188.0,160.95,181.95,115682.77
2019-10-24,162.94,164.36,157.79,161.18,99857.82
2019-10-23,171.82,172.2,153.21,162.94,119114.73
2019-10-22,175.02,177.13,170.93,171.82,38745.33
2019-10-21,176.11,179.43,172.5,175.02,38748.35
2019-10-20,172.59,177.58,170.03,176.11,29892.39
2019-10-19,173.64,175.81,170.51,172.59,33004.03
2019-10-18,177.49,178.12,167.97,173.64,53712.18
2019-10-17,175.0,180.76,173.18,177.49,29885.19
2019-10-16,181.02,181.8,172.53,175.0,57621.73
2019-10-15,187.21,189.0,176.25,181.02,62790.09
2019-10-14,181.57,187.72,181.0,187.21,41045.7
2019-10-13,180.16,184.97,179.02,181.57,25402.69
2019-10-12,181.09,185.1,178.0,180.16,36199.87
2019-10-11,192.06,198.0,179.38,181.09,109381.28
2019-10-10,193.51,194.95,188.03,192.06,37159.19
2019-10-09,181.5,196.36,179.77,193.51,114218.77
2019-10-08,180.66,185.84,178.16,181.5,46364.82
2019-10-07,170.56,183.45,169.01,180.66,86578.05
2019-10-06,176.93,177.5,168.2,170.56,63876.86
2019-10-05,176.19,177.49,172.53,176.93,39650.25
2019-10-04,175.36,179.83,171.48,176.19,38248.32
2019-10-03,181.24,181.66,170.14,175.36,56874.66
2019-10-02,176.41,183.14,174.32,181.24,40089.04
2019-10-01,181.94,186.56,174.0,176.41,94815.4
2019-09-30,169.87,182.5,165.56,181.94,108883.4
2019-09-29,174.41,175.1,164.38,169.87,72461.57
2019-09-28,174.61,176.23,169.04,174.41,55891.76
2019-09-27,166.77,177.73,162.0,174.61,75669.92
2019-09-26,170.67,171.43,153.12,166.77,114512.06
2019-09-25,166.54,175.42,162.82,170.67,115190.43
2019-09-24,201.29,202.73,153.79,166.54,347706.18
2019-09-23,211.26,212.21,199.0,201.29,74003.63
2019-09-22,215.56,216.0,206.5,211.26,66864.84
2019-09-21,218.71,221.9,213.82,215.56,41734.92
2019-09-20,221.47,222.82,212.32,218.71,56798.92
2019-09-19,210.9,224.79,202.2,221.47,145402.08
2019-09-18,208.41,218.0,208.41,210.9,100207.54
2019-09-17,198.29,215.82,196.6,208.41,109353.35
2019-09-16,189.64,200.74,188.83,198.29,109163.32
2019-09-15,189.05,191.37,186.45,189.64,35681.96
2019-09-14,181.65,189.76,180.44,189.05,65178.24
2019-09-13,181.35,182.2,178.0,181.65,32921.03
2019-09-12,178.55,183.09,177.0,181.35,31574.63
2019-09-11,180.24,182.91,174.37,178.55,49935.67
2019-09-10,180.8,184.5,175.84,180.24,40095.69
2019-09-09,181.96,186.57,176.37,180.8,66893.91
2019-09-08,178.41,184.9,177.1,181.96,65323.56
2019-09-07,169.35,181.39,168.6,178.41,62215.0
2019-09-06,174.03,178.45,165.3,169.35,62431.47
2019-09-05,175.1,175.92,169.67,174.03,59843.08
2019-09-04,179.39,180.78,173.7,175.1,47052.12
2019-09-03,178.7,183.29,173.56,179.39,79430.19
2019-09-02,171.25,181.69,170.55,178.7,56128.03
2019-09-01,172.13,173.99,168.33,171.25,42357.81
2019-08-31,168.63,175.43,166.1,172.13,42059.45
2019-08-30,169.15,170.82,166.01,168.63,30681.93
2019-08-29,173.21,174.2,164.12,169.15,60983.18
2019-08-28,187.28,188.62,165.85,173.21,111689.89
2019-08-27,188.73,189.24,184.39,187.28,25068.97
2019-08-26,186.31,194.26,186.2,188.73,48892.28
2019-08-25,191.04,193.03,183.06,186.31,47904.27
2019-08-24,194.77,194.78,186.19,191.04,38603.3
2019-08-23,190.69,196.62,188.54,194.77,38012.9
2019-08-22,187.51,195.48,183.25,190.69,53835.38
2019-08-21,196.67,197.5,180.0,187.51,89950.14
2019-08-20,202.66,203.26,195.04,196.67,46528.38
2019-08-19,194.9,203.95,193.0,202.66,63062.67
2019-08-18,185.81,198.31,183.53,194.9,50218.35
2019-08-17,185.61,187.32,182.2,185.81,30176.92
2019-08-16,188.43,188.58,178.59,185.61,56192.05
2019-08-15,187.28,189.94,174.2,188.43,102846.33
2019-08-14,209.25,210.08,182.8,187.28,112922.49
2019-08-13,211.61,211.93,204.0,209.25,44882.81
2019-08-12,217.0,217.47,210.16,211.61,46394.05
2019-08-11,206.57,217.33,206.21,217.0,58542.84
2019-08-10,210.76,215.0,200.68,206.57,51013.86
2019-08-09,222.04,222.42,207.29,210.76,85063.34
2019-08-08,226.35,227.5,215.52,222.04,67115.3
2019-08-07,226.0,231.44,221.26,226.35,59058.1
2019-08-06,233.62,240.0,223.05,226.0,119347.27
2019-08-05,222.41,237.31,222.18,233.62,153862.89
2019-08-04,222.0,223.75,217.22,222.41,33814.66
2019-08-03,217.56,225.69,216.66,222.0,45822.49
2019-08-02,217.56,222.85,215.0,217.56,52234.78
2019-08-01,218.76,219.5,210.85,217.56,43330.9
2019-07-31,209.74,219.29,209.7,218.76,58741.3
2019-07-30,210.81,215.0,203.47,209.74,47178.2
2019-07-29,210.92,215.04,206.09,210.81,42643.12
2019-07-28,207.07,213.35,197.7,210.92,67034.87
2019-07-27,219.06,223.62,202.2,207.07,111733.85
2019-07-26,219.44,220.47,212.91,219.06,52540.15
2019-07-25,216.71,225.66,215.61,219.44,75291.26
2019-07-24,212.34,218.61,201.11,216.71,128514.99
2019-07-23,217.38,219.39,208.5,212.34,87747.19
2019-07-22,225.04,228.0,211.78,217.38,89899.92
2019-07-21,228.44,229.51,216.45,225.04,83539.5
2019-07-20,221.16,235.27,219.73,228.44,87774.99
2019-07-19,225.74,226.34,213.19,221.16,79841.37
2019-07-18,211.06,229.1,205.61,225.74,168928.25
2019-07-17,198.57,219.47,191.6,211.06,208156.67
2019-07-16,227.71,233.79,191.0,198.57,315818.37
2019-07-15,226.19,234.77,202.81,227.71,290838.46
2019-07-14,268.07,268.59,222.58,226.19,216838.23
2019-07-13,274.73,274.97,260.69,268.07,58079.88
2019-07-12,268.38,279.02,266.28,274.73,42043.24
2019-07-11,288.71,288.72,261.1,268.38,147492.53
2019-07-10,307.85,316.5,278.86,288.71,145867.76
2019-07-09,313.39,318.3,302.69,307.85,95197.96
2019-07-08,306.54,315.27,302.54,313.39,114272.9
2019-07-07,288.61,311.0,284.43,306.54,109032.7
2019-07-06,287.95,298.87,285.68,288.61,69742.23
2019-07-05,283.19,295.28,281.25,287.95,53831.78
2019-07-04,302.22,303.5,280.25,283.19,80451.24
2019-07-03,292.94,303.4,289.78,302.22,120171.63
2019-07-02,295.5,299.03,272.65,292.94,148135.2
2019-07-01,290.8,302.47,281.0,295.5,136687.62
2019-06-30,317.42,324.45,286.76,290.8,156190.7
2019-06-29,308.87,325.12,291.82,317.42,130334.01
2019-06-28,294.86,312.0,290.0,308.87,193643.73
2019-06-27,332.0,341.0,275.6,294.86,430401.36
2019-06-26,316.49,363.3,313.13,332.0,571428.08
2019-06-25,311.7,317.84,304.83,316.49,125635.04
2019-06-24,308.56,314.6,292.09,311.7,290552.85
2019-06-23,311.25,322.0,305.95,308.56,208771.9
2019-06-22,295.83,315.85,292.99,311.25,292683.71
2019-06-21,272.82,297.71,272.82,295.83,238288.83
2019-06-20,269.52,275.0,267.18,272.82,64637.67
2019-06-19,264.87,270.83,264.16,269.52,53498.1
2019-06-18,274.0,274.76,260.01,264.87,107156.92
2019-06-17,268.63,276.09,267.61,274.0,69045.93
2019-06-16,269.12,279.48,264.01,268.63,181719.92
2019-06-15,263.69,273.5,261.73,269.12,107726.72
2019-06-14,254.61,265.87,248.48,263.69,230771.29
2019-06-13,262.75,264.66,253.43,254.61,117948.14
2019-06-12,245.1,263.8,243.05,262.75,180587.83
2019-06-11,248.11,248.9,237.5,245.1,78371.38
2019-06-10,231.3,248.6,227.45,248.11,111488.05
2019-06-09,244.36,245.08,226.01,231.3,96583.61
2019-06-08,249.69,251.08,241.85,244.36,35732.38
2019-06-07,250.0,253.99,244.4,249.69,86997.25
2019-06-06,246.26,251.66,235.94,250.0,64709.68
2019-06-05,241.44,249.64,238.05,246.26,70106.7
2019-06-04,249.38,251.51,235.0,241.44,207840.04
2019-06-03,269.4,270.62,245.68,249.38,164033.63
2019-06-02,264.37,273.7,263.5,269.4,73360.39
2019-06-01,267.13,276.5,260.74,264.37,107242.24
2019-05-31,254.31,268.59,245.32,267.13,206794.15
2019-05-30,270.25,289.42,239.86,254.31,446128.48
2019-05-29,272.12,275.0,260.79,270.25,118924.14
2019-05-28,272.55,277.0,263.8,272.12,119641.77
2019-05-27,268.5,280.5,264.4,272.55,196086.27
2019-05-26,250.95,273.52,245.55,268.5,200658.42
2019-05-25,249.58,258.0,248.01,250.95,99414.75
2019-05-24,245.43,255.33,242.88,249.58,98279.62
2019-05-23,243.59,247.87,229.7,245.43,145098.99
2019-05-22,254.39,261.29,240.38,243.59,155944.15
2019-05-21,251.55,263.41,247.43,254.39,124301.26
2019-05-20,260.29,260.29,238.91,251.55,192349.69
2019-05-19,233.52,265.0,231.1,260.29,206360.05
2019-05-18,246.29,250.0,231.0,233.52,122010.16
2019-05-17,263.99,268.51,227.2,246.29,419860.36
2019-05-16,246.78,279.0,242.3,263.99,610268.09
2019-05-15,216.5,248.64,215.73,246.78,275000.34
2019-05-14,194.85,220.75,194.01,216.5,314877.55
2019-05-13,188.25,205.0,186.0,194.85,245264.62
2019-05-12,190.47,201.17,183.5,188.25,271534.08
2019-05-11,174.26,203.6,173.76,190.47,342296.9
2019-05-10,173.42,178.16,170.64,174.26,100381.38
2019-05-09,177.09,180.4,170.5,173.42,83054.01
2019-05-08,176.45,179.29,169.23,177.09,114636.85
2019-05-07,181.6,191.83,176.11,176.45,156940.45
2019-05-06,171.01,187.24,167.62,181.6,154077.29
2019-05-05,170.95,172.98,166.15,171.01,56909.0
2019-05-04,175.29,178.83,167.22,170.95,67388.61
2019-05-03,169.25,181.21,167.86,175.29,161953.27
2019-05-02,167.67,170.6,166.55,169.25,46682.08
2019-05-01,170.5,173.09,165.77,167.67,86361.82
2019-04-30,162.35,171.79,162.28,170.5,164649.73
2019-04-29,163.13,164.5,157.01,162.35,151252.12
2019-04-28,162.79,166.42,161.33,163.13,121406.4
2019-04-27,160.95,165.82,159.13,162.79,107162.47
2019-04-26,154.55,162.86,151.36,160.95,220090.98
2019-04-25,166.7,167.36,148.88,154.55,239425.81
2019-04-24,170.81,171.6,161.66,166.7,188590.14
2019-04-23,172.27,178.42,169.3,170.81,194472.44
2019-04-22,170.6,174.34,168.8,172.27,170958.76
2019-04-21,174.27,175.11,167.19,170.6,198819.41
2019-04-20,174.6,179.17,171.47,174.27,106850.17
2019-04-19,175.13,175.52,170.01,174.6,145409.48
2019-04-18,167.5,177.39,167.2,175.13,291818.83
2019-04-17,167.44,169.38,165.57,167.5,129971.47
2019-04-16,160.33,168.76,159.42,167.44,181558.15
2019-04-15,169.08,170.52,156.42,160.33,224713.53
2019-04-14,165.2,170.78,162.48,169.08,164277.6
2019-04-13,165.3,167.19,162.82,165.2,119989.46
2019-04-12,165.6,168.51,160.2,165.3,136862.94
2019-04-11,177.2,177.39,160.89,165.6,336622.19
2019-04-10,176.8,186.97,169.01,177.2,417562.69
2019-04-09,181.46,181.66,175.52,176.8,243892.17
2019-04-08,176.62,187.98,175.0,181.46,460649.72
2019-04-07,167.08,178.99,165.86,176.62,237556.84
2019-04-06,167.07,174.32,161.71,167.08,255738.76
2019-04-05,158.66,170.0,157.76,167.07,191117.05
2019-04-04,161.17,165.38,155.0,158.66,305653.47
2019-04-03,165.5,181.33,151.82,161.17,819108.36
2019-04-02,143.2,168.5,142.94,165.5,575211.58
2019-04-01,143.78,145.58,141.0,143.2,103978.01
2019-03-31,144.65,144.68,142.64,143.78,59792.09
2019-03-30,146.2,149.17,142.03,144.65,136037.93
2019-03-29,140.26,146.6,140.0,146.2,154532.79
2019-03-28,141.71,141.71,139.42,140.26,59661.42
2019-03-27,135.4,142.19,135.33,141.71,177208.74
2019-03-26,135.14,136.26,133.9,135.4,116617.35
2019-03-25,137.81,138.76,132.67,135.14,114056.53
2019-03-24,139.28,139.37,136.69,137.81,59308.27
2019-03-23,138.0,140.7,137.8,139.28,81475.76
2019-03-22,136.99,139.49,136.15,138.0,91004.14
2019-03-21,142.17,142.78,135.0,136.99,172127.19
2019-03-20,141.64,143.02,138.77,142.17,120123.62
2019-03-19,140.6,142.34,139.81,141.64,82446.43
2019-03-18,141.71,144.88,138.3,140.6,149299.65
2019-03-17,143.79,143.79,140.0,141.71,119398.37
2019-03-16,139.15,147.5,139.15,143.79,195968.13
2019-03-15,134.72,141.19,134.68,139.15,262358.71
2019-03-14,134.52,138.51,131.56,134.72,145008.6
2019-03-13,136.27,136.32,133.42,134.52,105134.59
2019-03-12,135.41,139.01,130.55,136.27,190032.31
2019-03-11,138.2,138.76,133.46,135.41,169017.89
2019-03-10,140.04,140.4,136.5,138.2,102304.93
2019-03-09,136.18,141.71,135.37,140.04,172863.23
2019-03-08,140.04,143.06,131.0,136.18,254506.61
2019-03-07,140.57,143.3,138.32,140.04,144269.87
2019-03-06,140.0,143.83,136.5,140.57,237228.89
2019-03-05,128.39,141.0,127.74,140.0,303630.78
2019-03-04,133.23,133.89,125.88,128.39,218025.87
2019-03-03,135.6,137.99,130.4,133.23,109652.22
2019-03-02,138.5,139.31,132.63,135.6,179287.74
2019-03-01,138.17,141.44,137.81,138.5,112980.45
2019-02-28,137.71,143.0,136.0,138.17,328522.2
2019-02-27,139.37,144.19,128.8,137.71,374177.4
2019-02-26,141.21,141.75,136.22,139.37,140714.48
2019-02-25,135.22,144.78,134.96,141.21,324829.31
2019-02-24,161.54,170.0,134.59,135.22,880601.38
2019-02-23,151.27,163.78,148.75,161.54,443056.48
2019-02-22,148.3,152.43,146.1,151.27,349823.64
2019-02-21,151.41,156.4,145.0,148.3,326520.08
2019-02-20,146.61,152.99,143.6,151.41,316151.55
2019-02-19,148.87,153.76,145.76,146.61,345026.61
2019-02-18,136.15,152.0,134.7,148.87,682789.84
2019-02-17,124.68,139.5,124.35,136.15,520438.44
2019-02-16,123.75,127.25,123.73,124.68,122726.98
2019-02-15,122.55,127.4,122.19,123.75,179952.0
2019-02-14,123.85,126.35,122.06,122.55,181503.42
2019-02-13,124.75,130.46,122.45,123.85,244380.68
2019-02-12,122.68,127.0,119.22,124.75,227787.73
2019-02-11,127.37,127.37,121.21,122.68,207651.05
2019-02-10,121.01,128.16,118.0,127.37,249195.82
2019-02-09,121.21,123.73,119.55,121.01,137838.59
2019-02-08,105.81,124.88,105.0,121.21,520563.94
2019-02-07,106.05,107.75,104.76,105.81,115765.7
2019-02-06,108.69,109.0,102.49,106.05,281096.51
2019-02-05,108.46,109.17,107.36,108.69,67277.58
2019-02-04,108.63,110.6,107.77,108.46,105325.56
2019-02-03,112.71,114.2,107.0,108.63,191590.78
2019-02-02,108.94,114.33,107.93,112.71,163548.59
2019-02-01,108.49,110.67,105.51,108.94,192755.61
2019-01-31,110.62,113.88,107.17,108.49,180116.49
2019-01-30,106.3,112.06,105.07,110.62,324557.79
2019-01-29,107.49,108.36,104.16,106.3,164738.23
2019-01-28,113.43,114.45,103.2,107.49,371613.15
2019-01-27,117.27,118.49,112.16,113.43,237779.77
2019-01-26,117.27,122.0,117.0,117.27,136359.63
2019-01-25,119.05,120.0,116.01,117.27,140029.47
2019-01-24,118.76,120.12,115.65,119.05,181450.35
2019-01-23,120.19,121.29,117.03,118.76,153490.22
2019-01-22,117.5,122.12,112.2,120.19,299390.49
2019-01-21,119.1,120.53,114.65,117.5,208610.5
2019-01-20,126.01,126.87,107.51,119.1,371007.51
2019-01-19,121.84,132.36,121.84,126.01,285144.17
2019-01-18,125.25,125.66,120.16,121.84,147615.88
2019-01-17,124.36,127.32,119.34,125.25,260282.0
2019-01-16,122.6,131.36,121.38,124.36,302124.47
2019-01-15,131.45,134.29,119.29,122.6,361733.07
2019-01-14,117.94,134.5,117.79,131.45,381252.07
2019-01-13,127.41,128.06,116.1,117.94,246080.11
2019-01-12,128.73,130.37,126.1,127.41,142652.32
2019-01-11,129.5,131.79,124.43,128.73,282402.24
2019-01-10,152.65,154.8,125.71,129.5,686323.92
2019-01-09,152.86,162.76,151.0,152.65,293611.75
2019-01-08,154.79,158.09,146.0,152.86,397170.43
2019-01-07,160.84,162.59,153.0,154.79,194933.81
2019-01-06,158.32,165.86,152.59,160.84,507082.15
2019-01-05,158.48,167.0,155.0,158.32,500379.53
2019-01-04,152.42,162.4,149.78,158.48,553047.06
2019-01-03,159.36,160.93,149.49,152.42,322814.54
2019-01-02,145.0,163.67,143.86,159.36,566167.95
2019-01-01,136.0,148.15,134.68,145.0,392648.15
2018-12-31,144.18,144.5,132.05,136.0,378264.03
2018-12-30,140.33,145.25,134.0,144.18,438502.66
2018-12-29,142.15,153.0,136.0,140.33,685094.63
2018-12-28,118.57,143.9,117.1,142.15,758500.2
2018-12-27,134.58,136.0,116.3,118.57,685844.7
2018-12-26,132.99,141.65,127.36,134.58,554902.51
2018-12-25,142.53,143.5,124.5,132.99,859412.05
2018-12-24,133.76,163.5,133.48,142.53,1280692.83
2018-12-23,120.49,138.94,120.48,133.76,670526.1
2018-12-22,111.11,121.0,108.85,120.49,353633.4
2018-12-21,118.47,122.66,108.65,111.11,624994.2
2018-12-20,102.36,120.7,101.4,118.47,809112.61
2018-12-19,104.08,110.9,101.65,102.36,664867.72
2018-12-18,97.25,105.77,94.5,104.08,448023.19
2018-12-17,86.56,100.39,86.21,97.25,535663.38
2018-12-16,85.74,91.46,85.57,86.56,307565.81
2018-12-15,85.2,86.7,83.17,85.74,220532.95
2018-12-14,87.9,88.55,83.67,85.2,320243.65
2018-12-13,91.85,93.05,85.94,87.9,324388.57
2018-12-12,89.14,94.15,87.91,91.85,316289.89
2018-12-11,92.2,94.23,87.2,89.14,327608.0
2018-12-10,96.03,98.02,90.3,92.2,320494.58
2018-12-09,92.98,102.5,90.69,96.03,436271.73
2018-12-08,94.79,100.5,85.64,92.98,580984.63
2018-12-07,91.97,99.09,83.0,94.79,1208068.84
2018-12-06,102.66,105.67,91.27,91.97,754626.54
2018-12-05,110.77,111.27,102.0,102.66,364213.12
2018-12-04,109.22,115.48,106.2,110.77,303240.58
2018-12-03,117.12,117.53,106.87,109.22,320850.51
2018-12-02,119.65,122.38,116.23,117.12,183953.09
2018-12-01,113.68,123.1,111.52,119.65,360631.67
2018-11-30,118.51,121.12,111.41,113.68,480207.51
2018-11-29,124.05,125.17,115.1,118.51,466121.87
2018-11-28,111.72,127.87,111.72,124.05,685672.59
2018-11-27,110.75,115.0,102.2,111.72,608379.75
2018-11-26,118.72,121.49,106.6,110.75,795509.16
2018-11-25,114.8,123.51,102.96,118.72,1177128.32
2018-11-24,125.24,130.5,111.15,114.8,579026.0
2018-11-23,126.3,129.05,119.52,125.24,674362.03
2018-11-22,138.18,140.46,125.0,126.3,368645.42
2018-11-21,133.85,141.91,126.2,138.18,833533.45
2018-11-20,150.93,154.89,127.0,133.85,1501166.71
2018-11-19,178.96,178.99,147.22,150.93,930948.53
2018-11-18,175.9,182.99,175.89,178.96,151727.13
2018-11-17,176.95,177.79,174.02,175.9,99650.3
2018-11-16,184.15,185.17,171.83,176.95,304350.63
2018-11-15,187.21,190.0,171.36,184.15,534759.31
2018-11-14,209.85,211.4,175.01,187.21,858714.92
2018-11-13,212.68,213.36,208.73,209.85,115947.85
2018-11-12,212.99,215.0,210.58,212.68,92904.93
2018-11-11,213.2,213.7,206.28,212.99,89908.44
2018-11-10,211.01,217.45,210.52,213.2,67099.97
2018-11-09,212.7,215.48,209.05,211.01,76885.24
2018-11-08,218.98,220.76,212.0,212.7,107097.42
2018-11-07,220.83,225.12,217.28,218.98,238894.93
2018-11-06,210.83,221.57,209.18,220.83,201274.47
2018-11-05,212.3,213.84,207.83,210.83,110845.64
2018-11-04,200.3,218.92,198.86,212.3,246648.78
2018-11-03,202.22,202.49,196.5,200.3,57000.51
2018-11-02,199.81,204.29,199.66,202.22,102577.55
2018-11-01,198.7,200.99,198.05,199.81,50153.76
2018-10-31,197.33,201.89,193.04,198.7,128950.66
2018-10-30,196.91,199.0,195.89,197.33,74831.93
2018-10-29,204.97,205.49,195.16,196.91,173833.83
2018-10-28,204.23,205.77,203.74,204.97,43353.76
2018-10-27,205.03,205.89,203.06,204.23,37504.9
2018-10-26,203.68,210.5,202.8,205.03,158160.12
2018-10-25,205.23,205.79,202.9,203.68,65636.31
2018-10-24,205.9,208.0,205.05,205.23,83947.1
2018-10-23,206.56,208.0,202.53,205.9,115928.76
2018-10-22,207.29,208.86,205.01,206.56,74714.12
2018-10-21,208.16,212.0,206.31,207.29,87060.54
2018-10-20,204.93,209.98,203.58,208.16,90877.11
2018-10-19,206.08,207.88,203.69,204.93,136170.41
2018-10-18,212.83,215.0,203.53,206.08,187412.04
2018-10-17,215.12,217.07,209.66,212.83,106214.62
2018-10-16,214.31,219.43,211.39,215.12,136354.76
2018-10-15,196.75,242.62,194.49,214.31,965338.63
2018-10-14,201.23,203.7,194.01,196.75,166180.99
2018-10-13,197.02,203.0,196.56,201.23,134363.02
2018-10-12,191.16,201.82,189.5,197.02,291964.92
2018-10-11,226.7,226.7,188.35,191.16,658133.05
2018-10-10,228.58,228.68,223.3,226.7,154571.83
2018-10-09,230.2,231.67,226.71,228.58,110299.48
2018-10-08,226.28,234.9,224.2,230.2,247715.21
2018-10-07,225.31,227.76,220.49,226.28,102917.63
2018-10-06,228.54,229.31,222.6,225.31,106936.5
2018-10-05,222.36,233.48,219.34,228.54,202501.03
2018-10-04,220.74,227.9,219.31,222.36,175784.98
2018-10-03,225.97,226.49,214.6,220.74,255533.58
2018-10-02,231.49,232.4,223.01,225.97,132978.15
2018-10-01,232.86,235.75,224.6,231.49,176198.02
2018-09-30,231.52,239.46,226.0,232.86,301671.52
2018-09-29,221.92,239.46,213.0,231.52,442630.85
2018-09-28,229.26,234.19,214.68,221.92,462809.36
2018-09-27,214.26,235.2,209.96,229.26,361383.28
2018-09-26,219.26,223.0,207.31,214.26,411862.68
2018-09-25,227.85,227.85,202.32,219.26,677748.36
2018-09-24,244.7,245.9,225.01,227.85,387248.58
2018-09-23,241.0,249.69,236.95,244.7,247620.52
2018-09-22,247.8,255.0,232.98,241.0,344990.36
2018-09-21,225.0,252.0,221.23,247.8,704607.61
2018-09-20,209.83,230.0,207.0,225.0,450790.71
2018-09-19,208.36,215.83,197.28,209.83,581924.83
2018-09-18,196.03,215.0,193.88,208.36,552873.42
2018-09-17,220.16,226.77,192.5,196.03,935426.91
2018-09-16,221.48,223.7,207.62,220.16,301411.93
2018-09-15,208.49,228.08,208.33,221.48,435699.14
2018-09-14,211.09,224.21,202.95,208.49,819924.11
2018-09-13,183.17,215.19,183.17,211.09,851724.34
2018-09-12,185.21,185.21,167.32,183.17,740486.11
2018-09-11,197.29,199.87,175.89,185.21,461836.37
2018-09-10,196.04,202.77,186.9,197.29,350675.75
2018-09-09,196.7,208.37,185.12,196.04,411618.54
2018-09-08,215.17,220.57,190.0,196.7,339205.59
2018-09-07,229.74,234.56,213.16,215.17,304183.09
2018-09-06,228.39,232.78,211.19,229.74,524487.29
2018-09-05,285.34,287.97,225.61,228.39,565360.98
2018-09-04,289.28,293.04,282.2,285.34,160014.84
2018-09-03,295.23,296.5,286.02,289.28,116008.7
2018-09-02,295.72,300.43,289.39,295.23,126678.55
2018-09-01,281.63,302.7,281.24,295.72,191290.75
2018-08-31,284.11,285.02,276.4,281.63,140508.06
2018-08-30,288.76,291.01,272.45,284.11,214570.33
2018-08-29,295.59,297.36,284.34,288.76,150138.96
2018-08-28,288.17,298.13,282.17,295.59,180424.82
2018-08-27,274.34,288.93,271.39,288.17,152293.23
2018-08-26,277.29,277.64,269.32,274.34,113049.84
2018-08-25,281.28,283.08,276.73,277.29,78823.14
2018-08-24,275.86,284.21,269.18,281.28,106429.03
2018-08-23,270.5,280.89,267.63,275.86,154494.64
2018-08-22,281.25,299.65,259.2,270.5,308427.81
2018-08-21,270.71,286.24,269.78,281.25,147754.5
2018-08-20,299.37,304.09,268.88,270.71,198634.92
2018-08-19,294.3,306.45,288.06,299.37,154885.26
2018-08-18,317.68,321.1,282.0,294.3,215875.45
2018-08-17,286.87,319.26,285.22,317.68,292086.57
2018-08-16,281.27,299.01,278.0,286.87,195171.2
2018-08-15,278.38,304.99,277.0,281.27,379901.69
2018-08-14,283.92,283.95,249.93,278.38,446232.3
2018-08-13,318.16,323.55,280.8,283.92,319313.43
2018-08-12,317.84,327.93,314.13,318.16,122413.17
2018-08-11,331.77,332.7,305.0,317.84,260523.34
2018-08-10,363.27,365.75,326.01,331.77,164978.35
2018-08-09,355.62,370.39,350.83,363.27,129233.58
2018-08-08,377.82,380.61,346.35,355.62,307164.66
2018-08-07,404.95,410.73,368.0,377.82,188644.84
2018-08-06,408.75,413.98,401.0,404.95,45564.41
2018-08-05,407.0,413.65,399.0,408.75,88171.34
2018-08-04,417.66,419.0,400.82,407.0,106174.35
2018-08-03,410.89,420.0,397.84,417.66,147206.95
2018-08-02,420.03,424.68,407.51,410.89,78826.59
2018-08-01,431.98,437.21,407.75,420.03,180443.85
2018-07-31,456.65,458.21,427.4,431.98,148518.15
2018-07-30,466.47,469.93,446.67,456.65,130220.38
2018-07-29,469.25,472.6,461.39,466.47,42344.11
2018-07-28,470.21,471.7,461.34,469.25,44371.17
2018-07-27,462.3,474.63,456.26,470.21,108671.79
2018-07-26,471.89,484.87,458.74,462.3,85123.97
2018-07-25,479.33,485.28,464.28,471.89,88873.08
2018-07-24,449.6,484.52,448.62,479.33,164758.1
2018-07-23,457.99,470.6,446.0,449.6,157765.09
2018-07-22,460.74,471.88,455.0,457.99,65008.45
2018-07-21,449.13,468.9,441.37,460.74,99491.27
2018-07-20,468.64,469.94,439.52,449.13,169665.98
2018-07-19,478.97,484.36,462.64,468.64,139077.1
2018-07-18,499.11,515.28,469.17,478.97,192139.7
2018-07-17,479.1,511.67,465.14,499.11,188299.71
2018-07-16,449.9,481.0,445.13,479.1,204952.16
2018-07-15,433.5,455.22,431.19,449.9,80478.15
2018-07-14,432.17,439.86,427.82,433.5,71007.61
2018-07-13,431.0,442.3,424.41,432.17,103927.69
2018-07-12,445.14,445.75,417.8,431.0,136356.18
2018-07-11,432.44,447.13,424.69,445.14,112267.64
2018-07-10,471.55,473.09,426.84,432.44,244602.99
2018-07-09,486.1,487.89,468.61,471.55,109385.82
2018-07-08,486.72,496.36,482.0,486.1,109714.41
2018-07-07,470.37,492.73,461.85,486.72,110157.62
2018-07-06,467.52,476.44,451.58,470.37,132649.82
2018-07-05,467.47,478.58,458.26,467.52,189128.7
2018-07-04,462.01,482.12,451.27,467.47,143324.36
2018-07-03,476.8,487.44,459.78,462.01,160296.4
2018-07-02,452.03,482.9,443.1,476.8,185320.15
2018-07-01,453.85,457.07,444.66,452.03,81630.74
2018-06-30,435.7,464.52,435.7,453.85,167116.94
2018-06-29,420.78,443.04,404.99,435.7,230672.88
2018-06-28,441.65,443.5,417.71,420.78,148152.1
2018-06-27,429.32,446.88,418.65,441.65,177754.3
2018-06-26,459.0,461.4,428.9,429.32,182593.2
2018-06-25,455.32,474.42,445.3,459.0,185929.99
2018-06-24,473.47,475.5,421.0,455.32,281549.51
2018-06-23,461.77,480.64,454.27,473.47,122553.56
2018-06-22,526.11,526.11,448.56,461.77,323037.63
2018-06-21,536.26,545.3,521.43,526.11,93159.84
2018-06-20,538.47,542.16,516.63,536.26,137405.34
2018-06-19,517.64,548.8,515.1,538.47,166262.23
2018-06-18,497.08,525.7,486.96,517.64,132155.18
2018-06-17,497.02,508.38,493.25,497.08,76298.27
2018-06-16,487.27,503.84,483.33,497.02,112199.11
2018-06-15,519.85,521.62,482.17,487.27,207862.06
2018-06-14,476.15,526.64,459.04,519.85,387816.57
2018-06-13,494.25,501.11,450.1,476.15,336005.92
2018-06-12,530.77,544.25,483.29,494.25,247513.23
2018-06-11,523.55,535.65,509.08,530.77,234273.48
2018-06-10,593.2,593.2,496.27,523.55,302559.92
2018-06-09,599.9,611.74,591.3,593.2,60714.76
2018-06-08,605.39,608.71,590.0,599.9,74958.33
2018-06-07,606.67,617.16,597.42,605.39,106287.29
2018-06-06,608.69,612.49,591.76,606.67,100152.41
2018-06-05,591.09,613.91,575.69,608.69,114839.11
2018-06-04,619.4,625.04,580.0,591.09,157574.5
2018-06-03,590.44,628.99,590.0,619.4,126551.98
2018-06-02,579.24,601.42,573.39,590.44,149347.1
2018-06-01,577.0,590.0,563.73,579.24,153420.31
2018-05-31,557.01,586.78,552.72,577.0,187214.87
2018-05-30,566.98,585.44,541.9,557.01,197607.81
2018-05-29,511.98,573.86,509.98,566.98,329102.24
2018-05-28,569.0,574.0,492.5,511.98,458376.09
2018-05-27,585.6,592.35,553.0,569.0,263525.97
2018-05-26,584.42,609.88,577.93,585.6,135180.41
2018-05-25,602.52,615.8,567.45,584.42,248834.9
2018-05-24,576.89,608.88,539.33,602.52,390050.92
2018-05-23,640.0,649.49,564.03,576.89,416991.6
2018-05-22,696.13,698.11,638.27,640.0,199777.28
2018-05-21,715.5,720.0,685.94,696.13,84698.17
2018-05-20,695.87,722.64,687.42,715.5,116146.69
2018-05-19,693.61,718.36,681.08,695.87,108125.75
2018-05-18,667.84,694.81,657.59,693.61,147171.27
2018-05-17,706.57,718.9,660.5,667.84,149384.75
2018-05-16,705.06,710.0,675.21,706.57,170445.55
2018-05-15,727.41,739.3,694.76,705.06,173953.01
2018-05-14,728.78,742.72,684.36,727.41,284832.56
2018-05-13,683.32,740.16,668.25,728.78,205048.21
2018-05-12,677.99,690.92,637.12,683.32,266487.01
2018-05-11,723.38,736.55,666.0,677.99,343981.43
2018-05-10,751.86,768.47,722.12,723.38,169497.07
2018-05-09,747.94,760.41,710.0,751.86,190791.83
2018-05-08,752.14,775.49,720.33,747.94,239736.33
2018-05-07,793.79,797.98,685.18,752.14,652630.79
2018-05-06,819.69,838.0,754.8,793.79,235543.29
2018-05-05,785.52,830.0,780.8,819.69,193071.26
2018-05-04,779.39,808.79,760.55,785.52,252599.48
2018-05-03,688.0,790.0,686.97,779.39,383061.83
2018-05-02,671.01,692.0,662.67,688.0,167253.47
2018-05-01,670.33,675.9,627.42,671.01,214602.41
2018-04-30,689.93,694.88,663.42,670.33,163058.33
2018-04-29,683.27,700.0,663.31,689.93,160942.48
2018-04-28,643.49,700.0,640.25,683.27,176272.13
2018-04-27,661.0,687.28,640.7,643.49,228654.62
2018-04-26,618.09,666.2,600.1,661.0,271848.77
2018-04-25,702.98,703.86,596.1,618.09,668930.01
2018-04-24,643.98,712.0,643.8,702.98,334518.07
2018-04-23,621.11,650.0,619.4,643.98,160986.4
2018-04-22,604.62,646.8,591.2,621.11,205823.26
2018-04-21,616.44,625.24,576.0,604.62,225698.22
2018-04-20,566.92,621.77,557.77,616.44,273383.27
2018-04-19,525.55,571.84,521.55,566.92,210590.95
2018-04-18,503.13,527.05,501.5,525.55,132144.41
2018-04-17,511.29,523.8,501.5,503.13,156309.94
2018-04-16,534.04,537.56,499.33,511.29,218170.8
2018-04-15,502.44,534.18,502.44,534.04,236272.68
2018-04-14,495.93,514.93,486.94,502.44,186924.52
2018-04-13,493.55,528.36,480.0,495.93,406353.03
2018-04-12,429.74,499.17,413.0,493.55,386893.85
2018-04-11,415.12,433.16,409.7,429.74,175207.97
2018-04-10,398.82,417.9,391.0,415.12,146444.78
2018-04-09,400.33,430.73,387.27,398.82,328869.46
2018-04-08,384.16,404.4,384.16,400.33,134841.41
2018-04-07,369.73,404.8,368.85,384.16,135213.66
2018-04-06,380.99,385.47,363.0,369.73,150770.89
2018-04-05,377.99,388.24,366.11,380.99,182167.98
2018-04-04,415.44,416.87,368.01,377.99,255572.64
2018-04-03,384.25,417.88,379.83,415.44,216424.34
2018-04-02,378.67,394.0,375.26,384.25,195323.56
2018-04-01,393.37,398.86,358.0,378.67,317516.1
2018-03-31,393.08,418.79,389.0,393.37,272769.54
2018-03-30,384.11,411.43,364.65,393.08,501605.77
2018-03-29,445.43,448.0,379.6,384.11,466694.27
2018-03-28,448.22,465.62,438.69,445.43,164719.29
2018-03-27,485.2,491.5,446.0,448.22,305074.4
2018-03-26,522.41,525.37,466.63,485.2,224304.38
2018-03-25,518.8,537.0,512.87,522.41,81571.27
2018-03-24,543.85,546.36,517.85,518.8,108560.56
2018-03-23,539.19,544.28,504.58,543.85,192973.83
2018-03-22,558.78,578.18,514.0,539.19,174861.03
2018-03-21,556.38,590.11,544.49,558.78,184758.56
2018-03-20,554.99,567.3,516.08,556.38,224802.07
2018-03-19,536.73,558.53,513.52,554.99,344015.24
2018-03-18,548.82,562.2,452.32,536.73,648381.69
2018-03-17,598.77,609.84,542.17,548.82,139801.91
2018-03-16,609.9,626.39,583.6,598.77,132101.98
2018-03-15,610.91,620.0,568.29,609.9,219330.18
2018-03-14,688.49,694.19,585.04,610.91,164619.28
2018-03-13,696.52,714.3,676.6,688.49,130784.08
2018-03-12,719.86,739.85,676.11,696.52,122394.7
2018-03-11,679.68,735.08,660.0,719.86,138566.13
2018-03-10,724.61,745.0,676.22,679.68,116951.08
2018-03-09,697.3,728.0,637.63,724.61,228068.03
2018-03-08,749.2,770.0,688.0,697.3,145547.81
2018-03-07,814.45,824.24,725.0,749.2,171110.03
2018-03-06,848.13,850.0,803.07,814.45,88560.34
2018-03-05,866.06,870.0,847.62,848.13,54603.86
2018-03-04,855.29,868.26,834.46,866.06,44410.87
2018-03-03,854.5,869.0,852.28,855.29,40075.31
2018-03-02,869.24,879.37,849.11,854.5,57163.14
2018-03-01,851.26,886.54,845.2,869.24,87845.92
2018-02-28,871.33,888.61,850.7,851.26,91521.36
2018-02-27,867.77,895.0,862.0,871.33,92905.57
2018-02-26,838.47,881.97,830.33,867.77,135501.79
2018-02-25,831.51,848.49,816.01,838.47,100239.89
2018-02-24,852.56,873.0,808.17,831.51,145533.67
2018-02-23,802.85,881.2,787.0,852.56,161431.49
2018-02-22,837.79,869.78,788.0,802.85,179136.96
2018-02-21,883.91,903.33,815.29,837.79,219033.3
2018-02-20,939.19,959.0,874.12,883.91,146455.91
2018-02-19,913.13,955.99,907.28,939.19,117446.85
2018-02-18,973.28,979.0,901.0,913.13,182409.94
2018-02-17,937.38,973.97,933.11,973.28,123230.12
2018-02-16,925.02,944.0,906.66,937.38,132688.75
2018-02-15,919.13,945.0,903.04,925.02,202169.82
2018-02-14,839.83,922.0,837.97,919.13,197604.82
2018-02-13,866.4,869.28,821.11,839.83,128401.05
2018-02-12,810.46,876.61,810.18,866.4,129067.38
2018-02-11,851.09,854.99,778.47,810.46,138640.41
2018-02-10,878.01,909.04,815.0,851.09,163524.67
2018-02-09,813.11,883.46,780.53,878.01,179250.71
2018-02-08,752.8,847.0,749.69,813.11,234014.52
2018-02-07,782.99,848.99,716.3,752.8,413150.78
2018-02-06,698.62,799.0,565.54,782.99,780807.49
2018-02-05,825.3,858.6,641.01,698.62,544364.46
2018-02-04,972.1,972.8,771.0,825.3,325186.47
2018-02-03,923.13,999.0,845.0,972.1,209417.39
2018-02-02,1035.0,1039.1,768.0,923.13,514666.75
2018-02-01,1120.0,1179.4,985.0,1035.0,279486.18
2018-01-31,1076.9,1128.8,1025.0,1120.0,135977.51
2018-01-30,1174.3,1183.0,1041.0,1076.9,233899.68
2018-01-29,1245.5,1260.0,1154.5,1174.3,137381.68
2018-01-28,1113.9,1265.0,1108.9,1245.5,187008.68
2018-01-27,1046.9,1125.4,1031.4,1113.9,103856.96
2018-01-26,1048.2,1078.6,983.0,1046.9,138064.15
2018-01-25,1061.6,1102.4,1023.1,1048.2,160780.96
2018-01-24,981.8,1070.6,952.03,1061.6,171925.14
2018-01-23,997.52,1022.0,905.21,981.8,227094.52
2018-01-22,1047.7,1084.1,912.46,997.52,237776.3
2018-01-21,1146.3,1146.7,1001.0,1047.7,196214.7
2018-01-20,1032.6,1160.0,1029.2,1146.3,161896.02
2018-01-19,994.0,1079.0,960.0,1032.6,174174.7
2018-01-18,1021.6,1079.0,940.0,994.0,371323.15
2018-01-17,1019.6,1088.3,770.0,1021.6,683908.45
2018-01-16,1276.9,1280.0,867.0,1019.6,650946.92
2018-01-15,1349.7,1377.9,1264.0,1276.9,136473.28
2018-01-14,1379.9,1385.0,1256.0,1349.7,174615.06
2018-01-13,1257.0,1424.3,1252.5,1379.9,200321.41
2018-01-12,1135.1,1285.0,1075.4,1257.0,204843.81
2018-01-11,1246.9,1332.2,1100.0,1135.1,355727.79
2018-01-10,1283.8,1382.0,1200.0,1246.9,376710.45
2018-01-09,1129.0,1299.0,1119.1,1283.8,294934.66
2018-01-08,1115.8,1225.0,966.64,1129.0,428748.99
2018-01-07,1004.3,1116.0,999.5,1115.8,199826.61
2018-01-06,962.77,1014.2,951.38,1004.3,127789.05
2018-01-05,939.3,1023.6,930.0,962.77,298235.4
2018-01-04,942.01,997.0,893.24,940.0,348617.26
2018-01-03,858.78,954.73,840.0,942.01,310540.88
2018-01-02,752.46,890.0,752.46,858.78,420956.63
2018-01-01,736.77,762.0,717.94,752.46,121559.92
2017-12-31,682.22,741.99,675.56,736.77,153382.04
2017-12-30,731.52,737.56,640.43,682.22,267697.69
2017-12-29,711.42,755.0,703.02,731.52,204819.67
2017-12-28,736.45,740.3,652.0,711.42,255375.81
2017-12-27,749.8,766.06,703.27,736.45,167808.26
2017-12-26,709.81,749.8,708.83,749.8,149068.11
2017-12-25,659.89,737.0,651.76,709.81,218494.75
2017-12-24,672.59,675.0,560.0,659.89,312622.99
2017-12-23,628.19,717.0,616.19,672.59,240693.8
2017-12-22,786.97,792.0,492.01,628.19,780148.63
2017-12-21,794.99,848.08,747.1,786.97,341950.86
2017-12-20,799.98,826.2,709.0,794.99,423196.54
2017-12-19,783.99,863.0,750.01,799.98,518293.15
2017-12-18,708.78,798.9,660.0,783.99,420286.41
2017-12-17,683.25,725.0,683.24,708.78,210616.33
2017-12-16,678.29,711.96,672.51,683.25,200939.09
2017-12-15,686.51,698.31,610.0,678.29,360052.41
2017-12-14,690.69,760.0,651.0,686.51,494411.1
2017-12-13,634.87,742.0,573.0,690.69,686140.28
2017-12-12,515.25,646.92,497.75,634.87,425205.54
2017-12-11,429.24,531.2,429.14,515.25,224210.7
2017-12-10,460.92,460.92,413.3,429.24,250226.88
2017-12-09,442.19,487.8,441.0,460.92,322495.68
2017-12-08,415.02,453.61,400.34,442.19,318982.12
2017-12-07,413.71,429.0,390.0,415.02,322002.3
2017-12-06,451.87,454.23,403.0,413.71,367187.65
2017-12-05,465.0,467.38,444.17,451.87,187527.35
2017-12-04,459.49,471.06,439.27,465.0,123194.9
2017-12-03,455.51,482.69,431.04,459.49,137973.38
2017-12-02,460.67,472.0,447.0,455.51,135334.9
2017-12-01,432.21,467.0,413.96,460.67,169741.57
2017-11-30,420.34,454.95,385.4,432.21,224566.83
2017-11-29,465.56,517.0,403.01,420.34,228932.29
2017-11-28,473.44,479.0,457.2,465.56,153810.21
2017-11-27,464.0,491.89,458.25,473.44,191770.47
2017-11-26,464.0,464.0,464.0,464.0,0.0
2017-11-25,469.89,481.99,454.4,464.0,168492.42
2017-11-24,405.19,478.5,397.37,470.51,258199.92
2017-11-23,380.48,426.27,374.34,405.19,264287.26
2017-11-22,360.0,381.89,358.8,380.48,138904.7
2017-11-21,367.94,373.5,350.0,360.0,199139.63
2017-11-20,354.7,373.7,352.03,367.94,148447.84
2017-11-19,346.68,371.0,343.28,354.7,176576.53
2017-11-18,331.0,350.4,325.32,346.68,148231.19
2017-11-17,331.16,335.01,325.0,331.0,151629.65
2017-11-16,330.59,335.11,321.18,330.76,149126.07
2017-11-15,334.28,339.61,321.5,330.59,167046.56
2017-11-14,313.22,336.69,313.22,334.28,244025.2
2017-11-13,303.9,318.0,302.4,313.22,198963.08
2017-11-12,313.07,316.99,293.33,303.9,251258.76
2017-11-11,296.18,319.88,294.7,313.07,172772.0
2017-11-10,319.52,324.03,286.0,296.18,331444.52
2017-11-09,307.5,328.8,305.0,319.52,251766.39
2017-11-08,291.42,318.9,290.11,307.5,335688.26
2017-11-07,296.9,304.2,285.01,291.42,216514.15
2017-11-06,295.63,310.0,292.0,296.9,159365.72
2017-11-05,299.48,301.0,292.28,295.63,98629.93
2017-11-04,303.47,304.38,293.0,299.48,132536.11
2017-11-03,284.89,307.36,284.0,303.47,217417.27
2017-11-02,288.6,293.01,275.21,284.89,260215.52
2017-11-01,303.69,305.11,287.04,288.6,153840.58
2017-10-31,307.0,312.0,303.1,303.69,81660.8
2017-10-30,304.39,314.4,303.93,307.0,86206.14
2017-10-29,293.49,312.49,290.5,304.39,166624.35
2017-10-28,295.99,297.01,288.6,293.49,70223.39
2017-10-27,295.1,299.5,291.6,295.99,68465.0
2017-10-26,295.46,299.0,290.55,295.1,59361.69
2017-10-25,296.3,300.0,288.5,295.46,94094.23
2017-10-24,284.85,311.85,280.02,296.3,216666.43
2017-10-23,293.55,293.96,273.5,284.85,170704.77
2017-10-22,299.23,305.62,289.4,293.55,95452.57
2017-10-21,302.61,303.0,289.31,299.23,105318.33
2017-10-20,306.97,313.01,301.04,302.61,118801.94
2017-10-19,313.45,316.5,304.0,306.97,118037.69
2017-10-18,315.65,316.21,287.46,313.45,252917.49
2017-10-17,334.46,334.8,308.0,315.65,191855.25
2017-10-16,337.23,355.0,330.85,334.46,270071.36
2017-10-15,339.24,344.89,315.0,337.23,250077.5
2017-10-14,337.46,348.0,334.05,339.24,151022.08
2017-10-13,303.06,350.0,298.0,337.46,383161.85
2017-10-12,303.2,310.01,302.1,303.06,185675.35
2017-10-11,299.32,306.55,296.6,303.2,116308.65
2017-10-10,297.4,307.0,292.57,299.32,104639.47
2017-10-09,309.82,311.16,287.03,297.4,180228.2
2017-10-08,311.46,314.39,307.55,309.82,103782.05
2017-10-07,308.43,315.0,304.5,311.46,117033.66
2017-10-06,295.12,309.59,293.04,308.43,106644.52
2017-10-05,291.4,297.92,285.12,295.12,90803.13
2017-10-04,291.69,296.0,287.56,291.4,112699.08
2017-10-03,296.82,300.5,285.93,291.69,129147.54
2017-10-02,304.26,304.63,292.1,296.82,133989.3
2017-10-01,303.44,305.57,295.0,304.26,110095.08
2017-09-30,292.66,307.76,292.3,303.44,131202.75
2017-09-29,302.63,303.9,280.5,292.66,276117.58
2017-09-28,309.75,310.69,297.75,302.63,140290.7
2017-09-27,289.28,315.51,286.93,309.75,213818.41
2017-09-26,295.2,296.38,285.2,289.28,104723.18
2017-09-25,282.0,297.93,281.8,295.2,186374.67
2017-09-24,285.9,294.54,275.41,282.0,196561.72
2017-09-23,262.19,287.2,259.01,285.9,162977.19
2017-09-22,256.67,269.5,253.03,262.19,183771.69
2017-09-21,283.5,287.53,251.52,256.67,292981.64
2017-09-20,282.63,294.0,277.0,283.5,146378.13
2017-09-19,296.81,299.0,275.0,282.63,268879.55
2017-09-18,257.0,299.89,257.0,296.81,378674.35
2017-09-17,253.0,263.69,239.0,257.0,195915.2
2017-09-16,258.68,270.0,242.2,253.0,308478.47
2017-09-15,222.5,269.0,198.0,258.68,954561.74
2017-09-14,275.48,281.01,221.71,222.5,642979.02
2017-09-13,293.9,294.16,256.0,275.48,449344.87
2017-09-12,297.19,316.73,283.0,293.9,261522.03
2017-09-11,297.9,308.0,287.33,297.19,174007.9
2017-09-10,303.08,305.0,276.11,297.9,254696.42
2017-09-09,304.0,307.08,291.46,303.08,169792.56
2017-09-08,334.1,334.58,291.0,304.0,309622.45
2017-09-07,337.36,338.66,321.1,334.1,166565.1
2017-09-06,316.18,339.5,314.81,337.36,230108.8
2017-09-05,295.81,323.17,267.64,316.18,381674.86
2017-09-04,350.63,351.59,275.0,295.81,569729.81
2017-09-03,345.0,368.4,328.33,350.63,212168.76
2017-09-02,390.35,390.77,325.1,345.0,308356.33
2017-09-01,387.3,395.03,383.6,390.35,131804.26
2017-08-31,382.78,390.0,380.1,387.3,98591.28
2017-08-30,372.0,390.1,365.1,382.78,188637.88
2017-08-29,347.09,375.98,346.42,372.0,180480.22
2017-08-28,348.01,352.0,332.74,347.09,111211.49
2017-08-27,332.72,348.01,331.88,348.01,103444.27
2017-08-26,328.7,334.6,324.5,332.72,90175.78
2017-08-25,325.62,338.25,324.04,328.7,108001.96
2017-08-24,316.5,329.56,314.14,325.62,93423.24
2017-08-23,312.54,325.0,311.65,316.5,115086.96
2017-08-22,322.24,329.96,285.01,312.54,244936.34
2017-08-21,298.37,346.99,294.53,322.24,329814.51
2017-08-20,292.78,299.0,286.96,298.37,86957.63
2017-08-19,292.0,298.51,280.0,292.78,158365.9
2017-08-18,299.0,307.0,286.0,292.0,165160.01
2017-08-17,301.34,312.0,297.01,299.0,133086.12
2017-08-16,286.0,304.0,279.94,301.34,150433.56
2017-08-15,298.22,299.91,272.29,286.0,179766.65
2017-08-14,296.64,306.48,293.99,298.22,106079.56
2017-08-13,307.22,308.0,285.21,296.64,166563.87
2017-08-12,308.81,319.78,299.0,307.22,160546.57
2017-08-11,295.97,310.42,294.0,308.81,130148.24
2017-08-10,293.99,310.05,287.6,295.97,155408.13
2017-08-09,295.83,316.0,277.0,293.99,400199.62
2017-08-08,269.51,299.5,265.0,295.83,207563.97
2017-08-07,264.29,274.6,257.32,269.51,146171.94
2017-08-06,253.87,271.5,251.0,264.29,209864.36
2017-08-05,220.73,259.9,219.23,253.87,234871.99
2017-08-04,224.79,228.3,218.66,220.73,83462.05
2017-08-03,218.0,228.2,217.07,224.79,96185.48
2017-08-02,225.97,229.7,215.0,218.0,159470.35
2017-08-01,200.81,232.59,200.8,225.97,352308.94
2017-07-31,195.31,201.5,188.12,200.81,126899.23
2017-07-30,206.76,210.76,192.21,195.31,149305.93
2017-07-29,191.2,213.0,176.95,206.76,247444.43
2017-07-28,202.54,204.19,188.1,191.2,141114.07
2017-07-27,203.33,207.0,197.86,202.54,117417.92
2017-07-26,202.7,209.59,191.76,203.33,195897.34
2017-07-25,226.59,227.69,190.49,202.7,309487.97
2017-07-24,228.15,232.56,223.64,226.59,101645.27
2017-07-23,232.01,236.57,219.0,228.15,117350.6
2017-07-22,216.11,237.19,214.35,232.01,158917.21
2017-07-21,227.29,239.0,208.0,216.11,243961.55
2017-07-20,194.63,238.0,194.63,227.29,603446.8
2017-07-19,226.56,245.61,187.0,194.63,664408.05
2017-07-18,190.16,258.0,177.5,226.56,718925.98
2017-07-17,157.4,190.61,155.0,190.16,414018.44
2017-07-16,170.15,172.7,136.12,157.4,602485.39
2017-07-15,196.49,197.8,169.82,170.15,198434.28
2017-07-14,205.0,207.76,179.58,196.49,277636.55
2017-07-13,223.92,224.99,189.46,205.0,240851.08
2017-07-12,188.63,225.0,177.78,223.92,311084.88
2017-07-11,202.0,215.0,169.0,188.63,446118.07
2017-07-10,234.97,238.01,187.5,202.0,287534.28
2017-07-09,245.23,249.0,234.15,234.97,57562.6
2017-07-08,238.38,246.66,226.68,245.23,104331.65
2017-07-07,265.35,265.8,233.84,238.38,141860.27
2017-07-06,264.77,273.0,258.37,265.35,68692.47
2017-07-05,266.68,272.12,249.53,264.77,124788.67
2017-07-04,273.99,283.0,260.0,266.68,121428.2
2017-07-03,277.64,283.98,266.45,273.99,96099.83
2017-07-02,255.0,285.91,242.81,277.64,139575.7
2017-07-01,275.62,277.63,238.0,255.0,204664.28
2017-06-30,285.3,301.9,267.35,275.62,110508.87
2017-06-29,311.62,318.27,276.0,285.3,177166.72
2017-06-28,279.0,318.27,255.0,311.62,260099.81
2017-06-27,251.3,279.0,204.11,279.0,312088.25
2017-06-26,277.0,286.85,214.99,251.3,388655.1
2017-06-25,296.89,306.39,253.2,277.0,145298.57
2017-06-24,324.37,327.55,291.53,296.89,55848.54
2017-06-23,320.94,329.9,316.36,324.37,30171.7
2017-06-22,321.66,328.99,305.0,320.94,100520.37
2017-06-21,344.15,348.5,287.11,321.66,183656.94
2017-06-20,355.5,366.52,328.0,344.15,97905.6
2017-06-19,348.88,362.5,344.13,355.5,49842.61
2017-06-18,364.56,377.46,336.89,348.88,80920.29
2017-06-17,348.44,366.08,332.0,364.56,62789.69
2017-06-16,338.7,355.51,305.22,348.44,99391.17
2017-06-15,335.95,344.0,265.0,338.7,327570.21
2017-06-14,382.7,385.73,315.0,335.95,169588.28
2017-06-13,386.9,395.0,345.61,382.7,126374.15
2017-06-12,336.33,412.21,297.0,386.9,335232.78
2017-06-11,325.88,347.0,310.0,336.33,143918.9
2017-06-10,278.41,341.94,278.26,325.88,161357.48
2017-06-09,256.95,279.9,256.95,278.41,77582.84
2017-06-08,250.7,258.93,242.04,256.95,42054.82
2017-06-07,261.89,263.7,241.01,250.7,72430.44
2017-06-06,242.16,264.99,238.23,261.89,117733.14
2017-06-05,241.06,244.29,231.72,242.16,57877.28
2017-06-04,217.01,245.98,216.1,241.06,107424.66
2017-06-03,214.77,217.99,210.01,217.01,27446.91
2017-06-02,211.4,219.21,208.23,214.77,43557.66
2017-06-01,218.34,227.32,196.0,211.4,129588.55
2017-05-31,224.69,230.55,200.9,218.34,166995.1
2017-05-30,189.99,229.98,182.0,224.69,216534.84
2017-05-29,161.91,191.3,155.01,189.99,134965.21
2017-05-28,149.99,172.79,149.66,161.91,183883.89
2017-05-27,152.8,161.0,110.42,149.99,360795.02
2017-05-26,168.71,187.0,143.64,152.8,185597.02
2017-05-25,183.88,206.06,155.0,168.71,246559.18
2017-05-24,168.24,197.41,166.33,183.88,184312.05
2017-05-23,154.92,174.3,148.6,168.24,144901.81
2017-05-22,146.14,190.0,136.8,154.92,472567.99
2017-05-21,123.03,146.4,122.32,146.14,219993.91
2017-05-20,124.4,128.95,119.54,123.03,122847.61
2017-05-19,98.6,129.25,98.31,124.4,257349.37
2017-05-18,89.67,98.89,89.42,98.6,124929.16
2017-05-17,88.17,90.93,83.77,89.67,49952.54
2017-05-16,92.56,93.48,85.43,88.17,55260.61
2017-05-15,90.37,95.17,90.37,92.56,115273.04
2017-05-14,89.9,91.92,88.11,90.37,49487.75
2017-05-13,86.99,89.99,84.5,89.9,30289.0
2017-05-12,89.38,92.0,83.85,86.99,80921.9
2017-05-11,88.33,91.5,87.35,89.38,60135.42
2017-05-10,88.94,92.46,86.6,88.33,55858.62
2017-05-09,88.97,91.1,77.76,88.94,201041.75
2017-05-08,94.21,95.48,88.11,88.97,99810.07
2017-05-07,96.65,98.0,90.89,94.21,62626.02
2017-05-06,91.5,96.84,90.53,96.65,69578.06
2017-05-05,99.2,101.7,88.2,91.5,205192.36
2017-05-04,85.79,99.78,84.61,99.2,234892.89
2017-05-03,82.01,86.62,81.0,85.79,102032.69
2017-05-02,81.4,85.18,79.49,82.01,103344.39
2017-05-01,83.51,88.1,66.0,81.4,360887.54
2017-04-30,73.55,84.0,72.6,83.51,140755.34
2017-04-29,76.0,77.6,71.2,73.55,135646.78
2017-04-28,68.0,77.4,66.0,76.0,274116.36
2017-04-27,57.31,68.0,56.92,68.0,150434.65
2017-04-26,53.9,58.38,53.66,57.31,151526.6
2017-04-25,53.54,54.21,53.25,53.9,27839.44
2017-04-24,53.33,54.48,53.0,53.54,57987.84
2017-04-23,52.15,54.44,51.75,53.33,53388.37
2017-04-22,51.37,52.78,51.03,52.15,35806.85
2017-04-21,51.96,52.27,51.1,51.37,44694.49
2017-04-20,49.66,52.45,48.6,51.96,99318.43
2017-04-19,52.42,53.0,45.0,49.66,131599.68
2017-04-18,49.52,53.0,49.07,52.42,183892.38
2017-04-17,49.58,50.27,48.88,49.52,48755.23
2017-04-16,49.71,49.9,48.87,49.58,18295.81
2017-04-15,48.5,50.48,47.95,49.71,94939.63
2017-04-14,50.65,50.65,47.34,48.5,112706.23
2017-04-13,46.85,51.51,46.85,50.65,148815.72
2017-04-12,44.21,48.47,43.84,46.85,153488.34
2017-04-11,44.17,44.8,43.8,44.21,32390.92
2017-04-10,43.94,44.76,43.01,44.17,62320.85
2017-04-09,44.51,44.86,43.18,43.94,50659.53
2017-04-08,42.25,45.76,42.25,44.51,103954.49
2017-04-07,43.11,44.53,41.78,42.25,79292.15
2017-04-06,45.35,46.03,41.25,43.11,185545.22
2017-04-05,44.41,47.53,44.19,45.35,161256.98
2017-04-04,44.28,45.69,41.05,44.41,217964.6
2017-04-03,48.6,48.6,42.77,44.28,334413.63
2017-04-02,50.59,51.59,47.7,48.6,224172.18
2017-04-01,49.72,51.87,48.7,50.59,110409.48
2017-03-31,51.62,51.83,46.82,49.72,224201.43
2017-03-30,52.88,53.28,50.75,51.62,106850.17
2017-03-29,50.16,54.3,49.4,52.88,195805.15
2017-03-28,48.93,50.6,47.95,50.16,129692.38
2017-03-27,50.46,52.01,47.67,48.93,111390.11
2017-03-26,50.75,51.8,46.55,50.46,131996.35
2017-03-25,54.01,54.9,47.46,50.75,327303.53
2017-03-24,43.14,58.99,42.5,54.01,467527.48
2017-03-23,41.46,44.75,40.22,43.14,149613.03
2017-03-22,42.45,42.95,38.51,41.46,139580.43
2017-03-21,42.06,43.7,41.15,42.45,132272.64
2017-03-20,43.17,45.13,39.47,42.06,249999.31
2017-03-19,34.2,45.69,34.1,43.17,482754.55
2017-03-18,44.65,44.99,31.1,34.2,605215.96
2017-03-17,45.07,51.88,32.84,44.65,969509.98
2017-03-16,34.8,46.21,34.8,45.07,875165.03
2017-03-15,28.66,34.8,28.36,34.8,387155.65
2017-03-14,28.4,29.93,27.0,28.66,200541.01
2017-03-13,23.2,30.6,23.2,28.4,508929.87
2017-03-12,21.3,23.23,21.05,23.2,224815.24
2017-03-11,19.18,21.45,18.83,21.3,189076.2
2017-03-10,17.75,19.7,16.5,19.18,235674.67
2017-03-09,16.51,18.0,16.25,17.75,80457.43
2017-03-08,18.88,18.88,16.51,16.51,160587.2
2017-03-07,19.51,19.67,18.5,18.88,65330.65
2017-03-06,19.35,20.23,19.14,19.51,90546.31
2017-03-05,18.5,19.45,18.15,19.35,64681.9
2017-03-04,19.49,20.0,18.4,18.5,94843.44
2017-03-03,19.02,20.73,18.43,19.49,280285.45
2017-03-02,17.43,19.45,16.3,19.02,258025.3
2017-03-01,15.86,17.49,15.62,17.43,98121.63
2017-02-28,15.5,16.23,15.18,15.86,176170.34
2017-02-27,14.57,15.75,14.3,15.5,134082.84
2017-02-26,13.55,14.66,13.3,14.57,81334.12
2017-02-25,13.11,13.8,13.05,13.55,63733.97
2017-02-24,13.27,13.31,12.7,13.11,41532.0
2017-02-23,12.68,13.37,12.6,13.27,48193.69
2017-02-22,12.82,12.85,12.6,12.68,13590.06
2017-02-21,12.4,12.89,12.25,12.82,49742.46
2017-02-20,12.8,12.91,12.4,12.4,26074.82
2017-02-19,12.79,12.94,12.7,12.8,15573.09
2017-02-18,12.76,12.9,12.7,12.79,19228.51
2017-02-17,12.92,12.92,12.6,12.76,24766.21
2017-02-16,12.92,12.99,12.57,12.92,33272.92
2017-02-15,13.02,13.15,12.59,12.92,86505.8
2017-02-14,11.32,13.4,11.32,12.96,175413.37
2017-02-13,11.33,11.37,11.05,11.35,16952.97
2017-02-12,11.33,11.4,11.22,11.26,10064.24
2017-02-11,11.27,11.38,11.13,11.33,20931.73
2017-02-10,10.95,11.39,10.75,11.3,40308.98
2017-02-09,11.35,11.51,10.41,10.9,58765.31
2017-02-08,11.45,11.6,11.0,11.35,22539.67
2017-02-07,11.31,11.5,11.25,11.41,33230.09
2017-02-06,11.18,11.33,11.12,11.32,19902.44
2017-02-05,11.32,11.37,11.05,11.18,13735.05
2017-02-04,11.0,11.4,11.0,11.32,45161.81
2017-02-03,10.78,10.93,10.55,10.93,29303.58
2017-02-02,10.71,10.84,10.53,10.8,42691.99
2017-02-01,10.71,10.77,10.41,10.71,32511.41
2017-01-31,10.5,10.74,10.38,10.71,71525.58
2017-01-30,10.44,10.69,10.38,10.53,30572.07
2017-01-29,10.49,10.51,10.38,10.46,10937.65
2017-01-28,10.5,10.54,10.35,10.51,29303.88
2017-01-27,10.52,10.58,10.36,10.5,17500.05
2017-01-26,10.49,10.63,10.43,10.63,24205.22
2017-01-25,10.52,10.58,10.35,10.48,7484.23
2017-01-24,10.58,10.75,10.46,10.5,30059.73
2017-01-23,10.64,10.83,10.59,10.77,15540.15
2017-01-22,10.91,10.98,10.34,10.64,40188.01
2017-01-21,10.64,11.09,10.56,10.95,35803.99
2017-01-20,10.38,10.75,10.3,10.62,18156.52
2017-01-19,10.31,10.51,10.15,10.38,14467.79
2017-01-18,10.3,10.49,9.736,10.19,28398.49
2017-01-17,9.536,10.6,9.533,10.12,67954.25
2017-01-16,9.72,9.779,9.553,9.608,4578.89
2017-01-15,9.673,9.834,9.598,9.805,4824.9
2017-01-14,9.72,9.874,9.507,9.673,4982.71
2017-01-13,9.831,9.831,9.393,9.67,11360.82
2017-01-12,9.484,10.04,9.082,9.831,34556.01
2017-01-11,10.61,10.7,9.41,9.794,45454.0
2017-01-10,10.43,10.75,10.2,10.61,27705.67
2017-01-09,10.43,10.84,9.5,10.26,47423.68
2017-01-08,9.796,10.48,9.796,10.28,33301.21
2017-01-07,10.09,10.19,9.48,9.84,30666.59
2017-01-06,10.23,10.4,9.473,10.08,41339.13
2017-01-05,11.16,11.7,9.2,10.15,140182.81
2017-01-04,9.569,11.1,9.44,11.0,158929.2
2017-01-03,8.426,9.9,8.3,9.735,172405.94
2017-01-02,8.191,8.5,8.114,8.37,28933.83
2017-01-01,8.172,8.587,8.03,8.204,41405.52
2016-12-31,8.17,8.351,8.0,8.0,57209.68
2016-12-30,8.267,8.499,8.05,8.162,16212.39
2016-12-29,7.616,8.6,7.616,8.268,83314.44
2016-12-28,7.2,7.757,7.1,7.583,50645.17
2016-12-27,7.274,7.33,7.083,7.12,11657.67
2016-12-26,7.11,7.35,7.05,7.274,22532.96
2016-12-25,7.253,7.324,7.167,7.226,4698.48
2016-12-24,7.11,7.351,7.11,7.253,16219.71
2016-12-23,7.545,7.679,7.109,7.159,39725.14
2016-12-22,7.84,7.84,7.463,7.613,33813.95
2016-12-21,7.683,7.962,7.639,7.89,14983.3
2016-12-20,7.628,7.75,7.551,7.605,15809.29
2016-12-19,7.93,7.93,7.58,7.58,7431.78
2016-12-18,7.881,7.938,7.74,7.93,6142.02
2016-12-17,7.855,7.898,7.473,7.727,42097.2
2016-12-16,7.861,7.957,7.769,7.855,16137.03
2016-12-15,8.155,8.227,7.706,7.825,41438.84
2016-12-14,8.44,8.489,8.2,8.205,4204.13
2016-12-13,8.488,8.49,8.3,8.361,6170.88
2016-12-12,8.195,8.626,8.089,8.45,23321.73
2016-12-11,8.136,8.248,8.0,8.19,6459.25
2016-12-10,8.416,8.553,7.94,8.119,10243.81
2016-12-09,8.101,8.65,8.02,8.516,15631.44
2016-12-08,8.349,8.845,8.236,8.299,48583.58
2016-12-07,7.6,8.7,7.269,8.33,46012.27
2016-12-06,6.682,7.878,5.861,7.711,173583.38
2016-12-05,7.405,7.567,6.501,6.702,73141.79
2016-12-04,7.846,7.906,7.421,7.546,9827.09
2016-12-03,7.76,8.1,7.642,7.906,55929.53
2016-12-02,8.43,8.43,7.1,7.702,140040.55
2016-12-01,8.608,8.608,8.358,8.464,27212.58
2016-11-30,8.16,8.758,8.11,8.621,35506.58
2016-11-29,8.699,8.744,7.737,8.16,53827.81
2016-11-28,8.97,9.017,8.649,8.699,11988.44
2016-11-27,9.332,9.332,8.702,8.877,17811.49
2016-11-26,9.381,9.53,9.22,9.332,4031.78
2016-11-25,9.173,9.69,9.171,9.381,17406.3
2016-11-24,9.693,9.85,8.7,9.195,33802.55
2016-11-23,9.89,9.919,9.683,9.693,7975.56
2016-11-22,9.611,10.26,9.542,9.836,29424.53
2016-11-21,9.538,9.679,9.508,9.611,2471.68
2016-11-20,9.682,9.764,9.494,9.571,8289.08
2016-11-19,9.539,9.861,9.477,9.734,17979.87
2016-11-18,9.964,10.03,9.455,9.52,16351.34
2016-11-17,10.02,10.27,9.901,9.99,29482.74
2016-11-16,10.19,10.5,9.927,10.02,33339.87
2016-11-15,10.0,10.41,9.716,10.27,15025.45
2016-11-14,10.08,10.19,9.956,10.0,4906.67
2016-11-13,10.01,10.37,9.68,10.08,9050.64
2016-11-12,10.27,10.32,9.7,10.01,18386.66
2016-11-11,10.54,10.58,10.26,10.27,4965.25
2016-11-10,10.66,10.69,10.52,10.54,2172.68
2016-11-09,10.92,10.92,10.2,10.72,22914.33
2016-11-08,10.88,11.21,10.79,10.92,18135.61
2016-11-07,10.91,11.1,10.85,10.88,23894.6
2016-11-06,11.15,11.27,10.91,10.91,3102.68
2016-11-05,11.23,11.24,10.99,11.17,5185.26
2016-11-04,10.86,11.24,10.85,11.21,14259.39
2016-11-03,10.94,11.18,10.81,10.86,30518.89
2016-11-02,10.81,11.25,10.76,10.86,26107.08
2016-11-01,10.96,11.21,10.41,10.81,37047.69
2016-10-31,11.28,11.5,10.88,10.96,38477.65
2016-10-30,10.38,11.53,10.31,11.28,25362.08
2016-10-29,11.15,11.26,9.5,10.38,82340.9
2016-10-28,11.57,11.7,10.85,11.15,54846.48
2016-10-27,11.5,11.66,11.23,11.57,31568.19
2016-10-26,11.36,11.72,11.36,11.5,19332.76
2016-10-25,11.99,12.0,11.12,11.36,32244.63
2016-10-24,12.07,12.23,11.98,11.99,13754.23
2016-10-23,12.25,12.26,11.99,12.07,9240.24
2016-10-22,12.16,12.37,12.08,12.29,5928.55
2016-10-21,12.1,12.2,12.09,12.16,5066.02
2016-10-20,11.99,12.32,11.99,12.09,24628.36
2016-10-19,12.54,12.62,11.95,11.99,37276.68
2016-10-18,12.0,12.91,11.98,12.54,68018.57
2016-10-17,11.98,12.03,11.81,12.0,25774.79
2016-10-16,12.01,12.06,11.92,11.98,5849.32
2016-10-15,11.96,12.05,11.83,12.01,11549.36
2016-10-14,12.07,12.1,11.9,11.93,6727.47
2016-10-13,11.72,12.12,11.72,12.07,17510.08
2016-10-12,11.84,12.06,11.68,11.72,37766.78
2016-10-11,11.76,12.33,11.76,11.78,35247.39
2016-10-10,12.03,12.09,11.6,11.73,85328.67
2016-10-09,12.26,12.56,11.99,12.01,47697.49
2016-10-08,12.73,12.76,12.0,12.26,37568.06
2016-10-07,12.84,13.0,12.56,12.69,21482.99
2016-10-06,13.11,13.15,12.62,12.84,18044.12
2016-10-05,13.33,13.39,13.08,13.11,17754.2
2016-10-04,13.44,13.5,13.22,13.33,19392.22
2016-10-03,13.22,13.5,13.17,13.44,7305.05
2016-10-02,13.18,13.33,13.0,13.16,14820.9
2016-10-01,13.25,13.31,13.05,13.18,13399.66
2016-09-30,13.1,13.43,13.05,13.3,12995.54
2016-09-29,13.25,13.33,13.07,13.1,15273.88
2016-09-28,13.08,13.49,13.04,13.25,17203.24
2016-09-27,12.9,13.27,12.85,13.08,20770.44
2016-09-26,13.14,13.14,12.81,12.9,17028.1
2016-09-25,12.86,13.2,12.77,13.05,11375.5
2016-09-24,13.39,13.47,12.71,12.86,22155.32
2016-09-23,13.3,13.5,13.1,13.36,7244.36
2016-09-22,13.65,13.7,12.47,13.17,77311.58
2016-09-21,14.3,14.35,13.16,13.74,58714.6
2016-09-20,13.15,15.4,13.08,14.45,89048.83
2016-09-19,12.49,13.1,12.48,12.9,28419.76
2016-09-18,12.73,13.1,12.26,12.32,100307.07
2016-09-17,12.6,12.87,12.51,12.8,10678.08
2016-09-16,12.0,12.82,11.99,12.68,55434.54
2016-09-15,11.94,12.41,11.91,12.01,78594.39
2016-09-14,12.01,12.33,11.91,11.94,39221.88
2016-09-13,12.0,12.55,11.86,12.01,151343.82
2016-09-12,11.8,12.05,11.67,12.0,17620.05
2016-09-11,12.13,12.3,11.6,11.68,39359.85
2016-09-10,11.72,12.18,11.58,12.13,25570.37
2016-09-09,11.45,11.9,11.4,11.68,57675.43
2016-09-08,11.64,11.96,11.26,11.45,21364.18
2016-09-07,11.73,11.82,11.6,11.64,6902.75
2016-09-06,11.85,11.92,11.45,11.73,23979.16
2016-09-05,11.73,11.92,11.65,11.85,10158.3
2016-09-04,11.88,11.96,11.6,11.73,14582.35
2016-09-03,12.13,12.43,11.65,12.01,24967.17
2016-09-02,12.22,12.38,11.91,12.13,17210.55
2016-09-01,11.66,12.6,11.61,12.22,23555.92
2016-08-31,11.33,11.63,11.17,11.63,11289.22
2016-08-30,11.03,11.39,10.94,11.29,12023.72
2016-08-29,10.94,11.18,10.78,10.93,18090.33
2016-08-28,11.11,11.16,10.92,10.94,10086.54
2016-08-27,11.26,11.26,11.13,11.2,2559.42
2016-08-26,11.39,11.42,11.13,11.22,8613.82
2016-08-25,10.98,11.39,10.97,11.39,23657.43
2016-08-24,11.03,11.2,10.96,10.98,10693.32
2016-08-23,11.14,11.28,10.9,10.99,18402.59
2016-08-22,11.2,11.36,11.0,11.14,23349.83
2016-08-21,11.26,11.3,10.93,11.13,14135.13
2016-08-20,10.69,11.3,10.68,11.26,54436.51
2016-08-19,10.69,10.76,10.61,10.68,39986.21
2016-08-18,10.72,10.97,10.66,10.69,46316.97
2016-08-17,11.07,11.07,10.65,10.72,130397.48
2016-08-16,11.15,11.17,10.83,11.07,18844.34
2016-08-15,11.16,11.28,10.88,11.09,40155.71
2016-08-14,11.48,11.67,11.0,11.16,53894.57
2016-08-13,11.69,11.76,11.4,11.48,39504.19
2016-08-12,11.71,11.99,11.57,11.67,72730.2
2016-08-11,11.9,12.1,11.57,11.64,97102.35
2016-08-10,11.99,12.33,11.86,12.07,109689.17
2016-08-09,10.16,10.16,10.16,10.16,0.0
2016-08-08,10.16,10.16,10.16,10.16,0.0
2016-08-07,10.16,10.16,10.16,10.16,0.0
2016-08-06,10.16,10.16,10.16,10.16,0.0
2016-08-05,10.16,10.16,10.16,10.16,0.0
2016-08-04,10.16,10.16,10.16,10.16,0.0
2016-08-03,10.16,10.16,10.16,10.16,0.0
2016-08-02,11.04,11.2,9.9,10.16,252188.81
2016-08-01,12.0,12.04,11.08,11.08,91106.48
2016-07-31,12.45,12.55,11.3,11.86,119817.4
2016-07-30,12.85,12.85,12.47,12.52,48999.73
2016-07-29,12.87,12.94,12.6,12.9,52416.55
2016-07-28,12.93,13.0,12.54,12.87,85841.03
2016-07-27,12.01,13.28,11.78,13.03,107990.8
2016-07-26,13.55,13.86,11.91,12.01,389116.98
2016-07-25,12.86,13.8,12.75,13.8,212230.93
2016-07-24,14.33,14.44,12.17,12.65,471285.26
2016-07-23,14.55,14.85,13.9,14.25,182407.29
2016-07-22,12.67,15.15,12.53,14.67,449985.66
2016-07-21,12.52,12.75,12.03,12.55,152784.88
2016-07-20,11.7,13.04,11.55,12.48,471351.36
2016-07-19,11.09,12.24,11.07,11.75,193861.52
2016-07-18,11.31,11.75,11.01,11.04,72096.03
2016-07-17,11.72,11.74,11.02,11.24,164419.48
2016-07-16,11.95,12.05,11.72,11.72,36549.96
2016-07-15,11.5,12.55,11.37,11.93,171604.71
2016-07-14,10.7,11.79,10.69,11.6,119732.86
2016-07-13,10.55,10.6,10.43,10.47,17956.18
2016-07-12,10.48,10.8,10.4,10.55,41051.37
2016-07-11,10.95,11.09,10.2,10.51,82238.66
2016-07-10,10.83,11.02,10.74,10.95,21670.86
2016-07-09,11.37,11.43,10.4,10.9,123188.79
2016-07-08,10.16,11.65,9.902,11.31,152564.29
2016-07-07,10.58,10.67,9.729,10.14,83273.35
2016-07-06,10.37,11.12,10.22,10.55,93600.62
2016-07-05,11.42,11.49,9.353,10.53,320418.76
2016-07-04,11.65,11.85,11.35,11.42,42225.14
2016-07-03,12.06,12.11,11.56,11.78,56222.4
2016-07-02,12.17,12.2,11.95,12.14,24620.35
2016-07-01,12.5,12.58,11.74,12.35,86489.78
2016-06-30,12.64,12.88,12.2,12.5,60910.32
2016-06-29,12.08,13.05,11.57,12.77,122071.35
2016-06-28,13.95,14.07,11.51,12.22,256046.9
2016-06-27,13.71,14.19,13.68,13.96,38580.89
2016-06-26,14.22,14.4,13.53,13.75,61106.67
2016-06-25,14.39,14.84,13.91,14.31,75097.88
2016-06-24,13.76,14.46,13.1,14.29,157553.4
2016-06-23,13.26,14.0,12.5,13.75,149030.43
2016-06-22,13.75,15.9,12.95,13.25,522625.86
2016-06-21,11.67,12.98,11.2,12.94,184202.19
2016-06-20,12.33,12.49,10.51,11.9,317579.64
2016-06-19,10.76,13.36,10.55,12.43,326846.06
2016-06-18,15.19,15.3,10.13,11.41,869090.63
2016-06-17,20.86,21.69,11.51,15.61,1348726.99
2016-06-16,18.61,21.1,18.44,20.7,292447.19
2016-06-15,18.7,18.75,17.55,18.45,104406.88
2016-06-14,17.65,19.41,16.0,18.73,335451.45
2016-06-13,15.75,17.91,15.7,17.73,256284.46
2016-06-12,14.3,16.09,14.25,15.8,157275.88
2016-06-11,13.95,14.28,13.81,14.15,31262.79
2016-06-10,14.44,14.46,13.56,13.97,62901.05
2016-06-09,14.51,14.7,14.37,14.45,18564.83
2016-06-08,14.6,14.89,14.3,14.49,73430.92
2016-06-07,13.94,14.7,13.88,14.5,57110.52
2016-06-06,14.0,14.19,13.8,14.03,30156.27
2016-06-05,13.75,13.97,13.69,13.95,15618.25
2016-06-04,13.9,13.9,13.4,13.81,39747.89
2016-06-03,13.82,13.99,13.42,13.84,57372.69
2016-06-02,13.94,14.03,13.61,13.8,44437.71
2016-06-01,14.07,14.3,13.46,13.85,82750.59
2016-05-31,12.78,14.28,12.6,14.01,147994.53
2016-05-30,12.44,12.81,12.3,12.72,35137.23
2016-05-29,11.8,12.89,11.78,12.41,130031.1
2016-05-28,10.99,12.5,10.38,11.98,167734.65
2016-05-27,12.4,12.43,10.53,11.12,184525.4
2016-05-26,12.52,13.07,12.13,12.48,61609.99
2016-05-25,12.84,12.99,11.8,12.49,70737.63
2016-05-24,13.38,13.82,12.0,12.73,124992.22
2016-05-23,14.21,14.49,13.32,13.42,48597.56
2016-05-22,14.06,14.51,13.62,14.21,33768.01
2016-05-21,13.6,14.0,13.01,14.0,59723.74
2016-05-20,14.74,14.89,13.31,13.79,96767.73
2016-05-19,13.4,14.65,13.2,14.58,112326.52
2016-05-18,12.28,14.4,12.21,13.35,120019.47
2016-05-17,11.15,12.6,11.1,12.08,154564.32
2016-05-16,10.01,11.47,10.0,11.09,73487.59
2016-05-15,10.25,10.42,9.934,9.966,12209.03
2016-05-14,10.6,10.75,9.71,10.16,34816.92
2016-05-13,10.09,11.11,10.08,10.6,55507.89
2016-05-12,9.919,10.47,9.79,10.04,40625.81
2016-05-11,9.382,9.98,9.296,9.886,31515.66
2016-05-10,9.311,9.47,9.28,9.382,5233.56
2016-05-09,9.51,9.647,9.252,9.318,22082.38
2016-05-08,9.414,9.64,9.0,9.5,22882.18
2016-05-07,9.449,9.644,9.2,9.351,8967.69
2016-05-06,9.849,9.977,9.12,9.351,26406.27
2016-05-05,9.4,10.0,9.3,9.79,17838.74
2016-05-04,9.382,9.999,9.253,9.463,21344.46
2016-05-03,10.01,10.01,9.183,9.343,36663.0
2016-05-02,8.828,10.3,8.789,10.0,84392.87
2016-05-01,8.742,8.998,8.35,8.752,20568.7
2016-04-30,7.45,9.36,7.45,8.872,76561.91
2016-04-29,7.234,7.72,7.187,7.515,14618.38
2016-04-28,7.725,7.87,7.251,7.33,19827.7
2016-04-27,7.398,7.99,7.314,7.798,25846.89
2016-04-26,7.56,7.599,7.12,7.499,36933.51
2016-04-25,8.05,8.152,7.322,7.539,59160.53
2016-04-24,8.348,8.5,8.01,8.097,14873.15
2016-04-23,7.948,8.8,7.807,8.46,25591.93
2016-04-22,8.23,8.409,7.73,7.969,27818.77
2016-04-21,8.614,8.8,8.0,8.11,13005.85
2016-04-20,8.73,9.047,8.35,8.614,47916.15
2016-04-19,8.973,9.379,8.65,8.714,10074.25
2016-04-18,9.302,9.55,8.441,8.973,10822.2
2016-04-17,8.7,10.9,8.614,9.455,27442.24
2016-04-16,8.23,8.678,8.183,8.541,8358.72
2016-04-15,8.392,8.69,8.1,8.32,8708.18
2016-04-14,8.081,8.86,8.0,8.455,10327.77
2016-04-13,7.483,8.8,6.855,8.09,40631.85
2016-04-12,8.531,8.538,7.211,7.526,18235.47
2016-04-11,8.56,8.932,8.01,8.68,17221.72
2016-04-10,9.15,9.43,7.52,8.757,49139.41
2016-04-09,9.692,10.2,9.0,9.15,18560.63
2016-04-08,10.05,10.34,9.6,9.71,7421.29
2016-04-07,10.76,10.85,9.405,10.12,14497.06
2016-04-06,10.4,10.96,10.2,10.76,11440.26
2016-04-05,11.15,11.15,9.7,10.4,15253.87
2016-04-04,11.6,11.67,10.88,11.15,11069.47
2016-04-03,11.61,11.76,11.4,11.75,5385.89
2016-04-02,11.65,11.77,11.43,11.61,3477.5
2016-04-01,11.41,11.94,11.39,11.62,6342.09
2016-03-31,11.92,12.02,11.29,11.41,9334.01
2016-03-30,11.79,12.3,11.44,11.85,10560.26
2016-03-29,11.78,11.88,11.37,11.79,13591.62
2016-03-28,10.4,11.94,10.4,11.62,22089.06
2016-03-27,10.93,10.98,10.17,10.4,15947.08
2016-03-26,10.67,11.2,10.58,11.0,4606.57
2016-03-25,11.32,11.35,10.52,10.67,24977.64
2016-03-24,12.43,12.47,10.67,11.2,14512.64
2016-03-23,11.37,12.43,11.2,12.43,7721.47
2016-03-22,11.53,11.97,11.08,11.37,7509.91
2016-03-21,10.18,12.05,10.14,11.95,11102.31
2016-03-20,10.55,10.88,9.559,10.18,9478.65
2016-03-19,10.97,11.1,9.776,10.31,19298.78
2016-03-18,11.09,11.2,8.338,10.74,44964.49
2016-03-17,12.58,12.61,10.44,10.74,25556.88
2016-03-16,13.06,13.89,12.62,12.88,5496.81
2016-03-15,12.63,13.42,11.98,13.06,11350.2
2016-03-14,15.07,15.07,11.4,12.5,26338.06
2016-03-13,12.92,15.07,12.92,15.07,369.64
2016-03-12,11.95,13.45,11.95,12.92,237.78
2016-03-11,11.75,11.95,11.75,11.95,50.85
2016-03-10,11.2,11.85,11.07,11.75,1.03
2016-03-09,10.3,11.2,10.1,11.2,41.17
