date,open,high,low,close,volume
2022-02-08,26.200000762939453,27.299999237060547,25.940000534057617,27.049999237060547,153500
2022-02-09,27.600000381469727,28.719999313354492,27.200000762939453,28.719999313354492,144800
2022-02-10,28.100000381469727,30.510000228881836,27.450000762939453,28.540000915527344,150100
2022-02-11,28.260000228881836,28.954999923706055,26.479999542236328,26.68000030517578,66700
2022-02-14,26.93000030517578,27.459999084472656,25.85300064086914,26.190000534057617,43700
2022-02-15,27.739999771118164,28.5,27.399999618530273,28.469999313354492,52300
2022-02-16,28.18000030517578,28.358999252319336,27.459999084472656,28.082000732421875,31800
2022-02-17,27.5,27.5,25.940000534057617,26.079999923706055,39000
2022-02-18,26.0,26.0,24.229999542236328,24.5,49200
2022-02-22,24.0,24.360000610351562,23.389999389648438,23.999000549316406,21500
2022-02-23,24.280000686645508,24.600000381469727,22.899999618530273,22.899999618530273,17800
2022-02-24,20.959999084472656,24.520000457763672,20.68000030517578,24.43000030517578,42800
2022-02-25,25.110000610351562,25.110000610351562,24.059999465942383,24.459999084472656,28500
2022-02-28,23.989999771118164,26.700000762939453,23.989999771118164,26.260000228881836,52400
2022-03-01,28.610000610351562,28.610000610351562,26.0,26.40999984741211,27200
2022-03-02,27.0,27.179000854492188,26.18000030517578,26.700000762939453,36300
2022-03-03,26.829999923706055,26.829999923706055,24.469999313354492,24.65999984741211,22200
2022-03-04,24.5,24.510000228881836,22.83099937438965,22.83099937438965,16300
2022-03-07,23.25,23.479999542236328,21.459999084472656,21.56999969482422,38800
2022-03-08,21.549999237060547,23.27199935913086,21.3700008392334,22.65999984741211,37200
2022-03-09,24.0,25.0,23.920000076293945,24.690000534057617,22300
2022-03-10,23.729999542236328,24.135000228881836,23.540000915527344,24.049999237060547,15300
2022-03-11,24.1200008392334,24.1299991607666,22.719999313354492,22.719999313354492,12800
2022-03-14,22.899999618530273,22.899999618530273,21.281999588012695,21.618999481201172,21100
2022-03-15,21.2450008392334,22.150999069213867,21.2450008392334,22.150999069213867,22200
2022-03-16,22.639999389648438,23.520000457763672,22.31999969482422,23.5,23800
2022-03-17,23.450000762939453,24.899999618530273,23.399999618530273,24.829999923706055,24500
2022-03-18,24.469999313354492,26.040000915527344,24.469999313354492,25.812000274658203,36200
2022-03-21,25.700000762939453,26.0,24.860000610351562,25.344999313354492,24900
2022-03-22,26.0,27.0,26.0,26.110000610351562,38000
2022-03-23,26.09000015258789,26.670000076293945,25.5,25.84000015258789,31000
2022-03-24,26.309999465942383,27.260000228881836,25.829999923706055,27.209999084472656,23200
2022-03-25,27.549999237060547,27.690000534057617,26.274999618530273,26.450000762939453,18000
2022-03-28,27.770000457763672,28.790000915527344,27.450000762939453,28.299999237060547,30500
2022-03-29,28.5,28.5,27.031999588012695,28.219999313354492,31200
2022-03-30,27.5,27.5,26.3799991607666,26.39299964904785,15800
2022-03-31,26.719999313354492,26.790000915527344,25.389999389648438,25.409000396728516,31700
2022-04-01,25.56999969482422,26.0,25.295000076293945,25.65999984741211,11000
2022-04-04,25.709999084472656,26.15999984741211,25.56999969482422,26.10700035095215,17800
2022-04-05,26.239999771118164,26.239999771118164,24.809999465942383,24.90999984741211,12800
2022-04-06,24.299999237060547,24.3700008392334,23.155000686645508,23.389999389648438,20500
2022-04-07,23.518999099731445,23.518999099731445,22.5,23.31999969482422,11200
2022-04-08,23.18000030517578,23.18000030517578,22.5,22.530000686645508,16000
2022-04-11,22.260000228881836,22.290000915527344,21.600000381469727,21.739999771118164,21200
2022-04-12,22.31999969482422,24.100000381469727,21.100000381469727,21.15999984741211,18800
2022-04-13,21.31999969482422,22.309999465942383,21.31999969482422,22.219999313354492,12100
2022-04-14,22.25,22.25,21.079999923706055,21.09000015258789,8300
2022-04-18,21.0,21.0,20.5,20.854999542236328,26000
2022-04-19,20.90999984741211,21.687999725341797,20.90999984741211,21.459999084472656,14300
2022-04-20,21.600000381469727,21.600000381469727,20.639999389648438,20.639999389648438,5700
2022-04-21,21.100000381469727,21.100000381469727,19.667999267578125,19.670000076293945,17900
2022-04-22,19.610000610351562,19.940000534057617,18.850000381469727,19.020000457763672,21300
2022-04-25,18.5,18.954999923706055,18.5,18.719999313354492,14700
2022-04-26,18.709999084472656,18.709999084472656,17.6200008392334,17.6200008392334,9100
2022-04-27,18.030000686645508,18.229999542236328,17.500999450683594,17.540000915527344,21300
2022-04-28,18.100000381469727,18.389999389648438,17.170000076293945,18.17099952697754,15900
2022-04-29,18.489999771118164,18.709999084472656,17.219999313354492,17.290000915527344,15300
2022-05-02,17.79400062561035,17.969999313354492,17.40999984741211,17.969999313354492,11600
2022-05-03,17.969999313354492,18.118000030517578,17.719999313354492,17.899999618530273,4600
2022-05-04,17.34000015258789,18.670000076293945,17.149999618530273,18.65999984741211,17500
2022-05-05,17.850000381469727,17.895000457763672,16.950000762939453,17.350000381469727,19200
2022-05-06,16.690000534057617,16.959999084472656,16.299999237060547,16.538000106811523,13800
2022-05-09,15.760000228881836,15.760000228881836,14.130000114440918,14.130000114440918,10600
2022-05-10,15.0,15.0,13.744999885559082,13.836999893188477,9200
2022-05-11,13.479999542236328,13.720999717712402,12.460000038146973,12.505999565124512,9400
2022-05-12,12.09000015258789,12.836999893188477,11.819999694824219,12.319999694824219,28000
2022-05-13,13.279999732971191,14.170000076293945,13.279999732971191,13.625,41200
2022-05-16,13.640000343322754,13.640000343322754,12.850000381469727,12.899999618530273,6300
2022-05-17,13.079999923706055,13.880000114440918,13.079999923706055,13.824999809265137,10400
2022-05-18,13.399999618530273,13.65999984741211,12.869999885559082,13.109000205993652,20200
2022-05-19,13.140000343322754,13.90999984741211,13.140000343322754,13.449999809265137,4200
2022-05-20,13.619999885559082,13.619999885559082,12.609999656677246,13.104000091552734,6500
2022-05-23,13.350000381469727,13.4399995803833,12.90999984741211,13.095000267028809,18800
2022-05-24,13.039999961853027,13.039999961853027,12.190999984741211,12.324999809265137,12200
2022-05-25,12.4399995803833,12.680000305175781,12.350000381469727,12.586000442504883,9500
2022-05-26,12.520000457763672,13.239999771118164,12.170000076293945,13.039999961853027,17200
2022-05-27,13.34000015258789,13.729999542236328,13.289999961853027,13.600000381469727,9500
2022-05-31,14.6899995803833,14.6899995803833,13.989999771118164,14.1899995803833,6900
2022-06-01,14.210000038146973,14.210000038146973,13.319999694824219,13.470000267028809,24200
2022-06-02,13.5600004196167,14.100000381469727,13.5600004196167,13.880000114440918,5900
2022-06-03,13.42300033569336,13.569999694824219,13.42300033569336,13.506999969482422,1400
2022-06-06,13.585000038146973,13.729999542236328,13.279999732971191,13.324000358581543,5800
2022-06-07,12.930000305175781,13.116999626159668,12.850000381469727,13.116999626159668,3100
2022-06-08,13.149999618530273,13.149999618530273,12.770000457763672,12.829999923706055,6400
2022-06-09,12.989999771118164,13.010000228881836,12.204999923706055,12.210000038146973,21900
2022-06-10,12.0,12.0,11.579999923706055,11.602999687194824,5900
2022-06-13,10.6899995803833,10.6899995803833,10.0,10.15999984741211,31800
2022-06-14,10.039999961853027,10.260000228881836,10.039999961853027,10.041000366210938,10400
2022-06-15,9.970000267028809,10.432000160217285,9.970000267028809,10.260000228881836,17600
2022-06-16,9.880000114440918,9.899999618530273,9.5,9.630000114440918,10400
2022-06-17,9.890000343322754,9.920000076293945,9.760000228881836,9.760000228881836,19900
2022-06-21,9.869999885559082,10.720000267028809,9.869999885559082,10.210000038146973,7300
2022-06-22,9.890000343322754,10.329999923706055,9.819999694824219,9.859999656677246,11400
2022-06-23,9.829999923706055,10.069999694824219,9.720000267028809,10.069999694824219,9400
2022-06-24,10.569999694824219,10.779999732971191,10.399999618530273,10.539999961853027,9300
2022-06-27,10.5,10.5,10.130000114440918,10.270000457763672,11900
2022-06-28,10.390000343322754,10.430000305175781,9.670000076293945,9.699999809265137,12900
2022-06-29,9.710000038146973,9.710000038146973,9.199000358581543,9.199999809265137,3200
2022-06-30,9.0,9.09000015258789,8.739999771118164,8.864999771118164,14600
2022-07-01,9.050000190734863,9.050000190734863,8.904999732971191,9.026000022888184,6700
2022-07-05,8.800000190734863,9.659000396728516,8.800000190734863,9.659000396728516,700
2022-07-06,9.520000457763672,9.600000381469727,9.270000457763672,9.270000457763672,7300
2022-07-07,10.0,10.258000373840332,9.881999969482422,10.258000373840332,2200
2022-07-08,9.993000030517578,10.720000267028809,9.993000030517578,10.479999542236328,4100
2022-07-11,10.220000267028809,10.220000267028809,9.8100004196167,9.8100004196167,900
2022-07-12,9.602999687194824,9.602999687194824,9.489999771118164,9.489999771118164,600
2022-07-13,9.300000190734863,9.675999641418457,9.300000190734863,9.675999641418457,3400
2022-07-14,9.359999656677246,9.737000465393066,9.359999656677246,9.680000305175781,4700
2022-07-15,9.869999885559082,9.913000106811523,9.710000038146973,9.913000106811523,5500
2022-07-18,10.380000114440918,11.008000373840332,10.229999542236328,10.229999542236328,7500
2022-07-19,10.720000267028809,11.371000289916992,10.65999984741211,11.371000289916992,4400
2022-07-20,11.670000076293945,12.279000282287598,11.670000076293945,12.0600004196167,21500
2022-07-21,11.819999694824219,12.140000343322754,11.819999694824219,12.140000343322754,2300
2022-07-22,12.420000076293945,12.420000076293945,11.302000045776367,11.302000045776367,1600
2022-07-25,10.779999732971191,10.829999923706055,10.670000076293945,10.670000076293945,3000
2022-07-26,10.0,10.074999809265137,9.970000267028809,10.038000106811523,5300
2022-07-27,10.470000267028809,10.970000267028809,10.319999694824219,10.859999656677246,3200
2022-07-28,11.055000305175781,11.387999534606934,10.736000061035156,11.387999534606934,3600
2022-07-29,11.380000114440918,11.531000137329102,11.319999694824219,11.329999923706055,22400
2022-08-01,11.539999961853027,11.539999961853027,11.309000015258789,11.380999565124512,1700
2022-08-02,11.270000457763672,12.02400016784668,11.270000457763672,11.850000381469727,3000
2022-08-03,12.220000267028809,12.376999855041504,12.220000267028809,12.350000381469727,3300
2022-08-04,12.350000381469727,12.529999732971191,12.125,12.140000343322754,11900
2022-08-05,12.25,12.399999618530273,12.09000015258789,12.399999618530273,5300
2022-08-08,13.199999809265137,13.199999809265137,12.850000381469727,13.0,1400
2022-08-09,12.649999618530273,12.649999618530273,12.272000312805176,12.479999542236328,2400
2022-08-10,13.069999694824219,13.899999618530273,13.050000190734863,13.899999618530273,3400
2022-08-11,14.890000343322754,15.3100004196167,14.170000076293945,14.25,3000
2022-08-12,14.34000015258789,15.130000114440918,14.199999809265137,15.130000114440918,5300
2022-08-15,14.899999618530273,15.868000030517578,14.895000457763672,15.539999961853027,10500
2022-08-16,15.079999923706055,15.079999923706055,14.630000114440918,14.65999984741211,2100
2022-08-17,14.329999923706055,14.329999923706055,13.380000114440918,13.449999809265137,5200
2022-08-18,13.3100004196167,13.4399995803833,13.130000114440918,13.130000114440918,2400
2022-08-19,12.520000457763672,12.520000457763672,11.699999809265137,11.720000267028809,5600
2022-08-22,11.270000457763672,11.414999961853027,11.15999984741211,11.192999839782715,2200
2022-08-23,11.454999923706055,11.539999961853027,11.420000076293945,11.5,1700
2022-08-24,11.539999961853027,11.734000205993652,11.539999961853027,11.600000381469727,5300
2022-08-25,11.630000114440918,11.77299976348877,11.489999771118164,11.567999839782715,5400
2022-08-26,11.329999923706055,11.329999923706055,10.755000114440918,10.755000114440918,2400
2022-08-29,10.71500015258789,10.770000457763672,10.680000305175781,10.760000228881836,5800
2022-08-30,10.472000122070312,10.607000350952148,10.472000122070312,10.607000350952148,1000
2022-08-31,10.920000076293945,10.920000076293945,10.8100004196167,10.8100004196167,5600
2022-09-01,10.460000038146973,10.470000267028809,10.09000015258789,10.25,9400
2022-09-02,10.270000457763672,10.380000114440918,10.130000114440918,10.130000114440918,2900
2022-09-06,9.84000015258789,10.020000457763672,9.619999885559082,9.630000114440918,8800
2022-09-07,9.489999771118164,9.819999694824219,9.460000038146973,9.819999694824219,4600
2022-09-08,9.789999961853027,10.38599967956543,9.789999961853027,10.38599967956543,2300
2022-09-09,10.829999923706055,11.260000228881836,10.829999923706055,11.25,4400
2022-09-12,11.710000038146973,11.8100004196167,11.244999885559082,11.420000076293945,5700
2022-09-13,10.663000106811523,10.6899995803833,10.420000076293945,10.420000076293945,3100
2022-09-14,10.359000205993652,10.489999771118164,10.279999732971191,10.416999816894531,9700
2022-09-15,10.399999618530273,10.420000076293945,10.166999816894531,10.170000076293945,2600
2022-09-16,9.838000297546387,9.949999809265137,9.760000228881836,9.949999809265137,4100
2022-09-19,9.75,9.75,9.420000076293945,9.59000015258789,1400
2022-09-20,9.270000457763672,9.270000457763672,9.180000305175781,9.1899995803833,900
2022-09-21,9.449999809265137,9.550000190734863,9.210000038146973,9.21399974822998,15600
2022-09-22,9.199999809265137,9.199999809265137,8.800000190734863,8.944000244140625,30700
2022-09-23,8.699999809265137,8.760000228881836,8.470000267028809,8.510000228881836,5500
2022-09-26,8.470000267028809,8.779999732971191,8.399999618530273,8.399999618530273,4500
2022-09-27,8.84000015258789,8.84000015258789,8.449999809265137,8.539999961853027,17700
2022-09-28,8.802000045776367,8.99899959564209,8.800000190734863,8.99899959564209,7000
2022-09-29,8.505000114440918,8.630000114440918,8.505000114440918,8.630000114440918,3600
2022-09-30,8.494999885559082,9.074999809265137,8.475000381469727,8.569999694824219,3600
2022-10-03,8.640000343322754,8.829999923706055,8.579999923706055,8.75,2000
2022-10-04,9.25,9.449999809265137,9.194999694824219,9.40999984741211,4700
2022-10-05,9.149999618530273,9.3149995803833,9.0600004196167,9.3149995803833,7900
2022-10-06,9.489999771118164,9.489999771118164,9.189000129699707,9.189000129699707,5500
2022-10-07,8.850000381469727,8.850000381469727,8.220000267028809,8.220000267028809,500
2022-10-10,8.329999923706055,8.329999923706055,7.619999885559082,7.76800012588501,3500
2022-10-11,7.75,7.75,7.489999771118164,7.489999771118164,1000
2022-10-12,7.579999923706055,7.579999923706055,7.289999961853027,7.420000076293945,3300
2022-10-13,7.110000133514404,7.619999885559082,7.070000171661377,7.619999885559082,3200
2022-10-14,7.179999828338623,7.179999828338623,7.130000114440918,7.130000114440918,2400
2022-10-17,7.554999828338623,7.5980000495910645,7.440000057220459,7.440000057220459,1400
2022-10-18,7.409999847412109,7.409999847412109,7.230000019073486,7.230000019073486,700
2022-10-19,7.060999870300293,7.066999912261963,7.03000020980835,7.03000020980835,3900
2022-10-20,7.204999923706055,7.204999923706055,6.920000076293945,6.920000076293945,700
2022-10-21,6.789999961853027,7.070000171661377,6.670000076293945,7.070000171661377,9700
2022-10-24,7.090000152587891,7.099999904632568,6.920000076293945,7.099999904632568,5500
2022-10-25,7.099999904632568,8.079999923706055,7.099999904632568,8.079999923706055,13100
2022-10-26,8.329999923706055,8.732000350952148,8.229999542236328,8.229999542236328,14300
2022-10-27,8.149999618530273,8.15999984741211,7.699999809265137,7.699999809265137,20100
2022-10-28,7.710000038146973,7.869999885559082,7.710000038146973,7.860000133514404,12400
2022-10-31,7.670000076293945,7.670000076293945,7.590000152587891,7.590000152587891,500
2022-11-01,7.650000095367432,7.650000095367432,7.329999923706055,7.329999923706055,2800
2022-11-02,7.449999809265137,7.449999809265137,6.929999828338623,6.940000057220459,18400
2022-11-03,6.980000019073486,6.980000019073486,6.800000190734863,6.800000190734863,3200
2022-11-04,7.210000038146973,7.210000038146973,6.925000190734863,6.980000019073486,3800
2022-11-07,7.0,7.0,6.880000114440918,6.980000019073486,1800
2022-11-08,6.800000190734863,6.860000133514404,6.5,6.590000152587891,13400
2022-11-09,6.53000020980835,6.53000020980835,5.96999979019165,6.0,12100
2022-11-10,6.460000038146973,6.460000038146973,6.315000057220459,6.420000076293945,5600
2022-11-11,6.429999828338623,6.710000038146973,6.340000152587891,6.710000038146973,6200
2022-11-14,6.730000019073486,6.730000019073486,6.559999942779541,6.559999942779541,11500
2022-11-15,6.78000020980835,6.849999904632568,6.6579999923706055,6.6579999923706055,5800
2022-11-16,6.420000076293945,6.420000076293945,6.210000038146973,6.230000019073486,5300
2022-11-17,6.045000076293945,6.164999961853027,6.031000137329102,6.130000114440918,2600
2022-11-18,6.050000190734863,6.050000190734863,5.869999885559082,5.869999885559082,5800
2022-11-21,5.699999809265137,5.769999980926514,5.329999923706055,5.329999923706055,6600
2022-11-22,5.429999828338623,5.502999782562256,5.429999828338623,5.502999782562256,800
2022-11-23,5.579999923706055,5.769999980926514,5.579999923706055,5.75,4000
2022-11-25,5.679999828338623,5.679999828338623,5.679999828338623,5.679999828338623,200
2022-11-28,5.710000038146973,5.710000038146973,5.460000038146973,5.460000038146973,1800
2022-11-29,5.400000095367432,5.400000095367432,5.400000095367432,5.400000095367432,100
2022-11-30,5.449999809265137,5.681000232696533,5.449999809265137,5.670000076293945,1300
2022-12-01,5.619999885559082,5.849999904632568,5.619999885559082,5.690000057220459,2500
2022-12-02,5.619999885559082,5.789999961853027,5.619999885559082,5.789999961853027,800
2022-12-05,6.429999828338623,6.429999828338623,5.5,5.5,6200
2022-12-06,5.460000038146973,5.460000038146973,5.269999980926514,5.28000020980835,1100
2022-12-07,5.150000095367432,5.150000095367432,5.114999771118164,5.119999885559082,2300
2022-12-08,5.2789998054504395,5.2789998054504395,5.210000038146973,5.275000095367432,2300
2022-12-09,5.239999771118164,5.340000152587891,5.232999801635742,5.260000228881836,600
2022-12-12,5.090000152587891,5.190000057220459,5.070000171661377,5.119999885559082,2900
2022-12-13,5.5,5.5,5.099999904632568,5.099999904632568,13800
2022-12-14,5.170000076293945,5.190000057220459,5.098999977111816,5.098999977111816,4100
2022-12-15,4.920000076293945,4.920000076293945,4.790999889373779,4.793000221252441,14700
2022-12-16,4.670000076293945,4.769999980926514,4.639999866485596,4.699999809265137,3300
2022-12-19,4.659999847412109,4.679999828338623,4.5,4.5,3500
2022-12-20,4.659999847412109,4.675000190734863,4.550000190734863,4.550000190734863,1500
2022-12-21,4.599999904632568,4.599999904632568,4.559999942779541,4.559999942779541,700
2022-12-22,4.480000019073486,4.480000019073486,4.369999885559082,4.453999996185303,800
2022-12-23,4.468999862670898,4.468999862670898,4.389999866485596,4.420000076293945,1900
2022-12-27,4.329999923706055,4.329999923706055,4.210000038146973,4.230000019073486,4500
2022-12-28,4.238999843597412,4.249000072479248,4.070000171661377,4.090000152587891,3900
2022-12-29,4.179999828338623,4.304999828338623,4.179999828338623,4.304999828338623,3300
2022-12-30,4.170000076293945,4.46999979019165,4.170000076293945,4.46999979019165,6200
2023-01-03,4.639999866485596,4.639999866485596,4.420000076293945,4.559000015258789,5100
2023-01-04,4.710000038146973,5.139999866485596,4.710000038146973,5.0970001220703125,12300
2023-01-05,5.159999847412109,5.260000228881836,5.0,5.239999771118164,11100
2023-01-06,5.239999771118164,5.269999980926514,5.099999904632568,5.210000038146973,3500
2023-01-09,5.5,6.099999904632568,5.5,5.849999904632568,28900
2023-01-10,5.900000095367432,6.320000171661377,5.820000171661377,6.28000020980835,36100
2023-01-11,6.28000020980835,6.369999885559082,6.139999866485596,6.159999847412109,33500
2023-01-12,6.510000228881836,7.590000152587891,6.28000020980835,7.46999979019165,67300
2023-01-13,7.340000152587891,8.270000457763672,7.340000152587891,7.789999961853027,82600
2023-01-17,8.529999732971191,8.890000343322754,8.029999732971191,8.369999885559082,85600
2023-01-18,8.619999885559082,8.6899995803833,7.5,7.619999885559082,35900
2023-01-19,7.429999828338623,7.860000133514404,7.309999942779541,7.760000228881836,29900
2023-01-20,7.920000076293945,8.298999786376953,7.699999809265137,8.289999961853027,47900
2023-01-23,8.369999885559082,9.069000244140625,8.369999885559082,8.850000381469727,53300
2023-01-24,8.9399995803833,8.989999771118164,8.692999839782715,8.744999885559082,53500
2023-01-25,8.510000228881836,8.720000267028809,8.050000190734863,8.690999984741211,80500
2023-01-26,9.0,9.14799976348877,8.803999900817871,9.0,33200
2023-01-27,8.90999984741211,9.350000381469727,8.854999542236328,9.180000305175781,49600
2023-01-30,9.140000343322754,9.48900032043457,8.539999961853027,8.569999694824219,167600
2023-01-31,8.760000228881836,8.960000038146973,8.720000267028809,8.880000114440918,25100
2023-02-01,8.949999809265137,9.539999961853027,8.6899995803833,9.479999542236328,61100
2023-02-02,9.8100004196167,10.567999839782715,9.59000015258789,10.079999923706055,138200
2023-02-03,9.829999923706055,10.069999694824219,9.28499984741211,9.369999885559082,196800
2023-02-06,9.220000267028809,9.460000038146973,9.039999961853027,9.34000015258789,53900
2023-02-07,9.4399995803833,9.4399995803833,8.890000343322754,9.260000228881836,94600
2023-02-08,9.0,9.460000038146973,8.84000015258789,8.880000114440918,39100
2023-02-09,8.989999771118164,8.989999771118164,8.0,8.050000190734863,78800
2023-02-10,7.849999904632568,8.0600004196167,7.760000228881836,7.820000171661377,37000
2023-02-13,7.800000190734863,7.800000190734863,7.619999885559082,7.630000114440918,35800
2023-02-14,7.610000133514404,8.260000228881836,7.53000020980835,8.15999984741211,54300
2023-02-15,8.40999984741211,9.119999885559082,8.305000305175781,9.09000015258789,75600
2023-02-16,9.100000381469727,9.649999618530273,8.859999656677246,8.90999984741211,109800
2023-02-17,8.880000114440918,9.0600004196167,8.649999618530273,9.0600004196167,84700
2023-02-21,8.960000038146973,9.020000457763672,8.484999656677246,8.489999771118164,31000
2023-02-22,8.369999885559082,8.510000228881836,8.020000457763672,8.199999809265137,42700
2023-02-23,8.380000114440918,8.380000114440918,8.069999694824219,8.25,24800
2023-02-24,8.020000457763672,8.020000457763672,7.684999942779541,7.75,33300
2023-02-27,7.880000114440918,8.069999694824219,7.730999946594238,7.75,12000
2023-02-28,7.75,8.0,7.710000038146973,7.78000020980835,19600
2023-03-01,7.769999980926514,7.860000133514404,7.46999979019165,7.570000171661377,36200
2023-03-02,7.420000076293945,7.610000133514404,7.329999923706055,7.559999942779541,29300
2023-03-03,7.320000171661377,7.579999923706055,7.320000171661377,7.539999961853027,23200
2023-03-06,7.5,7.75,7.409999847412109,7.439000129699707,45100
2023-03-07,7.420000076293945,7.53000020980835,7.21999979019165,7.269999980926514,23500
2023-03-08,7.369999885559082,7.369999885559082,7.079999923706055,7.21999979019165,14700
2023-03-09,7.199999809265137,7.199999809265137,6.519999980926514,6.539999961853027,38200
2023-03-10,6.5,6.690000057220459,6.224999904632568,6.409999847412109,41700
2023-03-13,6.71999979019165,7.579999923706055,6.590000152587891,7.420000076293945,97900
2023-03-14,7.809999942779541,8.220000267028809,7.590000152587891,7.739999771118164,73100
2023-03-15,7.739999771118164,7.789999961853027,7.349999904632568,7.630000114440918,63900
2023-03-16,7.539999961853027,7.949999809265137,7.539999961853027,7.909999847412109,15900
2023-03-17,8.229999542236328,8.614999771118164,8.119999885559082,8.489999771118164,88200
2023-03-20,8.609999656677246,8.890000343322754,8.369999885559082,8.489999771118164,104700
2023-03-21,8.699999809265137,9.369999885559082,8.5600004196167,9.319999694824219,74400
2023-03-22,9.399999618530273,9.600000381469727,8.40999984741211,8.430000305175781,103200
2023-03-23,8.550000190734863,9.350000381469727,8.550000190734863,9.15999984741211,90900
2023-03-24,9.069999694824219,9.069999694824219,8.539999961853027,8.670000076293945,54800
2023-03-27,8.729999542236328,8.729999542236328,8.0600004196167,8.180000305175781,43300
2023-03-28,8.140000343322754,8.210000038146973,7.949999809265137,8.210000038146973,58700
2023-03-29,8.5600004196167,8.880000114440918,8.520999908447266,8.829999923706055,39700
2023-03-30,9.0,9.010000228881836,8.739999771118164,8.859999656677246,55900
2023-03-31,8.890000343322754,9.3100004196167,8.859999656677246,9.3100004196167,28100
2023-04-03,9.069999694824219,9.270000457763672,8.9399995803833,9.229999542236328,41200
2023-04-04,9.210000038146973,9.229999542236328,8.869999885559082,9.079999923706055,27700
2023-04-05,9.010000228881836,9.010000228881836,8.59000015258789,8.710000038146973,55300
2023-04-06,8.489999771118164,8.859999656677246,8.359999656677246,8.8100004196167,31600
2023-04-10,8.829999923706055,9.649999618530273,8.600000381469727,9.649999618530273,86700
2023-04-11,9.960000038146973,10.819999694824219,9.885000228881836,10.609999656677246,182900
2023-04-12,10.670000076293945,10.829999923706055,10.15999984741211,10.300000190734863,119700
2023-04-13,10.630000114440918,11.777999877929688,10.595000267028809,11.583999633789062,150600
2023-04-14,12.15999984741211,12.210000038146973,11.109999656677246,11.75,215600
2023-04-17,11.020000457763672,11.392000198364258,10.743000030517578,11.350000381469727,122000
2023-04-18,11.640000343322754,12.289999961853027,11.640000343322754,11.930000305175781,136900
2023-04-19,11.5,11.5,11.020000457763672,11.100000381469727,135900
2023-04-20,10.819999694824219,11.0,10.140000343322754,10.149999618530273,99800
2023-04-21,10.369999885559082,10.380000114440918,9.970000267028809,10.013999938964844,155200
2023-04-24,10.069999694824219,10.1899995803833,9.579999923706055,9.8100004196167,148800
2023-04-25,9.699999809265137,9.9399995803833,9.470000267028809,9.710000038146973,128200
2023-04-26,10.630000114440918,11.0,10.149999618530273,10.1899995803833,179300
2023-04-27,10.4399995803833,10.614999771118164,10.140000343322754,10.5600004196167,116800
2023-04-28,10.5600004196167,10.630000114440918,10.25,10.5,67000
2023-05-01,10.390000343322754,10.390000343322754,9.640000343322754,9.649999618530273,104000
2023-05-02,9.680000305175781,10.279999732971191,9.557999610900879,10.229999542236328,67900
2023-05-03,9.880000114440918,10.300000190734863,9.880000114440918,10.050000190734863,74700
2023-05-04,10.050000190734863,10.430000305175781,10.050000190734863,10.210000038146973,95300
2023-05-05,10.380000114440918,10.699999809265137,10.149999618530273,10.689000129699707,113300
2023-05-08,10.479999542236328,10.479999542236328,9.960000038146973,10.086000442504883,49000
2023-05-09,10.199999809265137,10.329999923706055,10.029999732971191,10.302000045776367,78500
2023-05-10,10.630000114440918,11.140000343322754,10.539999961853027,10.770000457763672,140100
2023-05-11,10.4399995803833,10.489999771118164,9.75,9.800000190734863,136500
2023-05-12,9.699999809265137,9.819000244140625,9.510000228881836,9.6899995803833,60800
2023-05-15,10.109999656677246,10.210000038146973,9.84000015258789,10.210000038146973,68800
2023-05-16,10.079999923706055,10.25,10.010000228881836,10.149999618530273,66500
2023-05-17,10.010000228881836,10.6899995803833,9.9399995803833,10.619999885559082,75900
2023-05-18,10.581999778747559,10.920000076293945,10.28499984741211,10.460000038146973,44000
2023-05-19,10.550000190734863,10.630000114440918,10.34000015258789,10.449999809265137,36300
2023-05-22,10.449999809265137,10.829999923706055,10.369999885559082,10.829999923706055,38000
2023-05-23,10.989999771118164,11.25,10.510000228881836,10.579999923706055,58800
2023-05-24,10.420000076293945,10.5600004196167,10.069999694824219,10.449999809265137,33500
2023-05-25,10.600000381469727,10.819999694824219,10.119999885559082,10.270000457763672,44700
2023-05-26,10.399999618530273,10.75,10.34000015258789,10.420000076293945,46300
2023-05-30,10.829999923706055,11.319999694824219,10.829999923706055,11.079999923706055,49700
2023-05-31,10.800000190734863,11.039999961853027,10.5600004196167,11.039999961853027,55200
2023-06-01,11.0600004196167,11.350000381469727,10.869999885559082,11.15999984741211,35000
2023-06-02,11.420000076293945,11.420000076293945,10.850000381469727,11.020000457763672,45500
2023-06-05,10.789999961853027,10.854999542236328,10.350000381469727,10.40999984741211,70400
2023-06-06,10.270000457763672,10.819999694824219,9.84000015258789,10.800000190734863,69300
2023-06-07,10.800000190734863,10.899999618530273,10.300000190734863,10.329999923706055,39600
2023-06-08,10.420000076293945,10.630000114440918,10.329999923706055,10.460000038146973,17700
2023-06-09,10.550000190734863,10.550000190734863,10.130000114440918,10.170000076293945,22700
2023-06-12,10.100000381469727,10.359999656677246,10.069999694824219,10.34000015258789,36500
2023-06-13,10.619999885559082,10.729999542236328,10.359999656677246,10.550000190734863,33800
2023-06-14,10.539999961853027,10.800000190734863,10.470000267028809,10.630000114440918,28900
2023-06-15,10.220000267028809,10.479999542236328,10.074999809265137,10.399999618530273,37000
2023-06-16,10.550000190734863,11.100000381469727,10.329999923706055,10.979999542236328,46300
2023-06-20,11.199999809265137,12.09000015258789,10.90999984741211,12.050000190734863,116600
2023-06-21,12.5600004196167,12.979999542236328,12.359999656677246,12.550000190734863,145400
2023-06-22,12.600000381469727,12.770000457763672,12.0,12.520000457763672,119700
2023-06-23,12.369999885559082,13.5,12.279999732971191,12.979999542236328,196400
2023-06-26,12.970000267028809,13.25,12.029999732971191,12.149999618530273,199400
2023-06-27,12.539999961853027,13.0,12.329999923706055,12.90999984741211,133800
2023-06-28,12.5600004196167,13.069999694824219,12.399999618530273,12.75,129400
2023-06-29,13.1899995803833,13.520000457763672,12.789999961853027,13.09000015258789,130200
2023-06-30,13.619999885559082,13.619999885559082,12.5600004196167,13.010000228881836,177600
2023-07-03,13.180000305175781,14.399999618530273,13.180000305175781,14.29699993133545,72100
2023-07-05,13.979999542236328,14.8100004196167,13.760000228881836,14.569999694824219,83200
2023-07-06,14.569999694824219,14.6899995803833,13.680999755859375,14.4399995803833,129400
2023-07-07,14.489999771118164,15.888999938964844,14.460000038146973,15.413000106811523,154900
2023-07-10,15.460000038146973,16.65999984741211,15.029999732971191,16.625,115000
2023-07-11,16.719999313354492,16.812999725341797,16.25,16.56999969482422,141400
2023-07-12,17.299999237060547,17.34000015258789,16.489999771118164,16.700000762939453,197700
2023-07-13,17.020000457763672,19.290000915527344,16.989999771118164,19.06999969482422,339200
2023-07-14,18.940000534057617,19.3799991607666,17.410999298095703,17.799999237060547,292000
2023-07-17,17.889999389648438,18.59000015258789,17.07200050354004,17.31999969482422,182900
2023-07-18,17.010000228881836,17.1299991607666,16.56999969482422,16.760000228881836,175500
2023-07-19,17.06999969482422,17.718000411987305,16.93000030517578,17.469999313354492,151200
2023-07-20,17.540000915527344,17.850000381469727,16.34000015258789,16.40999984741211,123300
2023-07-21,16.6200008392334,16.649999618530273,15.619999885559082,16.274999618530273,109300
2023-07-24,15.600000381469727,16.010000228881836,15.380000114440918,15.65999984741211,97300
2023-07-25,15.680000305175781,16.5,15.680000305175781,15.789999961853027,92200
2023-07-26,15.739999771118164,16.290000915527344,15.720000267028809,16.149999618530273,73700
2023-07-27,16.56999969482422,16.56999969482422,15.369999885559082,15.420000076293945,50900
2023-07-28,15.640000343322754,16.020000457763672,15.600000381469727,15.850000381469727,55900
2023-07-31,15.979999542236328,16.34000015258789,15.869999885559082,16.040000915527344,56400
2023-08-01,15.739999771118164,15.739999771118164,14.859999656677246,15.390000343322754,130200
2023-08-02,15.390000343322754,15.850000381469727,14.819999694824219,15.100000381469727,63100
2023-08-03,14.9399995803833,15.15999984741211,14.670000076293945,14.760000228881836,56900
2023-08-04,14.960000038146973,14.960000038146973,14.210000038146973,14.229999542236328,65900
2023-08-07,14.289999961853027,14.289999961853027,13.149999618530273,13.720000267028809,158000
2023-08-08,14.149999618530273,14.720000267028809,13.869999885559082,14.649999618530273,121300
2023-08-09,14.760000228881836,14.944000244140625,14.079999923706055,14.109999656677246,110800
2023-08-10,14.170000076293945,14.720000267028809,13.779999732971191,13.779999732971191,93400
2023-08-11,13.59000015258789,14.460000038146973,13.59000015258789,14.260000228881836,81200
2023-08-14,14.239999771118164,14.258999824523926,13.470000267028809,14.029999732971191,90500
2023-08-15,13.979999542236328,14.079999923706055,13.229999542236328,13.260000228881836,74300
2023-08-16,13.109999656677246,13.210000038146973,12.699999809265137,12.819999694824219,69300
2023-08-17,12.539999961853027,12.59000015258789,11.859999656677246,11.869999885559082,144700
2023-08-18,11.229999542236328,11.744999885559082,11.199999809265137,11.5,230100
2023-08-21,11.579999923706055,11.75,11.149999618530273,11.210000038146973,114600
2023-08-22,11.329999923706055,11.520000457763672,10.930000305175781,10.970000267028809,124400
2023-08-23,11.109999656677246,11.890000343322754,10.949999809265137,11.8100004196167,148900
2023-08-24,12.0,12.0,10.850000381469727,10.880000114440918,121800
2023-08-25,10.90999984741211,11.170000076293945,10.510000228881836,10.760000228881836,80200
2023-08-28,11.020000457763672,11.109999656677246,10.779999732971191,10.835000038146973,96200
2023-08-29,10.869999885559082,12.800000190734863,10.800000190734863,12.5600004196167,503600
2023-08-30,12.289999961853027,12.529999732971191,12.069999694824219,12.425000190734863,257000
2023-08-31,12.529999732971191,12.569999694824219,11.649999618530273,11.729999542236328,151400
2023-09-01,11.859999656677246,11.859999656677246,11.100000381469727,11.140000343322754,137900
2023-09-05,11.220000267028809,11.220000267028809,10.899999618530273,11.050000190734863,90200
2023-09-06,11.020000457763672,11.369999885559082,10.859999656677246,11.0,186200
2023-09-07,10.850000381469727,11.0600004196167,10.489999771118164,11.020000457763672,69400
2023-09-08,11.010000228881836,11.010000228881836,10.569999694824219,10.739999771118164,83800
2023-09-11,10.75,10.75,10.050000190734863,10.069999694824219,132400
2023-09-12,10.520000457763672,11.069999694824219,10.300000190734863,10.369999885559082,146000
2023-09-13,10.329999923706055,10.5,10.109999656677246,10.220000267028809,64700
2023-09-14,10.5600004196167,10.949999809265137,10.369999885559082,10.720000267028809,198900
2023-09-15,10.65999984741211,10.65999984741211,10.34000015258789,10.449999809265137,49900
2023-09-18,10.899999618530273,11.0600004196167,10.529999732971191,10.569999694824219,71700
2023-09-19,10.6899995803833,10.779999732971191,10.199999809265137,10.362000465393066,69900
2023-09-20,10.3100004196167,10.489999771118164,10.020000457763672,10.039999961853027,26700
2023-09-21,9.829999923706055,9.829999923706055,9.590999603271484,9.6899995803833,120400
2023-09-22,9.819999694824219,9.850000381469727,9.329999923706055,9.350000381469727,51400
2023-09-25,9.239999771118164,9.399999618530273,9.100000381469727,9.25,42100
2023-09-26,9.109999656677246,9.40999984741211,8.9399995803833,8.970000267028809,51700
2023-09-27,9.289999961853027,9.380000114440918,8.890000343322754,9.0600004196167,82800
2023-09-28,9.109999656677246,9.729999542236328,8.989999771118164,9.460000038146973,130200
2023-09-29,9.640000343322754,9.699999809265137,9.300000190734863,9.3100004196167,94000
2023-10-02,10.020000457763672,10.369999885559082,9.489999771118164,9.550000190734863,234600
2023-10-03,9.449999809265137,9.449999809265137,8.600000381469727,8.680000305175781,106700
2023-10-04,8.880000114440918,8.98799991607666,8.5,8.949999809265137,86500
2023-10-05,8.979999542236328,9.100000381469727,8.694999694824219,8.819999694824219,77000
2023-10-06,8.619999885559082,9.369999885559082,8.550000190734863,9.329999923706055,90800
2023-10-09,9.010000228881836,9.329999923706055,8.970000267028809,9.140000343322754,84500
2023-10-10,9.039999961853027,9.59000015258789,9.039999961853027,9.260000228881836,91800
2023-10-11,9.369999885559082,9.390000343322754,8.791000366210938,8.9399995803833,52500
2023-10-12,8.9399995803833,8.9399995803833,8.65999984741211,8.710000038146973,88900
2023-10-13,8.722000122070312,8.800000190734863,8.510000228881836,8.520000457763672,66500
2023-10-16,9.079999923706055,9.479000091552734,8.6899995803833,9.100000381469727,327000
2023-10-17,8.869999885559082,9.460000038146973,8.8100004196167,9.380000114440918,110800
2023-10-18,9.300000190734863,9.40999984741211,8.699999809265137,8.739999771118164,98600
2023-10-19,8.9399995803833,8.949999809265137,8.619999885559082,8.649999618530273,112500
2023-10-20,8.920000076293945,9.208000183105469,8.630000114440918,8.710000038146973,95800
2023-10-23,9.100000381469727,9.539999961853027,8.760000228881836,9.329999923706055,235700
2023-10-24,10.279999732971191,10.699999809265137,9.800000190734863,10.199999809265137,408900
2023-10-25,10.279999732971191,10.654999732971191,10.0,10.1899995803833,320300
2023-10-26,9.970000267028809,10.069999694824219,9.420000076293945,9.619999885559082,245900
2023-10-27,9.670000076293945,9.869999885559082,9.380000114440918,9.460000038146973,114100
2023-10-30,9.770000457763672,10.069999694824219,9.260000228881836,9.510000228881836,204500
2023-10-31,9.420000076293945,9.510000228881836,9.088000297546387,9.510000228881836,102100
2023-11-01,9.619999885559082,9.748000144958496,9.399999618530273,9.6899995803833,178600
2023-11-02,10.149999618530273,10.609999656677246,10.0,10.59000015258789,232100
2023-11-03,10.520000457763672,10.84000015258789,10.420000076293945,10.579999923706055,219200
2023-11-06,10.859999656677246,10.859999656677246,10.14900016784668,10.3100004196167,124800
2023-11-07,10.3100004196167,10.369999885559082,9.859999656677246,10.34000015258789,185000
2023-11-08,10.34000015258789,10.34000015258789,9.65999984741211,9.760000228881836,217900
2023-11-09,10.5,10.687999725341797,9.4399995803833,9.550000190734863,367000
2023-11-10,9.630000114440918,9.779999732971191,9.182999610900879,9.569999694824219,209000
2023-11-13,9.399999618530273,9.399999618530273,9.029999732971191,9.1899995803833,154700
2023-11-14,9.270000457763672,9.4399995803833,8.90999984741211,9.220000267028809,171100
2023-11-15,9.359999656677246,9.979999542236328,9.260000228881836,9.800000190734863,196700
2023-11-16,9.609999656677246,9.609999656677246,9.072999954223633,9.199999809265137,109300
2023-11-17,9.229999542236328,9.390000343322754,9.09000015258789,9.3100004196167,64700
2023-11-20,9.510000228881836,9.916999816894531,9.380000114440918,9.800000190734863,158200
2023-11-21,9.600000381469727,9.720000267028809,9.34000015258789,9.529999732971191,153200
2023-11-22,9.460000038146973,9.90999984741211,9.244999885559082,9.890000343322754,82100
2023-11-24,9.970000267028809,10.420000076293945,9.720000267028809,10.369999885559082,128200
2023-11-27,10.0,10.539999961853027,9.960000038146973,10.289999961853027,136500
2023-11-28,10.460000038146973,11.199999809265137,10.460000038146973,11.1899995803833,315000
2023-11-29,11.390000343322754,11.65999984741211,11.149999618530273,11.470000267028809,274200
2023-11-30,11.5,11.569999694824219,11.119999885559082,11.180000305175781,120100
2023-12-01,11.319999694824219,12.600000381469727,11.15999984741211,12.600000381469727,379900
2023-12-04,13.960000038146973,14.029999732971191,12.869999885559082,13.430000305175781,512000
2023-12-05,13.390000343322754,14.380000114440918,13.324999809265137,13.65999984741211,760600
2023-12-06,14.09000015258789,14.09000015258789,13.27299976348877,13.4399995803833,362500
2023-12-07,13.270000457763672,13.800000190734863,12.829999923706055,13.520000457763672,284100
2023-12-08,13.710000038146973,14.770000457763672,13.619999885559082,14.75,514700
2023-12-11,13.9399995803833,13.9399995803833,12.600000381469727,12.75,342200
2023-12-12,13.079999923706055,13.260000228881836,12.770000457763672,13.0,218300
2023-12-13,13.069999694824219,14.359999656677246,12.713000297546387,14.359999656677246,433800
2023-12-14,14.520000457763672,15.079999923706055,14.34000015258789,14.829999923706055,418000
2023-12-15,14.430000305175781,15.029999732971191,14.170000076293945,15.0,291900
2023-12-18,14.430000305175781,15.763999938964844,14.40999984741211,15.649999618530273,337000
2023-12-19,16.290000915527344,16.790000915527344,15.329999923706055,15.970000267028809,619500
2023-12-20,16.799999237060547,17.350000381469727,15.970000267028809,16.030000686645508,772500
2023-12-21,16.940000534057617,17.829999923706055,16.469999313354492,17.780000686645508,723300
2023-12-22,18.149999618530273,19.549999237060547,17.43000030517578,18.989999771118164,999300
2023-12-26,18.920000076293945,19.8700008392334,18.549999237060547,19.809999465942383,818800
2023-12-27,20.68000030517578,22.479999542236328,20.68000030517578,22.270000457763672,924500
2023-12-28,21.270000457763672,21.690000534057617,20.420000076293945,20.989999771118164,789100
2023-12-29,21.59000015258789,21.600000381469727,17.450000762939453,18.0,1585800
2024-01-02,20.260000228881836,20.260000228881836,17.25,17.489999771118164,877800
2024-01-03,15.899999618530273,17.4950008392334,15.550000190734863,17.049999237060547,803700
2024-01-04,17.5,18.349000930786133,17.025999069213867,17.90999984741211,461400
2024-01-05,17.760000228881836,17.760000228881836,16.3700008392334,16.850000381469727,426200
2024-01-08,17.209999084472656,18.100000381469727,15.8100004196167,17.75,989200
2024-01-09,17.649999618530273,17.969999313354492,17.167999267578125,17.290000915527344,809000
2024-01-10,16.790000915527344,18.260000228881836,16.334999084472656,17.290000915527344,795700
2024-01-11,18.790000915527344,19.100000381469727,15.25,15.744999885559082,1603800
2024-01-12,15.380000114440918,15.479000091552734,13.9399995803833,13.979999542236328,766100
2024-01-16,13.569999694824219,13.819999694824219,12.800000190734863,13.210000038146973,420300
2024-01-17,12.84000015258789,13.130000114440918,12.609999656677246,12.8100004196167,321600
2024-01-18,12.949999809265137,13.270000457763672,11.859999656677246,11.880000114440918,704800
2024-01-19,11.960000038146973,12.130000114440918,11.196000099182129,12.079999923706055,388900
2024-01-22,11.84000015258789,12.699999809265137,11.649999618530273,12.260000228881836,460700
2024-01-23,11.960000038146973,12.25,11.699999809265137,11.90999984741211,283900
2024-01-24,12.420000076293945,12.65999984741211,11.65999984741211,11.720000267028809,336000
2024-01-25,11.9399995803833,12.270000457763672,11.699999809265137,12.220000267028809,230900
2024-01-26,12.84000015258789,13.470000267028809,12.65999984741211,13.3100004196167,813300
2024-01-29,13.520000457763672,14.489999771118164,13.14900016784668,14.029999732971191,925400
2024-01-30,14.100000381469727,14.239999771118164,13.449999809265137,13.6899995803833,364500
2024-01-31,13.199999809265137,13.97599983215332,12.949999809265137,12.979999542236328,384400
2024-02-01,13.0,13.420000076293945,12.5600004196167,13.180000305175781,236400
2024-02-02,13.100000381469727,13.390000343322754,12.732999801635742,12.920000076293945,167500
2024-02-05,13.020000457763672,13.020000457763672,12.17300033569336,12.210000038146973,332700
2024-02-06,12.229999542236328,12.829999923706055,12.0600004196167,12.760000228881836,186000
2024-02-07,12.899999618530273,13.166000366210938,12.322999954223633,13.09000015258789,184400
2024-02-08,13.869999885559082,15.119999885559082,13.649999618530273,15.100000381469727,859500
2024-02-09,16.489999771118164,17.31800079345703,15.960000038146973,16.975000381469727,1185000
2024-02-12,17.139999389648438,19.149999618530273,17.139999389648438,18.799999237060547,1089400
2024-02-13,17.100000381469727,18.350000381469727,16.582000732421875,17.920000076293945,886400
2024-02-14,20.110000610351562,20.5,19.290000915527344,20.200000762939453,860300
2024-02-15,20.899999618530273,21.013999938964844,18.799999237060547,19.270000457763672,864100
2024-02-16,19.510000228881836,19.849000930786133,18.34000015258789,19.030000686645508,513800
2024-02-20,19.190000534057617,19.489999771118164,17.06999969482422,18.1200008392334,732700
2024-02-21,17.139999389648438,17.729999542236328,16.93000030517578,17.030000686645508,302500
2024-02-22,17.670000076293945,18.290000915527344,17.172000885009766,17.889999389648438,318000
2024-02-23,17.530000686645508,17.559999465942383,16.649999618530273,17.09000015258789,219300
2024-02-26,17.190000534057617,20.219999313354492,17.190000534057617,19.899999618530273,653800
2024-02-27,21.489999771118164,21.690000534057617,19.56999969482422,20.1299991607666,638400
2024-02-28,20.81999969482422,21.0939998626709,18.299999237060547,18.600000381469727,1204800
2024-02-29,19.3700008392334,19.3700008392334,16.649999618530273,17.040000915527344,1441600
2024-03-01,17.299999237060547,18.079999923706055,16.350000381469727,17.979999542236328,512200
2024-03-04,18.6200008392334,18.799999237060547,16.549999237060547,17.0,810500
2024-03-05,16.5,17.28499984741211,15.395000457763672,15.579999923706055,846300
2024-03-06,16.40999984741211,16.950000762939453,15.435999870300293,16.450000762939453,452400
2024-03-07,16.299999237060547,16.729999542236328,15.829999923706055,16.579999923706055,383300
2024-03-08,16.700000762939453,18.5,16.700000762939453,17.56999969482422,461600
2024-03-11,18.299999237060547,18.299999237060547,15.729000091552734,15.789999961853027,710500
2024-03-12,15.90999984741211,15.980999946594238,15.050000190734863,15.649999618530273,489900
2024-03-13,15.649999618530273,16.3799991607666,15.508000373840332,15.899999618530273,650700
2024-03-14,15.600000381469727,15.600000381469727,14.430000305175781,14.8100004196167,444900
2024-03-15,14.369999885559082,15.979999542236328,14.25,15.779999732971191,451500
2024-03-18,15.760000228881836,16.229999542236328,15.09000015258789,15.760000228881836,249700
2024-03-19,15.15999984741211,15.550000190734863,14.319999694824219,15.420000076293945,312100
2024-03-20,15.449999809265137,17.860000610351562,15.25,17.860000610351562,540300
2024-03-21,18.06999969482422,18.350000381469727,17.434999465942383,17.829999923706055,341400
2024-03-22,17.350000381469727,17.350000381469727,16.639999389648438,17.100000381469727,348800
2024-03-25,17.5,18.959999084472656,17.5,18.530000686645508,416900
2024-03-26,18.540000915527344,18.809999465942383,17.920000076293945,18.219999313354492,338000
2024-03-27,18.75,18.899999618530273,17.729999542236328,18.459999084472656,327600
2024-03-28,18.56999969482422,19.670000076293945,18.1200008392334,18.299999237060547,435900
2024-04-01,17.940000534057617,18.440000534057617,17.290000915527344,17.799999237060547,313200
2024-04-02,16.520000457763672,16.790000915527344,16.06999969482422,16.3799991607666,401200
2024-04-03,16.360000610351562,16.722999572753906,16.06999969482422,16.1299991607666,303800
2024-04-04,16.68000030517578,17.149999618530273,15.920000076293945,15.979999542236328,276500
2024-04-05,15.829999923706055,16.190000534057617,15.489999771118164,15.710000038146973,191100
2024-04-08,16.6299991607666,16.920000076293945,15.350000381469727,15.640000343322754,266500
2024-04-09,15.600000381469727,15.63700008392334,15.020000457763672,15.170000076293945,200500
2024-04-10,14.800000190734863,15.37600040435791,14.649999618530273,14.960000038146973,172500
2024-04-11,14.979999542236328,15.039999961853027,14.40999984741211,15.029999732971191,214300
2024-04-12,14.770000457763672,14.90999984741211,13.90999984741211,14.050000190734863,370300
2024-04-15,14.130000114440918,14.279999732971191,13.319999694824219,13.350000381469727,187300
2024-04-16,13.25,13.350000381469727,12.760000228881836,13.140000343322754,223500
2024-04-17,13.319999694824219,13.65999984741211,12.930000305175781,13.279999732971191,233900
2024-04-18,13.619999885559082,14.449999809265137,13.086999893188477,13.989999771118164,171500
2024-04-19,14.329999923706055,14.819999694824219,13.979999542236328,14.59000015258789,246900
2024-04-22,15.0,16.209999084472656,14.625,16.200000762939453,559600
2024-04-23,16.149999618530273,17.110000610351562,15.881999969482422,16.920000076293945,446600
2024-04-24,16.8799991607666,17.354000091552734,16.170000076293945,16.3799991607666,383500
2024-04-25,15.59000015258789,16.3799991607666,15.35200023651123,16.350000381469727,182600
2024-04-26,16.229999542236328,16.530000686645508,15.90999984741211,16.219999313354492,200900
2024-04-29,15.59000015258789,15.960000038146973,15.010000228881836,15.199999809265137,321400
2024-04-30,14.579999923706055,14.989999771118164,14.029999732971191,14.029999732971191,316400
2024-05-01,13.899999618530273,14.800000190734863,13.460000038146973,13.859999656677246,373600
2024-05-02,14.5,14.510000228881836,13.869999885559082,14.359999656677246,161000
2024-05-03,15.0,15.371000289916992,14.628999710083008,14.770000457763672,149600
2024-05-06,15.25,16.100000381469727,15.210000038146973,15.75,500900
2024-05-07,15.789999961853027,15.789999961853027,14.770000457763672,14.949999809265137,125200
2024-05-08,14.510000228881836,14.989999771118164,14.229999542236328,14.949999809265137,72600
2024-05-09,15.0,15.470000267028809,14.739999771118164,15.140000343322754,167700
2024-05-10,15.529999732971191,15.565999984741211,14.199999809265137,14.199999809265137,140000
2024-05-13,14.859999656677246,14.989999771118164,14.260000228881836,14.3100004196167,204500
2024-05-14,14.09000015258789,14.640000343322754,14.010000228881836,14.369999885559082,104200
2024-05-15,14.979999542236328,15.619000434875488,14.430000305175781,15.550000190734863,262500
2024-05-16,15.399999618530273,15.899999618530273,15.329999923706055,15.420000076293945,136300
2024-05-17,15.619999885559082,16.149999618530273,15.270000457763672,15.319999694824219,227200
2024-05-20,15.449999809265137,16.829999923706055,15.138999938964844,16.709999084472656,390900
2024-05-21,16.899999618530273,17.1200008392334,16.549999237060547,16.899999618530273,207400
2024-05-22,16.84000015258789,18.100000381469727,16.84000015258789,17.1200008392334,288700
2024-05-23,17.440000534057617,17.440000534057617,16.110000610351562,16.170000076293945,519700
2024-05-24,16.299999237060547,17.378000259399414,16.17099952697754,17.110000610351562,293200
2024-05-28,17.209999084472656,17.850000381469727,16.844999313354492,17.25,377600
2024-05-29,16.920000076293945,17.229999542236328,16.739999771118164,16.90999984741211,136100
2024-05-30,17.040000915527344,17.420000076293945,16.5,16.6200008392334,187300
2024-05-31,16.889999389648438,17.049999237060547,16.0,16.450000762939453,194600
2024-06-03,17.1200008392334,17.68000030517578,16.450000762939453,16.59000015258789,277400
2024-06-04,17.1299991607666,18.459999084472656,17.030000686645508,18.030000686645508,606600
2024-06-05,18.43000030517578,18.6200008392334,17.6200008392334,18.6200008392334,348900
2024-06-06,18.6200008392334,19.764999389648438,18.489999771118164,19.469999313354492,711400
2024-06-07,19.43000030517578,20.458999633789062,18.709999084472656,18.920000076293945,610400
2024-06-10,18.649999618530273,19.3700008392334,18.549999237060547,19.049999237060547,213200
2024-06-11,18.299999237060547,19.968000411987305,17.790000915527344,19.950000762939453,398900
2024-06-12,20.6200008392334,21.8799991607666,20.6200008392334,21.399999618530273,1011900
2024-06-13,21.670000076293945,22.989999771118164,21.263999938964844,22.43000030517578,765000
2024-06-14,22.450000762939453,22.75,21.3799991607666,22.170000076293945,667700
2024-06-17,22.0,23.610000610351562,21.3700008392334,23.309999465942383,1048600
2024-06-18,22.729999542236328,23.027000427246094,22.139999389648438,22.84000015258789,322100
2024-06-20,23.260000228881836,24.170000076293945,22.799999237060547,23.309999465942383,444800
2024-06-21,22.34000015258789,22.409000396728516,21.170000076293945,21.6299991607666,443200
2024-06-24,20.739999771118164,21.625999450683594,20.459999084472656,20.860000610351562,509600
2024-06-25,21.65999984741211,22.780000686645508,21.190000534057617,22.1299991607666,539400
2024-06-26,21.889999389648438,23.09000015258789,21.59000015258789,21.729999542236328,468000
2024-06-27,22.104999542236328,22.6200008392334,21.270000457763672,21.56999969482422,321500
2024-06-28,21.809999465942383,21.815000534057617,20.950000762939453,21.170000076293945,228100
2024-07-01,21.6299991607666,23.239999771118164,21.610000610351562,23.09000015258789,435000
2024-07-02,22.81999969482422,23.468000411987305,22.700000762939453,23.260000228881836,249300
2024-07-03,22.610000610351562,23.559999465942383,22.610000610351562,23.260000228881836,189900
2024-07-05,21.719999313354492,23.770000457763672,21.6299991607666,23.739999771118164,435100
2024-07-08,24.31999969482422,24.709999084472656,23.374000549316406,23.68000030517578,342700
2024-07-09,24.139999389648438,24.139999389648438,21.950000762939453,22.06999969482422,435300
2024-07-10,22.700000762939453,22.700000762939453,21.83099937438965,21.979999542236328,209700
2024-07-11,22.610000610351562,23.25,20.934999465942383,21.270000457763672,369000
2024-07-12,21.209999084472656,22.87700080871582,21.1200008392334,22.75,295500
2024-07-15,24.270000457763672,25.3700008392334,23.700000762939453,25.209999084472656,851700
2024-07-16,25.489999771118164,26.81999969482422,25.09000015258789,26.75,713500
2024-07-17,26.110000610351562,27.777999877929688,24.89900016784668,25.56999969482422,407400
2024-07-18,26.18000030517578,26.18000030517578,22.969999313354492,23.219999313354492,594500
2024-07-19,23.450000762939453,24.959999084472656,22.96500015258789,24.670000076293945,356000
2024-07-22,25.270000457763672,25.579999923706055,23.940000534057617,25.459999084472656,415600
2024-07-23,24.75,25.74799919128418,24.209999084472656,24.270000457763672,266100
2024-07-24,24.34000015258789,24.8700008392334,22.850000381469727,22.93000030517578,377600
2024-07-25,22.5,22.65999984741211,21.240999221801758,21.56999969482422,526200
2024-07-26,22.799999237060547,23.219999313354492,22.09000015258789,22.43000030517578,214200
2024-07-29,23.299999237060547,23.549999237060547,21.579999923706055,21.649999618530273,488600
2024-07-30,21.700000762939453,21.84000015258789,20.610000610351562,20.780000686645508,592300
2024-07-31,21.479999542236328,22.5,21.450000762939453,21.579999923706055,238700
2024-08-01,21.684999465942383,21.950000762939453,20.020000457763672,20.15999984741211,310100
2024-08-02,19.65999984741211,20.007999420166016,18.280000686645508,18.5,556100
2024-08-05,14.930000305175781,17.51799964904785,14.680000305175781,17.31999969482422,754500
2024-08-06,18.06999969482422,18.32200050354004,17.190000534057617,17.959999084472656,247500
2024-08-07,18.540000915527344,18.579999923706055,16.579999923706055,16.690000534057617,449600
2024-08-08,17.290000915527344,18.649999618530273,16.860000610351562,18.469999313354492,388600
2024-08-09,18.469999313354492,18.469999313354492,17.65999984741211,17.8700008392334,181400
2024-08-12,17.43000030517578,17.868999481201172,16.889999389648438,17.420000076293945,239100
2024-08-13,17.309999465942383,17.739999771118164,17.020000457763672,17.260000228881836,249200
2024-08-14,17.389999389648438,17.739999771118164,16.860000610351562,16.940000534057617,213300
2024-08-15,17.040000915527344,17.920000076293945,17.040000915527344,17.399999618530273,243000
2024-08-16,17.489999771118164,18.34000015258789,17.389999389648438,18.09000015258789,268300
2024-08-19,18.049999237060547,18.56999969482422,17.850000381469727,18.559999465942383,350900
2024-08-20,19.030000686645508,19.329999923706055,18.239999771118164,18.65999984741211,555400
2024-08-21,18.639999389648438,19.5,18.6200008392334,19.5,439600
2024-08-22,19.520000457763672,19.520000457763672,18.621000289916992,18.719999313354492,159000
2024-08-23,19.06999969482422,20.049999237060547,18.760000228881836,20.049999237060547,482500
2024-08-26,19.989999771118164,19.989999771118164,19.25,19.559999465942383,446200
2024-08-27,19.1200008392334,19.31999969482422,18.389999389648438,18.700000762939453,247800
2024-08-28,18.260000228881836,18.540000915527344,17.552000045776367,17.790000915527344,284600
2024-08-29,18.260000228881836,19.125,17.850000381469727,18.1200008392334,292500
2024-08-30,18.239999771118164,18.239999771118164,17.549999237060547,17.760000228881836,164100
2024-09-03,17.5,17.5,15.789999961853027,15.859999656677246,335300
2024-09-04,15.619999885559082,16.270000457763672,15.369999885559082,15.760000228881836,302400
2024-09-05,15.899999618530273,16.360000610351562,15.710000038146973,15.869999885559082,199000
2024-09-06,16.010000228881836,16.219999313354492,14.850000381469727,14.949999809265137,392800
2024-09-09,15.399999618530273,16.239999771118164,15.229999542236328,16.239999771118164,226500
2024-09-10,16.299999237060547,16.93000030517578,15.880000114440918,16.920000076293945,149300
2024-09-11,16.530000686645508,17.049999237060547,15.890000343322754,16.899999618530273,166200
2024-09-12,16.969999313354492,17.334999084472656,16.56999969482422,17.079999923706055,160300
2024-09-13,16.959999084472656,17.790000915527344,16.959999084472656,17.479999542236328,222200
2024-09-16,17.09000015258789,17.290000915527344,16.450000762939453,17.110000610351562,96000
2024-09-17,17.43000030517578,18.020000457763672,17.229999542236328,17.549999237060547,166800
2024-09-18,17.3700008392334,18.5,17.25,17.3700008392334,138000
2024-09-19,18.309999465942383,18.389999389648438,17.489999771118164,17.56999969482422,277300
2024-09-20,17.469999313354492,17.65999984741211,17.059999465942383,17.520000457763672,548700
2024-09-23,17.649999618530273,18.329999923706055,17.6299991607666,18.190000534057617,533700
2024-09-24,18.229999542236328,19.440000534057617,18.020000457763672,19.43000030517578,325400
2024-09-25,19.450000762939453,19.950000762939453,19.190000534057617,19.229999542236328,175800
2024-09-26,19.979999542236328,20.43000030517578,19.229999542236328,20.020000457763672,801800
2024-09-27,20.5,20.5,19.670000076293945,19.959999084472656,561700
2024-09-30,19.149999618530273,19.42300033569336,18.8700008392334,19.010000228881836,614100
2024-10-01,18.8799991607666,18.8799991607666,17.579999923706055,17.899999618530273,364900
2024-10-02,17.649999618530273,18.479999542236328,17.56999969482422,18.200000762939453,323400
2024-10-03,18.079999923706055,18.549999237060547,17.809999465942383,18.299999237060547,151300
2024-10-04,18.75,19.260000228881836,18.316999435424805,19.079999923706055,259500
2024-10-07,19.200000762939453,19.430999755859375,18.25,18.65999984741211,201300
2024-10-08,18.559999465942383,18.739999771118164,18.110000610351562,18.389999389648438,188300
2024-10-09,18.389999389648438,18.389999389648438,17.663000106811523,17.709999084472656,529500
2024-10-10,17.709999084472656,17.809999465942383,17.290000915527344,17.540000915527344,401900
2024-10-11,17.790000915527344,19.0,17.709999084472656,18.93000030517578,579900
2024-10-14,19.610000610351562,20.1299991607666,19.145000457763672,19.899999618530273,716200
2024-10-15,19.889999389648438,20.66900062561035,19.450000762939453,19.959999084472656,495400
2024-10-16,20.479999542236328,21.3700008392334,19.979999542236328,21.31999969482422,631500
2024-10-17,21.219999313354492,21.34000015258789,20.540000915527344,20.889999389648438,239800
2024-10-18,21.219999313354492,22.18000030517578,21.100000381469727,22.020000457763672,712000
2024-10-21,21.75,22.549999237060547,20.777000427246094,22.5,354500
2024-10-22,22.200000762939453,22.760000228881836,21.84000015258789,22.68000030517578,313100
2024-10-23,22.09000015258789,22.43000030517578,21.0,21.670000076293945,371400
2024-10-24,22.239999771118164,22.959999084472656,21.700000762939453,22.350000381469727,513600
2024-10-25,22.399999618530273,22.690000534057617,21.489999771118164,21.84000015258789,428300
2024-10-28,22.559999465942383,24.238000869750977,22.545000076293945,24.040000915527344,626900
2024-10-29,24.610000610351562,24.833999633789062,23.607999801635742,23.8700008392334,657300
2024-10-30,23.149999618530273,23.940000534057617,22.81999969482422,23.329999923706055,292700
2024-10-31,22.850000381469727,23.010000228881836,21.15999984741211,21.25,554200
2024-11-01,21.5,22.239999771118164,20.809999465942383,20.979999542236328,468200
2024-11-04,20.700000762939453,20.702999114990234,20.0049991607666,20.049999237060547,567100
2024-11-05,20.649999618530273,21.489999771118164,20.610000610351562,21.25,464600
2024-11-06,23.729999542236328,25.139999389648438,22.90999984741211,25.030000686645508,1365300
2024-11-07,24.68000030517578,26.549999237060547,24.540000915527344,26.219999313354492,1057800
2024-11-08,26.219999313354492,26.65999984741211,25.5,26.579999923706055,703300
2024-11-11,28.8799991607666,30.40999984741211,28.350000381469727,30.1299991607666,1410700
2024-11-12,28.6299991607666,29.989999771118164,28.360000610351562,29.75,959700
2024-11-13,29.700000762939453,30.81999969482422,26.690000534057617,26.809999465942383,1315600
2024-11-14,27.510000228881836,27.895999908447266,25.3799991607666,25.5,848800
2024-11-15,26.40999984741211,26.420000076293945,25.110000610351562,26.290000915527344,821800
2024-11-18,26.0,27.075000762939453,25.270000457763672,25.559999465942383,884900
2024-11-19,25.6200008392334,26.93000030517578,25.010000228881836,26.510000228881836,697400
2024-11-20,27.479999542236328,27.75,25.940000534057617,26.459999084472656,824200
2024-11-21,27.84000015258789,28.194000244140625,24.8799991607666,25.790000915527344,1174600
2024-11-22,25.3799991607666,28.0,25.139999389648438,27.709999084472656,604000
2024-11-25,28.469999313354492,28.469999313354492,26.44099998474121,27.18000030517578,1094000
2024-11-26,26.170000076293945,27.06999969482422,24.860000610351562,25.110000610351562,709100
2024-11-27,25.950000762939453,28.195999145507812,25.950000762939453,27.969999313354492,1032900
2024-11-29,28.43000030517578,30.299999237060547,28.260000228881836,29.139999389648438,685300
2024-12-02,28.84000015258789,29.260000228881836,27.139999389648438,27.6299991607666,581100
2024-12-03,26.809999465942383,28.084999084472656,26.700000762939453,27.559999465942383,340100
2024-12-04,27.829999923706055,29.65999984741211,27.360000610351562,29.520000457763672,750900
2024-12-05,30.989999771118164,31.768999099731445,28.83099937438965,28.90999984741211,976500
2024-12-06,29.479999542236328,31.889999389648438,29.479999542236328,30.940000534057617,844900
2024-12-09,30.68000030517578,30.979999542236328,28.360000610351562,28.579999923706055,878000
2024-12-10,28.75,28.8799991607666,26.850000381469727,27.1299991607666,554000
2024-12-11,28.09000015258789,28.780000686645508,27.170000076293945,27.889999389648438,688100
2024-12-12,28.90999984741211,30.030000686645508,27.75,27.860000610351562,669200
2024-12-13,28.059999465942383,28.524999618530273,27.17300033569336,27.360000610351562,374200
2024-12-16,28.280000686645508,30.90999984741211,27.56999969482422,29.600000381469727,606500
2024-12-17,30.280000686645508,30.280000686645508,28.34600067138672,29.040000915527344,578200
2024-12-18,28.649999618530273,29.606000900268555,25.43000030517578,25.889999389648438,943200
2024-12-19,27.09000015258789,27.1200008392334,24.239999771118164,24.450000762939453,738900
2024-12-20,24.049999237060547,25.270000457763672,23.851999282836914,24.8799991607666,428900
2024-12-23,24.559999465942383,24.59000015258789,23.360000610351562,23.65999984741211,324000
2024-12-24,24.540000915527344,25.3700008392334,24.049999237060547,25.350000381469727,289300
2024-12-26,24.700000762939453,25.219999313354492,24.440000534057617,24.850000381469727,265000
2024-12-27,24.81999969482422,25.0,23.3799991607666,23.600000381469727,415500
2024-12-30,22.690000534057617,23.125,21.72100067138672,22.600000381469727,497400
2024-12-31,23.530000686645508,23.530000686645508,21.920000076293945,22.190000534057617,394100
2025-01-02,22.979999542236328,24.0,22.450000762939453,23.200000762939453,483300
2025-01-03,23.229999542236328,25.75,23.149999618530273,25.729999542236328,651400
2025-01-06,26.309999465942383,26.719999313354492,25.809999465942383,26.149999618530273,914400
2025-01-07,25.920000076293945,26.229999542236328,24.040000915527344,24.350000381469727,987500
2025-01-08,23.780000686645508,24.030000686645508,22.5,23.149999618530273,697100
2025-01-10,22.799999237060547,23.235000610351562,22.040000915527344,23.110000610351562,385400
2025-01-13,21.850000381469727,22.329999923706055,21.40999984741211,22.219999313354492,553100
2025-01-14,23.450000762939453,23.860000610351562,22.690000534057617,23.06999969482422,399100
2025-01-15,24.270000457763672,24.950000762939453,23.829999923706055,24.56999969482422,478200
2025-01-16,24.459999084472656,24.899999618530273,23.979999542236328,24.600000381469727,327600
2025-01-17,25.719999313354492,26.56999969482422,25.209999084472656,25.3700008392334,459000
2025-01-21,25.780000686645508,26.030000686645508,23.8700008392334,24.969999313354492,648400
2025-01-22,24.899999618530273,25.850000381469727,24.190000534057617,25.530000686645508,609900
2025-01-23,24.860000610351562,26.649999618530273,24.860000610351562,25.649999618530273,733600
2025-01-24,26.06999969482422,27.344999313354492,25.639999389648438,26.219999313354492,407300
2025-01-27,23.6299991607666,23.75,20.020000457763672,20.780000686645508,1296800
2025-01-28,21.6299991607666,21.6299991607666,20.045000076293945,20.829999923706055,870800
2025-01-29,20.940000534057617,21.458999633789062,20.450000762939453,21.15999984741211,668400
2025-01-30,21.65999984741211,22.790000915527344,21.65999984741211,22.5,716800
2025-01-31,23.1200008392334,23.920000076293945,22.34000015258789,22.549999237060547,623500
2025-02-03,20.600000381469727,23.030000686645508,20.579999923706055,22.690000534057617,578500
2025-02-04,22.59000015258789,22.93000030517578,22.1299991607666,22.56999969482422,432500
2025-02-05,22.6200008392334,23.200000762939453,22.315000534057617,22.459999084472656,881300
2025-02-06,22.739999771118164,23.709999084472656,22.299999237060547,22.760000228881836,1047500
2025-02-07,23.5,24.399999618530273,22.81999969482422,23.149999618530273,519000
2025-02-10,23.510000228881836,23.860000610351562,23.149999618530273,23.5,249200
2025-02-11,23.18000030517578,23.719999313354492,22.309999465942383,22.34000015258789,401900
2025-02-12,21.8799991607666,22.989999771118164,21.84000015258789,22.729999542236328,296900
2025-02-13,22.68000030517578,23.350000381469727,22.040000915527344,23.280000686645508,241500
2025-02-14,23.360000610351562,23.768999099731445,23.135000228881836,23.399999618530273,220400
2025-02-18,23.3700008392334,23.540000915527344,22.684999465942383,22.84000015258789,342200
2025-02-19,22.90999984741211,23.520000457763672,22.739999771118164,22.780000686645508,195700
2025-02-20,23.040000915527344,23.059999465942383,21.865999221801758,22.489999771118164,247700
2025-02-21,22.770000457763672,23.31999969482422,20.450000762939453,20.520000457763672,665300
2025-02-24,20.639999389648438,20.639999389648438,18.75,19.200000762939453,614100
2025-02-25,18.100000381469727,18.389999389648438,16.469999313354492,17.040000915527344,1091200
2025-02-26,17.170000076293945,17.888999938964844,16.889999389648438,17.219999313354492,555300
2025-02-27,18.31999969482422,18.899999618530273,16.84000015258789,16.889999389648438,860700
2025-02-28,16.510000228881836,17.959999084472656,16.450000762939453,17.81999969482422,728800
2025-03-03,19.18000030517578,19.420000076293945,16.360000610351562,16.5,1353700
2025-03-04,15.779999732971191,16.975000381469727,15.0600004196167,16.260000228881836,2252000
2025-03-05,16.6200008392334,17.204999923706055,16.204999923706055,17.200000762939453,1156200
2025-03-06,16.139999389648438,16.825000762939453,15.600000381469727,15.800000190734863,1319900
2025-03-07,15.779999732971191,16.506999969482422,15.335000038146973,16.31999969482422,1394700
2025-03-10,15.520000457763672,15.645000457763672,13.970000267028809,14.479999542236328,1171700
2025-03-11,14.59000015258789,15.3100004196167,14.09000015258789,15.079999923706055,895500
2025-03-12,15.59000015258789,15.75,14.630000114440918,15.289999961853027,1093000
2025-03-13,15.239999771118164,15.350000381469727,14.470000267028809,14.569999694824219,735600
2025-03-14,15.010000228881836,15.489999771118164,14.779999732971191,15.300000190734863,515000
2025-03-17,15.1850004196167,15.645999908447266,14.739999771118164,15.369999885559082,973200
2025-03-18,15.0600004196167,15.100000381469727,14.1899995803833,14.25,791300
2025-03-19,14.4399995803833,15.489999771118164,14.42199993133545,15.199999809265137,823300
2025-03-20,15.010000228881836,15.579999923706055,14.779999732971191,14.979999542236328,397900
2025-03-21,14.680000305175781,14.890000343322754,14.40999984741211,14.800000190734863,995500
2025-03-24,15.350000381469727,16.389999389648438,15.333000183105469,16.309999465942383,927200
2025-03-25,16.25,16.280000686645508,15.484999656677246,15.649999618530273,651900
2025-03-26,15.569999694824219,15.569999694824219,14.170000076293945,14.319999694824219,1319900
2025-03-27,14.010000228881836,14.534000396728516,13.789999961853027,14.039999961853027,616700
2025-03-28,13.75,13.809000015258789,12.949999809265137,13.130000114440918,960900
2025-03-31,12.670000076293945,12.850000381469727,12.279999732971191,12.770000457763672,744800
2025-04-01,12.859999656677246,13.710000038146973,12.484999656677246,13.670000076293945,761300
2025-04-02,13.229999542236328,14.239999771118164,13.210000038146973,14.239999771118164,445900
2025-04-03,12.819999694824219,13.25,12.6850004196167,12.75,460300
2025-04-04,12.359999656677246,12.579999923706055,11.180000305175781,12.319999694824219,1010000
2025-04-07,11.170000076293945,13.34000015258789,11.09000015258789,12.40999984741211,513800
2025-04-08,13.130000114440918,13.270000457763672,11.229999542236328,11.489999771118164,359700
2025-04-09,11.4399995803833,13.350000381469727,11.119999885559082,13.0600004196167,711500
2025-04-10,12.539999961853027,12.654999732971191,11.675000190734863,12.010000228881836,295600
2025-04-11,12.170000076293945,12.630000114440918,11.979999542236328,12.520000457763672,347000
2025-04-14,13.149999618530273,13.149999618530273,12.4399995803833,12.699999809265137,417900
2025-04-15,12.710000038146973,12.710000038146973,11.699999809265137,11.979999542236328,595000
2025-04-16,11.699999809265137,12.119999885559082,11.5600004196167,11.90999984741211,401600
2025-04-17,11.869999885559082,12.09000015258789,11.59000015258789,12.039999961853027,494400
2025-04-21,12.0600004196167,12.359999656677246,11.739999771118164,11.739999771118164,534200
2025-04-22,12.09000015258789,13.270000457763672,12.09000015258789,13.100000381469727,1455500
2025-04-23,13.899999618530273,14.079999923706055,13.359999656677246,13.510000228881836,1093100
2025-04-24,13.479999542236328,14.119999885559082,13.399999618530273,14.0600004196167,585000
2025-04-25,14.220000267028809,14.75,14.039999961853027,14.5600004196167,860900
2025-04-28,14.640000343322754,14.640000343322754,13.789999961853027,14.329999923706055,612300
2025-04-29,14.229999542236328,14.369999885559082,14.0,14.1899995803833,427800
2025-04-30,13.699999809265137,13.729999542236328,13.135000228881836,13.680000305175781,435000
2025-05-01,14.390000343322754,14.90999984741211,14.140000343322754,14.59000015258789,904700
2025-05-02,14.859999656677246,15.369999885559082,14.729999542236328,14.970000267028809,620200
2025-05-05,14.510000228881836,14.529999732971191,14.0,14.260000228881836,790600
2025-05-06,13.949999809265137,14.609999656677246,13.899999618530273,14.539999961853027,596600
2025-05-07,14.680000305175781,14.800000190734863,14.279999732971191,14.59000015258789,317100
2025-05-08,15.289999961853027,15.890000343322754,14.9399995803833,15.529999732971191,1143700
2025-05-09,15.479999542236328,16.204999923706055,15.140000343322754,15.550000190734863,800500
2025-05-12,16.489999771118164,16.850000381469727,16.03499984741211,16.34000015258789,1206200
2025-05-13,16.729999542236328,17.290000915527344,16.489999771118164,17.200000762939453,847900
2025-05-14,17.260000228881836,17.420000076293945,16.809999465942383,16.950000762939453,862500
2025-05-15,16.610000610351562,16.690000534057617,15.819999694824219,16.56999969482422,918600
2025-05-16,16.6200008392334,18.09000015258789,16.6200008392334,18.0,991600
2025-05-19,17.31999969482422,18.149999618530273,17.149999618530273,18.1299991607666,702900
2025-05-20,18.110000610351562,18.170000076293945,17.450000762939453,17.989999771118164,451800
2025-05-21,17.639999389648438,18.639999389648438,17.420000076293945,17.75,1158000
2025-05-22,18.440000534057617,18.829999923706055,17.81999969482422,18.110000610351562,677100
2025-05-23,17.469999313354492,17.93000030517578,17.270000457763672,17.610000610351562,736600
2025-05-27,18.190000534057617,18.350000381469727,17.7549991607666,18.239999771118164,683400
2025-05-28,18.200000762939453,18.200000762939453,17.15999984741211,17.270000457763672,1090800
2025-05-29,17.65999984741211,17.65999984741211,16.829999923706055,16.899999618530273,1177800
2025-05-30,16.65999984741211,16.834999084472656,16.309999465942383,16.469999313354492,522100
2025-06-02,16.530000686645508,17.23900032043457,16.530000686645508,17.200000762939453,908400
2025-06-03,17.399999618530273,18.030000686645508,17.139999389648438,17.920000076293945,394600
2025-06-04,17.90999984741211,19.360000610351562,17.899999618530273,19.190000534057617,556200
2025-06-05,19.610000610351562,19.610000610351562,17.90999984741211,18.200000762939453,682600
2025-06-06,18.639999389648438,19.954999923706055,18.6200008392334,19.56999969482422,809500
2025-06-09,20.25,20.270000457763672,19.459999084472656,20.15999984741211,565800
2025-06-10,20.549999237060547,20.549999237060547,19.90999984741211,20.280000686645508,576300
2025-06-11,20.139999389648438,20.36199951171875,19.690000534057617,20.0,358300
2025-06-12,19.5,20.225000381469727,19.420000076293945,19.610000610351562,295900
2025-06-13,19.020000457763672,19.600000381469727,18.600000381469727,18.860000610351562,392200
2025-06-16,19.290000915527344,19.770000457763672,18.969999313354492,19.700000762939453,284700
2025-06-17,19.270000457763672,19.450000762939453,18.31999969482422,18.68000030517578,346800
2025-06-18,18.5,19.05900001525879,18.309999465942383,18.700000762939453,236800
2025-06-20,19.049999237060547,19.299999237060547,18.399999618530273,18.579999923706055,740500
2025-06-23,18.270000457763672,18.479999542236328,17.209999084472656,18.09000015258789,470300
2025-06-24,18.610000610351562,19.434999465942383,18.594999313354492,19.420000076293945,426400
2025-06-25,19.940000534057617,19.959999084472656,19.420000076293945,19.479999542236328,339300
2025-06-26,19.350000381469727,21.760000228881836,19.020000457763672,21.5,1490500
2025-06-27,21.899999618530273,22.229999542236328,21.229999542236328,21.709999084472656,667500
2025-06-30,22.15999984741211,23.0,21.885000228881836,22.739999771118164,851600
2025-07-01,22.34000015258789,23.530000686645508,22.224000930786133,23.09000015258789,908900
2025-07-02,23.420000076293945,25.15999984741211,23.420000076293945,25.149999618530273,762800
2025-07-03,25.280000686645508,26.81999969482422,25.219999313354492,26.030000686645508,562700
2025-07-07,24.940000534057617,25.399999618530273,23.43000030517578,24.889999389648438,1275800
2025-07-08,25.469999313354492,26.290000915527344,24.739999771118164,24.899999618530273,669700
2025-07-09,25.459999084472656,25.459999084472656,24.329999923706055,25.239999771118164,540600
2025-07-10,25.18000030517578,25.950000762939453,24.75,25.489999771118164,220400
2025-07-11,26.110000610351562,26.3700008392334,24.690000534057617,24.780000686645508,555400
2025-07-14,25.299999237060547,26.791000366210938,25.198999404907227,25.56999969482422,647800
2025-07-15,25.389999389648438,25.479999542236328,24.660999298095703,25.049999237060547,645800
2025-07-16,25.56999969482422,26.440000534057617,25.520000457763672,26.170000076293945,392400
2025-07-17,26.270000457763672,27.09000015258789,25.889999389648438,26.829999923706055,389900
2025-07-18,27.229999542236328,27.940000534057617,26.024999618530273,26.75,576500
2025-07-21,27.170000076293945,28.90999984741211,26.399999618530273,26.479999542236328,1100100
2025-07-22,26.969999313354492,27.639999389648438,25.809999465942383,27.559999465942383,1190500
2025-07-23,27.399999618530273,27.485000610351562,26.420000076293945,27.34000015258789,644200
2025-07-24,27.239999771118164,27.700000762939453,26.84000015258789,27.110000610351562,563100
2025-07-25,26.68000030517578,26.799999237060547,26.020000457763672,26.559999465942383,302700
2025-07-28,26.979999542236328,26.979999542236328,25.770000457763672,26.1299991607666,324800
2025-07-29,26.059999465942383,26.139999389648438,24.559999465942383,24.90999984741211,559100
2025-07-30,25.170000076293945,25.420000076293945,24.209999084472656,24.709999084472656,318000
2025-07-31,25.450000762939453,26.07200050354004,25.219999313354492,25.260000228881836,361500
2025-08-01,23.780000686645508,24.18000030517578,23.010000228881836,23.420000076293945,590400
2025-08-04,23.809999465942383,24.850000381469727,23.520000457763672,24.829999923706055,172300
2025-08-05,24.829999923706055,24.850000381469727,24.040000915527344,24.850000381469727,445700
2025-08-06,24.860000610351562,25.75,24.65999984741211,25.729999542236328,240200
2025-08-07,26.15999984741211,26.549999237060547,24.780000686645508,25.3700008392334,391000
2025-08-08,25.600000381469727,25.719999313354492,24.3799991607666,24.959999084472656,311900
2025-08-11,25.459999084472656,26.100000381469727,24.9950008392334,25.059999465942383,302200
2025-08-12,25.1200008392334,25.559999465942383,24.889999389648438,25.40999984741211,103600
2025-08-13,25.56999969482422,26.020000457763672,25.160999298095703,25.5,199800
2025-08-14,25.6200008392334,26.9950008392334,25.450000762939453,26.969999313354492,410900
2025-08-15,26.8799991607666,27.209999084472656,25.809999465942383,26.700000762939453,215900
2025-08-18,27.049999237060547,28.829999923706055,26.959999084472656,28.290000915527344,551700
2025-08-19,28.170000076293945,28.18000030517578,26.264999389648438,26.600000381469727,442500
2025-08-20,26.579999923706055,27.309999465942383,25.149999618530273,27.270000457763672,574600
2025-08-21,26.600000381469727,27.165000915527344,26.325000762939453,26.8799991607666,390100
2025-08-22,26.829999923706055,28.719999313354492,26.399999618530273,28.290000915527344,401500
2025-08-25,27.790000915527344,28.860000610351562,27.149999618530273,28.610000610351562,745900
2025-08-26,28.260000228881836,29.440000534057617,28.209999084472656,29.389999389648438,487400
2025-08-27,29.389999389648438,29.815000534057617,28.899999618530273,29.309999465942383,280600
2025-08-28,29.829999923706055,30.43000030517578,29.6200008392334,29.670000076293945,255500
2025-08-29,30.639999389648438,31.5,29.680999755859375,30.6200008392334,850400
2025-09-02,29.709999084472656,32.13999938964844,29.219999313354492,31.639999389648438,617700
2025-09-03,32.22999954223633,32.2599983215332,30.309999465942383,30.700000762939453,634000
2025-09-04,30.299999237060547,30.40999984741211,29.020000457763672,29.170000076293945,291200
2025-09-05,29.860000610351562,30.200000762939453,28.35099983215332,29.450000762939453,387400
2025-09-08,29.3799991607666,30.15999984741211,28.8799991607666,29.690000534057617,317100
2025-09-09,31.100000381469727,33.191001892089844,30.479999542236328,33.130001068115234,649600
2025-09-10,34.0099983215332,35.63999938964844,33.52000045776367,35.4900016784668,877400
2025-09-11,35.70000076293945,36.75,34.84000015258789,35.66999816894531,538300
2025-09-12,36.16999816894531,37.34000015258789,35.54999923706055,37.31999969482422,358500
2025-09-15,38.2599983215332,38.83000183105469,37.290000915527344,38.72999954223633,494000
2025-09-16,38.790000915527344,39.970001220703125,37.849998474121094,39.86000061035156,386800
2025-09-17,39.224998474121094,41.66999816894531,38.441001892089844,41.150001525878906,457600
2025-09-18,42.310001373291016,42.310001373291016,40.81999969482422,41.099998474121094,751500
2025-09-19,40.83000183105469,42.540000915527344,40.83000183105469,41.560001373291016,422300
2025-09-22,41.67499923706055,44.310001373291016,40.78499984741211,43.970001220703125,548000
2025-09-23,44.915000915527344,45.529998779296875,42.22999954223633,42.900001525878906,611200
2025-09-24,44.349998474121094,46.41999816894531,44.0099983215332,45.0,1038700
2025-09-25,43.02000045776367,44.40999984741211,41.11000061035156,42.15999984741211,1133400
2025-09-26,41.45000076293945,41.52000045776367,39.209999084472656,40.61000061035156,685000
2025-09-29,41.83000183105469,44.2400016784668,41.630001068115234,44.209999084472656,1134900
2025-09-30,44.099998474121094,44.599998474121094,43.30400085449219,44.2400016784668,256200
2025-10-01,44.81999969482422,45.89500045776367,44.099998474121094,45.06999969482422,547600
2025-10-02,46.279998779296875,47.18000030517578,45.2599983215332,46.4900016784668,905300
2025-10-03,47.369998931884766,50.11000061035156,46.810001373291016,48.189998626708984,644000
2025-10-06,50.7599983215332,52.41299819946289,50.16999816894531,52.290000915527344,881900
2025-10-07,53.9900016784668,54.0,49.928001403808594,53.380001068115234,965000
2025-10-08,53.650001525878906,56.130001068115234,52.43000030517578,55.380001068115234,709700
2025-10-09,56.54999923706055,57.854000091552734,54.970001220703125,57.56999969482422,559800
2025-10-10,60.650001525878906,63.790000915527344,54.59000015258789,55.34000015258789,2200400
2025-10-13,58.5,61.400001525878906,56.62300109863281,60.86000061035156,1073800
2025-10-14,58.9900016784668,65.86499786376953,56.349998474121094,63.790000915527344,1370900
2025-10-15,66.55999755859375,67.88500213623047,62.81100082397461,65.9000015258789,1254600
2025-10-16,65.79000091552734,65.79000091552734,59.029998779296875,59.33000183105469,1423000
2025-10-17,55.779998779296875,58.31999969482422,54.849998474121094,58.22999954223633,1055400
2025-10-20,61.72999954223633,62.81999969482422,59.310001373291016,59.77000045776367,837900
2025-10-21,58.779998779296875,58.91999816894531,54.9900016784668,56.0099983215332,729200
2025-10-22,53.90999984741211,56.525001525878906,48.77000045776367,51.31999969482422,1953000
2025-10-23,51.81999969482422,55.04999923706055,51.41999816894531,54.02000045776367,918300
2025-10-24,57.15999984741211,59.709999084472656,56.5099983215332,59.630001068115234,907400
2025-10-27,61.29999923706055,61.619998931884766,59.279998779296875,60.84000015258789,875700
2025-10-28,60.72999954223633,63.40999984741211,59.27000045776367,59.47999954223633,920000
2025-10-29,59.79999923706055,60.790000915527344,56.7599983215332,58.650001525878906,789600
2025-10-30,56.380001068115234,58.86000061035156,55.68000030517578,56.709999084472656,406100
2025-10-31,58.88999938964844,59.4900016784668,56.09000015258789,57.38999938964844,409000
2025-11-03,63.470001220703125,65.12999725341797,59.07500076293945,61.459999084472656,968000
2025-11-04,57.650001525878906,62.88999938964844,56.29999923706055,58.439998626708984,1185100
2025-11-05,59.81999969482422,62.849998474121094,59.04999923706055,62.18000030517578,826400
2025-11-06,61.619998931884766,61.619998931884766,56.310001373291016,56.54999923706055,838800
2025-11-07,54.189998626708984,55.810001373291016,51.41999816894531,55.09000015258789,1218600
2025-11-10,57.9900016784668,58.650001525878906,53.5099983215332,53.58000183105469,763100
2025-11-11,52.20000076293945,52.34000015258789,49.310001373291016,50.04999923706055,852400
2025-11-12,50.970001220703125,51.09000015258789,46.75,47.72999954223633,1606300
2025-11-13,45.2599983215332,46.130001068115234,41.599998474121094,41.970001220703125,1704600
2025-11-14,39.47999954223633,43.16999816894531,38.821998596191406,40.540000915527344,879900
2025-11-17,40.150001525878906,42.310001373291016,39.630001068115234,40.91999816894531,901400
2025-11-18,40.27000045776367,43.0,39.779998779296875,41.83000183105469,994100
2025-11-19,42.02000045776367,43.72999954223633,39.81999969482422,40.400001525878906,726400
2025-11-20,43.70000076293945,45.45000076293945,38.709999084472656,38.7599983215332,1302900
2025-11-21,38.02000045776367,39.150001525878906,35.70000076293945,38.040000915527344,1235100
2025-11-24,39.0,43.2400016784668,39.0,43.119998931884766,887800
2025-11-25,42.060001373291016,43.970001220703125,40.369998931884766,43.650001525878906,675500
2025-11-26,44.970001220703125,46.810001373291016,43.39500045776367,46.119998931884766,709000
2025-11-28,47.630001068115234,49.21500015258789,47.439998626708984,48.43000030517578,542900
2025-12-01,45.58000183105469,47.89899826049805,45.279998779296875,47.2599983215332,661100
2025-12-02,47.54999923706055,48.0,43.56999969482422,43.68000030517578,640800
2025-12-03,43.810001373291016,45.58000183105469,42.88999938964844,45.470001220703125,407900
2025-12-04,44.939998626708984,47.61899948120117,44.435001373291016,47.290000915527344,548800
2025-12-05,46.689998626708984,46.689998626708984,44.819000244140625,45.529998779296875,514300
2025-12-08,46.290000915527344,46.880001068115234,44.90999984741211,46.43000030517578,392900
2025-12-09,45.58000183105469,49.029998779296875,45.58000183105469,47.43000030517578,468900
2025-12-10,46.900001525878906,47.888999938964844,45.48400115966797,45.90999984741211,525800
2025-12-11,44.959999084472656,46.3849983215332,43.31999969482422,46.34000015258789,800800
2025-12-12,45.779998779296875,47.01499938964844,42.5099983215332,42.7400016784668,542400
2025-12-15,42.560001373291016,42.70000076293945,37.79199981689453,37.93000030517578,840500
2025-12-16,37.56999969482422,38.650001525878906,36.441001892089844,38.36000061035156,900900
2025-12-17,39.40999984741211,40.25,36.310001373291016,36.5099983215332,851000
2025-12-18,38.314998626708984,39.41999816894531,37.20000076293945,37.4900016784668,539200
2025-12-19,38.66999816894531,41.36000061035156,38.60499954223633,41.099998474121094,860700
2025-12-22,42.625,43.744998931884766,41.93000030517578,42.18000030517578,558000
2025-12-23,41.18000030517578,42.56999969482422,41.02000045776367,41.5099983215332,429700
2025-12-24,41.099998474121094,41.97999954223633,40.849998474121094,41.810001373291016,165100
2025-12-26,41.869998931884766,41.869998931884766,39.65999984741211,39.75,422500
2025-12-29,39.0099983215332,41.20000076293945,39.0099983215332,39.369998931884766,425300
2025-12-30,39.529998779296875,39.939998626708984,38.15999984741211,38.27000045776367,272000
2025-12-31,38.47999954223633,39.119998931884766,37.834999084472656,38.27000045776367,310200
2026-01-02,39.13999938964844,42.15999984741211,38.59000015258789,42.04999923706055,793200
2026-01-05,43.83000183105469,46.290000915527344,43.34000015258789,45.959999084472656,1321300
2026-01-06,45.56999969482422,46.130001068115234,42.79499816894531,44.9900016784668,803600
2026-01-07,44.630001068115234,45.11000061035156,43.279998779296875,43.314998626708984,450500
2026-01-08,43.11000061035156,45.529998779296875,42.790000915527344,44.5,697900
2026-01-09,45.27000045776367,47.400001525878906,44.60499954223633,45.02000045776367,724200
2026-01-12,44.709999084472656,47.84000015258789,44.34000015258789,47.529998779296875,387100
2026-01-13,48.31999969482422,49.30500030517578,47.349998474121094,48.869998931884766,556600
2026-01-14,49.029998779296875,49.849998474121094,47.5,48.939998626708984,637900
2026-01-15,49.31999969482422,49.56999969482422,47.189998626708984,47.97999954223633,454900
2026-01-16,48.060001373291016,51.78499984741211,47.88999938964844,51.060001373291016,995500
2026-01-20,48.68000030517578,50.33000183105469,47.130001068115234,48.209999084472656,944700
2026-01-21,49.029998779296875,50.965999603271484,45.11000061035156,47.90999984741211,1038300
2026-01-22,48.56999969482422,49.5,46.75,46.93000030517578,634000
2026-01-23,46.90999984741211,50.650001525878906,45.130001068115234,49.13999938964844,622400
2026-01-26,48.77000045776367,49.1349983215332,46.27000045776367,46.58000183105469,807300
2026-01-27,47.09000015258789,51.189998626708984,46.65999984741211,50.900001525878906,1008600
2026-01-28,51.189998626708984,52.0099983215332,49.9379997253418,51.369998931884766,523300
2026-01-29,50.380001068115234,50.380001068115234,46.849998474121094,48.7400016784668,692700
2026-01-30,47.650001525878906,48.150001525878906,44.38999938964844,45.060001373291016,1385700
2026-02-02,43.68000030517578,46.0,42.88999938964844,44.439998626708984,1522600
2026-02-03,45.5,46.619998931884766,42.47999954223633,45.29999923706055,475900
2026-02-04,44.060001373291016,44.18000030517578,38.36199951171875,40.290000915527344,1321400
2026-02-05,38.5,40.150001525878906,34.9900016784668,35.22999954223633,2153600
2026-02-06,37.5,40.79999923706055,36.957000732421875,40.43000030517578,1126500
2026-02-09,40.290000915527344,44.16899871826172,40.029998779296875,43.83000183105469,542200
2026-02-10,43.279998779296875,44.5,42.619998931884766,42.619998931884766,398700
2026-02-11,43.040000915527344,43.16999816894531,40.220001220703125,41.63999938964844,408900
2026-02-12,41.970001220703125,42.06999969482422,39.31999969482422,40.099998474121094,370600
2026-02-13,40.61000061035156,42.97999954223633,39.400001525878906,41.34000015258789,671800
2026-02-17,40.36000061035156,40.810001373291016,38.79999923706055,40.0,332900
2026-02-18,39.63999938964844,41.42499923706055,39.2599983215332,40.040000915527344,461000
2026-02-19,38.939998626708984,40.78799819946289,38.290000915527344,40.689998626708984,264000
2026-02-20,40.13999938964844,41.470001220703125,38.215999603271484,38.845001220703125,444300
2026-02-23,38.0,39.970001220703125,37.62200164794922,39.7599983215332,282200
2026-02-24,39.33000183105469,43.058998107910156,38.849998474121094,42.709999084472656,380200
2026-02-25,43.70000076293945,44.16999816894531,42.13999938964844,42.34000015258789,499300
2026-02-26,42.11000061035156,42.869998931884766,40.814998626708984,42.16999816894531,381900
2026-02-27,40.88999938964844,41.29999923706055,38.900001525878906,39.880001068115234,646900
2026-03-02,38.59000015258789,41.36399841308594,38.49599838256836,40.43000030517578,383500
2026-03-03,38.47999954223633,38.959999084472656,37.0,37.880001068115234,533600
2026-03-04,39.33000183105469,41.709999084472656,39.33000183105469,41.20000076293945,981500
2026-03-05,40.20000076293945,40.779998779296875,37.797000885009766,39.25,596300
2026-03-06,37.79999923706055,38.5,35.81999969482422,36.06999969482422,1047600
2026-03-09,35.529998779296875,37.63999938964844,34.95000076293945,37.33000183105469,662800
2026-03-10,37.4900016784668,38.52000045776367,37.11000061035156,37.36000061035156,897400
2026-03-11,37.959999084472656,40.125,37.8650016784668,38.91999816894531,433300
2026-03-12,38.04999923706055,38.20000076293945,36.70000076293945,37.959999084472656,344400
2026-03-13,38.93000030517578,40.5099983215332,37.95000076293945,38.275001525878906,551600
2026-03-16,40.27000045776367,40.88999938964844,39.650001525878906,40.45000076293945,480300
2026-03-17,39.880001068115234,40.79499816894531,39.25,40.130001068115234,410000
2026-03-18,39.619998931884766,40.369998931884766,38.880001068115234,39.099998474121094,311600
2026-03-19,37.88999938964844,39.435001373291016,37.11000061035156,39.099998474121094,317100
2026-03-20,38.849998474121094,39.31999969482422,36.415000915527344,37.68000030517578,454400
2026-03-23,38.36000061035156,40.65999984741211,38.290000915527344,39.400001525878906,386300
2026-03-24,39.150001525878906,39.869998931884766,37.86000061035156,38.869998931884766,317600
2026-03-25,40.33000183105469,41.349998474121094,39.494998931884766,40.29999923706055,378500
2026-03-26,39.20000076293945,39.540000915527344,36.81999969482422,37.08000183105469,800800
2026-03-27,36.54999923706055,36.54999923706055,34.599998474121094,35.189998626708984,429100
2026-03-30,35.880001068115234,35.96099853515625,31.790000915527344,32.33000183105469,463300
2026-03-31,33.119998931884766,34.91999816894531,32.45500183105469,34.81999969482422,499400
2026-04-01,35.459999084472656,36.060001373291016,34.66999816894531,34.86000061035156,380100
2026-04-02,33.220001220703125,35.790000915527344,32.970001220703125,35.7599983215332,373100
2026-04-06,35.900001525878906,37.21500015258789,35.900001525878906,36.70000076293945,265300
2026-04-07,35.9900016784668,37.630001068115234,35.20000076293945,37.56999969482422,361100
2026-04-08,40.400001525878906,40.86000061035156,38.84000015258789,40.5099983215332,555200
2026-04-09,39.970001220703125,42.290000915527344,39.900001525878906,41.36000061035156,843900
2026-04-10,41.7400016784668,43.470001220703125,41.7400016784668,42.189998626708984,314200
2026-04-13,41.209999084472656,44.84000015258789,41.0,44.65999984741211,892600
2026-04-14,46.11000061035156,48.26599884033203,46.02000045776367,47.529998779296875,520500
2026-04-15,46.9900016784668,47.33000183105469,45.70000076293945,47.29999923706055,546700
2026-04-16,47.529998779296875,47.529998779296875,44.73099899291992,46.58000183105469,567800
2026-04-17,47.88999938964844,49.185001373291016,46.619998931884766,49.06999969482422,482400
2026-04-20,48.15999984741211,49.7599983215332,48.060001373291016,49.43000030517578,361300
2026-04-21,50.02000045776367,50.119998931884766,47.220001220703125,47.47999954223633,415600
2026-04-22,49.119998931884766,50.435001373291016,49.119998931884766,50.08000183105469,420900
2026-04-23,49.869998931884766,52.43000030517578,49.0,50.18000030517578,339700
2026-04-24,51.400001525878906,52.150001525878906,49.380001068115234,49.619998931884766,589700
2026-04-27,49.75,50.29999923706055,47.97999954223633,49.060001373291016,504500
2026-04-28,46.959999084472656,47.540000915527344,45.279998779296875,46.58000183105469,542200
2026-04-29,46.72999954223633,46.72999954223633,44.599998474121094,45.380001068115234,422200
2026-04-30,46.45000076293945,48.66999816894531,46.380001068115234,48.16999816894531,352600
2026-05-01,48.86000061035156,50.099998474121094,48.09000015258789,48.189998626708984,338100
2026-05-04,48.5,50.86000061035156,48.48500061035156,50.5,548800
2026-05-05,51.599998474121094,55.220001220703125,50.970001220703125,55.13999938964844,839400
2026-05-06,57.44200134277344,60.83000183105469,57.44200134277344,60.7599983215332,1222700
2026-05-07,59.06999969482422,59.20500183105469,55.7400016784668,57.56999969482422,615600
2026-05-08,59.66999816894531,59.959999084472656,56.60499954223633,58.02000045776367,698100
2026-05-11,56.36000061035156,61.185001373291016,55.11000061035156,58.470001220703125,431300
2026-05-12,57.0,58.20000076293945,54.31999969482422,57.72999954223633,379500
2026-05-13,58.400001525878906,60.0,56.5,58.880001068115234,383800
2026-05-14,58.91999816894531,62.31999969482422,58.25,61.54999923706055,857100
2026-05-15,58.970001220703125,59.20000076293945,56.54999923706055,57.209999084472656,582900
2026-05-18,57.959999084472656,57.959999084472656,53.439998626708984,55.54999923706055,1094900
2026-05-19,54.20000076293945,55.459999084472656,51.88800048828125,54.849998474121094,390700
2026-05-20,56.0,58.2400016784668,55.22999954223633,57.31999969482422,665400
2026-05-21,58.02000045776367,61.63999938964844,58.0,61.59000015258789,410600
2026-05-22,61.40999984741211,63.08000183105469,60.38999938964844,61.93000030517578,396900
2026-05-26,64.56999969482422,66.23899841308594,63.790000915527344,64.83000183105469,611700
2026-05-27,65.3499984741211,69.25,63.439998626708984,68.80000305175781,737300
2026-05-28,68.4800033569336,70.12000274658203,67.08999633789062,69.26000213623047,894600
2026-05-29,68.98999786376953,68.98999786376953,65.3499984741211,68.08999633789062,566600
2026-06-01,67.06999969482422,72.34500122070312,65.69000244140625,70.76000213623047,958900
2026-06-02,71.0,74.12999725341797,70.91000366210938,71.51000213623047,795100
2026-06-03,72.56999969482422,74.28500366210938,69.94999694824219,70.71499633789062,544000
2026-06-04,67.91000366210938,70.69999694824219,66.61000061035156,69.36000061035156,563400
2026-06-05,66.47000122070312,66.5,58.869998931884766,61.59000015258789,2162600
2026-06-08,63.869998931884766,66.36000061035156,62.619998931884766,65.75,446300
2026-06-09,67.5199966430664,69.0,59.900001525878906,63.130001068115234,1000000
2026-06-10,62.439998626708984,64.66000366210938,59.290000915527344,59.380001068115234,479800
2026-06-11,59.290000915527344,64.36000061035156,58.88999938964844,63.91999816894531,405300
2026-06-12,64.22000122070312,68.30999755859375,63.97999954223633,65.97000122070312,526400
2026-06-15,69.5999984741211,70.73999786376953,68.29000091552734,69.01000213623047,694800
2026-06-16,68.58999633789062,71.75499725341797,68.4000015258789,69.26000213623047,744700
2026-06-17,69.12999725341797,72.49500274658203,68.41999816894531,68.73999786376953,663700
2026-06-18,71.5199966430664,73.01000213623047,69.08999633789062,72.0999984741211,909300
2026-06-22,73.1500015258789,76.94000244140625,71.72000122070312,71.9800033569336,683000
2026-06-23,67.69999694824219,73.66999816894531,67.0,70.9800033569336,488900
2026-06-24,71.4000015258789,71.4000015258789,64.4000015258789,66.76000213623047,908600
2026-06-25,68.86000061035156,69.55999755859375,62.45000076293945,64.93000030517578,848100
2026-06-26,63.16999816894531,66.27999877929688,61.25,65.7300033569336,561500
2026-06-29,67.06999969482422,67.5199966430664,60.380001068115234,63.70000076293945,817200
2026-06-30,62.7400016784668,63.790000915527344,61.4900016784668,63.06999969482422,405100
2026-07-01,60.779998779296875,60.8849983215332,56.869998931884766,58.77000045776367,1725300
2026-07-02,58.83000183105469,59.45000076293945,52.2400016784668,53.189998626708984,1033900
2026-07-06,55.220001220703125,58.78499984741211,55.220001220703125,56.47999954223633,799100
2026-07-07,54.970001220703125,55.060001373291016,51.02000045776367,52.630001068115234,744300
2026-07-08,52.11000061035156,55.20000076293945,52.08000183105469,55.130001068115234,636700
2026-07-09,57.130001068115234,58.81999969482422,56.310001373291016,57.185001373291016,352300
2026-07-10,57.66999816894531,57.83599853515625,54.439998626708984,55.5,266500
2026-07-13,53.95000076293945,55.290000915527344,51.14500045776367,52.27000045776367,299100
2026-07-14,54.459999084472656,55.130001068115234,51.25,52.22999954223633,442400
2026-07-15,53.06999969482422,54.22999954223633,50.540000915527344,53.0,367600
2026-07-16,51.119998931884766,51.380001068115234,47.540000915527344,48.099998474121094,645900
2026-07-17,46.060001373291016,48.790000915527344,44.63999938964844,47.56999969482422,501900
2026-07-20,50.290000915527344,53.650001525878906,49.790000915527344,52.70000076293945,526000
2026-07-21,54.5099983215332,57.5,54.45000076293945,56.11000061035156,831000
2026-07-22,55.150001525878906,58.20000076293945,55.06999969482422,57.15999984741211,313100
2026-07-23,56.18000030517578,60.5099983215332,56.18000030517578,58.27000045776367,720200
2026-07-24,57.77000045776367,57.9900016784668,53.43000030517578,53.59000015258789,496900
2026-07-27,54.95000076293945,54.95000076293945,50.15999984741211,51.52000045776367,641400
2026-07-28,49.91999816894531,49.91999816894531,46.400001525878906,49.20000076293945,918400
2026-07-29,48.779998779296875,49.150001525878906,42.9640007019043,43.29999923706055,942200
2026-07-30,47.279998779296875,53.380001068115234,46.93000030517578,52.869998931884766,815600
2026-07-31,55.290000915527344,55.595001220703125,50.79999923706055,51.459999084472656,817000
2026-08-03,50.81999969482422,55.720001220703125,49.02000045776367,54.75,614000
2026-08-04,52.81999969482422,54.959999084472656,52.369998931884766,52.75,805900
2026-08-05,52.75,54.04999923706055,50.09000015258789,50.22999954223633,571200
2026-08-06,48.5,51.06100082397461,47.935001373291016,48.459999084472656,271100
2026-08-07,50.310001373291016,50.9900016784668,46.66999816894531,48.400001525878906,643800
2026-08-10,48.43000030517578,48.599998474121094,45.459999084472656,45.52000045776367,536400
2026-08-11,47.77000045776367,48.380001068115234,46.400001525878906,46.630001068115234,411300
2026-08-12,50.2599983215332,50.790000915527344,48.2760009765625,49.279998779296875,630100
2026-08-13,49.38999938964844,50.97999954223633,47.15999984741211,47.310001373291016,599300
2026-08-14,46.81999969482422,49.11000061035156,46.6150016784668,48.63999938964844,175700
2026-08-17,49.45000076293945,50.91999816894531,48.810001373291016,50.130001068115234,309800
2026-08-18,48.4900016784668,49.560001373291016,45.40999984741211,45.810001373291016,588000
2026-08-19,45.290000915527344,46.08000183105469,42.439998626708984,45.15999984741211,869000
2026-08-20,45.72999954223633,47.040000915527344,45.2400016784668,46.91999816894531,545500
2026-08-21,48.290000915527344,49.349998474121094,45.0,45.72999954223633,693600
2026-08-24,44.900001525878906,45.869998931884766,43.970001220703125,44.625,1070000
2026-08-25,45.20000076293945,47.040000915527344,44.849998474121094,46.75,827400
2026-08-26,46.029998779296875,46.5,44.880001068115234,45.15999984741211,598500
2026-08-27,46.900001525878906,48.31999969482422,46.31999969482422,46.459999084472656,1138900
2026-08-28,45.59000015258789,45.599998474121094,42.34000015258789,42.70000076293945,1247300
