date,open,high,low,close,volume
2025-10-16,2.4153,2.4175,2.4052,2.4125,6060.639791
2025-10-15,2.5091,2.5518,2.381,2.4152,1095277.04461004
2025-10-14,2.6106,2.6251,2.392,2.5092,2139351.79066984
2025-10-13,2.5334,2.6489,2.5182,2.6103,1213536.95208906
2025-10-12,2.3888,2.5868,2.3167,2.5334,747059.92426736
2025-10-11,2.3691,2.5105,2.3077,2.3878,3613295.2845882
2025-10-10,2.8047,2.84,1.0,2.3705,10639272.87316415
2025-10-09,2.8813,2.8813,2.7718,2.8056,969804.08296963
2025-10-08,2.8542,2.9252,2.8345,2.8813,431774.77337662
2025-10-07,2.9884,3.0,2.8414,2.8545,1259724.20704543
2025-10-06,2.9691,3.048,2.9579,2.9884,678193.51550266
2025-10-05,2.9685,3.07,2.9488,2.9692,511905.12557479
2025-10-04,3.0376,3.0497,2.9397,2.9686,482494.18167636
2025-10-03,3.0396,3.095,3.0067,3.0376,536290.88931151
2025-10-02,2.9505,3.1015,2.9433,3.0394,702377.83414257
2025-10-01,2.8472,2.9622,2.8138,2.9505,647931.70312648
2025-09-30,2.8856,2.9118,2.8184,2.8471,546956.01820805
2025-09-29,2.8733,2.932,2.85,2.8856,469826.42396537
2025-09-28,2.8122,2.8733,2.7755,2.8733,192809.35568777
2025-09-27,2.7898,2.8347,2.7698,2.8123,161863.01961701
2025-09-26,2.7474,2.8146,2.7058,2.7901,1229453.79508676
2025-09-25,2.9305,2.9484,2.7305,2.7475,1010212.96856681
2025-09-24,2.8309,3.0,2.7981,2.9304,585580.57611034
2025-09-23,2.8549,2.9004,2.8053,2.8308,481243.55787293
2025-09-22,2.9761,2.9796,2.7174,2.8549,1993544.40306505
2025-09-21,2.9809,3.0179,2.9602,2.9761,147008.8205256
2025-09-20,2.996,3.0129,2.9722,2.9809,273551.87961222
2025-09-19,3.0751,3.0928,2.9855,2.996,753038.26873081
2025-09-18,3.0856,3.1386,3.0581,3.075,1038576.06540528
2025-09-17,3.039,3.1086,2.9847,3.0857,1144003.15803484
2025-09-16,3.0014,3.0604,2.9701,3.0389,425477.01143061
2025-09-15,3.0347,3.0729,2.962,3.0015,822867.88728714
2025-09-14,3.1194,3.1247,3.0113,3.0348,610111.65509739
2025-09-13,3.1053,3.1828,3.088,3.1194,1188323.2549868
2025-09-12,3.0389,3.1339,3.0168,3.1052,1247944.51513757
2025-09-11,2.9803,3.046,2.9508,3.0387,589756.74441237
2025-09-10,2.9473,3.0244,2.9391,2.9803,686796.96421881
2025-09-09,2.9694,3.0342,2.9341,2.9471,789218.94420823
2025-09-08,2.8794,2.9946,2.8652,2.9694,856952.89012922
2025-09-07,2.8107,2.9258,2.8107,2.8798,510612.93713698
2025-09-06,2.8126,2.8258,2.7982,2.8105,819796.80858945
2025-09-05,2.7998,2.8885,2.7833,2.8121,844991.52181027
2025-09-04,2.8478,2.8657,2.79,2.7998,356563.34890513
2025-09-03,2.867,2.8918,2.8165,2.8478,559576.09706175
2025-09-02,2.7617,2.8684,2.7537,2.8671,800116.8333635
2025-09-01,2.7798,2.8404,2.7,2.759,1330036.27642359
2025-08-31,2.8229,2.871,2.7756,2.7801,359697.9208717
2025-08-30,2.8227,2.8389,2.7664,2.8226,402441.95961081
2025-08-29,2.9717,2.9796,2.78,2.8227,1517242.54918207
2025-08-28,2.9735,3.03,2.948,2.9717,487443.19249883
2025-08-27,3.0169,3.0496,2.9669,2.973,601512.69952556
2025-08-26,2.8638,3.0875,2.8517,3.0172,600473.46567877
2025-08-25,3.0298,3.057,2.8308,2.864,1337017.84667586
2025-08-24,3.0525,3.1303,2.9948,3.0298,1516350.13354512
2025-08-23,3.0789,3.0789,2.9743,3.0524,1361019.3016969
2025-08-22,2.8568,3.1094,2.788,3.0791,2348720.71731725
2025-08-21,2.9561,2.964,2.8486,2.8564,733915.57742869
2025-08-20,2.8645,2.9935,2.8254,2.9561,1723081.84258561
2025-08-19,3.0651,3.0844,2.8557,2.863,1973588.3936916
2025-08-18,3.0912,3.1009,2.9426,3.065,1819753.60439138
2025-08-17,3.1095,3.15,3.0789,3.0912,397816.69555576
2025-08-16,3.0826,3.159,3.0777,3.1101,391828.12573841
2025-08-15,3.0824,3.1467,3.0057,3.0828,856797.61750021
2025-08-14,3.2759,3.3472,2.9781,3.0827,2819122.66565961
2025-08-13,3.2659,3.3283,3.2015,3.27,800316.86746616
2025-08-12,3.1336,3.3055,3.1086,3.2662,1651169.17640389
2025-08-11,3.1901,3.3356,3.1216,3.1339,2087270.73268853
2025-08-10,3.2276,3.2794,3.1559,3.1901,855260.88323184
2025-08-09,3.2881,3.3481,3.212,3.2276,635760.86520814
2025-08-08,3.3223,3.3839,3.21,3.2881,4495157.23169073
2025-08-07,2.9952,3.3353,2.9686,3.3224,1932625.78768696
2025-08-06,2.9639,3.0213,2.9053,2.9952,1016882.34491856
2025-08-05,3.0746,3.1072,2.9173,2.9657,993693.85404215
2025-08-04,2.9539,3.0921,2.9373,3.075,1785367.37216128
2025-08-03,2.7744,2.9658,2.7327,2.9531,1029585.15991302
2025-08-02,2.9631,3.0244,2.7457,2.7729,1228187.38557237
2025-08-01,3.0261,3.06,2.8999,2.9635,5406661.30812605
2025-07-31,3.1007,3.1812,3.0183,3.0276,1484435.74838089
2025-07-30,3.1338,3.1678,3.009,3.1011,1797018.56098695
2025-07-29,3.1259,3.1874,3.0591,3.1338,1899435.21723297
2025-07-28,3.2436,3.3314,3.1142,3.1254,1649675.34888807
2025-07-27,3.1689,3.2549,3.16,3.2437,843135.18076566
2025-07-26,3.1346,3.2214,3.1105,3.1688,449676.95857395
2025-07-25,3.147,3.1646,3.0019,3.1442,1483828.61820083
2025-07-24,3.1846,3.27,2.962,3.1464,3694451.98232563
2025-07-23,3.5521,3.5521,3.055,3.1869,5325785.79797837
2025-07-22,3.5509,3.5784,3.4231,3.5525,1836726.61888802
2025-07-21,3.4551,3.6496,3.4062,3.5509,1836377.10189642
2025-07-20,3.426,3.5558,3.3866,3.4555,1179717.78368757
2025-07-19,3.4171,3.4854,3.354,3.426,2215410.68454139
2025-07-18,3.4826,3.6614,3.35,3.4174,6668079.3977489
2025-07-17,3.0397,3.55,2.99,3.4849,5105279.03712609
2025-07-16,2.9221,3.1,2.8816,3.0396,1154759.80701393
2025-07-15,2.9589,2.9589,2.8049,2.9224,1837376.30904935
2025-07-14,2.8324,3.0307,2.8189,2.9596,3157862.27550521
2025-07-13,2.7342,2.8879,2.7228,2.8314,1413994.09529255
2025-07-12,2.7289,2.8447,2.6606,2.7339,3552021.92723598
2025-07-11,2.5456,2.9745,2.5125,2.7293,8184381.77016072
2025-07-10,2.4071,2.5653,2.3989,2.5467,2957968.06016469
2025-07-09,2.3139,2.4296,2.3022,2.407,2500298.55949522
2025-07-08,2.2739,2.325,2.2529,2.3132,2099376.80582103
2025-07-07,2.2752,2.3561,2.2598,2.2739,1545401.82472651
2025-07-06,2.2196,2.2931,2.2124,2.2755,772303.28837909
2025-07-05,2.2232,2.2361,2.2051,2.2196,164515.78229019
2025-07-04,2.26,2.2704,2.201,2.2236,426421.68600299
2025-07-03,2.2361,2.3152,2.2281,2.2598,1520701.25878523
2025-07-02,2.1757,2.293,2.1633,2.2361,1039648.82680602
2025-07-01,2.24,2.2549,2.1514,2.1759,1042176.40541066
2025-06-30,2.207,2.3285,2.1685,2.2401,1284689.40706418
2025-06-29,2.185,2.2192,2.1764,2.2069,893038.80486488
2025-06-28,2.1428,2.2076,2.1356,2.1859,810263.1855666
2025-06-27,2.1061,2.1521,2.0681,2.1419,535238.59959425
2025-06-26,2.1859,2.2119,2.0967,2.1052,980802.87830056
2025-06-25,2.191,2.229,2.1712,2.1862,478741.68521861
2025-06-24,2.1644,2.2179,2.1355,2.1907,1113985.91193227
2025-06-23,2.0183,2.1725,1.9664,2.1607,1781435.50298426
2025-06-22,2.0677,2.091,1.9124,2.0242,2591433.52891425
2025-06-21,2.1195,2.1469,1.9966,2.064,1356211.67842179
2025-06-20,2.1712,2.18,2.0884,2.1219,649431.67188304
2025-06-19,2.1714,2.1867,2.146,2.1677,403593.80780198
2025-06-18,2.1646,2.1837,2.1218,2.1714,659183.78836215
2025-06-17,2.2346,2.2565,2.144,2.1619,1718025.83170368
2025-06-16,2.1682,2.3378,2.1553,2.2369,1949589.9344972
2025-06-15,2.1478,2.1798,2.1448,2.1691,467183.58124923
2025-06-14,2.1476,2.1798,2.1114,2.143,800893.04630459
2025-06-13,2.1896,2.1897,2.0847,2.1481,1058242.58301543
2025-06-12,2.266,2.2731,2.1719,2.1912,883028.47844424
2025-06-11,2.3044,2.3354,2.253,2.2689,1178859.35351242
2025-06-10,2.3184,2.3284,2.2588,2.3034,1435529.25777488
2025-06-09,2.2683,2.3294,2.2259,2.3208,688757.85763555
2025-06-08,2.1787,2.2966,2.1692,2.2687,865139.42847112
2025-06-07,2.1632,2.1936,2.1499,2.1801,334423.64161863
2025-06-06,2.0962,2.1909,2.0858,2.1614,564753.29927015
2025-06-05,2.2,2.2254,2.0604,2.0971,1165148.83383405
2025-06-04,2.2464,2.2637,2.1934,2.1995,464380.39636001
2025-06-03,2.1971,2.2809,2.1837,2.2436,569437.38642263
2025-06-02,2.1766,2.2049,2.1382,2.1976,960838.27295129
2025-06-01,2.173,2.187,2.1245,2.1781,730350.27571709
2025-05-31,2.1399,2.2046,2.0816,2.1724,832859.4384591
2025-05-30,2.2439,2.2517,2.13,2.1384,1791516.02838358
2025-05-29,2.2753,2.3109,2.2376,2.2435,747577.169374
2025-05-28,2.3156,2.3209,2.2243,2.2753,1456680.33201477
2025-05-27,2.3083,2.352,2.2658,2.3179,538815.92514709
2025-05-26,2.3404,2.3539,2.296,2.3104,775540.25135127
2025-05-25,2.3268,2.3415,2.2636,2.3403,1127798.90398501
2025-05-24,2.2935,2.3586,2.2844,2.327,320381.75037025
2025-05-23,2.4273,2.4774,2.283,2.2939,2303434.20822307
2025-05-22,2.3966,2.454,2.3887,2.43,978118.86132869
2025-05-21,2.3546,2.4278,2.3293,2.3981,1366890.62219137
2025-05-20,2.3786,2.4077,2.3149,2.3572,1070210.56704722
2025-05-19,2.4299,2.439,2.2839,2.3801,2514637.01203381
2025-05-18,2.3559,2.4483,2.3308,2.4297,1241364.27723356
2025-05-17,2.378,2.3875,2.3,2.3545,1915150.5521072
2025-05-16,2.3834,2.438,2.3468,2.3786,2405095.45601125
2025-05-15,2.5502,2.5706,2.3537,2.3824,2761096.87421714
2025-05-14,2.5834,2.6491,2.5207,2.5515,1144840.80697899
2025-05-13,2.544,2.6055,2.4232,2.5835,1673395.20311602
2025-05-12,2.3678,2.6541,2.3516,2.5486,5878823.91536259
2025-05-11,2.4685,2.4806,2.3279,2.3632,1760048.40708181
2025-05-10,2.3445,2.4741,2.3359,2.4705,1720374.43654454
2025-05-09,2.33,2.4281,2.2874,2.3453,2063226.1700999
2025-05-08,2.1285,2.3308,2.1207,2.33,2127945.89677854
2025-05-07,2.1537,2.1727,2.1076,2.1267,851464.9761599
2025-05-06,2.1346,2.162,2.0841,2.158,1381265.58082872
2025-05-05,2.1693,2.204,2.1145,2.1389,2018628.92148207
2025-05-04,2.1903,2.222,2.1582,2.1655,933059.3292753
2025-05-03,2.2089,2.2198,2.1798,2.1907,848133.1266975
2025-05-02,2.2147,2.2407,2.193,2.2093,567445.36432373
2025-05-01,2.1942,2.2571,2.191,2.2135,812331.56024811
2025-04-30,2.2415,2.261,2.1311,2.1944,1730143.30909069
2025-04-29,2.2951,2.317,2.2257,2.2427,805242.9370851
2025-04-28,2.255,2.3635,2.221,2.296,1617990.13028707
2025-04-27,2.1917,2.294,2.1611,2.2536,1190055.54066575
2025-04-26,2.1854,2.248,2.1806,2.192,466925.52932086
2025-04-25,2.2006,2.2199,2.1648,2.1821,1370612.78431148
2025-04-24,2.2184,2.2335,2.118,2.2036,3212299.50291642
2025-04-23,2.2147,2.2994,2.1888,2.2178,1682004.65858856
2025-04-22,2.0852,2.2494,2.0631,2.21,1748970.08834539
2025-04-21,2.075,2.1371,2.0596,2.085,1227595.74452612
2025-04-20,2.0838,2.0906,2.0356,2.074,530739.27317941
2025-04-19,2.0629,2.095,2.0551,2.0851,561878.91458587
2025-04-18,2.0642,2.0855,2.0419,2.062,484116.04522807
2025-04-17,2.0839,2.1129,2.0518,2.0634,914799.50521962
2025-04-16,2.0844,2.1258,2.0371,2.0854,1817826.06298965
2025-04-15,2.1279,2.1834,2.0846,2.0851,1698026.20293965
2025-04-14,2.1171,2.1778,2.1046,2.1253,2020199.43332885
2025-04-13,2.1594,2.2471,2.0808,2.1177,1679424.57008552
2025-04-12,2.0219,2.183,2.0025,2.1574,888531.67769042
2025-04-11,1.964,2.0634,1.9468,2.0224,1810098.43826752
2025-04-10,2.051,2.055,1.9227,1.963,3495312.90908118
2025-04-09,1.7977,2.0874,1.7249,2.053,6733855.03733479
2025-04-08,1.8974,1.9745,1.7775,1.799,4256196.27745192
2025-04-07,1.9211,2.0047,1.6155,1.8981,10026379.72449583
2025-04-06,2.145,2.1594,1.8644,1.9234,3760169.93389205
2025-04-05,2.13,2.1751,2.1145,2.1466,978332.28676351
2025-04-04,2.065,2.1627,2.0166,2.1299,2799148.40767124
2025-04-03,2.0225,2.081,1.9605,2.063,4263839.13198228
2025-04-02,2.138,2.2323,1.9854,2.0231,4577263.36895208
2025-04-01,2.098,2.2,2.069,2.1405,2835012.13380198
2025-03-31,2.14,2.144,2.0255,2.0927,2747803.87726254
2025-03-30,2.1391,2.2189,2.1131,2.1386,1404215.16231137
2025-03-29,2.2137,2.2294,2.0658,2.1394,1661957.25819534
2025-03-28,2.3391,2.3461,2.1599,2.2065,1813525.10930343
2025-03-27,2.3506,2.3931,2.305,2.3411,1052580.62049227
2025-03-26,2.4515,2.4839,2.3344,2.3544,2019206.19664283
2025-03-25,2.4524,2.4813,2.4103,2.4552,1087672.53729615
2025-03-24,2.4427,2.507,2.4194,2.4543,2061446.18868461
2025-03-23,2.3732,2.446,2.3691,2.4453,558039.08770366
2025-03-22,2.3819,2.418,2.3624,2.3739,450665.28333057
2025-03-21,2.4363,2.4681,2.3603,2.3814,1036047.78416117
2025-03-20,2.5534,2.5691,2.3931,2.4375,1818464.25629011
2025-03-19,2.2883,2.595,2.272,2.5483,6122204.49263072
2025-03-18,2.3445,2.3445,2.2285,2.2915,1765536.51758703
2025-03-17,2.2991,2.3834,2.2978,2.3451,2227002.6983265
2025-03-16,2.396,2.4149,2.2746,2.3011,3407543.79117431
2025-03-15,2.3649,2.4806,2.3592,2.3977,3725158.99519905
2025-03-14,2.2549,2.3942,2.2439,2.36,5955898.5664699
2025-03-13,2.2431,2.3516,2.2193,2.2551,3940368.0764428
2025-03-12,2.1769,2.2857,2.1391,2.2479,4983521.651219
2025-03-11,2.0269,2.219,1.91,2.1749,6860729.66621073
2025-03-10,2.1433,2.2652,2.0,2.0249,6825640.37127236
2025-03-09,2.3239,2.3586,2.0909,2.1413,8515176.27765597
2025-03-08,2.388,2.4175,2.3085,2.3329,1651222.26099904
2025-03-07,2.6074,2.6279,2.3509,2.3888,8030368.93527332
2025-03-06,2.5046,2.651,2.4782,2.6068,3703871.40713248
2025-03-05,2.4542,2.5478,2.4155,2.5061,3182589.2651237
2025-03-04,2.3926,2.5463,2.22,2.4572,6553938.96374773
2025-03-03,2.9479,2.972,2.3037,2.3935,11270383.82854685
2025-03-02,2.1965,3.01,2.1821,2.9431,10309703.44528344
2025-03-01,2.1459,2.2268,2.1279,2.1997,908619.66745148
2025-02-28,2.2059,2.2059,1.96,2.1517,5879432.81890194
2025-02-27,2.2049,2.2646,2.1518,2.2063,3087759.11901526
2025-02-26,2.3272,2.3343,2.1578,2.2038,5332948.5552779
2025-02-25,2.2822,2.3704,2.071,2.3272,12426673.58946207
2025-02-24,2.5815,2.611,2.241,2.2829,6045930.18555159
2025-02-23,2.5771,2.6044,2.5244,2.5808,1423326.3479029401
2025-02-22,2.5731,2.6139,2.5563,2.5781,483845.45637789
2025-02-21,2.6928,2.7166,2.5119,2.5767,3711370.68362031
2025-02-20,2.7424,2.7531,2.6702,2.6931,1346800.96173515
2025-02-19,2.5672,2.7507,2.5181,2.7421,2533602.55543256
2025-02-18,2.665,2.675,2.4715,2.5673,3254675.96534793
2025-02-17,2.7318,2.7672,2.6126,2.6644,2839404.32442713
2025-02-16,2.7633,2.8067,2.6909,2.7317,1604768.37504042
2025-02-15,2.7411,2.8334,2.7149,2.7614,2916676.89463621
2025-02-14,2.5633,2.8344,2.536,2.7429,6245357.47925649
2025-02-13,2.4774,2.6079,2.4177,2.56,2928738.75077041
2025-02-12,2.4151,2.4992,2.3358,2.4766,2725905.15869629
2025-02-11,2.4274,2.5294,2.3758,2.4174,2576377.25837148
2025-02-10,2.4014,2.4777,2.3256,2.4272,1625436.14887982
2025-02-09,2.4264,2.5082,2.3154,2.3971,1787238.86824881
2025-02-08,2.3969,2.4403,2.3511,2.4212,1342239.71773437
2025-02-07,2.3273,2.5423,2.2696,2.4002,3752914.15890996
2025-02-06,2.3776,2.4722,2.2818,2.3301,3991277.49695786
2025-02-05,2.524,2.5674,2.3431,2.378,4540209.14772838
2025-02-04,2.7032,2.7873,2.4182,2.5271,8499641.07582002
2025-02-03,2.5752,2.7823,1.78,2.703,28911180.18310151
2025-02-02,2.8794,2.9563,2.4669,2.5766,8250115.14291811
2025-02-01,3.0351,3.0737,2.8309,2.8801,3037890.75572288
2025-01-31,3.1295,3.1295,3.0052,3.0376,1424492.15714198
2025-01-30,3.0714,3.1562,3.0508,3.1291,1211123.86713873
2025-01-29,3.0608,3.136,2.9672,3.0699,2563704.36220879
2025-01-28,3.0593,3.2142,3.0127,3.0611,4288729.30064484
2025-01-27,3.0246,3.0633,2.66,3.0601,7210261.41272446
2025-01-26,3.1093,3.1432,3.0138,3.0246,1092217.91707495
2025-01-25,3.0989,3.1436,3.0776,3.1076,810502.67608451
2025-01-24,3.1169,3.2017,3.0547,3.1042,1328418.86542893
2025-01-23,3.1785,3.1814,3.0371,3.121,2459800.99510169
2025-01-22,3.1732,3.2845,3.1326,3.1776,2415369.69918906
2025-01-21,3.1031,3.2413,3.0132,3.1706,3420866.8425037
2025-01-20,2.9537,3.3698,2.9117,3.1018,8048659.09750593
2025-01-19,3.2694,3.2923,2.8334,2.9619,7370003.40109327
2025-01-18,3.29,3.2959,3.0572,3.2694,4605289.71784552
2025-01-17,3.2452,3.349,3.1706,3.289,3890282.61420612
2025-01-16,3.1416,3.4,2.9247,3.2412,12019242.18440412
2025-01-15,2.6711,3.2,2.6533,3.1449,10569468.03307489
2025-01-14,2.5267,2.7014,2.5163,2.6728,4085603.62037165
2025-01-13,2.5061,2.5652,2.3345,2.5297,4659827.41885837
2025-01-12,2.5829,2.5856,2.4739,2.505,2421570.71354888
2025-01-11,2.346,2.6049,2.329,2.5802,2669262.21579516
2025-01-10,2.2765,2.3717,2.2455,2.3444,1888230.4344213
2025-01-09,2.3761,2.3976,2.2392,2.2769,2148482.32206363
2025-01-08,2.2725,2.4013,2.2052,2.3766,3870405.59344562
2025-01-07,2.4217,2.4678,2.2592,2.2731,2322357.31432934
2025-01-06,2.4034,2.4599,2.3675,2.4227,1650080.27235134
2025-01-05,2.4234,2.4293,2.33,2.3988,1573008.03550142
2025-01-04,2.4567,2.5085,2.404,2.4201,1736920.17897305
2025-01-03,2.4071,2.482,2.3978,2.4525,2685390.01093958
2025-01-02,2.3369,2.455,2.3343,2.4044,10221700.48120114
2025-01-01,2.0876,2.3571,2.0876,2.3325,5198349.3789529
2024-12-31,2.0591,2.1511,2.0168,2.0877,1093112.59633217
2024-12-30,2.0946,2.1532,2.0,2.0639,3014664.10197558
2024-12-29,2.1895,2.2012,2.0759,2.0973,1480967.23175445
2024-12-28,2.1515,2.211,2.138,2.1895,739900.81459906
2024-12-27,2.1599,2.2394,2.1162,2.149,1800410.43634474
2024-12-26,2.3009,2.316,2.1307,2.1573,2104656.87950773
2024-12-25,2.3242,2.3327,2.2626,2.2977,1240863.37114441
2024-12-24,2.2622,2.3529,2.2141,2.3253,1956887.86927654
2024-12-23,2.2024,2.28,2.1324,2.2622,1707989.39607924
2024-12-22,2.239,2.2929,2.1627,2.2022,1446679.20528724
2024-12-21,2.2788,2.3853,2.1924,2.237,2825763.38408781
2024-12-20,2.2412,2.3552,1.962,2.2795,7977605.46374789
2024-12-19,2.3097,2.4314,2.1585,2.2393,6286341.93775649
2024-12-18,2.5644,2.5895,2.2401,2.3121,5961042.94479654
2024-12-17,2.4825,2.7223,2.435,2.5625,6561598.05552948
2024-12-16,2.4459,2.5887,2.33,2.4821,3795926.21435086
2024-12-15,2.3939,2.4711,2.3671,2.4422,927033.2562979
2024-12-14,2.4199,2.5296,2.3553,2.3985,1800926.43111802
2024-12-13,2.3375,2.48,2.2864,2.4222,2151701.85010491
2024-12-12,2.3932,2.4828,2.3075,2.3366,4261441.19351682
2024-12-11,2.3732,2.4727,2.2334,2.3936,5684522.7362601
2024-12-10,2.2139,2.4206,1.8971,2.37,14510715.97629771
2024-12-09,2.6056,2.6084,1.97,2.2251,12798586.89093684
2024-12-08,2.6118,2.65,2.4889,2.6063,4404694.23118206
2024-12-07,2.4263,2.6212,2.3877,2.6134,4672250.05518529
2024-12-06,2.2432,2.4643,2.2258,2.4263,8662985.88786752
2024-12-05,2.3607,2.496,2.1783,2.2435,12066180.15060306
2024-12-04,2.5139,2.6828,2.283,2.3645,10962517.81750562
2024-12-03,2.7294,2.9102,2.2936,2.5141,20145551.79527961
2024-12-02,2.2955,2.8745,2.2148,2.7288,26353009.22800183
2024-12-01,1.9544,2.3535,1.8512,2.2968,12441028.9524746
2024-11-30,1.8033,1.9585,1.7659,1.9545,12355320.83305015
2024-11-29,1.5444,1.8161,1.5254,1.8021,11373506.15261573
2024-11-28,1.4719,1.5475,1.4326,1.5446,4717174.98748173
2024-11-27,1.3997,1.5232,1.3553,1.471,7881767.91514783
2024-11-26,1.4147,1.4605,1.285,1.4006,10048783.31960573
2024-11-25,1.4313,1.5349,1.3535,1.416,11375708.89529604
2024-11-24,1.4648,1.5105,1.2795,1.4306,23297409.58875128
2024-11-23,1.47,1.6308,1.4212,1.4662,13880230.07425341
2024-11-22,1.2478,1.4976,1.2478,1.47,16809766.23657063
2024-11-21,1.104,1.2621,1.0776,1.2441,11692016.90695018
2024-11-20,1.1,1.1485,1.0554,1.1041,13575507.32629623
2024-11-19,1.1142,1.1475,1.0691,1.1,5914626.42011648
2024-11-18,1.0549,1.1869,1.0549,1.1152,9979155.40952524
2024-11-17,1.1208,1.16,1.0042,1.0539,10913522.88573212
2024-11-16,0.89181,1.2648,0.8781,1.1197,20850252.27254101
2024-11-15,0.77294,0.92785,0.77087,0.89213,12794650.09737676
2024-11-14,0.69032,0.84706,0.68291,0.77213,11839120.49491526
2024-11-13,0.70409,0.7466,0.6407,0.69051,7102925.12633634
2024-11-12,0.62038,0.73879,0.59622,0.70368,14189222.26572193
2024-11-11,0.58849,0.63271,0.57092,0.62033,5271454.87541756
2024-11-10,0.55941,0.618,0.55562,0.58841,5095749.20904217
2024-11-09,0.55376,0.5622,0.54355,0.5594,1592386.67052886
2024-11-08,0.55563,0.55978,0.54149,0.5538,1503163.06556889
2024-11-07,0.54198,0.57823,0.53832,0.55535,2430233.94844978
2024-11-06,0.51464,0.54676,0.51464,0.54204,3694292.86485551
2024-11-05,0.50361,0.51917,0.5024,0.51448,1667317.57975735
2024-11-04,0.50311,0.51454,0.4964,0.5035,1014352.0903676
2024-11-03,0.51021,0.51055,0.4925,0.50335,1162204.19481019
2024-11-02,0.51346,0.51612,0.50634,0.51028,487338.85993503
2024-11-01,0.50971,0.52409,0.50286,0.51359,1088518.28466234
2024-10-31,0.52374,0.52409,0.5031,0.50969,1410252.40487669
2024-10-30,0.52804,0.5283,0.51969,0.52373,921003.78083913
2024-10-29,0.5197,0.53038,0.51897,0.52804,1419424.43876152
2024-10-28,0.51721,0.52158,0.51145,0.51973,1042755.95446324
2024-10-27,0.51318,0.51804,0.51089,0.51722,630094.5170131
2024-10-26,0.50225,0.51527,0.49911,0.51313,913195.42894025
2024-10-25,0.53174,0.53175,0.48707,0.50241,1828227.57791517
2024-10-24,0.52609,0.5335,0.52438,0.53172,1062908.21142748
2024-10-23,0.53365,0.53384,0.5121,0.5261,1972943.81810069
2024-10-22,0.5457,0.54953,0.52933,0.53374,862138.32309184
2024-10-21,0.54826,0.5605,0.54187,0.54569,2245114.93873878
2024-10-20,0.54446,0.54859,0.53621,0.54826,573703.88312105
2024-10-19,0.54624,0.54965,0.54034,0.54434,505816.27412591
2024-10-18,0.54419,0.55323,0.54,0.54616,1069622.04138595
2024-10-17,0.54836,0.5664,0.54243,0.54419,1992503.22132201
2024-10-16,0.54219,0.55412,0.53833,0.54836,1159473.8885525
2024-10-15,0.54925,0.55618,0.53207,0.54227,2262880.76033799
2024-10-14,0.53265,0.553,0.5292,0.54926,1616822.23044149
2024-10-13,0.54069,0.54069,0.52631,0.5326,771989.77630442
2024-10-12,0.5391,0.5441,0.5361,0.54069,810823.17118245
2024-10-11,0.53052,0.54234,0.53009,0.5391,997943.32237399
2024-10-10,0.52491,0.545,0.52332,0.53057,1566097.6830985
2024-10-09,0.53165,0.53489,0.5215,0.52497,788302.95851199
2024-10-08,0.52911,0.5359,0.521,0.532,1158492.33239438
2024-10-07,0.53424,0.54621,0.52859,0.52908,1917371.33014469
2024-10-06,0.53006,0.53762,0.52836,0.53413,639963.57979666
2024-10-05,0.53543,0.5362,0.52666,0.53006,907712.22348356
2024-10-04,0.52257,0.53977,0.51626,0.53543,2711171.06149114
2024-10-03,0.53965,0.54544,0.50867,0.52245,3310832.62561175
2024-10-02,0.59827,0.60765,0.52847,0.53984,4185671.09544506
2024-10-01,0.61268,0.63524,0.579,0.59838,3660742.31468418
2024-09-30,0.64272,0.656,0.61,0.61279,2574847.58225837
2024-09-29,0.61534,0.666,0.609,0.64271,3825063.91855219
2024-09-28,0.59005,0.62729,0.587,0.6155,2931028.23436362
2024-09-27,0.59181,0.598,0.58397,0.59005,869100.29969143
2024-09-26,0.58432,0.5971,0.57539,0.59198,1006282.23016008
2024-09-25,0.59234,0.5963,0.5839,0.58431,617090.99105085
2024-09-24,0.58633,0.5936,0.5824,0.59234,834668.08971
2024-09-23,0.58837,0.59641,0.57969,0.58634,459369.8214066
2024-09-22,0.59868,0.60567,0.579,0.58831,924267.03803774
2024-09-21,0.58509,0.61324,0.58035,0.59871,1277236.87267849
2024-09-20,0.58827,0.59336,0.57726,0.5851,1149922.40762176
2024-09-19,0.58651,0.59524,0.58227,0.588,1379890.58129196
2024-09-18,0.5851,0.5866,0.5633,0.58626,1034916.38239431
2024-09-17,0.58795,0.59561,0.5802,0.58542,1217694.48032673
2024-09-16,0.57229,0.59237,0.5615,0.58812,1470614.25098727
2024-09-15,0.59709,0.59709,0.57012,0.57283,799357.0835926
2024-09-14,0.57379,0.60051,0.57173,0.59701,4569316.49745252
2024-09-13,0.56408,0.57568,0.55752,0.574,1413209.29484191
2024-09-12,0.53579,0.59,0.53451,0.5642,3056671.33935511
2024-09-11,0.54211,0.54211,0.52478,0.53579,1081017.21332669
2024-09-10,0.54024,0.54331,0.53487,0.54211,571343.04851406
2024-09-09,0.53065,0.5438,0.5281,0.54024,744026.01141178
2024-09-08,0.52633,0.53279,0.52213,0.53057,418440.44076046
2024-09-07,0.52264,0.5343,0.52146,0.52636,747144.45598065
2024-09-06,0.54555,0.54833,0.50436,0.5228,2197519.3709461098
2024-09-05,0.55906,0.56081,0.5411,0.54554,895699.41069965
2024-09-04,0.5585,0.56555,0.53527,0.55899,1462989.0629834
2024-09-03,0.56908,0.574,0.55809,0.55897,572725.18180647
2024-09-02,0.54874,0.57006,0.54625,0.56908,642477.48471292
2024-09-01,0.56811,0.56813,0.5451,0.54882,752055.05824764
2024-08-31,0.5683,0.57359,0.56409,0.5681,562209.67038069
2024-08-30,0.56349,0.56905,0.54771,0.56832,1415460.13932668
2024-08-29,0.57072,0.57839,0.55907,0.56366,1472797.61375577
2024-08-28,0.56777,0.58525,0.5574,0.57071,1430136.61678977
2024-08-27,0.58841,0.60119,0.55301,0.56792,2570454.37445102
2024-08-26,0.60122,0.60281,0.57999,0.58844,2031375.63635908
2024-08-25,0.61363,0.61467,0.5967,0.60119,1067322.80650007
2024-08-24,0.6117,0.63196,0.60545,0.61386,1312464.74916233
2024-08-23,0.59851,0.6166,0.5914,0.61181,2152997.04813888
2024-08-22,0.6012,0.60501,0.59377,0.59868,1746287.20728334
2024-08-21,0.5954,0.60613,0.5864,0.60098,2458703.89377306
2024-08-20,0.59958,0.6156,0.58882,0.59535,2562224.46440699
2024-08-19,0.56396,0.60979,0.56206,0.59958,3734073.82456413
2024-08-18,0.56767,0.5855,0.56395,0.56439,868141.75810566
2024-08-17,0.56518,0.57213,0.56226,0.56766,327043.74917166
2024-08-16,0.56135,0.5714,0.5544,0.56524,2192270.33959199
2024-08-15,0.56961,0.57469,0.55172,0.56163,2523903.74747047
2024-08-14,0.5776,0.58332,0.56521,0.5699,2167588.79435488
2024-08-13,0.56942,0.58402,0.56399,0.57752,2411925.25559545
2024-08-12,0.55332,0.57999,0.55117,0.56941,2685160.1956437
2024-08-11,0.58509,0.59414,0.54659,0.55336,2712267.70860266
2024-08-10,0.5815,0.60271,0.57891,0.58437,1750729.65330688
2024-08-09,0.61832,0.62508,0.56884,0.58163,3785823.6543811
2024-08-08,0.60119,0.64304,0.57961,0.61745,8668083.93184275
2024-08-07,0.50724,0.6425,0.49329,0.6008,19624370.17050051
2024-08-06,0.48998,0.51977,0.4895,0.50703,3072502.83442276
2024-08-05,0.52339,0.52613,0.43328,0.49001,9440918.00988566
2024-08-04,0.55707,0.55973,0.51486,0.52342,2537455.91301232
2024-08-03,0.56126,0.57809,0.542,0.55707,2594620.92019685
2024-08-02,0.59715,0.5975,0.54654,0.5613,4226079.18736316
2024-08-01,0.62387,0.63103,0.5688,0.5972,4394076.46135417
2024-07-31,0.62889,0.65962,0.62318,0.62387,6497212.5175887
2024-07-30,0.60327,0.63859,0.59666,0.62886,3616926.67051085
2024-07-29,0.60293,0.6137,0.59339,0.60326,1505080.38179193
2024-07-28,0.59683,0.61514,0.59278,0.6033,884871.08450044
2024-07-27,0.60462,0.61041,0.58516,0.59686,1022173.24515955
2024-07-26,0.5999,0.60959,0.5877,0.60474,2195477.35800882
2024-07-25,0.61942,0.62691,0.58579,0.60038,3966562.42033023
2024-07-24,0.5987,0.63395,0.59296,0.61942,2968694.66501538
2024-07-23,0.60944,0.6181,0.581,0.59882,3068380.29494023
2024-07-22,0.59917,0.62411,0.58649,0.60902,3489828.78655129
2024-07-21,0.59464,0.60895,0.57294,0.59904,2498630.8948191
2024-07-20,0.57417,0.60538,0.57181,0.59464,1731342.81261918
2024-07-19,0.57006,0.58739,0.5414,0.57399,3471428.03279626
2024-07-18,0.62697,0.63717,0.55889,0.57005,4419951.71795523
2024-07-17,0.58001,0.63804,0.5799,0.62686,5843615.47524128
2024-07-16,0.53848,0.59539,0.53401,0.58001,4252333.33327072
2024-07-15,0.52116,0.541,0.52116,0.53826,2574369.62242305
2024-07-14,0.52694,0.54163,0.51503,0.5213,2334541.86232916
2024-07-13,0.47571,0.567,0.47522,0.52718,5353793.6956796795
2024-07-12,0.44998,0.4788,0.44549,0.47578,3226888.05316195
2024-07-11,0.43993,0.455,0.438,0.44998,2157113.41340712
2024-07-10,0.43686,0.4431,0.43221,0.44009,1402174.54102844
2024-07-09,0.43263,0.43901,0.42817,0.43691,1799037.21928102
2024-07-08,0.42063,0.4447,0.40463,0.43263,2222245.60084039
2024-07-07,0.44952,0.44952,0.41958,0.42066,952663.63407063
2024-07-06,0.42591,0.45001,0.42454,0.44953,640258.92375192
2024-07-05,0.43348,0.4341,0.38312,0.42593,4609829.86493924
2024-07-04,0.46773,0.47004,0.43205,0.43399,2191294.52548961
2024-07-03,0.48584,0.48742,0.46134,0.46772,2340572.51684668
2024-07-02,0.4774,0.4892,0.47645,0.48564,1332248.91061246
2024-07-01,0.4768,0.48548,0.47583,0.47728,1506444.1561295
2024-06-30,0.47339,0.47889,0.47074,0.47697,315629.98340812
2024-06-29,0.47257,0.4773,0.47257,0.4734,303268.24801936
2024-06-28,0.47611,0.48159,0.46982,0.47257,1123702.99619398
2024-06-27,0.47034,0.4778,0.46623,0.4761,1166160.51762083
2024-06-26,0.47612,0.47847,0.46555,0.47038,2984592.08052436
2024-06-25,0.47472,0.48041,0.47383,0.47612,1842579.7174927
2024-06-24,0.48036,0.48302,0.46254,0.47488,2187818.0800194102
2024-06-23,0.48716,0.48985,0.47443,0.48012,1118648.27058054
2024-06-22,0.48971,0.49015,0.48502,0.48716,577799.76920433
2024-06-21,0.48981,0.49653,0.4803,0.4896,2591446.60335599
2024-06-20,0.49392,0.50292,0.48935,0.48978,1790746.12803357
2024-06-19,0.49014,0.5,0.4878,0.49392,2155089.71074106
2024-06-18,0.5052,0.51049,0.47071,0.49147,5084739.88843396
2024-06-17,0.48926,0.52052,0.48411,0.5053,2114315.13425648
2024-06-16,0.4907,0.4993,0.48791,0.48925,510475.79540938
2024-06-15,0.4744,0.5059,0.47419,0.49079,1029341.44920288
2024-06-14,0.47709,0.4813,0.46019,0.4744,1745816.92173285
2024-06-13,0.49159,0.49159,0.47552,0.477,1775904.79462937
2024-06-12,0.4802,0.49838,0.47447,0.4916,1971274.25543123
2024-06-11,0.49681,0.49681,0.47104,0.4802,2684656.71248897
2024-06-10,0.4985,0.50646,0.49334,0.49681,1126735.88118855
2024-06-09,0.49295,0.49903,0.491,0.49867,610945.60573718
2024-06-08,0.49921,0.5009,0.49013,0.493,1081781.5279361
2024-06-07,0.5218,0.52792,0.45266,0.49916,4300324.30717607
2024-06-06,0.52591,0.52801,0.51657,0.52181,981960.12842492
2024-06-05,0.52646,0.53264,0.52389,0.5259,2475719.95727108
2024-06-04,0.5204,0.5306,0.51834,0.52646,2159722.18229998
2024-06-03,0.51386,0.52335,0.51211,0.52042,1255380.77906653
2024-06-02,0.51877,0.52112,0.50842,0.51389,559723.72822405
2024-06-01,0.5177,0.52194,0.51665,0.51847,586533.67139248
2024-05-31,0.51929,0.52614,0.51196,0.51771,1501518.90194528
2024-05-30,0.5247,0.52866,0.51357,0.5193,1244778.91972445
2024-05-29,0.52933,0.53368,0.5205,0.52428,885702.41076385
2024-05-28,0.53421,0.5354,0.52171,0.52977,1234280.54309079
2024-05-27,0.52893,0.5409,0.52388,0.53424,1397531.73937653
2024-05-26,0.54211,0.54236,0.5257,0.52878,408040.74025429
2024-05-25,0.53577,0.54331,0.53364,0.54279,685653.17892594
2024-05-24,0.52929,0.53799,0.51723,0.53613,1464190.01554258
2024-05-23,0.52693,0.54956,0.503,0.52921,4678078.88013558
2024-05-22,0.5373,0.53831,0.52211,0.52692,1787616.98905025
2024-05-21,0.53769,0.5567,0.53199,0.5375,3035054.25608961
2024-05-20,0.51033,0.53813,0.50697,0.53761,2769013.28786009
2024-05-19,0.5218,0.52403,0.50642,0.50998,518757.55374788
2024-05-18,0.52451,0.52623,0.51937,0.52143,264055.75523916
2024-05-17,0.51682,0.5299,0.5145,0.52451,987653.17745454
2024-05-16,0.51981,0.52326,0.51303,0.5163,2223353.91900594
2024-05-15,0.5007,0.5202,0.49746,0.51924,1037082.62214283
2024-05-14,0.50541,0.51406,0.49793,0.50061,1353128.51846148
2024-05-13,0.50093,0.51272,0.48803,0.50564,2372134.29414292
2024-05-12,0.50655,0.50969,0.4965,0.50082,491171.17941388
2024-05-11,0.5026,0.50859,0.50161,0.50665,466273.24254577
2024-05-10,0.52177,0.52182,0.4983,0.50279,1144207.53214167
2024-05-09,0.5181,0.52446,0.5097,0.52171,2202667.9624887
2024-05-08,0.52514,0.53071,0.51634,0.5181,2415486.09213253
2024-05-07,0.54114,0.54507,0.52262,0.52551,1719956.81785703
2024-05-06,0.53078,0.57079,0.5254,0.54114,3850877.15990734
2024-05-05,0.53128,0.53439,0.525,0.53089,1043373.43057254
2024-05-04,0.5325,0.5418,0.52803,0.5312,490995.66833817
2024-05-03,0.51942,0.53714,0.51536,0.53284,2186683.27813284
2024-05-02,0.51826,0.5259,0.50789,0.5189,1900005.29813062
2024-05-01,0.50191,0.52222,0.47914,0.51832,3094854.63943631
2024-04-30,0.51578,0.52014,0.4885,0.50147,2146908.36048567
2024-04-29,0.51118,0.51815,0.49961,0.51598,2183661.29144778
2024-04-28,0.51907,0.52582,0.50941,0.51081,710080.66466026
2024-04-27,0.52633,0.52692,0.50848,0.51895,1140565.29441574
2024-04-26,0.52644,0.53656,0.51485,0.52686,2059932.19972305
2024-04-25,0.52817,0.53279,0.51423,0.52591,2468401.38240405
2024-04-24,0.54536,0.55228,0.52175,0.52813,3065288.11154413
2024-04-23,0.55748,0.55788,0.54215,0.54539,2676683.10853247
2024-04-22,0.52518,0.57186,0.52302,0.55718,3309236.31119973
2024-04-21,0.52886,0.53699,0.51846,0.52504,1413602.47697952
2024-04-20,0.50321,0.53049,0.49883,0.52943,1904257.14900311
2024-04-19,0.50273,0.51136,0.46713,0.50332,3809077.64485386
2024-04-18,0.49581,0.506,0.48597,0.50258,2732445.47840102
2024-04-17,0.49673,0.50809,0.472,0.49573,3708194.78072001
2024-04-16,0.49767,0.50287,0.47637,0.4969,3986142.83263084
2024-04-15,0.50388,0.5196,0.48167,0.49816,4554619.25031402
2024-04-14,0.47898,0.50776,0.4645,0.50388,9754904.33394112
2024-04-13,0.54662,0.54856,0.4154,0.47839,16613345.54412312
2024-04-12,0.60891,0.61608,0.505,0.54669,11731009.66134638
2024-04-11,0.61791,0.62212,0.60388,0.60956,2811422.0282013
2024-04-10,0.61377,0.6211,0.5928,0.61831,3888077.17376506
2024-04-09,0.61519,0.64312,0.60189,0.61438,5274700.17048147
2024-04-08,0.5941,0.6265,0.58788,0.61521,4059067.86675314
2024-04-07,0.59256,0.60225,0.5894,0.59432,3500319.93398837
2024-04-06,0.58693,0.59876,0.58541,0.59299,1022419.11213805
2024-04-05,0.59346,0.5936,0.56877,0.58712,2796461.64774849
2024-04-04,0.57412,0.6156,0.56234,0.59362,5486711.93716628
2024-04-03,0.58559,0.5931,0.56633,0.57401,2941575.98047867
2024-04-02,0.61124,0.61869,0.57962,0.58547,4566646.94182538
2024-04-01,0.6296,0.63382,0.59547,0.61099,3772464.85930548
2024-03-31,0.62157,0.63065,0.62157,0.63001,719024.4755431
2024-03-30,0.6305,0.63645,0.6163,0.6224,1473949.82013623
2024-03-29,0.6245,0.64588,0.60844,0.63026,5017673.96895675
2024-03-28,0.61198,0.637,0.60328,0.62481,2653963.81645204
2024-03-27,0.63171,0.63474,0.60585,0.61252,3163670.20282365
2024-03-26,0.63986,0.65218,0.62489,0.63194,3105321.58231303
2024-03-25,0.63303,0.66313,0.62738,0.64037,14452648.75571272
2024-03-24,0.61662,0.63605,0.6137,0.63304,1979724.02589522
2024-03-23,0.61128,0.63266,0.60329,0.61683,1894373.79299676
2024-03-22,0.64114,0.64555,0.5985,0.61143,4880600.05476524
2024-03-21,0.6115,0.65589,0.5981,0.64127,5733777.36739659
2024-03-20,0.58542,0.61951,0.56888,0.61158,5584118.01865965
2024-03-19,0.64521,0.64882,0.5719,0.5862,8803443.97700565
2024-03-18,0.61917,0.668,0.595,0.64561,4411601.93449885
2024-03-17,0.60312,0.62476,0.58671,0.6191,2611153.0531051
2024-03-16,0.63436,0.64729,0.59285,0.60288,5347823.00840538
2024-03-15,0.66869,0.67509,0.595,0.63424,5882928.70646997
2024-03-14,0.68867,0.70615,0.6375,0.66869,9083629.29152188
2024-03-13,0.68624,0.70171,0.66747,0.68802,5728369.21685081
2024-03-12,0.72088,0.73191,0.65567,0.68622,13786009.60591044
2024-03-11,0.60789,0.74242,0.58378,0.72178,32012985.34836174
2024-03-10,0.61933,0.6271,0.596,0.60813,2161663.80249889
2024-03-09,0.61973,0.63143,0.61538,0.6192,2063430.77264738
2024-03-08,0.62709,0.63354,0.599,0.61989,6196040.32582996
2024-03-07,0.61226,0.6383,0.60636,0.62675,6145165.41159322
2024-03-06,0.59197,0.62397,0.57586,0.61219,4112521.20841657
2024-03-05,0.64625,0.66656,0.53301,0.59205,10840505.6866937
2024-03-04,0.62695,0.66515,0.61357,0.64642,7241428.40096312
2024-03-03,0.64393,0.64393,0.58715,0.6276,4498850.94574843
2024-03-02,0.60131,0.64996,0.59945,0.64422,9948298.9753102
2024-03-01,0.58646,0.60283,0.58312,0.60161,3178575.94655657
2024-02-29,0.57458,0.625,0.56663,0.58639,11193064.80246114
2024-02-28,0.586,0.605,0.525,0.57457,9014499.58979422
2024-02-27,0.55043,0.59578,0.54738,0.586,7515644.0226311
2024-02-26,0.54239,0.55245,0.52897,0.55052,3113855.94223288
2024-02-25,0.54549,0.54869,0.5421,0.54257,1163153.57563769
2024-02-24,0.534,0.54792,0.53134,0.54567,1332005.16969442
2024-02-23,0.54087,0.54332,0.52549,0.53411,1764640.12169115
2024-02-22,0.5489,0.55142,0.53629,0.54111,2058553.04584451
2024-02-21,0.56143,0.56185,0.53299,0.54901,1922975.96845247
2024-02-20,0.56179,0.57461,0.543,0.56157,4630323.0754732
2024-02-19,0.55654,0.5668,0.55357,0.56196,3082767.70588354
2024-02-18,0.5496,0.56267,0.54715,0.55642,1167204.29117959
2024-02-17,0.56403,0.5654,0.53896,0.5496,1333157.73384406
2024-02-16,0.56231,0.57864,0.5522,0.56406,3260312.31680134
2024-02-15,0.53798,0.57588,0.53564,0.56231,6494591.45851941
2024-02-14,0.52511,0.54187,0.52108,0.53778,3398339.14053995
2024-02-13,0.53191,0.53393,0.514,0.52509,2657182.01682867
2024-02-12,0.52631,0.53848,0.51464,0.53167,5580425.16972097
2024-02-11,0.52412,0.53645,0.52188,0.52662,1886708.44276138
2024-02-10,0.52616,0.52825,0.51875,0.52419,667085.32335746
2024-02-09,0.51465,0.52829,0.514,0.52614,2165031.12492961
2024-02-08,0.5137,0.51896,0.50997,0.51464,2493340.16725625
2024-02-07,0.5051,0.51524,0.49953,0.51352,3081022.17187272
2024-02-06,0.50643,0.51091,0.49819,0.50511,2361163.12290054
2024-02-05,0.50313,0.5143,0.49664,0.50654,2464325.02020397
2024-02-04,0.51852,0.51908,0.50039,0.50332,1278718.00296205
2024-02-03,0.51051,0.52684,0.50602,0.51874,1504600.52457705
2024-02-02,0.50605,0.51403,0.49798,0.51041,2122352.4342906
2024-02-01,0.50304,0.5105,0.49016,0.50609,2130414.25895943
2024-01-31,0.51062,0.51437,0.48571,0.50299,2747013.40031724
2024-01-30,0.53475,0.53895,0.50695,0.51099,2929367.79964149
2024-01-29,0.52451,0.53978,0.51922,0.53492,2128797.59096586
2024-01-28,0.5305,0.5353,0.52125,0.52414,852598.20436754
2024-01-27,0.53224,0.53466,0.52606,0.53009,1085260.08587272
2024-01-26,0.51392,0.5363,0.50896,0.53195,1685545.24001266
2024-01-25,0.51835,0.51835,0.504,0.51403,1470072.72080868
2024-01-24,0.51869,0.51993,0.51176,0.51847,1577957.56117661
2024-01-23,0.52768,0.53217,0.4965,0.51812,2605500.7295027
2024-01-22,0.54761,0.55078,0.5168,0.52767,2547787.88805141
2024-01-21,0.5546,0.55612,0.54661,0.54754,784553.77199846
2024-01-20,0.54475,0.55612,0.53988,0.55375,1615218.40099156
2024-01-19,0.55241,0.55401,0.52271,0.54501,3678699.56770893
2024-01-18,0.56831,0.56896,0.54271,0.55241,1972698.73617537
2024-01-17,0.57589,0.57632,0.56159,0.56844,1659634.91303852
2024-01-16,0.57638,0.57992,0.56597,0.57593,1582978.86178951
2024-01-15,0.576,0.58976,0.56848,0.57629,1469161.91432949
2024-01-14,0.57423,0.59282,0.57141,0.57612,1520768.50775546
2024-01-13,0.57066,0.57736,0.56348,0.57464,722502.90369479
2024-01-12,0.60206,0.60286,0.55081,0.57007,4114123.15163559
2024-01-11,0.60039,0.62324,0.58547,0.60167,6760693.82782459
2024-01-10,0.56667,0.61487,0.54801,0.60039,5381853.55780457
2024-01-09,0.57758,0.579,0.55066,0.56666,4643412.62885832
2024-01-08,0.55212,0.5824,0.54488,0.57758,3848876.6163783
2024-01-07,0.56768,0.57335,0.54643,0.55189,1506512.18308747
2024-01-06,0.57592,0.57592,0.55762,0.56825,780886.28951053
2024-01-05,0.58778,0.58931,0.55282,0.57661,2411941.94558733
2024-01-04,0.58217,0.59451,0.57,0.58821,2739822.73909917
2024-01-03,0.62492,0.64021,0.48335,0.58218,8202246.93270614
2024-01-02,0.62997,0.64,0.6219,0.62478,2913420.02721783
2024-01-01,0.61584,0.63151,0.6091,0.62988,1537917.44038928
2023-12-31,0.62168,0.62915,0.6059,0.61551,1858962.91027395
2023-12-30,0.6232,0.63044,0.61652,0.62169,1476909.97401285
2023-12-29,0.63551,0.63689,0.61266,0.62356,3043481.8543866
2023-12-28,0.63473,0.65836,0.6257,0.63548,4292119.86501905
2023-12-27,0.62271,0.64293,0.61395,0.63485,2892083.35161838
2023-12-26,0.64755,0.64755,0.598,0.62274,3757755.38669677
2023-12-25,0.61315,0.64986,0.60916,0.64723,4584458.37267822
2023-12-24,0.6208,0.63039,0.6031,0.61325,1948679.67057733
2023-12-23,0.6257,0.62572,0.61122,0.62088,957463.7840754
2023-12-22,0.62478,0.6319,0.61626,0.62581,2369867.44129463
2023-12-21,0.61682,0.62537,0.61092,0.62453,2318405.56826334
2023-12-20,0.6051,0.62714,0.60147,0.61753,3244434.61027801
2023-12-19,0.61216,0.61686,0.59761,0.60547,2284441.69539446
2023-12-18,0.61072,0.61462,0.5773,0.61264,3411319.78012727
2023-12-17,0.62107,0.62405,0.60889,0.61073,1026389.01587875
2023-12-16,0.61597,0.62622,0.61102,0.62091,1004137.1444979
2023-12-15,0.63224,0.64438,0.613,0.61551,2377768.64247595
2023-12-14,0.62851,0.63834,0.6024,0.63294,3189267.13912361
2023-12-13,0.61912,0.63485,0.59449,0.62788,4048162.87606262
2023-12-12,0.61917,0.62651,0.60727,0.61988,2614849.31095472
2023-12-11,0.66239,0.66306,0.59632,0.61911,6803163.46704505
2023-12-10,0.659,0.67191,0.64746,0.66214,2803973.98907513
2023-12-09,0.67245,0.69989,0.65259,0.65895,6649122.23689192
2023-12-08,0.64473,0.67529,0.63795,0.67228,3496305.07072477
2023-12-07,0.64054,0.65474,0.62219,0.64352,3286437.73121622
2023-12-06,0.62163,0.64414,0.611,0.64119,3637485.73643175
2023-12-05,0.62358,0.6299,0.60701,0.62162,2221277.66597241
2023-12-04,0.62269,0.64335,0.5816,0.62397,4250372.75908727
2023-12-03,0.62054,0.63304,0.61664,0.62247,1674359.60099058
2023-12-02,0.61273,0.6225,0.6112,0.62062,1556058.84553239
2023-12-01,0.60589,0.61382,0.60331,0.61274,1095657.04533906
2023-11-30,0.60882,0.6094,0.59814,0.60628,2654281.8948525
2023-11-29,0.61105,0.61689,0.60368,0.60928,2081765.15230772
2023-11-28,0.6035,0.61365,0.59626,0.61081,2034703.93819097
2023-11-27,0.61579,0.61659,0.59408,0.604,3425238.45622605
2023-11-26,0.62283,0.63728,0.6066,0.61595,2564217.75308261
2023-11-25,0.62101,0.62351,0.61554,0.62282,1192175.89852117
2023-11-24,0.62072,0.62591,0.61598,0.62142,2051410.49715091
2023-11-23,0.61138,0.62363,0.60623,0.6207,2331784.70044615
2023-11-22,0.57842,0.61622,0.57813,0.61132,2693008.50522514
2023-11-21,0.61257,0.61772,0.57346,0.57871,4290088.54764243
2023-11-20,0.62615,0.6288,0.6067,0.61247,1950895.4634918
2023-11-19,0.61041,0.62886,0.60196,0.62591,1576696.00888064
2023-11-18,0.61315,0.61467,0.58955,0.61122,1272028.72769277
2023-11-17,0.61219,0.62459,0.5861,0.61362,2160983.30958419
2023-11-16,0.64834,0.65363,0.60316,0.61179,3204276.21428836
2023-11-15,0.62981,0.65059,0.62545,0.64793,2274248.57421258
2023-11-14,0.67062,0.67257,0.58977,0.6297,6386342.44747552
2023-11-13,0.66092,0.75,0.6403,0.67133,10162874.41704211
2023-11-12,0.66249,0.6705,0.64579,0.66137,2064207.29902468
2023-11-11,0.65966,0.68757,0.64045,0.66273,3552489.51998617
2023-11-10,0.66681,0.67097,0.63677,0.65958,4379553.54977092
2023-11-09,0.6871,0.70797,0.61897,0.66687,8965303.61109322
2023-11-08,0.68593,0.69888,0.67303,0.68729,3916119.79774758
2023-11-07,0.71496,0.71496,0.65032,0.68605,8800140.36798006
2023-11-06,0.6619,0.733,0.6595,0.71519,8255128.32098923
2023-11-05,0.61659,0.66378,0.61473,0.66142,6330233.23801542
2023-11-04,0.61283,0.61862,0.6093,0.61561,1058236.26012259
2023-11-03,0.60564,0.61594,0.5916,0.61368,2522518.97814495
2023-11-02,0.60929,0.62661,0.5873,0.606,3964345.42607286
2023-11-01,0.59978,0.61723,0.58085,0.6093,3895220.22846735
2023-10-31,0.57826,0.6218,0.56279,0.59985,6519766.337987
2023-10-30,0.55695,0.58403,0.55003,0.57841,4440897.01185515
2023-10-29,0.54504,0.56128,0.54116,0.55651,1273319.36444489
2023-10-28,0.54346,0.55122,0.54119,0.54525,752741.32342563
2023-10-27,0.55345,0.55915,0.534,0.54355,3239516.36379684
2023-10-26,0.55552,0.57044,0.5429,0.5538,3476882.53232881
2023-10-25,0.55933,0.56357,0.54144,0.55573,3309007.42505509
2023-10-24,0.54772,0.58659,0.53349,0.55929,9081006.29774041
2023-10-23,0.52298,0.55296,0.52067,0.5476,5263732.69181172
2023-10-22,0.52116,0.52413,0.51268,0.52287,1305006.65067176
2023-10-21,0.5154,0.53269,0.51121,0.52123,1293813.36639906
2023-10-20,0.52045,0.53155,0.50914,0.51589,3109105.68492537
2023-10-19,0.48803,0.52478,0.47658,0.52021,4252320.6583717
2023-10-18,0.49118,0.49272,0.4863,0.48803,1332064.61544846
2023-10-17,0.49814,0.49814,0.48468,0.49168,1552139.66272214
2023-10-16,0.48774,0.51153,0.48468,0.49799,2627568.58952885
2023-10-15,0.48664,0.49059,0.48529,0.48761,575554.46037326
2023-10-14,0.48529,0.4887,0.48363,0.48692,501444.46418747
2023-10-13,0.48297,0.49108,0.47908,0.48548,1471249.53792013
2023-10-12,0.48878,0.48878,0.4733,0.48345,2000896.51568782
2023-10-11,0.49692,0.49799,0.47909,0.48922,2737073.890707
2023-10-10,0.50302,0.5033,0.492,0.49692,1886923.9940744601
2023-10-09,0.51772,0.52013,0.48713,0.50335,3636791.59536581
2023-10-08,0.52179,0.52359,0.51512,0.51794,2656961.92638644
2023-10-07,0.52614,0.52614,0.52001,0.52166,518564.82769877
2023-10-06,0.52304,0.52962,0.5168,0.52554,1295275.68485958
2023-10-05,0.53302,0.53302,0.51634,0.52304,2294694.77781712
2023-10-04,0.53899,0.54247,0.51915,0.53304,4355965.09841353
2023-10-03,0.51252,0.54969,0.5054,0.53889,3986444.62349362
2023-10-02,0.5248,0.52696,0.506,0.51271,2892896.12479973
2023-10-01,0.51497,0.52648,0.51384,0.52432,1137096.78884576
2023-09-30,0.52209,0.52209,0.51401,0.51484,1433407.83521429
2023-09-29,0.51037,0.55,0.50665,0.52202,7496493.18188441
2023-09-28,0.49977,0.5104,0.49558,0.51039,1645167.45117866
2023-09-27,0.50218,0.50795,0.49735,0.49976,1934411.12389979
2023-09-26,0.50602,0.5081,0.49711,0.5025,1716513.95585059
2023-09-25,0.50289,0.5075,0.49185,0.506,2677981.22897712
2023-09-24,0.50813,0.5123,0.4994,0.50312,781145.93773243
2023-09-23,0.51315,0.5141,0.50601,0.50849,597773.61584282
2023-09-22,0.50745,0.51774,0.50473,0.51281,1257482.24762724
2023-09-21,0.52141,0.52141,0.50101,0.50751,1899207.95131179
2023-09-20,0.51467,0.52578,0.5073,0.52135,2709196.90154267
2023-09-19,0.50319,0.5171,0.50113,0.51445,2146532.42352334
2023-09-18,0.49291,0.5086,0.4875,0.50363,2407641.58008617
2023-09-17,0.50002,0.50077,0.4898,0.49307,1047113.96755495
2023-09-16,0.50078,0.50384,0.49728,0.49981,860876.453327
2023-09-15,0.48962,0.5087,0.4879,0.50092,2248450.57188695
2023-09-14,0.48352,0.49436,0.48023,0.48961,1767518.62526663
2023-09-13,0.48073,0.49159,0.47323,0.48353,2980644.61924006
2023-09-12,0.47467,0.4879,0.47046,0.48062,2773839.22358655
2023-09-11,0.49739,0.49807,0.4593,0.4746,4170319.01175056
2023-09-10,0.50419,0.5042,0.4927,0.49705,1292236.64070036
2023-09-09,0.50465,0.50476,0.50152,0.50395,439814.62425268
2023-09-08,0.50531,0.50784,0.49398,0.50513,1119152.48192263
2023-09-07,0.50362,0.50707,0.49692,0.50525,943480.98751051
2023-09-06,0.50517,0.50596,0.49163,0.50402,1523885.0032343
2023-09-05,0.5084,0.5084,0.49921,0.50567,951022.4173513
2023-09-04,0.50498,0.51299,0.49652,0.50846,1608789.64979604
2023-09-03,0.49862,0.51112,0.4972,0.50499,3624108.4072729102
2023-09-02,0.49805,0.50294,0.49441,0.49903,1130139.50829298
2023-09-01,0.5113,0.51222,0.48635,0.49804,2735691.68073672
2023-08-31,0.52852,0.5291,0.4968,0.51156,2829740.58981976
2023-08-30,0.54067,0.54085,0.52206,0.52894,1924280.93713165
2023-08-29,0.52367,0.55017,0.51338,0.54022,3305687.25588679
2023-08-28,0.52413,0.52505,0.51073,0.52361,1633361.52571386
2023-08-27,0.52367,0.53071,0.51725,0.5246,1499896.39368171
2023-08-26,0.52642,0.5288,0.5185,0.52371,878450.82910565
2023-08-25,0.51876,0.5325,0.50831,0.52633,2354712.0505261202
2023-08-24,0.53042,0.53232,0.5117,0.5192,1582962.65896995
2023-08-23,0.52068,0.5369,0.51611,0.53041,2518904.57703939
2023-08-22,0.52503,0.52583,0.50078,0.52091,5060393.37957897
2023-08-21,0.53881,0.54018,0.50338,0.52534,4369045.54493543
2023-08-20,0.52003,0.55781,0.51617,0.53916,5105323.24375528
2023-08-19,0.5064,0.5248,0.50086,0.52028,3835260.76708281
2023-08-18,0.50694,0.52211,0.48317,0.50667,10429691.33692565
2023-08-17,0.58791,0.59468,0.4201,0.50658,12766495.38907862
2023-08-16,0.60987,0.61674,0.5732,0.58852,8509144.3887517
2023-08-15,0.63453,0.63482,0.58007,0.6103,3191452.14134161
2023-08-14,0.62594,0.63682,0.62452,0.63455,1053903.60392516
2023-08-13,0.62771,0.6386,0.62387,0.62596,2003798.44739192
2023-08-12,0.63196,0.63323,0.62299,0.62778,1309532.42887048
2023-08-11,0.63277,0.64064,0.62588,0.63197,1052481.12439108
2023-08-10,0.64369,0.6446,0.62445,0.63309,2660571.9136369
2023-08-09,0.64181,0.66659,0.6323,0.64381,4940953.18305746
2023-08-08,0.6237,0.64845,0.61434,0.64319,4041467.74748472
2023-08-07,0.62427,0.6298,0.59623,0.62392,3307268.20296154
2023-08-06,0.629,0.63895,0.62141,0.62389,1593598.91328034
2023-08-05,0.63573,0.63574,0.61091,0.62888,4892273.2677237
2023-08-04,0.66305,0.66806,0.62465,0.63553,3570217.25508851
2023-08-03,0.68533,0.68756,0.655,0.66305,3036747.47764823
2023-08-02,0.70756,0.70857,0.67631,0.68548,2338938.94465849
2023-08-01,0.69856,0.70857,0.67319,0.70785,2632421.90763728
2023-07-31,0.70526,0.72131,0.68651,0.69865,3854222.77872029
2023-07-30,0.71304,0.73738,0.68447,0.70536,2828815.69728235
2023-07-29,0.7131,0.7166,0.705,0.713,948935.37366563
2023-07-28,0.71489,0.7199,0.70297,0.71312,1216614.58166929
2023-07-27,0.71715,0.73414,0.70787,0.7149,3612367.70619144
2023-07-26,0.70979,0.73295,0.69317,0.71766,3892172.91160674
2023-07-25,0.70251,0.7167,0.6751,0.70998,3005591.75667313
2023-07-24,0.73884,0.7434,0.68,0.70323,5189745.62397698
2023-07-23,0.73411,0.75291,0.71598,0.73905,4412007.10065386
2023-07-22,0.77151,0.78092,0.721,0.7341,4261343.62262922
2023-07-21,0.79486,0.7996,0.76102,0.77287,4799437.41796049
2023-07-20,0.82088,0.85024,0.77211,0.79518,14160724.88597801
2023-07-19,0.77811,0.85436,0.76848,0.82005,15484374.73543943
2023-07-18,0.73827,0.78467,0.7313,0.77883,7074162.57355316
2023-07-17,0.74786,0.76651,0.7135,0.73883,9027625.46261338
2023-07-16,0.71498,0.791,0.70243,0.74761,14406969.89645753
2023-07-15,0.71891,0.73682,0.6932,0.71495,15151329.7716552
2023-07-14,0.81613,0.82632,0.66974,0.71962,26854160.64891596
2023-07-13,0.47189,0.94451,0.47012,0.81703,42249471.24308703
2023-07-12,0.47566,0.47753,0.46489,0.47158,3021359.29361478
2023-07-11,0.47837,0.47869,0.4714,0.47568,993363.69918181
2023-07-10,0.46868,0.48028,0.46258,0.47838,4732208.98145514
2023-07-09,0.47042,0.47229,0.46675,0.46853,1097005.88910833
2023-07-08,0.46899,0.47506,0.4654,0.47093,1378586.76190467
2023-07-07,0.46279,0.4711,0.45777,0.46899,1069845.87877148
2023-07-06,0.47792,0.4843,0.46158,0.46284,2315853.99241854
2023-07-05,0.48752,0.49207,0.46915,0.47806,2463641.29120598
2023-07-04,0.48974,0.49388,0.48196,0.48712,1686044.70040267
2023-07-03,0.48516,0.49175,0.47901,0.49029,2533717.04849038
2023-07-02,0.47373,0.4965,0.46985,0.48459,4158027.46501572
2023-07-01,0.47364,0.47653,0.46437,0.47364,1848289.96629016
2023-06-30,0.47534,0.48294,0.4506,0.4736,4427085.50471056
2023-06-29,0.46475,0.47762,0.46156,0.47503,1321695.03176865
2023-06-28,0.48375,0.48418,0.44777,0.46533,2826040.49086807
2023-06-27,0.47882,0.48535,0.4763,0.48411,1050905.61064642
2023-06-26,0.49079,0.49232,0.47036,0.47951,1920055.67282549
2023-06-25,0.48674,0.49816,0.4832,0.49089,1855770.47367645
2023-06-24,0.49644,0.49644,0.47798,0.48733,2171837.29135791
2023-06-23,0.49416,0.50295,0.4847,0.49646,3019176.72849205
2023-06-22,0.50033,0.52756,0.48281,0.49433,5061890.65823541
2023-06-21,0.49337,0.50361,0.48971,0.5003,3397299.22079049
2023-06-20,0.49406,0.4969,0.472,0.4932,2975590.21270553
2023-06-19,0.48729,0.4985,0.4814,0.49379,2291442.90874292
2023-06-18,0.47975,0.49798,0.47401,0.4878,3389210.74494651
2023-06-17,0.47596,0.4876,0.46984,0.47971,2195853.07006523
2023-06-16,0.48019,0.48349,0.456,0.47617,3799987.32186431
2023-06-15,0.48034,0.48567,0.46727,0.48042,3667330.71596631
2023-06-14,0.5198,0.52076,0.46141,0.48064,5968766.0852392
2023-06-13,0.5261,0.5662,0.5058,0.51999,12297765.73705268
2023-06-12,0.52105,0.52851,0.50915,0.5256,2510795.75083475
2023-06-11,0.50717,0.52982,0.5031,0.52165,2424277.10083331
2023-06-10,0.5382,0.53956,0.47152,0.50725,15060464.05181779
2023-06-09,0.52464,0.54225,0.52069,0.53855,4192369.75144046
2023-06-08,0.5187,0.52836,0.51619,0.52438,3598399.79659554
2023-06-07,0.53009,0.53807,0.50731,0.51879,4221421.89379763
2023-06-06,0.50917,0.5328,0.49597,0.53016,5479227.78348637
2023-06-05,0.53608,0.54315,0.48601,0.50918,13612616.711504979
2023-06-04,0.51882,0.547,0.51511,0.53629,4170194.23955706
2023-06-03,0.52393,0.53441,0.5143,0.51908,2240148.69595916
2023-06-02,0.50736,0.52746,0.50387,0.5254,4249104.80459237
2023-06-01,0.51701,0.51701,0.50169,0.50683,2762700.94837919
2023-05-31,0.52124,0.52811,0.50103,0.51732,7731862.28807453
2023-05-30,0.49508,0.52981,0.48976,0.52124,12458347.33071918
2023-05-29,0.48301,0.4959,0.47631,0.49513,4093649.29478593
2023-05-28,0.47229,0.4868,0.47054,0.4826,1953685.41568411
2023-05-27,0.4689,0.4798,0.46492,0.47207,2706559.08048089
2023-05-26,0.45394,0.47048,0.45301,0.46908,3611382.15056336
2023-05-25,0.45333,0.45593,0.44345,0.45424,2156206.23057246
2023-05-24,0.46548,0.46553,0.44535,0.45323,3680839.62729402
2023-05-23,0.46224,0.46759,0.4589,0.46555,3207923.87599136
2023-05-22,0.4575,0.46814,0.45,0.462,5439573.18810831
2023-05-21,0.46895,0.47094,0.4552,0.45746,2751684.58330533
2023-05-20,0.46846,0.47241,0.4623,0.46889,1794184.45143174
2023-05-19,0.46025,0.476,0.45787,0.46817,4157595.5705873
2023-05-18,0.44921,0.4732,0.44345,0.46013,6137675.04213981
2023-05-17,0.44298,0.46179,0.43816,0.44877,8147833.74879709
2023-05-16,0.4276,0.443,0.41829,0.44286,4158091.58144796
2023-05-15,0.42589,0.43053,0.4216,0.42787,1991145.52401869
2023-05-14,0.42435,0.43206,0.4212,0.42567,1300693.30308466
2023-05-13,0.43071,0.43092,0.4231,0.42452,1405231.13940297
2023-05-12,0.4214,0.44466,0.4162,0.43075,5164345.39912028
2023-05-11,0.43046,0.43046,0.41184,0.42133,3248708.96487216
2023-05-10,0.42905,0.4343,0.41271,0.43051,5495532.05490015
2023-05-09,0.42884,0.43096,0.42077,0.42909,2924513.9504627
2023-05-08,0.44936,0.45203,0.41031,0.42885,8658556.61293047
2023-05-07,0.45966,0.46094,0.44622,0.44997,1751718.93020664
2023-05-06,0.46769,0.46972,0.4517,0.45929,2227233.88063121
2023-05-05,0.46113,0.47077,0.45401,0.46742,3132438.92826902
2023-05-04,0.46362,0.46525,0.45517,0.46133,1788822.09704695
2023-05-03,0.46455,0.46572,0.44995,0.46374,3388029.87672671
2023-05-02,0.46528,0.46664,0.45787,0.46475,2496916.74675491
2023-05-01,0.47108,0.47283,0.4546,0.46537,3024126.3279419
2023-04-30,0.47822,0.48221,0.46912,0.47071,1646342.72894152
2023-04-29,0.47997,0.4873,0.4711,0.47834,2233272.05482285
2023-04-28,0.46692,0.483,0.46378,0.48005,4715242.75757028
2023-04-27,0.46165,0.47001,0.4557,0.46682,3353705.07189243
2023-04-26,0.46972,0.48327,0.4333,0.46209,7235936.36726279
2023-04-25,0.46105,0.47233,0.45102,0.4702,3835040.91773862
2023-04-24,0.46548,0.48597,0.44742,0.46114,6166126.66969844
2023-04-23,0.47214,0.47221,0.45294,0.46517,3060139.16155306
2023-04-22,0.44943,0.47608,0.4459,0.47238,4344670.28324759
2023-04-21,0.47501,0.47944,0.44073,0.44935,6827101.48508206
2023-04-20,0.49156,0.49926,0.4653,0.47524,6135354.74611846
2023-04-19,0.53276,0.53761,0.47111,0.49149,14761915.18274435
2023-04-18,0.51102,0.53909,0.5092,0.53277,6024160.7584417
2023-04-17,0.52044,0.5207,0.50687,0.51087,4589528.26400783
2023-04-16,0.51903,0.52431,0.51517,0.52044,1405929.08751141
2023-04-15,0.5227,0.52591,0.51625,0.51935,2189130.29280682
2023-04-14,0.51208,0.54626,0.51136,0.52308,10710107.89859268
2023-04-13,0.50489,0.51568,0.5014,0.51262,2416408.65714505
2023-04-12,0.51644,0.51736,0.49833,0.50493,2576751.92369683
2023-04-11,0.51729,0.52807,0.51065,0.51684,4446540.22425279
2023-04-10,0.50481,0.51955,0.49963,0.51783,2782603.45237774
2023-04-09,0.50393,0.50873,0.49769,0.50524,1433967.6578499
2023-04-08,0.51232,0.51278,0.5014,0.50438,1484619.66349115
2023-04-07,0.50225,0.51494,0.49702,0.51306,3857437.06262461
2023-04-06,0.50539,0.50963,0.49128,0.50265,3301228.65104231
2023-04-05,0.50272,0.52677,0.49835,0.50546,5843812.5624949
2023-04-04,0.49587,0.50765,0.48713,0.50276,4211234.27651272
2023-04-03,0.51783,0.52487,0.48167,0.4959,6280017.41404355
2023-04-02,0.50944,0.52911,0.50144,0.51784,5028396.8486286
2023-04-01,0.53739,0.53739,0.497,0.50931,10743357.68546844
2023-03-31,0.53152,0.55119,0.52532,0.53772,7698047.6921437
2023-03-30,0.54224,0.5575,0.521,0.53178,9605099.59106986
2023-03-29,0.51443,0.585,0.51443,0.54233,14929367.64441578
2023-03-28,0.47887,0.5337,0.46659,0.51444,14186006.36215392
2023-03-27,0.44792,0.48834,0.44256,0.47894,10208920.93042723
2023-03-26,0.4428,0.46352,0.44079,0.44792,4191804.49989804
2023-03-25,0.42615,0.46502,0.4224,0.44307,8986861.03990773
2023-03-24,0.44414,0.44414,0.4141,0.42589,5693381.50443914
2023-03-23,0.42133,0.45549,0.41158,0.4443,7440502.56009588
2023-03-22,0.46953,0.47517,0.40857,0.42105,13678867.31986934
2023-03-21,0.37323,0.49269,0.37302,0.46943,15957325.71727059
2023-03-20,0.38566,0.39121,0.3711,0.37344,4179207.69557772
2023-03-19,0.37396,0.40016,0.37377,0.38566,7175157.0179255
2023-03-18,0.37949,0.38938,0.36905,0.37395,4373806.96986291
2023-03-17,0.36557,0.38257,0.3629,0.37965,6948089.92181815
2023-03-16,0.35974,0.3676,0.35689,0.36559,1979769.48276645
2023-03-15,0.37331,0.37651,0.3566,0.35976,3825038.27807587
2023-03-14,0.37337,0.38833,0.366,0.37354,8924622.09638638
2023-03-13,0.37285,0.38129,0.35684,0.37342,8203004.75115824
2023-03-12,0.36504,0.37312,0.34885,0.37286,6002499.67337533
2023-03-11,0.37057,0.37577,0.35962,0.36504,9259069.31278245
2023-03-10,0.37094,0.3751,0.3572,0.3706,8670815.18663181
2023-03-09,0.38885,0.39768,0.36425,0.371,9080617.1917957
2023-03-08,0.38021,0.40207,0.37261,0.38915,9123779.06655542
2023-03-07,0.36947,0.38442,0.36704,0.38024,4138834.06383661
2023-03-06,0.3666,0.374,0.35902,0.36948,2144097.11863432
2023-03-05,0.37328,0.37757,0.36537,0.3668,1741375.97276402
2023-03-04,0.3769,0.37984,0.3681,0.37359,1825097.44638715
2023-03-03,0.37756,0.38075,0.35188,0.37714,6130625.2710621
2023-03-02,0.3838,0.38469,0.3739,0.37735,2127756.43462399
2023-03-01,0.37641,0.38476,0.37281,0.38395,2987416.721805
2023-02-28,0.3786,0.38272,0.3721,0.37642,2404605.8734942
2023-02-27,0.37775,0.38024,0.37097,0.37869,2664628.42777773
2023-02-26,0.37803,0.38082,0.37475,0.37797,1291621.10357629
2023-02-25,0.3782,0.37944,0.36904,0.37829,2210653.3088595
2023-02-24,0.38874,0.39073,0.37254,0.37848,3901728.19710698
2023-02-23,0.3955,0.39802,0.38581,0.38874,4639168.75023195
2023-02-22,0.39186,0.39755,0.38301,0.39524,5280879.56177299
2023-02-21,0.39799,0.40246,0.38726,0.39199,4726363.33786166
2023-02-20,0.38629,0.409,0.37731,0.39827,6204467.38771983
2023-02-19,0.39431,0.39821,0.38486,0.38635,2332376.06298542
2023-02-18,0.39511,0.39752,0.39137,0.39437,1295518.0860815
2023-02-17,0.38424,0.39994,0.38121,0.39491,2914659.37810558
2023-02-16,0.40093,0.40459,0.38424,0.38424,2878792.51319756
2023-02-15,0.38196,0.40234,0.3768,0.40135,3127532.94288983
2023-02-14,0.37032,0.38374,0.36453,0.38205,2860031.60360973
2023-02-13,0.37489,0.37848,0.36123,0.37031,3837547.24271477
2023-02-12,0.38345,0.38511,0.3721,0.37517,1395861.51519029
2023-02-11,0.38198,0.38426,0.37971,0.38354,1082340.88864799
2023-02-10,0.38151,0.38762,0.37692,0.3821,2690887.27129506
2023-02-09,0.39762,0.40886,0.3721,0.38187,7728395.55825482
2023-02-08,0.40362,0.40601,0.3938,0.39777,1885015.75639793
2023-02-07,0.39192,0.40468,0.39,0.4038,2833719.9107022
2023-02-06,0.39851,0.40354,0.39081,0.39206,3103011.45067118
2023-02-05,0.4105,0.41199,0.395,0.39849,4400336.15330422
2023-02-04,0.41165,0.42037,0.40746,0.41038,2420715.73534617
2023-02-03,0.41005,0.41345,0.40522,0.41165,2510644.78867014
2023-02-02,0.4131,0.41927,0.40799,0.40976,3999142.28052753
2023-02-01,0.40581,0.41563,0.39666,0.41311,4755166.82538577
2023-01-31,0.39337,0.4115,0.3881,0.40585,5043446.16342289
2023-01-30,0.41329,0.42206,0.38584,0.39336,6755230.0717113
2023-01-29,0.40766,0.41756,0.40677,0.41335,2834179.06064554
2023-01-28,0.4124,0.41691,0.40533,0.40788,1749599.21397041
2023-01-27,0.40934,0.41342,0.3985,0.41276,2399156.31201541
2023-01-26,0.41711,0.41782,0.40528,0.40939,4354147.02040727
2023-01-25,0.40752,0.4246,0.3967,0.41708,4537717.73121377
2023-01-24,0.4235,0.43142,0.4022,0.40772,5932576.40428007
2023-01-23,0.4005,0.43315,0.39973,0.42355,9481901.87199993
2023-01-22,0.40286,0.41229,0.39628,0.40051,3305930.72194061
2023-01-21,0.4127,0.41639,0.397,0.40309,5484320.84120449
2023-01-20,0.39276,0.41423,0.38586,0.4129,4136100.03563306
2023-01-19,0.37781,0.39649,0.37638,0.39322,6483615.88402537
2023-01-18,0.38704,0.39612,0.36545,0.37899,12933529.84811507
2023-01-17,0.38587,0.3989,0.3788,0.387,10923600.73296693
2023-01-16,0.38469,0.40656,0.3772,0.38602,22749311.83427941
2023-01-15,0.3954,0.39727,0.37998,0.38473,16273363.6632861
2023-01-14,0.38576,0.40903,0.37685,0.39536,56889572.58018698
2023-01-13,0.37487,0.3868,0.3678,0.38576,10544503.11584659
2023-01-12,0.37328,0.38121,0.36005,0.37487,18768341.27246655
2023-01-11,0.3509,0.37808,0.34787,0.37298,28668397.29577793
2023-01-10,0.34909,0.35429,0.3433,0.35098,7835583.98867353
2023-01-09,0.34546,0.3579,0.34396,0.34905,28535454.7176534
2023-01-08,0.34474,0.34731,0.33656,0.34544,11397199.47768157
2023-01-07,0.34475,0.34598,0.34162,0.34462,5087778.13769854
2023-01-06,0.33825,0.34619,0.3312,0.34477,12438750.27707643
2023-01-05,0.34759,0.34899,0.334,0.33826,9775319.67503117
2023-01-04,0.34395,0.35276,0.34231,0.34759,23224713.7556679
2023-01-03,0.34857,0.35256,0.34073,0.34406,17658744.56347684
2023-01-02,0.33923,0.3559,0.29828,0.3488,43073768.78868227
2023-01-01,0.3396,0.34041,0.33571,0.33926,3297368.60289735
2022-12-31,0.34539,0.34558,0.33927,0.33949,4434936.52218991
2022-12-30,0.34254,0.34624,0.33399,0.34546,9127153.15124682
2022-12-29,0.35613,0.3582,0.33694,0.34258,10639185.60427907
2022-12-28,0.36798,0.36903,0.35506,0.35626,8695847.08029714
2022-12-27,0.3664,0.3735,0.3589,0.36798,15589032.47284705
2022-12-26,0.34618,0.37041,0.34597,0.36658,11655078.62602233
2022-12-25,0.35238,0.35246,0.34427,0.34619,4025964.37820084
2022-12-24,0.35503,0.35503,0.35142,0.35241,4049835.43553255
2022-12-23,0.34988,0.35568,0.3475,0.35505,6981072.98091299
2022-12-22,0.34515,0.35067,0.34167,0.34988,9750457.46835079
2022-12-21,0.34843,0.35071,0.33731,0.34533,12927862.63065393
2022-12-20,0.33922,0.35353,0.33606,0.34861,18843854.30457745
2022-12-19,0.35039,0.35348,0.33206,0.33915,27846236.8752488
2022-12-18,0.35504,0.35598,0.34757,0.35032,12496631.61305338
2022-12-17,0.35138,0.35749,0.34699,0.35488,15056856.47573228
2022-12-16,0.37851,0.3805,0.3444,0.35139,23103789.32579225
2022-12-15,0.3853,0.38691,0.37405,0.37857,12595833.12806397
2022-12-14,0.39547,0.39558,0.37711,0.38532,10581783.80944989
2022-12-13,0.38795,0.39739,0.3789,0.39561,14933378.37067651
2022-12-12,0.38112,0.39,0.37082,0.38756,12950767.82010102
2022-12-11,0.38667,0.38883,0.37849,0.38119,8915806.57987598
2022-12-10,0.38908,0.38949,0.3856,0.38675,4891271.9149378
2022-12-09,0.39461,0.39558,0.385,0.38897,13470302.5092688
2022-12-08,0.38354,0.3967,0.3828,0.39464,15965807.33640594
2022-12-07,0.39136,0.39256,0.37354,0.3834,16405380.47809664
2022-12-06,0.38937,0.39257,0.38081,0.3914,13019449.09073971
2022-12-05,0.38989,0.39554,0.38,0.38969,8607527.12787681
2022-12-04,0.38728,0.39353,0.38623,0.38992,8836642.0714278
2022-12-03,0.39585,0.39699,0.38568,0.38746,14357692.47998098
2022-12-02,0.39695,0.39764,0.38375,0.39579,10713544.57623609
2022-12-01,0.4082,0.40945,0.39466,0.39712,7893090.26469973
2022-11-30,0.3984,0.412,0.39291,0.40827,12590859.87889831
2022-11-29,0.38884,0.40385,0.383,0.39841,14667339.43486695
2022-11-28,0.39639,0.39929,0.37306,0.38886,21830983.98509645
2022-11-27,0.39614,0.40994,0.3944,0.3965,14663754.48727412
2022-11-26,0.40777,0.41414,0.39314,0.39619,14940635.70458858
2022-11-25,0.40199,0.41923,0.38935,0.4078,27017727.89288062
2022-11-24,0.38168,0.405,0.37408,0.40207,25790231.18701167
2022-11-23,0.37542,0.38226,0.3681,0.38159,13363920.05478307
2022-11-22,0.36415,0.3783,0.35094,0.37554,16233500.26536598
2022-11-21,0.36095,0.3683,0.3457,0.36414,23129053.7746024
2022-11-20,0.38411,0.39637,0.35893,0.36103,26200206.75938437
2022-11-19,0.38279,0.38828,0.37513,0.38434,11591152.26878609
2022-11-18,0.38153,0.38725,0.37404,0.3828,9672677.85073182
2022-11-17,0.3751,0.38728,0.36883,0.38155,16393736.82088154
2022-11-16,0.38839,0.39131,0.36139,0.37522,11209762.12404137
2022-11-15,0.37785,0.3975,0.36719,0.38845,20935413.21570529
2022-11-14,0.34085,0.37988,0.32144,0.37785,32116532.99030987
2022-11-13,0.36369,0.36984,0.33314,0.3411,17648773.8170765
2022-11-12,0.38451,0.38451,0.35989,0.36384,13814533.79779729
2022-11-11,0.39432,0.39874,0.36666,0.38466,29029979.40836331
2022-11-10,0.33296,0.40249,0.33033,0.39432,25833235.79209055
2022-11-09,0.40584,0.4109,0.31451,0.33296,30332093.40210021
2022-11-08,0.46523,0.46749,0.33455,0.40641,39971776.51018517
2022-11-07,0.47151,0.48032,0.4587,0.46534,9016785.04837426
2022-11-06,0.49335,0.49506,0.46884,0.47153,8852019.62723498
2022-11-05,0.50657,0.51,0.48979,0.49349,11121224.34286716
2022-11-04,0.45521,0.508,0.45369,0.5069,18159464.07259919
2022-11-03,0.45021,0.46,0.44906,0.4554,7890174.16318046
2022-11-02,0.46394,0.46631,0.44529,0.45032,10401447.36674854
2022-11-01,0.46476,0.46727,0.45448,0.46382,4759140.16690293
2022-10-31,0.45856,0.46784,0.44812,0.46447,6781817.16856443
2022-10-30,0.47076,0.47359,0.45415,0.45856,8657339.65300132
2022-10-29,0.47509,0.48438,0.46623,0.47094,7665274.73341673
2022-10-28,0.46174,0.47598,0.45677,0.47467,4907557.91857011
2022-10-27,0.46917,0.48287,0.4591,0.46198,15771218.28827101
2022-10-26,0.46119,0.47167,0.45688,0.46926,7670711.35099754
2022-10-25,0.45326,0.47332,0.44373,0.46116,11365379.37480462
2022-10-24,0.46939,0.47351,0.44745,0.45344,7027679.81724944
2022-10-23,0.4658,0.473,0.45214,0.46938,9326511.07856559
2022-10-22,0.46156,0.47132,0.45611,0.46572,8805085.60432415
2022-10-21,0.44694,0.46213,0.43525,0.46158,12367905.7373546
2022-10-20,0.45065,0.46491,0.4225,0.44684,15835363.80317405
2022-10-19,0.46595,0.4667,0.44717,0.45073,9360030.84729504
2022-10-18,0.48044,0.48443,0.45743,0.46583,4480812.41804567
2022-10-17,0.47679,0.48237,0.46261,0.48051,5144041.6325895
2022-10-16,0.4819,0.48739,0.46816,0.47665,5801753.83148319
2022-10-15,0.48852,0.49024,0.47755,0.48183,4851359.07706236
2022-10-14,0.47906,0.5124,0.47822,0.4886,13739702.54525367
2022-10-13,0.4881,0.48968,0.44035,0.47916,16156150.59326315
2022-10-12,0.48608,0.496,0.4818,0.48835,3038278.7124434
2022-10-11,0.49366,0.50224,0.477,0.48604,7385457.69523953
2022-10-10,0.53259,0.5377,0.49314,0.49399,8303565.17918183
2022-10-09,0.51707,0.54857,0.50595,0.53233,7891601.66699777
2022-10-08,0.51794,0.5293,0.51141,0.51725,5807971.70412532
2022-10-07,0.4932,0.53392,0.48195,0.51797,16170141.31575465
2022-10-06,0.48868,0.50593,0.48855,0.49366,7716727.00178866
2022-10-05,0.47936,0.50184,0.47194,0.48922,9960176.00697107
2022-10-04,0.46214,0.48556,0.4514,0.47947,7646407.60452923
2022-10-03,0.4487,0.46944,0.43791,0.46239,10869657.90680589
2022-10-02,0.47521,0.47876,0.44337,0.44868,10292096.650549
2022-10-01,0.48,0.48673,0.46688,0.47548,6332969.20543872
2022-09-30,0.48752,0.49905,0.46885,0.48021,12323485.11545375
2022-09-29,0.44909,0.50899,0.4269,0.48719,15558602.31705193
2022-09-28,0.44603,0.45579,0.41706,0.44913,10582879.81636317
2022-09-27,0.46853,0.48794,0.4353,0.44565,15502633.54003057
2022-09-26,0.49246,0.50245,0.4579,0.46847,12267035.12524818
2022-09-25,0.48795,0.52179,0.47562,0.49212,13329109.27514676
2022-09-24,0.50782,0.51974,0.472,0.48807,17710773.76362861
2022-09-23,0.48616,0.5597,0.45683,0.50693,35156671.64918694
2022-09-22,0.39353,0.50064,0.39353,0.48616,23393366.38134707
2022-09-21,0.41456,0.43361,0.38375,0.39346,23028322.76431176
2022-09-20,0.38506,0.42423,0.37101,0.41388,14067985.78843931
2022-09-19,0.35768,0.3934,0.34008,0.38482,13460942.61787999
2022-09-18,0.37647,0.39796,0.3556,0.35767,20026086.60971258
2022-09-17,0.35531,0.38121,0.34643,0.37629,5809701.42040733
2022-09-16,0.32631,0.3584,0.32187,0.3555,6390925.32846905
2022-09-15,0.34159,0.34287,0.32438,0.32662,3464902.56372169
2022-09-14,0.3325,0.3442,0.33134,0.34208,4174698.10495644
2022-09-13,0.35985,0.36032,0.33076,0.33269,4983200.55827023
2022-09-12,0.35505,0.36012,0.34755,0.36,2351509.22115942
2022-09-11,0.35779,0.36051,0.34838,0.35519,1558599.15277388
2022-09-10,0.35709,0.36216,0.35144,0.35758,2641680.52841262
2022-09-09,0.33936,0.35999,0.33936,0.35702,6585665.41425556
2022-09-08,0.33705,0.34362,0.32821,0.33943,4093305.10527837
2022-09-07,0.32122,0.3385,0.31259,0.33696,3595524.48161233
2022-09-06,0.333,0.34307,0.31797,0.32106,7315856.62097544
2022-09-05,0.33189,0.33383,0.32243,0.33295,3338152.09860742
2022-09-04,0.32966,0.33278,0.32742,0.33179,1261761.77567592
2022-09-03,0.3317,0.33584,0.32642,0.3297,2545178.36185107
2022-09-02,0.3335,0.33537,0.32535,0.3317,4303385.90233437
2022-09-01,0.32769,0.33362,0.32161,0.33347,2975247.77164857
2022-08-31,0.32689,0.33407,0.32313,0.32788,2658416.74180848
2022-08-30,0.3339,0.33596,0.3201,0.32689,2859383.02095079
2022-08-29,0.32267,0.33439,0.31879,0.33417,4258861.15764615
2022-08-28,0.33501,0.33761,0.32132,0.32277,2054156.02337803
2022-08-27,0.33937,0.3454,0.32812,0.33467,3278388.98705526
2022-08-26,0.34907,0.37114,0.33256,0.33957,8284111.88643664
2022-08-25,0.34582,0.3521,0.3437,0.3491,3002015.9901229
2022-08-24,0.34731,0.35262,0.33878,0.3455,3890582.82769588
2022-08-23,0.34406,0.34803,0.33257,0.34713,3227486.73677031
2022-08-22,0.34461,0.3452,0.3314,0.34411,3320047.57303764
2022-08-21,0.33677,0.3485,0.33551,0.34452,3559161.58114399
2022-08-20,0.33442,0.34287,0.33197,0.33678,4195034.65021245
2022-08-19,0.37018,0.3704,0.32881,0.3345,11597145.26817194
2022-08-18,0.37968,0.3815,0.3692,0.37033,2433612.62432223
2022-08-17,0.37728,0.39265,0.36728,0.37956,5634896.79460883
2022-08-16,0.3752,0.37848,0.3666,0.37683,2685658.5865531
2022-08-15,0.3755,0.385,0.3658,0.37508,3465168.0040640202
2022-08-14,0.37777,0.3921,0.3738,0.37511,2998740.49048251
2022-08-13,0.3798,0.38793,0.3762,0.37795,2580505.36344284
2022-08-12,0.38009,0.3803,0.37,0.37959,2112737.02555114
2022-08-11,0.38123,0.38592,0.377,0.38011,2754187.99177613
2022-08-10,0.36702,0.38155,0.3584,0.38149,5769603.66310477
2022-08-09,0.37884,0.37995,0.3602,0.36702,2594864.70480151
2022-08-08,0.37228,0.38477,0.371,0.37861,3360624.58245258
2022-08-07,0.37113,0.37705,0.36784,0.37216,926915.1548201
2022-08-06,0.37625,0.37813,0.37001,0.37109,1544940.06000994
2022-08-05,0.37106,0.3785,0.36722,0.37631,4178449.87018647
2022-08-04,0.36939,0.37475,0.36404,0.37072,2159703.64703895
2022-08-03,0.37152,0.37747,0.3631,0.36942,2711870.74656949
2022-08-02,0.37918,0.39427,0.36666,0.37143,3562221.8942191
2022-08-01,0.37899,0.38592,0.37085,0.37921,5617003.89890681
2022-07-31,0.38783,0.39905,0.37805,0.37904,5379176.88211822
2022-07-30,0.36795,0.41,0.36295,0.38796,19624145.5409415
2022-07-29,0.37385,0.38016,0.35983,0.36794,7812501.58849693
2022-07-28,0.35929,0.37931,0.34902,0.37381,5252057.87790971
2022-07-27,0.33723,0.3597,0.33034,0.35929,4962334.9008998
2022-07-26,0.33598,0.33872,0.32523,0.33726,3382620.07221297
2022-07-25,0.35849,0.36003,0.335,0.33567,9327211.64973022
2022-07-24,0.35905,0.3668,0.3558,0.3585,2609498.34846355
2022-07-23,0.35806,0.36275,0.34952,0.3592,4141212.18782163
2022-07-22,0.36673,0.37163,0.35408,0.35772,4824424.45819897
2022-07-21,0.36311,0.36855,0.34872,0.36706,3674312.23222616
2022-07-20,0.37277,0.38163,0.3573,0.36291,4317988.61175182
2022-07-19,0.36527,0.37675,0.35144,0.37278,4518769.55304037
2022-07-18,0.3432,0.37,0.34275,0.36531,7212278.83325332
2022-07-17,0.35071,0.36159,0.341,0.34323,4768970.18407635
2022-07-16,0.33443,0.35626,0.33125,0.35063,6001985.30499244
2022-07-15,0.33369,0.34892,0.32742,0.33411,5493395.70247124
2022-07-14,0.32344,0.33375,0.31241,0.33334,3637305.86487133
2022-07-13,0.31141,0.32595,0.30201,0.32354,11121476.94563061
2022-07-12,0.31472,0.31786,0.30739,0.31141,4971506.94662184
2022-07-11,0.3254,0.32933,0.31037,0.31526,7435240.16353333
2022-07-10,0.34478,0.34501,0.31919,0.32548,5807639.53112128
2022-07-09,0.34009,0.34769,0.33901,0.34478,2472063.54406255
2022-07-08,0.34189,0.35879,0.3356,0.34031,12866067.09830858
2022-07-07,0.33226,0.34501,0.32663,0.3419,4679587.38020835
2022-07-06,0.32494,0.3339,0.31968,0.33206,2995337.02294905
2022-07-05,0.32818,0.33088,0.31218,0.325,4018463.01123693
2022-07-04,0.3215,0.32998,0.31451,0.32809,4008676.67365337
2022-07-03,0.31536,0.3256,0.30816,0.32124,5587286.79161146
2022-07-02,0.31419,0.31818,0.30915,0.31514,3355882.51163187
2022-07-01,0.33175,0.33625,0.30972,0.31415,7799493.37437417
2022-06-30,0.32922,0.3331,0.30591,0.33182,11942214.3214639
2022-06-29,0.33727,0.34152,0.32004,0.32947,4124541.09144369
2022-06-28,0.35355,0.3557,0.3349,0.33734,5481206.88936987
2022-06-27,0.35925,0.36735,0.34778,0.35348,9274919.8115749
2022-06-26,0.36666,0.3752,0.35765,0.35951,3907615.87038438
2022-06-25,0.36705,0.37406,0.35398,0.3673,4037774.8348585
2022-06-24,0.33537,0.38649,0.33453,0.36674,16990646.82549484
2022-06-23,0.32248,0.33638,0.32074,0.3351,2990414.89634751
2022-06-22,0.32875,0.32921,0.31853,0.32139,3312792.00390155
2022-06-21,0.32235,0.3372,0.31821,0.3287,4329852.42747672
2022-06-20,0.32581,0.32879,0.31346,0.32255,13305240.90543038
2022-06-19,0.3075,0.33299,0.29808,0.32586,6745100.85683843
2022-06-18,0.32047,0.3256,0.287,0.30742,15471524.07730463
2022-06-17,0.31318,0.33991,0.31055,0.32044,18025728.5453116
2022-06-16,0.34385,0.34766,0.30725,0.31307,10644502.16151125
2022-06-15,0.32133,0.347,0.29821,0.3437,22035567.65525368
2022-06-14,0.31141,0.32671,0.29338,0.3215,16865654.95659791
2022-06-13,0.34379,0.35097,0.30031,0.3119,41118124.31061493
2022-06-12,0.36013,0.36567,0.34,0.34376,17365940.45324692
2022-06-11,0.38156,0.38865,0.35574,0.35997,11927697.87189001
2022-06-10,0.40019,0.41197,0.376,0.38127,15684118.47187959
2022-06-09,0.40092,0.40432,0.39658,0.40023,1915988.13474073
2022-06-08,0.40787,0.41048,0.3948,0.40063,5431794.29802269
2022-06-07,0.40276,0.41775,0.38434,0.40767,13577247.81871858
2022-06-06,0.39534,0.40932,0.39408,0.4028,9494611.64764067
2022-06-05,0.39239,0.39952,0.38944,0.39552,7255815.63117205
2022-06-04,0.39047,0.39482,0.38443,0.39239,3979302.2228007
2022-06-03,0.40558,0.41094,0.38425,0.39045,7577552.90569014
2022-06-02,0.3982,0.40722,0.39097,0.40545,8105019.25317895
2022-06-01,0.42183,0.42651,0.38878,0.3982,9451102.97682386
2022-05-31,0.4186,0.43441,0.40638,0.42144,7591913.35363101
2022-05-30,0.38912,0.41974,0.38664,0.41867,8910456.59013951
2022-05-29,0.38629,0.39053,0.37923,0.38911,6048606.40498277
2022-05-28,0.38206,0.38871,0.38052,0.38649,5503075.61246805
2022-05-27,0.39181,0.40325,0.37597,0.38145,11729026.45939661
2022-05-26,0.40576,0.41071,0.37546,0.39188,17223981.29743735
2022-05-25,0.4083,0.414,0.39451,0.4059,7856915.45119578
2022-05-24,0.40479,0.41359,0.3902,0.4083,8789443.49891662
2022-05-23,0.42156,0.42865,0.4,0.40471,6223520.12852067
2022-05-22,0.4142,0.42534,0.40968,0.42204,4699405.09527288
2022-05-21,0.4099,0.41839,0.40266,0.4142,3879778.09332136
2022-05-20,0.42045,0.44084,0.40147,0.4099,10188744.4593151
2022-05-19,0.40505,0.42411,0.39033,0.4205,10446346.32457327
2022-05-18,0.4375,0.44244,0.40302,0.40476,8642161.05213848
2022-05-17,0.42302,0.43989,0.41679,0.43736,6955374.68822954
2022-05-16,0.44779,0.44789,0.408,0.42301,18207611.63080683
2022-05-15,0.42592,0.45009,0.41472,0.44774,10676633.41803703
2022-05-14,0.42297,0.441,0.39542,0.42618,16634446.27459976
2022-05-13,0.38591,0.46701,0.38143,0.42281,22785107.47071355
2022-05-12,0.41764,0.42998,0.33661,0.38587,76828573.63841318
2022-05-11,0.51372,0.52403,0.3653,0.41735,72849466.39981498
2022-05-10,0.48725,0.53725,0.47261,0.51383,16377061.3061922
2022-05-09,0.5668,0.57925,0.47121,0.48842,26244864.17264265
2022-05-08,0.58131,0.5834,0.55737,0.5666,5263338.22055035
2022-05-07,0.60271,0.60487,0.56948,0.58112,3567454.79745888
2022-05-06,0.59835,0.61655,0.58787,0.60279,12331853.63462357
2022-05-05,0.64624,0.65806,0.5797,0.5985,19675077.40953146
2022-05-04,0.60438,0.65044,0.60437,0.64597,9315350.93258743
2022-05-03,0.61444,0.62841,0.59616,0.60511,4951849.20258287
2022-05-02,0.60713,0.63178,0.59849,0.61459,7424276.54997136
2022-05-01,0.58478,0.6128,0.57586,0.60719,7985254.92816544
2022-04-30,0.61201,0.62872,0.56557,0.58514,9459637.99258067
2022-04-29,0.64316,0.64682,0.59847,0.6117,9275253.39242374
2022-04-28,0.65213,0.65779,0.63332,0.64331,4752333.61861455
2022-04-27,0.64254,0.6629,0.63679,0.65252,6164228.43957712
2022-04-26,0.69371,0.7068,0.62754,0.6428,13010971.25424907
2022-04-25,0.69856,0.7002,0.646,0.69395,11075480.88487073
2022-04-24,0.70606,0.71218,0.695,0.69875,2506759.06326445
2022-04-23,0.71824,0.72743,0.70253,0.7053,3405498.95035027
2022-04-22,0.73285,0.73894,0.7144,0.71819,4244868.49240038
2022-04-21,0.75182,0.76949,0.71797,0.73317,4258121.72496924
2022-04-20,0.77543,0.77543,0.7425,0.75199,5504992.72318866
2022-04-19,0.77012,0.78278,0.75921,0.77583,4389970.45121632
2022-04-18,0.7521,0.77056,0.72722,0.77056,6795870.29566715
2022-04-17,0.78121,0.78644,0.74809,0.75211,4130214.94602069
2022-04-16,0.78612,0.80048,0.76624,0.78121,3438938.9884195
2022-04-15,0.72646,0.79816,0.72646,0.78608,8514732.37994131
2022-04-14,0.72346,0.74174,0.70839,0.72651,4009165.84733566
2022-04-13,0.71539,0.72562,0.70173,0.72332,5879156.36953421
2022-04-12,0.69559,0.72658,0.69262,0.71496,8139848.59189931
2022-04-11,0.75455,0.75605,0.68113,0.69546,10380471.11456625
2022-04-10,0.76287,0.77358,0.75316,0.75482,2721763.89452438
2022-04-09,0.75538,0.76699,0.75361,0.76285,2210456.56325791
2022-04-08,0.78737,0.794,0.74647,0.75562,4812678.28287442
2022-04-07,0.76003,0.79138,0.75243,0.78755,4452575.94725235
2022-04-06,0.81656,0.81843,0.75672,0.7603,10912159.00139899
2022-04-05,0.82651,0.83643,0.81462,0.81656,5182213.8457174
2022-04-04,0.84276,0.84291,0.80404,0.82633,7526148.6247186
2022-04-03,0.82453,0.85186,0.81416,0.8426,2808210.10746796
2022-04-02,0.82827,0.84999,0.81838,0.82367,3561004.56908427
2022-04-01,0.81523,0.83463,0.80726,0.82831,4753835.01782627
2022-03-31,0.8611,0.87404,0.78101,0.8148,8728168.15681441
2022-03-30,0.85802,0.87199,0.84542,0.86112,3606140.96607309
2022-03-29,0.86303,0.88527,0.84357,0.8581,6635776.03250191
2022-03-28,0.85788,0.912,0.85157,0.86453,12258504.29881606
2022-03-27,0.83314,0.858,0.82765,0.85776,3947973.894982
2022-03-26,0.82458,0.83538,0.82098,0.83314,2239259.71688109
2022-03-25,0.84305,0.8461,0.819,0.82451,4556392.23311753
2022-03-24,0.83779,0.85,0.82675,0.84305,4468342.24182682
2022-03-23,0.83689,0.84608,0.81691,0.8379,3247981.84244213
2022-03-22,0.83729,0.86489,0.82742,0.83699,4394646.04216652
2022-03-21,0.80574,0.8548,0.78758,0.8376,5314931.05363732
2022-03-20,0.81983,0.82253,0.79522,0.80453,2274501.26308556
2022-03-19,0.79696,0.827,0.7914,0.81996,4778602.36456281
2022-03-18,0.79445,0.80091,0.77648,0.7968,4573575.94891613
2022-03-17,0.79282,0.80217,0.78355,0.79419,3058051.68171315
2022-03-16,0.76683,0.79509,0.75827,0.79225,4359068.87199798
2022-03-15,0.77576,0.77778,0.74234,0.76691,2598613.24481261
2022-03-14,0.76031,0.77872,0.74557,0.77564,5438300.31775376
2022-03-13,0.78621,0.80551,0.75108,0.76007,6034663.12936494
2022-03-12,0.80336,0.84941,0.77872,0.78668,9801747.33267401
2022-03-11,0.7366,0.814,0.72511,0.80286,7017953.60902319
2022-03-10,0.76669,0.78,0.7229,0.73695,6826361.99851541
2022-03-09,0.72146,0.7759,0.72072,0.76571,4993415.82688766
2022-03-08,0.72021,0.7314,0.71366,0.72153,3128691.07002815
2022-03-07,0.72561,0.75481,0.70356,0.72036,7639122.78311484
2022-03-06,0.7543,0.75983,0.72158,0.72455,5575999.41971439
2022-03-05,0.71314,0.76963,0.70519,0.75448,5320769.50552868
2022-03-04,0.75179,0.75558,0.69493,0.71314,7584673.10321126
2022-03-03,0.76983,0.79047,0.7342,0.75282,5441822.24483203
2022-03-02,0.78487,0.7853,0.75619,0.76961,5017647.96423802
2022-03-01,0.78219,0.80393,0.75752,0.78444,9549300.86491048
2022-02-28,0.72193,0.79463,0.70833,0.7822,8475016.56355024
2022-02-27,0.75179,0.76816,0.70415,0.72244,8033254.83645575
2022-02-26,0.76995,0.7968,0.74102,0.75093,15784250.14114593
2022-02-25,0.69732,0.78074,0.68306,0.77091,14983492.66413643
2022-02-24,0.69777,0.72263,0.6231,0.697,21595693.53168161
2022-02-23,0.72219,0.74495,0.69348,0.69722,9238252.41433483
2022-02-22,0.70324,0.7276,0.66886,0.7219,9944476.59806333
2022-02-21,0.77822,0.80275,0.69683,0.70234,12767129.67918892
2022-02-20,0.82216,0.8237,0.76515,0.77802,8324826.60122234
2022-02-19,0.78454,0.85424,0.77039,0.822,19691169.01953404
2022-02-18,0.7691,0.80566,0.75623,0.78565,15886495.78121157
2022-02-17,0.83775,0.8455,0.75361,0.7688,16620348.71226479
2022-02-16,0.85226,0.85358,0.80888,0.83695,10671742.50151696
2022-02-15,0.80178,0.8595,0.79631,0.85186,9646158.60184862
2022-02-14,0.80656,0.81387,0.77862,0.8014,10129241.39492292
2022-02-13,0.82277,0.84789,0.79291,0.8061,11697183.20213923
2022-02-12,0.76005,0.85284,0.74684,0.82287,14596306.443626931
2022-02-11,0.82657,0.83435,0.75101,0.75973,21544646.77170578
2022-02-10,0.87142,0.89881,0.82199,0.82569,16467685.72852213
2022-02-09,0.87718,0.91697,0.8444,0.8707,24483716.11022438
2022-02-08,0.83253,0.91522,0.805,0.87655,43301402.66218548
2022-02-07,0.68332,0.83857,0.67222,0.8323,30567408.89991566
2022-02-06,0.66636,0.6886,0.65921,0.68373,3818518.19909457
2022-02-05,0.65611,0.6875,0.65069,0.66636,8636058.62169745
2022-02-04,0.61103,0.65988,0.60475,0.65614,10050432.15847671
2022-02-03,0.60132,0.61126,0.58932,0.61,4142407.93739269
2022-02-02,0.62892,0.63172,0.596,0.6015,3921363.97821104
2022-02-01,0.61771,0.63144,0.61142,0.62892,5254950.76617931
2022-01-31,0.60157,0.6249,0.58033,0.61781,5733357.83688584
2022-01-30,0.61837,0.62373,0.59769,0.6016,3501153.35874028
2022-01-29,0.6114,0.62592,0.60898,0.61812,3430736.08041163
2022-01-28,0.6093,0.61426,0.59221,0.61189,4015769.46134349
2022-01-27,0.61994,0.62482,0.58986,0.60913,4743693.11803733
2022-01-26,0.61864,0.65867,0.60493,0.61937,8576169.64345025
2022-01-25,0.6123,0.625,0.58753,0.6181,5815526.10676793
2022-01-24,0.6289,0.6289,0.55344,0.61262,16691594.25274675
2022-01-23,0.59701,0.63593,0.59051,0.62896,8934137.50143637
2022-01-22,0.63707,0.65432,0.54837,0.59761,27761920.21386579
2022-01-21,0.71969,0.72898,0.61217,0.63757,24037652.97500815
2022-01-20,0.73801,0.76291,0.71591,0.72051,4499537.92876742
2022-01-19,0.75113,0.7537,0.72344,0.73794,4065892.7354614
2022-01-18,0.76183,0.76882,0.73579,0.75183,5086809.14075027
2022-01-17,0.77894,0.78069,0.74966,0.76225,4152199.67730764
2022-01-16,0.77898,0.78434,0.76825,0.77892,2713139.56645075
2022-01-15,0.77379,0.79061,0.76801,0.77899,3636395.01196343
2022-01-14,0.76837,0.7905,0.75143,0.77362,8076853.27395437
2022-01-13,0.79894,0.80284,0.7609,0.76814,4425128.44757837
2022-01-12,0.77029,0.80794,0.75733,0.79895,9072345.51262825
2022-01-11,0.74022,0.77658,0.73088,0.76994,9284074.31405845
2022-01-10,0.75251,0.75925,0.69849,0.74023,12212862.743954
2022-01-09,0.74505,0.76679,0.7383,0.75272,4802538.55986582
2022-01-08,0.76362,0.77686,0.72262,0.74508,8569256.32415905
2022-01-07,0.77911,0.78054,0.72892,0.76329,16536329.50448434
2022-01-06,0.77207,0.79081,0.73809,0.77939,13189596.88571266
2022-01-05,0.82263,0.837,0.70852,0.77279,18778905.62824735
2022-01-04,0.83242,0.84569,0.81488,0.82244,5270320.5044023
2022-01-03,0.85832,0.85865,0.8213,0.8321,5687554.11922531
2022-01-02,0.85117,0.86598,0.83738,0.85901,4252475.9323117
2022-01-01,0.8297,0.85617,0.8297,0.8504,4147910.63338312
2021-12-31,0.83882,0.85403,0.8024,0.82967,6586163.04165504
2021-12-30,0.8176,0.85983,0.80226,0.83921,8883398.35106135
2021-12-29,0.85184,0.86477,0.81103,0.8176,7568996.42787404
2021-12-28,0.92689,0.92689,0.84603,0.85163,9371504.50095558
2021-12-27,0.92048,0.9564,0.91453,0.9269,5073116.42135628
2021-12-26,0.92561,0.93464,0.90557,0.92076,4337411.14913431
2021-12-25,0.91195,0.9348,0.89895,0.92542,10467464.85532488
2021-12-24,0.99481,0.99736,0.89774,0.91136,27888689.9613635
2021-12-23,0.95458,1.0174,0.93801,0.9944,32872909.09780627
2021-12-22,0.94702,0.973,0.92334,0.95451,18066789.80539726
2021-12-21,0.88037,0.96129,0.8534,0.94749,21242979.52444431
2021-12-20,0.8351,0.91546,0.8245,0.87989,23037859.81284436
2021-12-19,0.82667,0.84882,0.81925,0.83478,6845268.10576262
2021-12-18,0.79713,0.83481,0.79124,0.82707,7079263.85825779
2021-12-17,0.8053,0.83394,0.77604,0.79639,11149374.78798809
2021-12-16,0.82701,0.83694,0.80348,0.80571,8194868.04697935
2021-12-15,0.81126,0.84039,0.77747,0.82675,14728441.31625153
2021-12-14,0.78251,0.82213,0.7728,0.81182,19750758.84244716
2021-12-13,0.8403,0.84495,0.76158,0.78266,20243738.9007528
2021-12-12,0.83993,0.85741,0.81,0.84039,8491581.35057833
2021-12-11,0.80006,0.845,0.78571,0.83959,9799609.97110861
2021-12-10,0.85871,0.88329,0.79289,0.80024,27481635.42853209
2021-12-09,0.86283,0.93477,0.83266,0.85951,28810461.38937811
2021-12-08,0.81643,0.8851,0.8042,0.86234,12995749.14727589
2021-12-07,0.82649,0.84634,0.80439,0.8164,10577773.20816875
2021-12-06,0.80561,0.831,0.75021,0.82671,14628737.19320723
2021-12-05,0.8466,0.8632,0.76975,0.80568,14896503.15393657
2021-12-04,0.9217,0.92478,0.57504,0.8481,91957507.55227482
2021-12-03,0.9725,0.98433,0.89501,0.92292,12412983.38422182
2021-12-02,0.9908,0.9908,0.9563,0.97317,8227193.40389009
2021-12-01,0.99995,1.0188,0.9799,0.9907,10533802.79178047
2021-11-30,0.99089,1.0301,0.97108,0.99904,13414733.55075578
2021-11-29,0.96932,1.003,0.9647,0.99055,14253814.04560089
2021-11-28,0.9464,0.97,0.88268,0.96968,14838116.49684254
2021-11-27,0.94082,0.96717,0.935,0.94728,9615660.02402722
2021-11-26,1.0449,1.0478,0.90404,0.94052,44385445.50278677
2021-11-25,1.0332,1.0657,1.0226,1.0446,11973672.57133941
2021-11-24,1.067,1.0742,1.0071,1.0336,11579945.60205598
2021-11-23,1.037,1.0727,1.0207,1.067,10648236.5449251
2021-11-22,1.0602,1.0721,1.0281,1.0371,12315675.03816648
2021-11-21,1.0984,1.0989,1.057,1.0588,6956948.17434096
2021-11-20,1.0908,1.1024,1.0614,1.0982,7911854.18822649
2021-11-19,1.0416,1.1027,1.0187,1.0912,18013316.8513325
2021-11-18,1.0956,1.1616,1.017,1.0421,41566660.45200332
2021-11-17,1.0876,1.1131,1.0592,1.0954,14120815.07963706
2021-11-16,1.1705,1.1707,1.042,1.0876,40796720.53748323
2021-11-15,1.188,1.22,1.1654,1.1716,14906239.99618602
2021-11-14,1.1903,1.1992,1.1671,1.188,8115009.34991555
2021-11-13,1.1884,1.2043,1.1669,1.1892,9415099.51784807
2021-11-12,1.2143,1.2326,1.155,1.1886,14867221.22220111
2021-11-11,1.1899,1.2523,1.1755,1.2146,18082550.87650787
2021-11-10,1.2577,1.3483,1.1197,1.1902,74694695.23345613
2021-11-09,1.2815,1.2887,1.225,1.2577,21406745.52163082
2021-11-08,1.2202,1.2963,1.2199,1.2814,21070331.76051382
2021-11-07,1.1512,1.2369,1.1457,1.2192,12829606.13471427
2021-11-06,1.1588,1.1759,1.0971,1.1516,8380142.66077392
2021-11-05,1.2007,1.2014,1.133,1.1592,11816353.00130672
2021-11-04,1.2106,1.2572,1.1621,1.2011,17288019.81248103
2021-11-03,1.1358,1.235,1.127,1.21,27253184.63500906
2021-11-02,1.0924,1.1469,1.0858,1.1353,12663047.29565523
2021-11-01,1.1135,1.1321,1.0702,1.0917,9187060.45224098
2021-10-31,1.0853,1.1541,1.07,1.113,18500002.14618956
2021-10-30,1.082,1.1161,1.0616,1.0849,8348094.67761663
2021-10-29,1.0584,1.0899,1.0545,1.0818,6206998.03480424
2021-10-28,0.99512,1.0804,0.9808,1.0583,15818999.645667
2021-10-27,1.1068,1.1239,0.94694,0.99449,25834357.97202646
2021-10-26,1.0959,1.1593,1.0887,1.1068,14344108.47203876
2021-10-25,1.0821,1.1037,1.0778,1.0955,4290475.45068518
2021-10-24,1.0936,1.0962,1.0483,1.0829,5619384.55403906
2021-10-23,1.0887,1.1013,1.0764,1.0937,3614382.24189958
2021-10-22,1.0887,1.1285,1.0746,1.0889,10850694.24554881
2021-10-21,1.1464,1.1648,1.0845,1.0885,21044492.09106141
2021-10-20,1.0911,1.1531,1.0872,1.146,12539596.78091797
2021-10-19,1.0833,1.1015,1.0658,1.0911,6810206.02084206
2021-10-18,1.0948,1.1072,1.0641,1.0832,11015359.63433512
2021-10-17,1.135,1.14,1.0171,1.0942,17467855.94653925
2021-10-16,1.1423,1.1869,1.13,1.1344,12150558.6981624
2021-10-15,1.1341,1.1655,1.0919,1.1418,16839033.58602405
2021-10-14,1.1283,1.158,1.1176,1.1339,9083368.77176985
2021-10-13,1.1015,1.1392,1.0751,1.1278,9490635.85123509
2021-10-12,1.1366,1.1366,1.0632,1.1011,18150127.92282291
2021-10-11,1.1356,1.1822,1.1036,1.1365,16397003.1533925
2021-10-10,1.1612,1.2292,1.1266,1.1354,27658262.99201824
2021-10-09,1.0639,1.208,1.0564,1.1608,25802665.72285784
2021-10-08,1.0679,1.0925,1.0536,1.063,6862738.64948381
2021-10-07,1.0765,1.094,1.0435,1.0674,8667532.4196481
2021-10-06,1.0847,1.1081,1.0179,1.0764,18159372.25646914
2021-10-05,1.0434,1.089,1.0387,1.0851,13683313.84556328
2021-10-04,1.0561,1.0602,1.0059,1.0434,11471668.07794264
2021-10-03,1.0359,1.0892,1.0213,1.0561,13740204.22726839
2021-10-02,1.0427,1.0724,1.0089,1.0362,10406276.5524363
2021-10-01,0.95379,1.0686,0.94447,1.0423,17963949.79116885
2021-09-30,0.9267,0.96438,0.92218,0.9537,5673619.77399023
2021-09-29,0.89356,0.9934,0.88667,0.92788,16346692.85833825
2021-09-28,0.922,0.94361,0.891,0.89355,6105983.39335764
2021-09-27,0.94428,0.98193,0.92005,0.92198,9380635.48783714
2021-09-26,0.94067,0.95786,0.89309,0.9454,13636649.18582403
2021-09-25,0.94501,0.95845,0.91718,0.941,10426773.91244655
2021-09-24,1.0019,1.0031,0.88676,0.94504,21773027.60609985
2021-09-23,1.0033,1.017,0.96858,1.0023,10977210.08829525
2021-09-22,0.87497,1.0098,0.86847,1.0037,24014319.91137854
2021-09-21,0.92248,0.95955,0.859,0.87444,30909619.44306721
2021-09-20,1.0482,1.0497,0.87495,0.92142,44428308.57119808
2021-09-19,1.0754,1.0841,1.037,1.048,7693998.41908611
2021-09-18,1.067,1.0953,1.057,1.0758,7033577.87736849
2021-09-17,1.0905,1.103,1.0513,1.0668,13049161.82185297
2021-09-16,1.1216,1.1312,1.0669,1.0905,22741089.48519147
2021-09-15,1.0969,1.1303,1.0783,1.1221,11971521.76975398
2021-09-14,1.0644,1.0985,1.0565,1.0978,9861320.3327659
2021-09-13,1.1175,1.1264,1.024,1.065,16605665.61544296
2021-09-12,1.0796,1.1274,1.058,1.1189,11335348.96186252
2021-09-11,1.0551,1.113,1.0506,1.0797,13376586.732481
2021-09-10,1.0877,1.2451,1.0295,1.0551,70491954.72126123
2021-09-09,1.1002,1.138,1.0728,1.087,18906912.96105051
2021-09-08,1.1282,1.1477,1.0158,1.1004,43055614.14160768
2021-09-07,1.39,1.3924,0.92742,1.1283,141823597.5732528
2021-09-06,1.3074,1.4154,1.3071,1.39,43242326.7768948
2021-09-05,1.2551,1.3133,1.2364,1.3086,11564206.98079161
2021-09-04,1.2909,1.2977,1.2361,1.2552,12685450.98687169
2021-09-03,1.2535,1.3237,1.2213,1.291,22599745.62577752
2021-09-02,1.2364,1.2962,1.2226,1.2531,23065956.78297385
2021-09-01,1.1862,1.2381,1.1589,1.2364,24352880.22492576
2021-08-31,1.1009,1.2435,1.0923,1.1867,31565204.93712747
2021-08-30,1.1414,1.1493,1.0956,1.1016,18296201.22377964
2021-08-29,1.1469,1.1696,1.1128,1.1413,20213674.66922991
2021-08-28,1.1911,1.198,1.1334,1.1463,13432509.02363296
2021-08-27,1.071,1.1916,1.0514,1.1907,39722099.60395122
2021-08-26,1.1738,1.1858,1.0647,1.0719,65201611.75351917
2021-08-25,1.1353,1.178,1.1079,1.1743,34968554.75305434
2021-08-24,1.2459,1.2662,1.1276,1.1357,52706171.82234144
2021-08-23,1.2267,1.304,1.2043,1.2464,24750727.89109314
2021-08-22,1.2171,1.2567,1.18,1.2266,18219786.33369817
2021-08-21,1.2638,1.2839,1.2028,1.2161,19310632.18272841
2021-08-20,1.2351,1.2889,1.1991,1.2634,27734438.62412598
2021-08-19,1.144,1.2364,1.0907,1.2341,44501004.43344078
2021-08-18,1.099,1.1951,1.052,1.144,86976354.13951954
2021-08-17,1.1858,1.2249,1.0867,1.0995,62193130.48656636
2021-08-16,1.2845,1.33,1.1455,1.1866,58262728.73679853
2021-08-15,1.28,1.3498,1.2268,1.2847,49368245.44944979
2021-08-14,1.091,1.3109,1.0702,1.2804,73984636.96475923
2021-08-13,0.96688,1.0969,0.95179,1.0911,42899100.83615022
2021-08-12,1.0112,1.0449,0.92364,0.96689,54269831.81360991
2021-08-11,0.85099,1.089,0.84798,1.0118,53813403.64111495
2021-08-10,0.81714,0.86265,0.79962,0.85155,24766914.83794851
2021-08-09,0.77864,0.82786,0.75886,0.81796,14630142.86761143
2021-08-08,0.81618,0.83997,0.77158,0.77841,15796356.01069011
2021-08-07,0.74761,0.81828,0.74138,0.81616,18548782.47007281
2021-08-06,0.73375,0.75375,0.72252,0.74677,6492875.66674678
2021-08-05,0.73143,0.7394,0.70102,0.73367,10861332.24568378
2021-08-04,0.7136,0.74,0.69527,0.73082,10301662.51508176
2021-08-03,0.73812,0.745,0.70112,0.7133,15629645.36945961
2021-08-02,0.72554,0.77408,0.71518,0.73812,12874327.90521143
2021-08-01,0.74542,0.77717,0.7072,0.72399,18155543.27163504
2021-07-31,0.75213,0.75902,0.73712,0.74505,6586594.48149212
2021-07-30,0.74959,0.76926,0.71248,0.75301,15730039.67235144
2021-07-29,0.73269,0.76623,0.69706,0.75018,15047480.18547678
2021-07-28,0.6453,0.75471,0.63082,0.73269,30015205.08952276
2021-07-27,0.62423,0.65266,0.61202,0.64607,8713879.82367029
2021-07-26,0.60742,0.679,0.60534,0.62409,24458392.05229916
2021-07-25,0.6099,0.61257,0.59117,0.60773,5156443.62390456
2021-07-24,0.60983,0.62113,0.60023,0.60918,6209584.98885526
2021-07-23,0.59268,0.61043,0.57563,0.60937,7656627.2553832
2021-07-22,0.57219,0.604,0.56102,0.59242,9306348.70003768
2021-07-21,0.52917,0.58487,0.52,0.57153,10368579.01205343
2021-07-20,0.55746,0.57048,0.51601,0.52917,9508309.34230485
2021-07-19,0.58721,0.5901,0.55382,0.55786,5637093.21185823
2021-07-18,0.58292,0.60189,0.57182,0.58721,6014009.9244195
2021-07-17,0.58951,0.59848,0.56,0.58262,9461756.84787765
2021-07-16,0.5987,0.6205,0.58746,0.58959,11760137.03931693
2021-07-15,0.6202,0.62724,0.58803,0.59823,6763291.62731747
2021-07-14,0.61941,0.6257,0.58461,0.62028,8027987.16047439
2021-07-13,0.62856,0.64328,0.60856,0.61985,8493507.05133644
2021-07-12,0.63641,0.65714,0.61647,0.62824,6233493.24206661
2021-07-11,0.62477,0.6445,0.61706,0.63616,3785290.34455092
2021-07-10,0.63609,0.64831,0.61182,0.62491,4662500.22627114
2021-07-09,0.62116,0.64533,0.59113,0.63645,9375915.10477054
2021-07-08,0.65242,0.6548,0.6107,0.62115,13049254.58673562
2021-07-07,0.66502,0.67442,0.65011,0.65242,4219695.01047226
2021-07-06,0.65205,0.68024,0.65102,0.66586,6354662.79195353
2021-07-05,0.69626,0.69646,0.64392,0.65223,9115713.2840293
2021-07-04,0.67242,0.70941,0.66569,0.6962,5269273.58349017
2021-07-03,0.65586,0.68538,0.64305,0.67395,6078081.12022784
2021-07-02,0.65905,0.6674,0.63289,0.65657,5727956.73577089
2021-07-01,0.70677,0.70679,0.64481,0.65954,12103537.01134278
2021-06-30,0.70676,0.71483,0.66608,0.70625,8799687.97420087
2021-06-29,0.64438,0.73388,0.64193,0.7065,21333433.75586709
2021-06-28,0.64894,0.65724,0.6249,0.64415,9842691.3000642
2021-06-27,0.61792,0.65313,0.597,0.64894,13450312.81386199
2021-06-26,0.6105,0.63274,0.58188,0.61786,15741273.35595149
2021-06-25,0.67345,0.68884,0.60145,0.61103,27281718.91404937
2021-06-24,0.6387,0.69239,0.61677,0.67345,24230507.5558243
2021-06-23,0.54828,0.665,0.521,0.63899,40720399.69477622
2021-06-22,0.60924,0.652,0.51252,0.54809,76348003.37285839
2021-06-21,0.77569,0.78176,0.606,0.6082,40539791.35183895
2021-06-20,0.75994,0.78567,0.69828,0.77501,16551730.02136892
2021-06-19,0.79718,0.80599,0.75701,0.76,7695944.96190708
2021-06-18,0.84143,0.84479,0.7678,0.79619,12088550.6717316
2021-06-17,0.83159,0.86198,0.82242,0.84087,17120067.89202632
2021-06-16,0.86604,0.87338,0.82533,0.83121,11885359.01103262
2021-06-15,0.89035,0.9013,0.85511,0.86604,8054376.89694935
2021-06-14,0.88394,0.92848,0.86253,0.89092,11958450.65540348
2021-06-13,0.83283,0.88822,0.81752,0.88468,10023433.66860856
2021-06-12,0.84766,0.84795,0.8055,0.83259,22344429.6486459
2021-06-11,0.8682,0.88049,0.83363,0.84781,11512079.66374941
2021-06-10,0.92097,0.92867,0.8525,0.86868,16594967.65315161
2021-06-09,0.87439,0.92097,0.83091,0.92097,25473585.55168886
2021-06-08,0.86212,0.887,0.7856,0.87444,35064598.68785957
2021-06-07,0.94638,0.975,0.842,0.86268,23065042.45110543
2021-06-06,0.92311,0.9489,0.91819,0.94612,7767250.12803245
2021-06-05,0.96979,0.99848,0.896,0.92273,16705939.36856976
2021-06-04,1.0458,1.0465,0.91574,0.96991,28334781.573891878
2021-06-03,1.0248,1.078,1.0075,1.0449,16409612.87775476
2021-06-02,1.01,1.0507,0.9795,1.024,13682051.73427099
2021-06-01,1.0411,1.1,0.97414,1.01,32095260.22558623
2021-05-31,0.90504,1.0486,0.87972,1.0417,37371013.68356549
2021-05-30,0.8315,0.93284,0.79668,0.90524,21142535.42683253
2021-05-29,0.89817,0.94136,0.7935,0.83049,28110163.76374691
2021-05-28,0.975,0.9845,0.84621,0.89824,36557907.6447199
2021-05-27,1.0336,1.0427,0.93406,0.97484,33014838.38023876
2021-05-26,0.97613,1.0701,0.94752,1.0334,32300698.21507111
2021-05-25,0.99327,1.0592,0.88174,0.97613,48427150.95731247
2021-05-24,0.79147,0.99798,0.75551,0.99386,62034501.25517598
2021-05-23,0.908,0.97129,0.652,0.791,106818240.3122503
2021-05-22,1.0086,1.0188,0.82012,0.90722,66278827.40322793
2021-05-21,1.1807,1.22,0.86403,1.0095,133578487.23435035
2021-05-20,1.0598,1.265,0.9085,1.1823,104727196.31985068
2021-05-19,1.5902,1.6435,0.82918,1.0606,220819944.67664176
2021-05-18,1.4975,1.7046,1.4719,1.591,73350079.61997896
2021-05-17,1.4544,1.566,1.3308,1.4943,73515707.72965877
2021-05-16,1.4966,1.6159,1.339,1.4529,78619864.38178176
2021-05-15,1.402,1.5848,1.3215,1.4962,77810462.89312406
2021-05-14,1.366,1.4485,1.3235,1.4025,33064706.59129783
2021-05-13,1.2725,1.3881,1.2004,1.366,83783634.13242982
2021-05-12,1.4805,1.5475,1.24,1.2704,74048375.78268144
2021-05-11,1.3919,1.4884,1.353,1.4797,43575707.56944012
2021-05-10,1.535,1.6285,1.2253,1.3907,86012911.01630503
2021-05-09,1.5611,1.5948,1.4265,1.5349,50354799.40524645
2021-05-08,1.58,1.6273,1.5419,1.561,34657467.53769361
2021-05-07,1.6037,1.6936,1.504,1.5793,57286046.92669653
2021-05-06,1.6149,1.7658,1.509,1.6042,106486208.86889982
2021-05-05,1.388,1.6268,1.3686,1.6138,70076089.46603866
2021-05-04,1.554,1.5581,1.3155,1.3889,85155242.79003981
2021-05-03,1.561,1.62,1.5031,1.554,42485074.84066256
2021-05-02,1.6516,1.6577,1.5269,1.5611,34494180.24661122
2021-05-01,1.5976,1.664,1.5232,1.6518,33453204.64900736
2021-04-30,1.3984,1.6392,1.375,1.5984,76127729.02304679
2021-04-29,1.3574,1.42,1.3278,1.3977,38262830.6101097
2021-04-28,1.4015,1.4477,1.284,1.3574,63260393.83186165
2021-04-27,1.3647,1.4671,1.3314,1.4029,85667882.65627898
2021-04-26,1.036,1.3769,1.0145,1.365,103725248.15783183
2021-04-25,1.052,1.1575,0.95,1.0359,70347130.84468861
2021-04-24,1.1715,1.1728,1.0227,1.0516,40919424.83761524
2021-04-23,1.156,1.1976,0.87472,1.1715,185504353.38155174
2021-04-22,1.2909,1.42,1.0925,1.1563,101875650.79835333
2021-04-21,1.3867,1.4634,1.2745,1.29,66906041.64976548
2021-04-20,1.3094,1.4467,1.1788,1.3867,91667039.70595445
2021-04-19,1.4095,1.5289,1.2465,1.3108,105117091.42667928
2021-04-18,1.5391,1.5633,1.1197,1.4076,157406934.1580494
2021-04-17,1.5475,1.741,1.5262,1.5395,65625501.63583404
2021-04-16,1.7589,1.809,1.4203,1.5494,143052939.61965725
2021-04-15,1.8348,1.8853,1.6486,1.7586,61815933.77339257
2021-04-14,1.7928,1.9637,1.57,1.8346,199107469.62691098
2021-04-13,1.4691,1.8853,1.4202,1.7949,203673718.2637206
2021-04-12,1.353,1.4734,1.3206,1.4683,72028047.12750445
2021-04-11,1.376,1.4965,1.3058,1.3525,113869289.34562
2021-04-10,1.017,1.3967,1.0065,1.3716,214329875.6591655
2021-04-09,1.0565,1.0842,0.98206,1.0181,69777598.19446675
2021-04-08,0.91692,1.0722,0.90101,1.0574,71523666.98623797
2021-04-07,1.0971,1.1111,0.8555,0.917,176291173.072321
2021-04-06,0.91717,1.1177,0.8069,1.0971,224504620.96436566
2021-04-05,0.63466,0.939,0.61952,0.91648,195211642.61821425
2021-04-04,0.57821,0.63567,0.5657,0.63466,21141853.70057961
2021-04-03,0.6071,0.64171,0.57344,0.57858,47213188.92212554
2021-04-02,0.57105,0.6095,0.56552,0.6071,31114274.70791118
2021-04-01,0.57031,0.59549,0.5485,0.57093,32069477.323712658
2021-03-31,0.56327,0.5767,0.5262,0.57017,40982413.33024625
2021-03-30,0.56592,0.5875,0.5595,0.56294,22872928.71334754
2021-03-29,0.5455,0.57149,0.54307,0.56621,21502732.00374262
2021-03-28,0.54803,0.56141,0.53914,0.54593,8936322.58871832
2021-03-27,0.56366,0.5745,0.53398,0.54754,23070498.83528737
2021-03-26,0.51129,0.57708,0.51094,0.56339,37644441.16895394
2021-03-25,0.48059,0.5247,0.4562,0.51159,44352413.93189951
2021-03-24,0.54927,0.563,0.45033,0.48001,62855286.31999956
2021-03-23,0.54406,0.59741,0.53816,0.54918,51354031.90332494
2021-03-22,0.51652,0.602,0.50102,0.54408,98595109.51007202
2021-03-21,0.52573,0.54671,0.49451,0.51686,44682369.19771901
2021-03-20,0.46655,0.54956,0.46481,0.52562,62685953.82167924
2021-03-19,0.46887,0.475,0.45867,0.46645,16162713.9798452
2021-03-18,0.46953,0.49068,0.46568,0.46886,20127167.77697006
2021-03-17,0.4608,0.48196,0.454,0.46951,28219862.84802704
2021-03-16,0.43612,0.52099,0.4281,0.46059,87544771.7818684
2021-03-15,0.43839,0.4478,0.4225,0.43608,26063475.4740716
2021-03-14,0.4587,0.46194,0.43804,0.43858,13260662.01317814
2021-03-13,0.44021,0.467,0.43232,0.45781,24942653.79360295
2021-03-12,0.45339,0.465,0.423,0.43999,29953595.1491299
2021-03-11,0.4625,0.465,0.43842,0.45275,20954875.94898039
2021-03-10,0.48592,0.48994,0.455,0.4624,31786834.16920398
2021-03-09,0.4747,0.48799,0.472,0.48532,14580408.02305452
2021-03-08,0.46547,0.48949,0.4551,0.47429,27194722.02388379
2021-03-07,0.4632,0.46941,0.45726,0.46538,9380824.89924418
2021-03-06,0.45506,0.47146,0.44953,0.46251,18616544.25897408
2021-03-05,0.48194,0.48498,0.44658,0.45513,29433750.7555029
2021-03-04,0.44914,0.49487,0.43322,0.48085,68288513.11941203
2021-03-03,0.43662,0.46888,0.43032,0.44835,21448442.9476617
2021-03-02,0.44544,0.455,0.42201,0.43672,24807631.33300075
2021-03-01,0.41651,0.454,0.4131,0.44546,28751994.78325487
2021-02-28,0.4362,0.43947,0.39353,0.41678,30016463.81122788
2021-02-27,0.42806,0.45847,0.42706,0.43647,23283647.17650774
2021-02-26,0.43615,0.45,0.41,0.42841,46710802.22075804
2021-02-25,0.46867,0.48241,0.425,0.43546,26130320.20376439
2021-02-24,0.47626,0.49973,0.45126,0.46932,41956039.88278493
2021-02-23,0.56591,0.57072,0.3616,0.47638,218206410.9235423
2021-02-22,0.5443,0.65,0.514,0.56531,257529211.5614559
2021-02-21,0.51134,0.55875,0.5025,0.54437,52312855.73540937
2021-02-20,0.56479,0.58365,0.46595,0.51095,86954880.96718907
2021-02-19,0.53143,0.58231,0.5131,0.56463,65275739.31748596
2021-02-18,0.53424,0.55999,0.52,0.53135,40909779.40919822
2021-02-17,0.52046,0.558,0.49191,0.53424,61618342.00460148
2021-02-16,0.55025,0.58099,0.48192,0.52017,88730037.05413724
2021-02-15,0.59284,0.60425,0.50278,0.55027,108377114.2666663
2021-02-14,0.63381,0.64074,0.5601,0.59272,78132131.91758327
2021-02-13,0.61,0.64364,0.542,0.63324,135756936.97849807
2021-02-12,0.52834,0.61964,0.51925,0.609,101089243.71491535
2021-02-11,0.50517,0.53621,0.5,0.52849,50024251.13447039
2021-02-10,0.477,0.542,0.44053,0.5048,152323767.22531584
2021-02-09,0.45214,0.49171,0.44919,0.47632,66978189.55421467
2021-02-08,0.41863,0.47106,0.41232,0.45214,61634767.99303456
2021-02-07,0.44337,0.45147,0.38911,0.41863,79032087.54804038
2021-02-06,0.45274,0.45743,0.42603,0.44292,39419894.64640198
2021-02-05,0.44519,0.4721,0.42437,0.45243,98723710.7769342
2021-02-04,0.39744,0.48,0.37963,0.44518,165514300.06012872
2021-02-03,0.37346,0.41999,0.37346,0.39744,75520203.65869324
2021-02-02,0.3722,0.412,0.34042,0.37334,160002378.67640176
2021-02-01,0.49573,0.75742,0.35966,0.37262,833378535.3785019
2021-01-31,0.44405,0.51,0.38758,0.49558,343906155.82847655
2021-01-30,0.28333,0.51695,0.27747,0.44508,670823567.2704815
2021-01-29,0.26442,0.317,0.25977,0.28321,167167513.18952456
2021-01-28,0.25117,0.27,0.24736,0.26427,32563538.30569313
2021-01-27,0.26871,0.26901,0.2442,0.25104,29395837.32844876
2021-01-26,0.26718,0.27148,0.25827,0.26855,20804757.43706879
2021-01-25,0.27389,0.2855,0.26705,0.26754,31429503.48944594
2021-01-24,0.27191,0.27851,0.26852,0.27362,18037841.74093441
2021-01-23,0.27298,0.28407,0.26563,0.27193,24679736.8597103
2021-01-22,0.26829,0.27886,0.24,0.27307,90328303.18088445
2021-01-21,0.29593,0.308,0.25903,0.26787,70409244.49659404
2021-01-20,0.29403,0.3117,0.27909,0.2954,49400561.56579748
2021-01-19,0.28585,0.3299,0.28434,0.29357,78102270.30346876
2021-01-18,0.27772,0.28952,0.27163,0.28597,29075701.92119971
2021-01-17,0.27926,0.28577,0.26851,0.27777,23123979.4082405
2021-01-16,0.27958,0.308,0.27542,0.27931,41953611.7823281
2021-01-15,0.29658,0.303,0.2612,0.27991,48721030.54608882
2021-01-14,0.30573,0.30877,0.28223,0.29632,56213627.46049574
2021-01-13,0.29286,0.30999,0.28421,0.3055,42879171.59791406
2021-01-12,0.2875,0.31039,0.27722,0.29287,77092629.1792176
2021-01-11,0.31526,0.31649,0.2512,0.28767,165682607.93116763
2021-01-10,0.32469,0.36799,0.28785,0.31501,136915526.70981628
2021-01-09,0.31952,0.34,0.30529,0.325,97277312.35004896
2021-01-08,0.32376,0.34588,0.28389,0.31996,178880349.64229923
2021-01-07,0.24892,0.3696,0.24521,0.32358,372068886.2365708
2021-01-06,0.22626,0.27415,0.22137,0.24892,136427298.27645886
2021-01-05,0.23584,0.24291,0.21756,0.22592,61102936.87443265
2021-01-04,0.22518,0.26185,0.21501,0.23591,96862007.20687596
2021-01-03,0.2212,0.23983,0.21511,0.22488,67791610.3326638
2021-01-02,0.2379,0.23829,0.21116,0.22126,69088351.68377312
2021-01-01,0.21936,0.25249,0.21597,0.23765,101614914.99732268
2020-12-31,0.21135,0.22904,0.20471,0.2194,81976670.66519463
2020-12-30,0.22079,0.23665,0.1919,0.21131,208464356.56311876
2020-12-29,0.2477,0.25447,0.17268,0.22107,322879784.7289345
2020-12-28,0.2834,0.30896,0.23367,0.24807,140137229.21671334
2020-12-27,0.29426,0.30999,0.26629,0.28342,124842318.467519
2020-12-26,0.31842,0.32695,0.28262,0.29374,148404349.39565095
2020-12-25,0.33814,0.38499,0.28,0.31802,369465530.9337164
2020-12-24,0.25997,0.37833,0.24061,0.33895,292687684.67631453
2020-12-23,0.446,0.44779,0.21263,0.2599,495506731.9581771
2020-12-22,0.51396,0.52187,0.40155,0.44601,151189269.01746708
2020-12-21,0.55504,0.5688,0.49752,0.51395,60095395.40342708
2020-12-20,0.57588,0.586,0.531,0.55516,44504463.4255722
2020-12-19,0.58416,0.60479,0.56618,0.57631,41168990.47501242
2020-12-18,0.57665,0.61331,0.55057,0.58373,65252792.28357826
2020-12-17,0.56871,0.65615,0.536,0.57665,185828938.99867287
2020-12-16,0.46896,0.57465,0.438,0.5687,109169148.01085404
2020-12-15,0.49856,0.50765,0.4652,0.46848,37178470.15570874
2020-12-14,0.51338,0.51912,0.48931,0.49773,18720572.5940433
2020-12-13,0.50705,0.52825,0.486,0.51383,35323588.87536605
2020-12-12,0.5413,0.55174,0.48653,0.50711,68823449.11222851
2020-12-11,0.5727,0.588,0.527,0.5413,82270096.44091947
2020-12-10,0.58324,0.58939,0.55304,0.57225,41856878.90055126
2020-12-09,0.55928,0.60558,0.50483,0.58295,82292572.12911549
2020-12-08,0.60856,0.61113,0.55104,0.55942,43810944.19206672
2020-12-07,0.62232,0.625,0.59101,0.60855,24843275.47739071
2020-12-06,0.58549,0.62888,0.58015,0.62201,46540106.76515176
2020-12-05,0.55355,0.59665,0.54815,0.58539,25146971.72645101
2020-12-04,0.631,0.63499,0.54226,0.55356,62396371.64760769
2020-12-03,0.63059,0.64291,0.6152,0.63138,25696137.13767258
2020-12-02,0.61259,0.63833,0.59597,0.63109,42894547.45711449
2020-12-01,0.66453,0.68279,0.57711,0.61217,96286607.94167829
2020-11-30,0.60552,0.67999,0.59631,0.66458,95613100.3482717
2020-11-29,0.62695,0.638,0.58315,0.60589,63801373.33255745
2020-11-28,0.56332,0.65,0.54071,0.6272,87845444.09878308
2020-11-27,0.53897,0.588,0.505,0.56327,120045023.28796238
2020-11-26,0.63093,0.652,0.45961,0.53823,294248268.8570121
2020-11-25,0.69333,0.7241,0.58408,0.63009,223349912.61105382
2020-11-24,0.61539,0.78,0.56684,0.69325,375187332.4723052
2020-11-23,0.44544,0.6203,0.43041,0.61509,211538230.6333657
2020-11-22,0.46163,0.49567,0.40266,0.44508,228187090.48559093
2020-11-21,0.32998,0.46939,0.32929,0.46206,189221766.48466334
2020-11-20,0.30377,0.33178,0.297,0.3298,33247413.83767
2020-11-19,0.29352,0.30687,0.28343,0.30393,19302788.77429392
2020-11-18,0.30259,0.30852,0.28081,0.29304,37508117.57851256
2020-11-17,0.28815,0.30535,0.28733,0.30258,32762246.53933116
2020-11-16,0.2695,0.2899,0.26741,0.28775,21507023.27524594
2020-11-15,0.26818,0.27676,0.2644,0.26953,16574368.66259654
2020-11-14,0.26569,0.27764,0.261,0.26811,21912276.0672734
2020-11-13,0.25475,0.26576,0.25353,0.26553,10478477.60199081
2020-11-12,0.25614,0.25837,0.25247,0.25477,5296176.99943685
2020-11-11,0.25392,0.26021,0.2525,0.25613,8375536.05702976
2020-11-10,0.25047,0.26466,0.24809,0.25392,13487972.61044477
2020-11-09,0.25392,0.25639,0.24563,0.25045,10533517.70444919
2020-11-08,0.24959,0.257,0.24771,0.25409,6095668.85087371
2020-11-07,0.25835,0.26722,0.245,0.24948,22030809.25734909
2020-11-06,0.24559,0.26147,0.24494,0.25845,16293009.07678312
2020-11-05,0.23803,0.24725,0.23716,0.24549,12113840.60677907
2020-11-04,0.23985,0.24067,0.23215,0.23771,6206523.98859575
2020-11-03,0.2354,0.24396,0.22759,0.23971,13713965.6925957
2020-11-02,0.24013,0.24492,0.2326,0.23526,5846978.75317495
2020-11-01,0.23959,0.24141,0.23622,0.23993,6415005.88964738
2020-10-31,0.23926,0.24357,0.23744,0.23969,5934782.82589682
2020-10-30,0.24234,0.24414,0.23053,0.2393,13397745.60240989
2020-10-29,0.24532,0.24753,0.23954,0.2422,6356689.10782637
2020-10-28,0.25269,0.25673,0.24446,0.24537,8348588.05169279
2020-10-27,0.24824,0.254,0.24751,0.25277,6083755.58872905
2020-10-26,0.25331,0.25924,0.24354,0.24827,11045764.35618407
2020-10-25,0.25641,0.25753,0.25104,0.25325,5699114.24132742
2020-10-24,0.25497,0.25804,0.25262,0.25655,3329783.49909689
2020-10-23,0.25724,0.25944,0.25019,0.25497,5985270.7129729
2020-10-22,0.25149,0.26392,0.25149,0.25721,13527115.32801279
2020-10-21,0.24345,0.25596,0.24289,0.25154,10160949.1731079
2020-10-20,0.24605,0.25099,0.24153,0.24351,6118179.91998041
2020-10-19,0.24257,0.24981,0.24021,0.24588,4771425.07882268
2020-10-18,0.24069,0.24398,0.24024,0.24259,3031509.45232551
2020-10-17,0.24052,0.24364,0.23892,0.24069,2909098.4311863
2020-10-16,0.24609,0.24836,0.2373,0.24024,9956805.16603112
2020-10-15,0.24955,0.25051,0.24267,0.24623,16493501.74577324
2020-10-14,0.25698,0.25876,0.24626,0.24944,23207954.70675903
2020-10-13,0.25668,0.26061,0.25295,0.25706,11367302.05122174
2020-10-12,0.25557,0.25864,0.24916,0.25668,7003785.77411114
2020-10-11,0.25419,0.2589,0.25356,0.25565,4681511.2042356
2020-10-10,0.25338,0.26067,0.25314,0.25417,10811564.82609202
2020-10-09,0.25196,0.25738,0.25001,0.25347,6817822.85462185
2020-10-08,0.2491,0.2533,0.24232,0.25182,8398246.97502359
2020-10-07,0.24547,0.2516,0.24119,0.24909,8189839.42243319
2020-10-06,0.251,0.25993,0.24085,0.24577,20368103.29168814
2020-10-05,0.24844,0.25479,0.24696,0.25088,10688131.87565314
2020-10-04,0.23315,0.25065,0.232,0.24833,11836724.81685072
2020-10-03,0.23422,0.23556,0.2327,0.23311,2357673.68763305
2020-10-02,0.23836,0.23985,0.22888,0.23433,8926364.36531614
2020-10-01,0.24229,0.24498,0.2342,0.2386,7272611.56005753
2020-09-30,0.24308,0.24317,0.23804,0.24216,3328981.97642558
2020-09-29,0.24136,0.24709,0.23886,0.2434,5425259.26928313
2020-09-28,0.244,0.24909,0.2403,0.24151,6871714.09674752
2020-09-27,0.2421,0.24526,0.23754,0.24395,4431575.50970292
2020-09-26,0.24214,0.24632,0.23817,0.24202,5334768.51207549
2020-09-25,0.23341,0.24541,0.2301,0.24175,9500217.1536101
2020-09-24,0.22196,0.23453,0.2201,0.23301,6064005.73221208
2020-09-23,0.23339,0.2355,0.22061,0.22194,8264442.69200623
2020-09-22,0.23148,0.23507,0.22996,0.23366,7913749.71571515
2020-09-21,0.24707,0.24878,0.22951,0.23122,15573429.88091345
2020-09-20,0.25156,0.25176,0.24301,0.24702,5625777.21959731
2020-09-19,0.25105,0.25546,0.24779,0.25181,4197194.23006567
2020-09-18,0.25272,0.2559,0.24681,0.2512,6108025.15672081
2020-09-17,0.24737,0.2589,0.24648,0.25273,10098483.98336242
2020-09-16,0.24336,0.2516,0.23453,0.24735,7803428.97514437
2020-09-15,0.24589,0.24981,0.24251,0.24345,4901336.93235342
2020-09-14,0.2422,0.2491,0.2391,0.246,5410656.25635707
2020-09-13,0.2478,0.2545,0.238,0.24218,11507264.05139704
2020-09-12,0.24284,0.249,0.24033,0.2477,5198919.62908317
2020-09-11,0.24347,0.2448,0.23706,0.24284,5171725.52465009
2020-09-10,0.23954,0.24926,0.23935,0.24343,7018265.83845987
2020-09-09,0.23721,0.24328,0.23361,0.23952,8054930.35557151
2020-09-08,0.24284,0.2441,0.23143,0.23715,7662308.9931130605
2020-09-07,0.24025,0.24396,0.2303,0.24277,12209234.67111258
2020-09-06,0.23823,0.24458,0.23041,0.23979,11234783.84444672
2020-09-05,0.25467,0.26034,0.23213,0.23831,22843558.16303367
2020-09-04,0.2443,0.26599,0.24067,0.25487,23135024.55708507
2020-09-03,0.27606,0.27658,0.2385,0.24481999999999998,30373441.57567201
2020-09-02,0.29554,0.3049200000000001,0.26156,0.27659,43747375.91171573
2020-09-01,0.2816,0.29955999999999994,0.27601,0.29593,22481505.84797003
2020-08-31,0.28351,0.28531,0.27829,0.28177,10044612.53368102
2020-08-30,0.27435,0.2843,0.27435,0.28342,11713175.86679355
2020-08-29,0.27231,0.27761,0.26895,0.2743399999999999,9689110.53947844
2020-08-28,0.26489,0.27375000000000005,0.26039,0.27237999999999996,8680634.12986967
2020-08-27,0.27664,0.27849,0.255,0.26439,22048869.00342157
2020-08-26,0.27659,0.28092,0.27416,0.2766100000000001,8092310.53237221
2020-08-25,0.28887,0.29037,0.2702,0.27658000000000005,14527214.21532886
2020-08-24,0.28527,0.2924300000000001,0.28242,0.28886,7611368.74420741
2020-08-23,0.28634,0.28862,0.27766,0.28518,8516866.84893064
2020-08-22,0.27954,0.28725999999999996,0.2734,0.28633999999999993,9305457.12590836
2020-08-21,0.29249,0.2961500000000001,0.27728,0.27952000000000005,16955229.00310393
2020-08-20,0.29021,0.29501999999999995,0.28489,0.29290000000000005,11171809.63381265
2020-08-19,0.30284,0.30646,0.27933,0.29039,29248252.39976507
2020-08-18,0.31616,0.32224,0.29824,0.30283,29614741.90774306
2020-08-17,0.30484,0.3275,0.2975,0.31629000000000007,44669112.09407168
2020-08-16,0.2994,0.30500000000000005,0.29269,0.30484999999999995,16717814.88385868
2020-08-15,0.30051,0.306,0.2918,0.29936999999999997,24069939.39950617
2020-08-14,0.29473,0.30761,0.29,0.30027,21350675.75233796
2020-08-13,0.28254,0.29595,0.2725,0.2947699999999999,19529913.67302618
2020-08-12,0.2827,0.28706,0.27171,0.28240999999999994,15889306.11777254
2020-08-11,0.29478,0.30743999999999994,0.26756,0.2823800000000001,34991462.46727665
2020-08-10,0.28821,0.30053,0.284,0.29478,18646990.97990437
2020-08-09,0.29536,0.29851999999999995,0.28207,0.28781000000000007,11930506.05112227
2020-08-08,0.29429,0.29858,0.2899,0.29546,10028540.01988926
2020-08-07,0.30296,0.31000000000000005,0.27742,0.29427000000000003,29602982.54865039
2020-08-06,0.30239,0.3112,0.29712,0.30296000000000006,18825880.17304911
2020-08-05,0.30124,0.30795000000000006,0.29086,0.30239000000000005,18839867.16885674
2020-08-04,0.31023,0.319,0.29026,0.30124,25108229.33133275
2020-08-03,0.28792,0.3195,0.28383,0.30974,44324133.73255089
2020-08-02,0.29127,0.32619999999999993,0.24158000000000002,0.28764,99682991.46384406
2020-08-01,0.2597,0.29758000000000007,0.25578,0.29103,57748635.18434037
2020-07-31,0.24461,0.26078000000000007,0.24201,0.25982999999999995,19132297.7262852
2020-07-30,0.24375,0.25,0.23425,0.24462,18109772.55999829
2020-07-29,0.23085,0.25049,0.22950000000000004,0.24370000000000003,29291343.09023032
2020-07-28,0.2247,0.23499,0.21773,0.2307,24748992.37759136
2020-07-27,0.21546,0.22979,0.20919,0.2248,30331722.92723793
2020-07-26,0.21491,0.2254,0.21237,0.21551000000000003,24636426.06009293
2020-07-25,0.20431,0.21784,0.20401,0.21499,15564208.87353815
2020-07-24,0.20878,0.20881999999999998,0.20212,0.20445,12952249.88660644
2020-07-23,0.20411,0.21096,0.20208,0.20880999999999997,16241484.54177522
2020-07-22,0.19996,0.2051,0.19649,0.20407999999999998,9052546.45481642
2020-07-21,0.19497,0.20145,0.19429,0.1999,7346829.17898521
2020-07-20,0.19992,0.20067999999999997,0.19223,0.19501999999999997,9072483.36246437
2020-07-19,0.20018,0.20232,0.1961,0.19978,9105173.42015893
2020-07-18,0.1946,0.2023,0.1941,0.2002,8507228.92
2020-07-17,0.1944,0.1984,0.1915,0.1946,6075209.74
2020-07-16,0.1974,0.1977,0.1886,0.1944,9515133.24
2020-07-15,0.1992,0.2,0.1964,0.1974,4549667.28
2020-07-14,0.1989,0.2002,0.1953,0.1992,6542589.21
2020-07-13,0.2016,0.207,0.1925,0.1989,15689344.87
2020-07-12,0.2012,0.2045,0.1979,0.2016,7435809.08
2020-07-11,0.1994,0.205,0.1981,0.2012,9579359.4
2020-07-10,0.2028,0.2029,0.1924,0.1994,10563585.92
2020-07-09,0.2057,0.212,0.1972,0.2028,26414308.58
2020-07-08,0.1854,0.207,0.1842,0.2057,23694717.14
2020-07-07,0.189,0.19,0.1832,0.1854,7698065.12
2020-07-06,0.1774,0.1895,0.1767,0.189,13714308.6
2020-07-05,0.1783,0.1789,0.1738,0.1774,4536525.18
2020-07-04,0.1766,0.1797,0.1762,0.1783,3465656.92
2020-07-03,0.1749,0.179,0.1745,0.1766,4687517.76
2020-07-02,0.1767,0.1775,0.1723,0.1749,7957419.34
2020-07-01,0.1753,0.1784,0.174,0.1767,4195035.5
2020-06-30,0.1773,0.1779,0.175,0.1757,3572057.93
2020-06-29,0.1771,0.1796,0.1752,0.1773,5596628.66
2020-06-28,0.1752,0.1799,0.173,0.177,6917305.23
2020-06-27,0.1827,0.1836,0.169,0.1752,11000609.68
2020-06-26,0.1817,0.1868,0.1786,0.1827,5526882.12
2020-06-25,0.1836,0.1842,0.1787,0.1817,7538301.38
2020-06-24,0.1892,0.1906,0.1816,0.1837,8243010.14
2020-06-23,0.1895,0.1907,0.1885,0.1892,2617449.61
2020-06-22,0.1861,0.1906,0.1859,0.1895,4709021.0
2020-06-21,0.1883,0.1888,0.1858,0.1861,2122028.45
2020-06-20,0.1872,0.1892,0.1845,0.1883,3963016.86
2020-06-19,0.19,0.1905,0.1866,0.1872,5286113.85
2020-06-18,0.1933,0.1933,0.1884,0.19,4830804.85
2020-06-17,0.1925,0.1989,0.1884,0.1933,9154635.64
2020-06-16,0.1925,0.1941,0.1901,0.1925,3750733.0
2020-06-15,0.1904,0.1935,0.1822,0.1925,6858853.98
2020-06-14,0.1925,0.1926,0.1888,0.1904,3659096.56
2020-06-13,0.1931,0.1938,0.1909,0.1925,3404609.71
2020-06-12,0.1881,0.1949,0.1869,0.1931,5599861.43
2020-06-11,0.203,0.2039,0.184,0.1881,16124007.49
2020-06-10,0.2012,0.2039,0.1997,0.203,3777664.98
2020-06-09,0.2043,0.2054,0.1998,0.2012,7496834.31
2020-06-08,0.2034,0.2047,0.2014,0.2043,3658406.27
2020-06-07,0.2037,0.205,0.1981,0.2034,5855159.87
2020-06-06,0.2026,0.205,0.201,0.2037,4262965.76
2020-06-05,0.2042,0.2058,0.2012,0.2026,5646271.87
2020-06-04,0.2042,0.2074,0.1994,0.2042,6470608.29
2020-06-03,0.2033,0.2049,0.2007,0.2042,7678596.92
2020-06-02,0.2112,0.2152,0.1975,0.2033,16433599.14
2020-06-01,0.2025,0.213,0.2011,0.2112,9097167.07
2020-05-31,0.2071,0.2138,0.2005,0.2025,14046893.5
2020-05-30,0.1977,0.2079,0.1961,0.2071,9712447.61
2020-05-29,0.2008,0.2034,0.1964,0.1977,6244153.48
2020-05-28,0.1981,0.2014,0.1951,0.2008,6252527.17
2020-05-27,0.1936,0.2011,0.1936,0.1981,6864365.52
2020-05-26,0.1961,0.1968,0.1914,0.1936,3050944.73
2020-05-25,0.1923,0.1972,0.1893,0.1961,7808404.61
2020-05-24,0.1986,0.2016,0.1923,0.1923,5926150.41
2020-05-23,0.2004,0.2022,0.198,0.1986,6891438.94
2020-05-22,0.1942,0.2026,0.1921,0.2004,6215352.17
2020-05-21,0.2014,0.2028,0.1892,0.1942,10163503.46
2020-05-20,0.2048,0.2062,0.1972,0.2014,6623207.04
2020-05-19,0.2053,0.2064,0.2006,0.2048,5797146.14
2020-05-18,0.2011,0.2081,0.2011,0.2053,8921185.56
2020-05-17,0.1996,0.2048,0.1988,0.2011,5106268.04
2020-05-16,0.1981,0.2023,0.1965,0.1996,5285051.41
2020-05-15,0.2041,0.2048,0.1953,0.1981,10427146.15
2020-05-14,0.2019,0.2064,0.1981,0.2041,9444088.15
2020-05-13,0.197,0.2043,0.1959,0.2019,6382932.81
2020-05-12,0.1923,0.1999,0.1912,0.197,7125024.37
2020-05-11,0.1972,0.2,0.1845,0.1923,14492599.68
2020-05-10,0.2164,0.2164,0.175,0.1972,39271854.94
2020-05-09,0.2187,0.2251,0.2155,0.2164,12317398.17
2020-05-08,0.2188,0.2223,0.2143,0.2187,14355412.27
2020-05-07,0.212,0.2217,0.2098,0.2188,12857976.82
2020-05-06,0.2169,0.2224,0.21,0.212,8161371.21
2020-05-05,0.2178,0.2223,0.213,0.2169,6175809.04
2020-05-04,0.2193,0.2209,0.2072,0.2178,14817226.59
2020-05-03,0.2239,0.2268,0.2155,0.2193,12186233.5
2020-05-02,0.2178,0.2256,0.2154,0.2239,8357729.43
2020-05-01,0.2116,0.2245,0.2112,0.2178,11049360.79
2020-04-30,0.2262,0.2357,0.2082,0.2116,36464467.66
2020-04-29,0.2142,0.2303,0.2139,0.2262,23825827.99
2020-04-28,0.1976,0.2178,0.1947,0.2142,23380396.27
2020-04-27,0.1963,0.1996,0.1942,0.1976,7428611.38
2020-04-26,0.1942,0.1978,0.191,0.1963,6736090.65
2020-04-25,0.1936,0.1979,0.1916,0.1942,8435122.13
2020-04-24,0.1931,0.1973,0.1922,0.1936,10608978.62
2020-04-23,0.1885,0.2,0.1861,0.1931,15490086.42
2020-04-22,0.1835,0.19,0.1822,0.1885,6876127.95
2020-04-21,0.1818,0.1867,0.1813,0.1834,8223460.31
2020-04-20,0.1892,0.195,0.1785,0.1818,16335595.33
2020-04-19,0.1959,0.1966,0.1878,0.1892,9461409.9
2020-04-18,0.1894,0.1977,0.1888,0.1959,12522691.79
2020-04-17,0.191,0.1922,0.1866,0.1894,8614973.23
2020-04-16,0.1809,0.1937,0.1743,0.191,22996096.32
2020-04-15,0.186,0.1898,0.1802,0.1809,9546861.47
2020-04-14,0.1881,0.1895,0.1835,0.1862,8031725.03
2020-04-13,0.1899,0.1899,0.1801,0.1881,16528855.2
2020-04-12,0.1886,0.1963,0.1863,0.1899,12447485.36
2020-04-11,0.188,0.1925,0.1853,0.1886,9809889.13
2020-04-10,0.1985,0.199,0.1819,0.188,17692113.95
2020-04-09,0.2022,0.2023,0.1937,0.1985,8454533.27
2020-04-08,0.193,0.2033,0.1918,0.2022,13002337.98
2020-04-07,0.1986,0.2052,0.1901,0.193,21442799.15
2020-04-06,0.1795,0.199,0.1795,0.1986,22117055.96
2020-04-05,0.1818,0.1827,0.1769,0.1795,6264428.46
2020-04-04,0.1797,0.1839,0.178,0.1818,10201382.31
2020-04-03,0.1787,0.183,0.1765,0.1797,11127693.11
2020-04-02,0.176,0.1876,0.1751,0.1787,20968562.27
2020-04-01,0.1741,0.1772,0.1682,0.176,11022839.08
2020-03-31,0.1715,0.1785,0.1707,0.1741,10477146.37
2020-03-30,0.163,0.1762,0.163,0.1715,17172717.08
2020-03-29,0.1759,0.177,0.1621,0.163,19915592.77
2020-03-28,0.1729,0.1801,0.1664,0.176,30370346.77
2020-03-27,0.1764,0.1877,0.1697,0.1729,29644741.88
2020-03-26,0.1618,0.178,0.1601,0.1764,19043454.51
2020-03-25,0.1629,0.1656,0.1569,0.1618,16213273.75
2020-03-24,0.1593,0.164,0.1574,0.1629,20083917.09
2020-03-23,0.1479,0.1623,0.145,0.1593,20126287.97
2020-03-22,0.1582,0.162,0.1464,0.1479,14397597.24
2020-03-21,0.1568,0.1626,0.1517,0.1583,15148356.82
2020-03-20,0.1651,0.1753,0.1447,0.1568,44297303.87
2020-03-19,0.1482,0.1732,0.1447,0.1651,26080934.18
2020-03-18,0.1477,0.15,0.1404,0.1482,14672808.71
2020-03-17,0.142,0.1531,0.1408,0.1477,22416646.82
2020-03-16,0.1536,0.1538,0.1286,0.142,39879422.49
2020-03-15,0.1469,0.166,0.1453,0.1536,22713997.31
2020-03-14,0.1598,0.1608,0.1442,0.1467,22436901.0
2020-03-13,0.1374,0.1676,0.11,0.1597,164261394.23
2020-03-12,0.2094,0.2109,0.1283,0.1374,209859885.84
2020-03-11,0.2126,0.2142,0.2001,0.2094,15067934.43
2020-03-10,0.2105,0.2163,0.2061,0.2126,12219624.84
2020-03-09,0.2048,0.2127,0.199,0.2105,25696386.43
2020-03-08,0.2371,0.2371,0.2005,0.2048,44000770.61
2020-03-07,0.2458,0.2462,0.2358,0.2371,11326937.59
2020-03-06,0.2399,0.247,0.2392,0.246,7897485.2
2020-03-05,0.2355,0.2442,0.2355,0.2399,10589180.14
2020-03-04,0.2351,0.239,0.2311,0.2355,8446290.03
2020-03-03,0.2403,0.2403,0.2306,0.2351,11577611.92
2020-03-02,0.2278,0.2422,0.2265,0.2403,12147764.96
2020-03-01,0.23,0.237,0.2251,0.2278,17609222.43
2020-02-29,0.2374,0.243,0.23,0.23,14929526.04
2020-02-28,0.2385,0.2445,0.229,0.2376,19600124.06
2020-02-27,0.2293,0.2472,0.2243,0.2385,24402254.99
2020-02-26,0.2528,0.2557,0.2229,0.2293,48574881.13
2020-02-25,0.2708,0.2712,0.251,0.2528,22666933.44
2020-02-24,0.284,0.2858,0.2641,0.2708,23933988.66
2020-02-23,0.2755,0.2852,0.275,0.284,21183166.85
2020-02-22,0.2745,0.2787,0.27,0.2755,9686881.09
2020-02-21,0.2711,0.279,0.2686,0.2743,16786256.33
2020-02-20,0.2748,0.2813,0.2611,0.2711,22854017.03
2020-02-19,0.2984,0.3095,0.271,0.2748,34602426.28
2020-02-18,0.2872,0.303,0.2762,0.2984,33105685.2
2020-02-17,0.2925,0.2951,0.2702,0.2872,43560336.02
2020-02-16,0.3074,0.3186,0.2705,0.2925,56496273.68
2020-02-15,0.3357,0.3464,0.2941,0.3074,59983059.34
2020-02-14,0.3271,0.3389,0.3106,0.3359,40036850.52
2020-02-13,0.3042,0.3392,0.2998,0.3271,96618421.03
2020-02-12,0.281,0.3088,0.281,0.3042,43429433.59
2020-02-11,0.2735,0.2832,0.2672,0.281,14920284.28
2020-02-10,0.2823,0.283,0.2673,0.2735,22432060.37
2020-02-09,0.277,0.2888,0.276,0.2823,19103408.97
2020-02-08,0.2791,0.282,0.2642,0.277,19958060.59
2020-02-07,0.2829,0.2872,0.2767,0.2791,18497253.61
2020-02-06,0.2778,0.2879,0.2611,0.2829,45732878.21
2020-02-05,0.2674,0.2827,0.2674,0.2778,50506746.64
2020-02-04,0.255,0.2709,0.248,0.2674,32079368.35
2020-02-03,0.2514,0.2604,0.2472,0.255,15944342.57
2020-02-02,0.2418,0.2625,0.236,0.2514,24197133.1
2020-02-01,0.2399,0.2436,0.2372,0.2418,9112931.05
2020-01-31,0.2434,0.2448,0.2341,0.2399,15003309.05
2020-01-30,0.2356,0.2465,0.2308,0.2434,21829796.95
2020-01-29,0.2395,0.2424,0.2342,0.2356,11175695.59
2020-01-28,0.2309,0.2418,0.2309,0.2395,16461327.17
2020-01-27,0.2315,0.2339,0.2263,0.2309,10508011.38
2020-01-26,0.2197,0.2326,0.2178,0.2315,7820288.07
2020-01-25,0.2224,0.2228,0.2166,0.2197,6743092.71
2020-01-24,0.2258,0.2263,0.2141,0.2224,15244975.75
2020-01-23,0.237,0.2372,0.2208,0.2258,13856325.58
2020-01-22,0.2368,0.2399,0.2321,0.237,8961206.66
2020-01-21,0.2328,0.2417,0.2303,0.2368,13384334.6
2020-01-20,0.2354,0.2362,0.224,0.2328,14826330.98
2020-01-19,0.2428,0.2517,0.2262,0.2354,23518987.8
2020-01-18,0.238,0.2546,0.2311,0.2428,35792051.0
2020-01-17,0.2289,0.2437,0.2263,0.238,26048177.43
2020-01-16,0.2336,0.2349,0.2212,0.2289,18270840.2
2020-01-15,0.2338,0.2429,0.2255,0.2336,39623196.48
2020-01-14,0.2112,0.2445,0.2111,0.2338,51314573.53
2020-01-13,0.2152,0.2155,0.2097,0.2112,6563496.48
2020-01-12,0.211,0.2164,0.2095,0.2152,10296374.19
2020-01-11,0.2123,0.2198,0.2081,0.2114,23170973.86
2020-01-10,0.2038,0.2127,0.2005,0.2123,18508724.37
2020-01-09,0.2072,0.2087,0.2011,0.2038,10882242.85
2020-01-08,0.2135,0.2189,0.2035,0.2072,18169374.3
2020-01-07,0.223,0.2256,0.2079,0.2135,29081317.4
2020-01-06,0.1947,0.2244,0.1946,0.223,34654903.4
2020-01-05,0.1939,0.1977,0.1935,0.1947,11000077.12
2020-01-04,0.1941,0.1946,0.1917,0.1935,3970285.11
2020-01-03,0.1882,0.1948,0.1852,0.1941,13383798.71
2020-01-02,0.1933,0.1934,0.186,0.1882,13457757.19
2020-01-01,0.1933,0.1966,0.1924,0.1933,7264490.22
2019-12-31,0.1935,0.1948,0.1901,0.1933,7192268.16
2019-12-30,0.1974,0.1984,0.1925,0.1935,5816385.02
2019-12-29,0.1936,0.1991,0.1914,0.1974,8922319.66
2019-12-28,0.1908,0.1956,0.1908,0.1937,8223311.87
2019-12-27,0.1903,0.1909,0.185,0.1908,6276748.23
2019-12-26,0.1892,0.1948,0.188,0.1903,11205024.34
2019-12-25,0.1915,0.1918,0.1867,0.1892,5367087.24
2019-12-24,0.1906,0.1942,0.1881,0.1915,6765045.21
2019-12-23,0.1972,0.1994,0.189,0.1906,13955025.85
2019-12-22,0.1923,0.1975,0.1915,0.1972,12573621.18
2019-12-21,0.196,0.197,0.191,0.1924,10471214.19
2019-12-20,0.1887,0.1991,0.1845,0.196,17526262.35
2019-12-19,0.1969,0.1983,0.186,0.1887,11549099.23
2019-12-18,0.1843,0.202,0.176,0.1969,49864780.76
2019-12-17,0.2067,0.2067,0.1785,0.1843,58236450.3
2019-12-16,0.2183,0.2183,0.2034,0.2067,13612144.43
2019-12-15,0.2173,0.2204,0.2155,0.2183,4413976.61
2019-12-14,0.2216,0.2216,0.2155,0.2173,4924377.0
2019-12-13,0.2194,0.2218,0.2162,0.2216,6693158.0
2019-12-12,0.2216,0.2237,0.2175,0.2194,8447848.61
2019-12-11,0.2238,0.2248,0.2208,0.2216,7079493.37
2019-12-10,0.2255,0.2265,0.2198,0.2238,7991834.1
2019-12-09,0.231,0.2323,0.2219,0.2255,16640826.24
2019-12-08,0.2288,0.2339,0.2256,0.231,20393004.36
2019-12-07,0.2274,0.2297,0.2246,0.2288,22819679.34
2019-12-06,0.2229,0.2286,0.2203,0.2274,27033960.85
2019-12-05,0.2152,0.2272,0.2128,0.2229,38137207.08
2019-12-04,0.2208,0.2275,0.2112,0.2152,23583174.51
2019-12-03,0.2207,0.2238,0.2192,0.2208,5868269.82
2019-12-02,0.2263,0.2277,0.2187,0.2207,9600801.93
2019-12-01,0.2267,0.2269,0.2199,0.2263,7171366.35
2019-11-30,0.2315,0.2335,0.2249,0.2267,5374943.03
2019-11-29,0.2243,0.234,0.2236,0.2315,7165818.07
2019-11-28,0.225,0.2308,0.2238,0.224,9742162.07
2019-11-27,0.2216,0.2306,0.214,0.225,18688577.85
2019-11-26,0.2186,0.223,0.2147,0.2216,21561149.91
2019-11-25,0.2219,0.2269,0.2026,0.2186,79833792.17
2019-11-24,0.2356,0.2365,0.2202,0.2219,37191662.74
2019-11-23,0.2313,0.237,0.2268,0.2356,17044710.14
2019-11-22,0.245,0.2471,0.2225,0.2313,35336040.62
2019-11-21,0.2508,0.2542,0.2367,0.245,19335501.68
2019-11-20,0.2549,0.2593,0.249,0.2508,15384094.88
2019-11-19,0.2525,0.2576,0.244,0.2549,22432140.69
2019-11-18,0.2641,0.2642,0.242,0.2525,20039390.87
2019-11-17,0.2632,0.2671,0.2598,0.2641,9402178.42
2019-11-16,0.2611,0.2648,0.2592,0.2632,6037423.05
2019-11-15,0.2682,0.27,0.253,0.2611,25322533.98
2019-11-14,0.273,0.2747,0.2639,0.2687,19783789.59
2019-11-13,0.2725,0.2759,0.2708,0.273,9500139.6
2019-11-12,0.2747,0.2766,0.268,0.2725,20289673.76
2019-11-11,0.2798,0.2815,0.2702,0.2747,19621567.42
2019-11-10,0.2803,0.2848,0.2771,0.2798,13298608.97
2019-11-09,0.2761,0.2824,0.275,0.2803,12029540.08
2019-11-08,0.2907,0.2915,0.271,0.2761,28554001.78
2019-11-07,0.3109,0.315,0.2741,0.2907,42908372.08
2019-11-06,0.3016,0.3141,0.2978,0.3109,17939851.52
2019-11-05,0.3005,0.3066,0.2961,0.3016,16171018.75
2019-11-04,0.2912,0.3019,0.2901,0.3005,12851561.88
2019-11-03,0.296,0.2974,0.2891,0.2912,11496646.92
2019-11-02,0.2931,0.2995,0.2931,0.296,13168640.23
2019-11-01,0.2955,0.2957,0.286,0.2931,8522137.08
2019-10-31,0.2956,0.2993,0.2889,0.2957,8575856.32
2019-10-30,0.3028,0.307,0.2909,0.2956,8892396.43
2019-10-29,0.2953,0.3102,0.2951,0.3028,15679221.78
2019-10-28,0.2997,0.3065,0.2945,0.2953,10252033.04
2019-10-27,0.295,0.3034,0.291,0.2997,15458327.8
2019-10-26,0.2994,0.3153,0.2844,0.295,39402843.88
2019-10-25,0.2771,0.31,0.2751,0.2994,42655916.78
2019-10-24,0.274,0.281,0.2668,0.2771,16670359.12
2019-10-23,0.2915,0.2925,0.2501,0.274,47057802.83
2019-10-22,0.2938,0.3038,0.2897,0.2915,17736223.36
2019-10-21,0.2952,0.2956,0.29,0.2938,9387760.78
2019-10-20,0.293,0.2977,0.283,0.2952,17912457.15
2019-10-19,0.2952,0.3009,0.2886,0.293,11140638.61
2019-10-18,0.3024,0.3028,0.2855,0.2952,19236362.12
2019-10-17,0.2844,0.3048,0.2806,0.3024,22074124.7
2019-10-16,0.2888,0.2928,0.2792,0.2844,14964235.96
2019-10-15,0.2981,0.3,0.2832,0.2888,16828497.56
2019-10-14,0.2779,0.2992,0.277,0.2981,24255742.63
2019-10-13,0.273,0.2826,0.272,0.2779,10990660.34
2019-10-12,0.2682,0.278,0.2679,0.273,7667752.74
2019-10-11,0.2717,0.2763,0.2654,0.2682,13321703.96
2019-10-10,0.282,0.2831,0.2662,0.2717,13173977.38
2019-10-09,0.2787,0.289,0.2747,0.282,20559637.68
2019-10-08,0.2768,0.2867,0.2722,0.2787,25466802.37
2019-10-07,0.256,0.2827,0.2542,0.2768,41662047.86
2019-10-06,0.2543,0.2573,0.2516,0.256,15448466.32
2019-10-05,0.2536,0.2577,0.2455,0.2543,35722356.45
2019-10-04,0.2477,0.2579,0.2453,0.2536,11890775.27
2019-10-03,0.2539,0.2547,0.2425,0.2477,12960920.39
2019-10-02,0.2489,0.256,0.2456,0.2539,16479588.52
2019-10-01,0.2583,0.2619,0.2459,0.2489,23369162.95
2019-09-30,0.2411,0.263,0.2362,0.2583,32713242.95
2019-09-29,0.243,0.2435,0.2348,0.2411,10402414.99
2019-09-28,0.2429,0.2456,0.2387,0.243,9440433.53
2019-09-27,0.2436,0.248,0.234,0.2429,16750285.68
2019-09-26,0.2466,0.2507,0.2289,0.2436,25477460.76
2019-09-25,0.2338,0.2507,0.2324,0.2466,37280177.9
2019-09-24,0.2678,0.2731,0.2126,0.2338,82456664.09
2019-09-23,0.2772,0.2873,0.2661,0.2678,24787776.69
2019-09-22,0.2905,0.2905,0.2685,0.2772,21863936.08
2019-09-21,0.2945,0.2984,0.287,0.2905,10661175.6
2019-09-20,0.3021,0.3033,0.2843,0.2945,17256930.0
2019-09-19,0.3143,0.3143,0.2824,0.3021,56214783.48
2019-09-18,0.2861,0.3273,0.286,0.3143,63411778.19
2019-09-17,0.2625,0.2989,0.2606,0.2861,54353737.68
2019-09-16,0.2611,0.264,0.2573,0.2625,8863651.22
2019-09-15,0.2625,0.265,0.2591,0.2611,6484398.46
2019-09-14,0.2561,0.266,0.2546,0.2625,13170249.45
2019-09-13,0.2551,0.2567,0.2526,0.2561,6769959.19
2019-09-12,0.2557,0.2574,0.2516,0.2551,7194138.64
2019-09-11,0.2587,0.2614,0.2511,0.2557,8583816.52
2019-09-10,0.2592,0.2642,0.254,0.2587,5340190.5
2019-09-09,0.263,0.2656,0.2574,0.2592,9559529.93
2019-09-08,0.2609,0.267,0.2566,0.263,9678086.83
2019-09-07,0.2518,0.264,0.2505,0.2609,9383510.49
2019-09-06,0.2566,0.2596,0.2475,0.2518,10817948.74
2019-09-05,0.2591,0.2601,0.254,0.2566,11420510.83
2019-09-04,0.2635,0.2635,0.257,0.2591,12740465.54
2019-09-03,0.2616,0.2673,0.2586,0.2635,10327813.61
2019-09-02,0.257,0.2648,0.2537,0.2616,13569842.71
2019-09-01,0.2586,0.2597,0.2512,0.257,8164411.49
2019-08-31,0.256,0.261,0.2536,0.2586,6178355.67
2019-08-30,0.2573,0.2578,0.2533,0.256,8176799.25
2019-08-29,0.2566,0.2631,0.2481,0.2573,15471704.77
2019-08-28,0.2697,0.2698,0.245,0.2566,18763374.62
2019-08-27,0.2704,0.2707,0.2633,0.2697,9787831.36
2019-08-26,0.2697,0.2807,0.2675,0.2704,12551707.89
2019-08-25,0.2721,0.2768,0.2658,0.2697,12199955.2
2019-08-24,0.2774,0.2782,0.2638,0.2721,10024083.66
2019-08-23,0.2711,0.2787,0.2678,0.2774,10155950.59
2019-08-22,0.2664,0.2745,0.2606,0.2711,11220811.31
2019-08-21,0.2747,0.275,0.2584,0.2664,13809691.96
2019-08-20,0.2824,0.283,0.2702,0.2747,11726988.94
2019-08-19,0.2841,0.2916,0.276,0.2824,25676851.43
2019-08-18,0.2657,0.2935,0.2641,0.2841,34788133.99
2019-08-17,0.2612,0.2704,0.2588,0.2657,19699456.02
2019-08-16,0.2647,0.2657,0.2551,0.2612,16511090.67
2019-08-15,0.2639,0.2692,0.2492,0.2647,33388884.49
2019-08-14,0.298,0.299,0.2365,0.2639,82132223.83
2019-08-13,0.3008,0.3013,0.293,0.298,9117807.67
2019-08-12,0.3034,0.3056,0.298,0.3008,4200437.69
2019-08-11,0.2994,0.3067,0.2955,0.3034,7524411.04
2019-08-10,0.2972,0.3063,0.2911,0.2994,13810526.0
2019-08-09,0.3091,0.3102,0.2902,0.2972,14671774.57
2019-08-08,0.3118,0.3123,0.3051,0.3091,8779004.56
2019-08-07,0.3115,0.3161,0.3058,0.3118,10679392.66
2019-08-06,0.3224,0.3249,0.3075,0.3115,15740529.3
2019-08-05,0.3192,0.332,0.3192,0.3224,17710738.72
2019-08-04,0.316,0.3234,0.3124,0.3192,12238392.52
2019-08-03,0.311,0.3177,0.3107,0.316,7440465.37
2019-08-02,0.3163,0.3182,0.3087,0.311,6771920.3
2019-08-01,0.32,0.32,0.3125,0.3163,6060046.96
2019-07-31,0.3186,0.3238,0.3154,0.32,9444387.96
2019-07-30,0.3099,0.3218,0.3061,0.3186,8582088.81
2019-07-29,0.3114,0.3143,0.3054,0.3099,6234195.49
2019-07-28,0.3095,0.315,0.2988,0.3114,11332016.31
2019-07-27,0.3234,0.3284,0.304,0.3095,18449677.69
2019-07-26,0.3136,0.3253,0.3075,0.3234,10094749.96
2019-07-25,0.3157,0.324,0.3117,0.3136,11691250.49
2019-07-24,0.308,0.3186,0.3026,0.3157,13175586.34
2019-07-23,0.3208,0.3208,0.3057,0.308,15790242.61
2019-07-22,0.3304,0.3321,0.3145,0.3208,15176893.36
2019-07-21,0.3328,0.335,0.3197,0.3304,16228292.36
2019-07-20,0.3194,0.341,0.3182,0.3328,21063668.79
2019-07-19,0.3203,0.3224,0.31,0.3194,17956314.34
2019-07-18,0.3107,0.3262,0.3025,0.3203,22385558.15
2019-07-17,0.2944,0.3232,0.2916,0.3107,41249002.57
2019-07-16,0.3122,0.3188,0.2825,0.2944,36932668.79
2019-07-15,0.3042,0.3228,0.2943,0.3122,39144135.53
2019-07-14,0.3309,0.3343,0.2982,0.3042,32594407.82
2019-07-13,0.3434,0.3441,0.323,0.3309,21737597.37
2019-07-12,0.3288,0.3502,0.32,0.3434,30346734.28
2019-07-11,0.361,0.3628,0.316,0.3288,41457181.87
2019-07-10,0.3944,0.3987,0.3442,0.361,50699344.77
2019-07-09,0.403,0.4083,0.3896,0.3944,18701444.7
2019-07-08,0.3988,0.405,0.3933,0.403,11533259.65
2019-07-07,0.3916,0.4017,0.3882,0.3988,13335587.45
2019-07-06,0.3795,0.4111,0.3794,0.3916,19299386.05
2019-07-05,0.3879,0.3892,0.374,0.3795,16280701.47
2019-07-04,0.4054,0.4066,0.3857,0.3879,12812490.67
2019-07-03,0.3999,0.4075,0.396,0.4054,15156796.13
2019-07-02,0.4081,0.4119,0.3841,0.3999,26293903.58
2019-07-01,0.3943,0.4197,0.3901,0.4081,25440723.42
2019-06-30,0.4261,0.4287,0.393,0.3943,25399058.59
2019-06-29,0.4236,0.4294,0.401,0.4261,28469424.97
2019-06-28,0.4059,0.4238,0.3987,0.4236,26910411.25
2019-06-27,0.4593,0.4643,0.39,0.4059,102508487.36
2019-06-26,0.4657,0.4934,0.4437,0.4593,71182605.29
2019-06-25,0.474,0.4778,0.4521,0.4657,38802431.99
2019-06-24,0.4709,0.4763,0.4463,0.474,46067912.43
2019-06-23,0.478,0.4933,0.4651,0.4709,58784008.14
2019-06-22,0.4461,0.51,0.4432,0.478,113291768.31
2019-06-21,0.4315,0.4512,0.4313,0.4461,32366100.25
2019-06-20,0.4364,0.4378,0.4212,0.4315,20868545.27
2019-06-19,0.4272,0.4398,0.425,0.4364,27157841.23
2019-06-18,0.4489,0.457,0.4187,0.4272,61871298.09
2019-06-17,0.4284,0.4636,0.426,0.4489,50760112.41
2019-06-16,0.4116,0.444,0.4079,0.4284,51590962.42
2019-06-15,0.4036,0.415,0.401,0.4116,23982869.52
2019-06-14,0.3996,0.4049,0.3916,0.4036,20945022.79
2019-06-13,0.403,0.4107,0.3967,0.3996,14419838.43
2019-06-12,0.3932,0.4043,0.389,0.403,19716845.14
2019-06-11,0.4017,0.4037,0.3835,0.3932,19993650.08
2019-06-10,0.3852,0.4047,0.3801,0.4017,23678502.75
2019-06-09,0.4085,0.4119,0.3699,0.3852,26571626.31
2019-06-08,0.4205,0.4237,0.4045,0.4085,13077704.87
2019-06-07,0.4204,0.4332,0.4147,0.4205,26448088.99
2019-06-06,0.4007,0.4282,0.3912,0.4204,29557086.9
2019-06-05,0.3991,0.4073,0.3883,0.4007,19726209.24
2019-06-04,0.4168,0.4179,0.3838,0.3991,52625042.14
2019-06-03,0.4446,0.4658,0.4158,0.4168,55146411.75
2019-06-02,0.4287,0.4475,0.4275,0.4446,26730642.46
2019-06-01,0.4376,0.4409,0.4178,0.4287,27654652.7
2019-05-31,0.4187,0.4391,0.407,0.4376,26828512.84
2019-05-30,0.4451,0.4748,0.4,0.4187,94584428.68
2019-05-29,0.449,0.4588,0.4238,0.4451,50372509.31
2019-05-28,0.4358,0.4622,0.4184,0.449,59328116.96
2019-05-27,0.4092,0.4489,0.4084,0.4358,52892963.32
2019-05-26,0.386,0.4183,0.376,0.4092,28433035.27
2019-05-25,0.3838,0.3954,0.3814,0.386,12333941.59
2019-05-24,0.3803,0.3956,0.372,0.3838,28790922.47
2019-05-23,0.3713,0.384,0.3593,0.3803,19664205.78
2019-05-22,0.3965,0.4127,0.3662,0.3713,38006475.58
2019-05-21,0.3992,0.409,0.3885,0.3965,23363017.98
2019-05-20,0.418,0.418,0.3801,0.3992,40161618.96
2019-05-19,0.3718,0.4293,0.3701,0.418,56881773.07
2019-05-18,0.3919,0.397,0.3642,0.3718,27204139.85
2019-05-17,0.4181,0.4227,0.3623,0.3919,76174680.48
2019-05-16,0.4551,0.4787,0.3954,0.4181,105736487.36
2019-05-15,0.4054,0.4649,0.4047,0.4551,108659868.17
2019-05-14,0.3227,0.4199,0.3207,0.4054,187050173.83
2019-05-13,0.311,0.329,0.308,0.3227,31596529.47
2019-05-12,0.3183,0.327,0.3068,0.311,30816452.28
2019-05-11,0.3015,0.3382,0.2971,0.3183,47028828.54
2019-05-10,0.2991,0.3058,0.2942,0.3015,11815329.83
2019-05-09,0.3103,0.3124,0.297,0.2991,10964990.35
2019-05-08,0.3118,0.3142,0.3075,0.3103,7912131.65
2019-05-07,0.3179,0.323,0.311,0.3118,9418195.78
2019-05-06,0.3144,0.3234,0.3093,0.3179,9002517.04
2019-05-05,0.3171,0.3196,0.3122,0.3144,4611692.99
2019-05-04,0.3213,0.3327,0.3109,0.3171,13607007.68
2019-05-03,0.3155,0.3267,0.3123,0.3213,16047163.8
2019-05-02,0.3172,0.322,0.3139,0.3155,11323684.83
2019-05-01,0.3249,0.327,0.3137,0.3172,10951139.03
2019-04-30,0.3071,0.328,0.3053,0.3249,20461955.62
2019-04-29,0.3093,0.3126,0.2989,0.3071,14619702.53
2019-04-28,0.3058,0.314,0.304,0.3093,10525797.92
2019-04-27,0.3092,0.311,0.3026,0.3058,8118878.78
2019-04-26,0.291,0.3115,0.288,0.3092,30617972.67
2019-04-25,0.3029,0.3092,0.2825,0.291,28362686.75
2019-04-24,0.3214,0.3229,0.2897,0.3029,48086781.22
2019-04-23,0.3255,0.3313,0.321,0.3214,15874187.9
2019-04-22,0.3236,0.3343,0.3209,0.3255,14685084.32
2019-04-21,0.3298,0.3316,0.3186,0.3236,13525877.64
2019-04-20,0.3337,0.3369,0.3245,0.3298,10504366.72
2019-04-19,0.3391,0.3391,0.329,0.3337,11089234.51
2019-04-18,0.3381,0.3499,0.336,0.3391,17927932.99
2019-04-17,0.3278,0.3447,0.323,0.3381,39923778.71
2019-04-16,0.32,0.329,0.3173,0.3278,11570016.02
2019-04-15,0.3316,0.3353,0.3123,0.32,19432742.56
2019-04-14,0.3286,0.3341,0.3245,0.3316,7652963.79
2019-04-13,0.3276,0.3395,0.324,0.3286,12642649.75
2019-04-12,0.3298,0.3324,0.318,0.3276,16173388.93
2019-04-11,0.3534,0.3539,0.3226,0.3298,32504633.2
2019-04-10,0.3521,0.363,0.3401,0.3534,33333446.31
2019-04-09,0.3607,0.3611,0.3503,0.3521,12199474.81
2019-04-08,0.3667,0.3744,0.3499,0.3607,28705248.37
2019-04-07,0.3562,0.371,0.3547,0.3667,24385492.03
2019-04-06,0.3664,0.3685,0.3516,0.3562,36495794.52
2019-04-05,0.333,0.3835,0.333,0.3664,76028798.58
2019-04-04,0.3427,0.3515,0.3276,0.333,40850912.58
2019-04-03,0.3554,0.375,0.3283,0.3427,97930535.86
2019-04-02,0.3172,0.3623,0.3159,0.3554,79166297.29
2019-04-01,0.314,0.3192,0.3122,0.3172,11007187.23
2019-03-31,0.3163,0.3165,0.311,0.314,10310391.42
2019-03-30,0.3134,0.3239,0.3125,0.3163,19701137.89
2019-03-29,0.3114,0.3158,0.3091,0.3134,16493011.55
2019-03-28,0.3146,0.3148,0.3089,0.3114,8987454.08
2019-03-27,0.307,0.316,0.3044,0.3146,16228152.21
2019-03-26,0.3059,0.307,0.2985,0.307,12725731.17
2019-03-25,0.3117,0.3124,0.3031,0.3059,9725971.36
2019-03-24,0.316,0.316,0.3074,0.3117,10023498.39
2019-03-23,0.315,0.3175,0.3134,0.316,4278483.57
2019-03-22,0.315,0.3175,0.3118,0.315,7160905.44
2019-03-21,0.3249,0.326,0.3082,0.315,17234018.12
2019-03-20,0.3231,0.3294,0.3177,0.3249,15067582.53
2019-03-19,0.3216,0.3238,0.3194,0.3231,6157474.21
2019-03-18,0.3226,0.3267,0.3184,0.3216,14355989.5
2019-03-17,0.3255,0.3259,0.321,0.3226,7736675.79
2019-03-16,0.3211,0.3298,0.3204,0.3255,18196577.8
2019-03-15,0.3173,0.3241,0.3166,0.3211,13507078.73
2019-03-14,0.3201,0.323,0.2952,0.3173,22807989.95
2019-03-13,0.3166,0.3327,0.3134,0.3201,26027415.97
2019-03-12,0.3165,0.3178,0.3113,0.3166,10870424.76
2019-03-11,0.3192,0.3208,0.3128,0.3165,17766307.4
2019-03-10,0.3202,0.3245,0.3145,0.3192,11171630.03
2019-03-09,0.3144,0.3249,0.3129,0.3202,13228370.28
2019-03-08,0.3202,0.3232,0.3101,0.3144,15614768.44
2019-03-07,0.3236,0.3268,0.3192,0.3202,11441918.83
2019-03-06,0.3227,0.3295,0.3168,0.3236,19592552.35
2019-03-05,0.3091,0.3256,0.3072,0.3227,18661258.94
2019-03-04,0.3176,0.3191,0.3046,0.3091,17179346.6
2019-03-03,0.3214,0.323,0.314,0.3176,11134463.89
2019-03-02,0.3233,0.3252,0.3168,0.3214,13111793.4
2019-03-01,0.3208,0.3319,0.3187,0.3233,20320289.54
2019-02-28,0.3177,0.3253,0.3141,0.3208,24406663.57
2019-02-27,0.3237,0.3272,0.3056,0.3177,29205568.25
2019-02-26,0.3353,0.3428,0.3202,0.3237,31466062.86
2019-02-25,0.304,0.3474,0.3037,0.3353,53244585.21
2019-02-24,0.3405,0.3518,0.2995,0.304,61154947.89
2019-02-23,0.3284,0.3429,0.324,0.3405,26342161.72
2019-02-22,0.3265,0.3311,0.3202,0.3284,23003110.1
2019-02-21,0.3377,0.3412,0.3228,0.3265,24789127.15
2019-02-20,0.3291,0.3422,0.3236,0.3377,25472832.87
2019-02-19,0.3286,0.355,0.3256,0.3291,54786895.49
2019-02-18,0.3085,0.3375,0.3066,0.3286,52762720.55
2019-02-17,0.3056,0.315,0.3015,0.3085,20500688.58
2019-02-16,0.3069,0.3095,0.3046,0.3056,8815323.29
2019-02-15,0.3064,0.3129,0.3034,0.3069,12766816.95
2019-02-14,0.309,0.3116,0.3054,0.3064,9700855.73
2019-02-13,0.3109,0.3189,0.3054,0.309,20615605.16
2019-02-12,0.3069,0.3143,0.301,0.3109,17086712.46
2019-02-11,0.3156,0.3156,0.306,0.3069,11567086.6
2019-02-10,0.3172,0.3173,0.3037,0.3156,14946943.16
2019-02-09,0.3175,0.3214,0.312,0.3172,11583483.93
2019-02-08,0.295,0.3259,0.2927,0.3175,35849173.35
2019-02-07,0.2939,0.299,0.2938,0.295,8941610.13
2019-02-06,0.3034,0.3046,0.291,0.2939,16305692.52
2019-02-05,0.3015,0.306,0.2992,0.3034,8935595.1
2019-02-04,0.3059,0.3094,0.2982,0.3015,12627141.99
2019-02-03,0.3157,0.3177,0.3011,0.3059,18806431.54
2019-02-02,0.3125,0.3188,0.3074,0.3157,18149684.1
2019-02-01,0.3154,0.3174,0.3008,0.3125,26113396.1
2019-01-31,0.3275,0.3428,0.3081,0.3154,49250361.64
2019-01-30,0.2925,0.333,0.2895,0.3275,49586378.21
2019-01-29,0.2977,0.2997,0.2852,0.2925,18028711.98
2019-01-28,0.3102,0.3116,0.2863,0.2977,31320515.54
2019-01-27,0.3185,0.3192,0.3069,0.3102,13418422.31
2019-01-26,0.3195,0.3253,0.3185,0.3185,8732304.91
2019-01-25,0.3231,0.3247,0.3145,0.3195,8937861.6
2019-01-24,0.3205,0.3261,0.318,0.3231,10508791.41
2019-01-23,0.324,0.3259,0.318,0.3205,9084206.4
2019-01-22,0.3221,0.3271,0.31,0.324,19054888.36
2019-01-21,0.3213,0.3271,0.3173,0.3221,11101381.65
2019-01-20,0.3353,0.338,0.3155,0.3213,22817763.68
2019-01-19,0.3276,0.3499,0.3276,0.3353,26671493.54
2019-01-18,0.3346,0.3351,0.3237,0.3276,12170462.62
2019-01-17,0.3332,0.3379,0.3265,0.3346,16697655.45
2019-01-16,0.3312,0.3419,0.3289,0.3332,14251486.09
2019-01-15,0.3397,0.3431,0.3262,0.3312,18087145.51
2019-01-14,0.3218,0.3479,0.3212,0.3397,27926760.23
2019-01-13,0.3357,0.341,0.3182,0.3218,20817438.99
2019-01-12,0.336,0.341,0.3322,0.3357,9841836.2
2019-01-11,0.336,0.3449,0.3302,0.336,16260236.47
2019-01-10,0.376,0.405,0.323,0.336,84063499.46
2019-01-09,0.3743,0.3799,0.3636,0.376,26659959.77
2019-01-08,0.3735,0.3825,0.3666,0.3743,25516367.59
2019-01-07,0.3768,0.3861,0.3681,0.3735,14180424.02
2019-01-06,0.3611,0.385,0.3544,0.3768,34570949.47
2019-01-05,0.3685,0.3782,0.3501,0.3611,28769487.74
2019-01-04,0.3673,0.3743,0.3584,0.3685,20918575.13
2019-01-03,0.3868,0.3876,0.3636,0.3673,18192439.89
2019-01-02,0.3771,0.3931,0.3697,0.3868,26743320.44
2019-01-01,0.3613,0.3774,0.3578,0.3771,23784953.69
2018-12-31,0.3824,0.3896,0.3562,0.3613,42828017.59
2018-12-30,0.3756,0.3827,0.3685,0.3824,24326019.35
2018-12-29,0.3898,0.3996,0.37,0.3756,39897319.96
2018-12-28,0.3476,0.3959,0.3429,0.3898,46369925.26
2018-12-27,0.3877,0.3899,0.3387,0.3476,30446566.43
2018-12-26,0.3923,0.405,0.3661,0.3877,42608916.83
2018-12-25,0.4137,0.4171,0.3735,0.3923,54346430.69
2018-12-24,0.38,0.4667,0.3797,0.4137,123351427.32
2018-12-23,0.373,0.3965,0.3706,0.38,40753227.78
2018-12-22,0.3666,0.3769,0.3553,0.373,27735396.85
2018-12-21,0.3874,0.3987,0.36,0.3666,52092553.41
2018-12-20,0.3579,0.4018,0.353,0.3874,72990987.74
2018-12-19,0.3618,0.4062,0.3534,0.3579,91724840.83
2018-12-18,0.3381,0.3618,0.3315,0.3618,52030333.59
2018-12-17,0.2931,0.3489,0.2907,0.3381,52926896.76
2018-12-16,0.2904,0.3048,0.2903,0.2931,20999743.85
2018-12-15,0.2938,0.2972,0.2853,0.2904,15554477.65
2018-12-14,0.3041,0.3055,0.288,0.2938,28149852.76
2018-12-13,0.3129,0.3139,0.3003,0.3041,20702682.62
2018-12-12,0.3039,0.3186,0.3019,0.3129,20041456.82
2018-12-11,0.3075,0.319,0.299,0.3039,22846281.06
2018-12-10,0.317,0.3218,0.3002,0.3075,25054866.13
2018-12-09,0.3107,0.3295,0.3048,0.317,29397350.04
2018-12-08,0.3058,0.3408,0.2941,0.3107,54806451.08
2018-12-07,0.3106,0.3196,0.2923,0.3058,68100810.71
2018-12-06,0.3395,0.3481,0.3065,0.3106,62965337.78
2018-12-05,0.3548,0.3558,0.3379,0.3395,47029821.23
2018-12-04,0.3499,0.3685,0.34,0.3548,40199036.53
2018-12-03,0.3719,0.3725,0.3463,0.3499,39841477.07
2018-12-02,0.377,0.3859,0.3666,0.3719,31306889.96
2018-12-01,0.3655,0.3831,0.3579,0.377,32885710.76
2018-11-30,0.3833,0.3857,0.3552,0.3655,50050442.36
2018-11-29,0.395,0.3985,0.3726,0.3833,64201986.44
2018-11-28,0.3662,0.4079,0.3661,0.395,73703257.6
2018-11-27,0.3636,0.3792,0.3466,0.3662,70157957.36
2018-11-26,0.3827,0.3989,0.3461,0.3636,134929827.21
2018-11-25,0.3802,0.3963,0.329,0.3827,187985783.88
2018-11-24,0.4147,0.4287,0.3687,0.3802,88742263.29
2018-11-23,0.4275,0.4342,0.3987,0.4147,64565271.04
2018-11-22,0.4534,0.4571,0.425,0.4275,27999852.25
2018-11-21,0.4433,0.469,0.418,0.4534,66226295.1
2018-11-20,0.4826,0.5089,0.4118,0.4433,192028356.91
2018-11-19,0.5157,0.5159,0.4662,0.4826,141177718.85
2018-11-18,0.4981,0.5313,0.4951,0.5157,66101904.34
2018-11-17,0.4781,0.5048,0.4699,0.4981,40681682.04
2018-11-16,0.4896,0.495,0.465,0.4781,49209367.79
2018-11-15,0.4845,0.4949,0.4326,0.4896,115767186.04
2018-11-14,0.5174,0.52,0.4153,0.4845,144386335.03
2018-11-13,0.524,0.5343,0.5115,0.5174,46531106.05
2018-11-12,0.51,0.5352,0.5052,0.524,42151528.5
2018-11-11,0.5094,0.5121,0.4978,0.51,15775911.79
2018-11-10,0.5045,0.5178,0.5032,0.5094,14632146.86
2018-11-09,0.4968,0.5216,0.4958,0.5045,42014405.38
2018-11-08,0.5408,0.5463,0.4935,0.4968,69309929.87
2018-11-07,0.5548,0.5554,0.5284,0.5408,47506499.95
2018-11-06,0.5014,0.57,0.5012,0.5548,146944058.56
2018-11-05,0.4701,0.5058,0.4641,0.5014,63789506.24
2018-11-04,0.4569,0.4785,0.4493,0.4701,37323095.81
2018-11-03,0.4627,0.4646,0.4552,0.4569,12670498.93
2018-11-02,0.4611,0.4679,0.459,0.4627,28613924.22
2018-11-01,0.4538,0.4612,0.4501,0.4611,19380830.56
2018-10-31,0.4473,0.4613,0.4377,0.4538,31142857.39
2018-10-30,0.4454,0.4535,0.4439,0.4473,20811789.12
2018-10-29,0.464,0.4652,0.4351,0.4454,43883548.22
2018-10-28,0.4605,0.468,0.4582,0.464,15051643.58
2018-10-27,0.4666,0.4672,0.4566,0.4605,21275126.95
2018-10-26,0.4635,0.4708,0.4583,0.4666,25178255.79
2018-10-25,0.4639,0.4729,0.4575,0.4635,34162628.21
2018-10-24,0.4696,0.4781,0.4611,0.4639,33805399.8
2018-10-23,0.4614,0.4853,0.4445,0.4696,57300664.18
2018-10-22,0.4647,0.4682,0.4554,0.4614,18625716.21
2018-10-21,0.468,0.4781,0.463,0.4647,19730804.09
2018-10-20,0.4606,0.4726,0.4562,0.468,20241009.16
2018-10-19,0.4681,0.4722,0.457,0.4606,28694883.13
2018-10-18,0.4839,0.4944,0.456,0.4681,44747873.1
2018-10-17,0.4842,0.4975,0.4714,0.4839,51935852.9
2018-10-16,0.4605,0.4881,0.4547,0.4842,54152398.52
2018-10-15,0.4096,0.525,0.3982,0.4605,180286429.59
2018-10-14,0.4225,0.43,0.3993,0.4096,41141314.52
2018-10-13,0.4204,0.4316,0.4169,0.4225,30947214.17
2018-10-12,0.3832,0.4489,0.378,0.4204,122595126.89
2018-10-11,0.4665,0.4666,0.3776,0.3832,150995893.08
2018-10-10,0.4819,0.4819,0.4621,0.4665,34442424.18
2018-10-09,0.4933,0.4936,0.4692,0.4819,36931706.38
2018-10-08,0.4828,0.502,0.4792,0.4933,55452514.61
2018-10-07,0.4888,0.4909,0.4677,0.4828,48327373.64
2018-10-06,0.5206,0.5255,0.47,0.4888,82395495.73
2018-10-05,0.5288,0.533,0.5104,0.5206,65687053.11
2018-10-04,0.5284,0.5496,0.5256,0.5288,48300417.92
2018-10-03,0.5173,0.5395,0.5067,0.5284,98140510.04
2018-10-02,0.5778,0.581,0.513,0.5173,91458965.21
2018-10-01,0.582,0.6059,0.5312,0.5778,183992667.53
2018-09-30,0.5691,0.6243,0.5588,0.582,145531272.66
2018-09-29,0.54,0.5973,0.523,0.5691,125154880.74
2018-09-28,0.5433,0.5524,0.5123,0.54,100406336.28
2018-09-27,0.5132,0.5557,0.5067,0.5433,106307711.76
2018-09-26,0.5253,0.5745,0.4837,0.5132,309597795.42
2018-09-25,0.4922,0.548,0.4355,0.5253,286056036.92
2018-09-24,0.5713,0.5842,0.4827,0.4922,147638165.9
2018-09-23,0.5741,0.6,0.5557,0.5713,104615142.53
2018-09-22,0.565,0.627,0.4921,0.5741,293689756.4
2018-09-21,0.4483,0.7913,0.426,0.565,740947533.33
2018-09-20,0.3266,0.503,0.3215,0.4483,295321445.82
2018-09-19,0.319,0.3356,0.3106,0.3266,103369933.89
2018-09-18,0.2704,0.3373,0.2689,0.319,149652535.67
2018-09-17,0.281,0.2836,0.2665,0.2704,37370568.34
2018-09-16,0.2803,0.2823,0.2736,0.281,14649598.85
2018-09-15,0.276,0.2851,0.2755,0.2803,13880064.46
2018-09-14,0.2795,0.2852,0.271,0.276,33851913.37
2018-09-13,0.2699,0.2858,0.2672,0.2795,43850876.72
2018-09-12,0.2633,0.2739,0.2532,0.2699,44862538.42
2018-09-11,0.2698,0.275,0.2521,0.2633,54470910.63
2018-09-10,0.2759,0.2824,0.26,0.2698,74735212.42
2018-09-09,0.2768,0.291,0.2707,0.2759,40922934.0
2018-09-08,0.2869,0.294,0.2686,0.2768,28802192.07
2018-09-07,0.3017,0.3042,0.2807,0.2869,35871180.9
2018-09-06,0.2789,0.3051,0.267,0.3017,71030281.9
2018-09-05,0.3304,0.3335,0.278,0.2789,90300316.24
2018-09-04,0.3343,0.3411,0.3277,0.3304,43704993.83
2018-09-03,0.3421,0.3443,0.3325,0.3343,20735979.48
2018-09-02,0.3472,0.3498,0.336,0.3421,25106311.96
2018-09-01,0.335,0.354,0.3348,0.3472,29116452.07
2018-08-31,0.3348,0.3411,0.3273,0.335,24081438.0
2018-08-30,0.3447,0.3465,0.323,0.3348,39037573.9
2018-08-29,0.3509,0.355,0.3381,0.3447,43900372.14
2018-08-28,0.339,0.357,0.3345,0.3509,63703189.0
2018-08-27,0.3227,0.3402,0.3214,0.339,42870835.34
2018-08-26,0.3272,0.3285,0.3181,0.3227,13053504.96
2018-08-25,0.3269,0.3324,0.3218,0.3272,11439484.28
2018-08-24,0.3256,0.3309,0.3154,0.3269,36760133.03
2018-08-23,0.3178,0.3295,0.3151,0.3256,44945286.35
2018-08-22,0.3339,0.3571,0.3103,0.3178,63125078.32
2018-08-21,0.315,0.3383,0.313,0.3339,39597981.16
2018-08-20,0.3409,0.3509,0.3131,0.315,55895524.19
2018-08-19,0.3284,0.3522,0.318,0.3409,53133215.46
2018-08-18,0.3672,0.371,0.3131,0.3284,70751048.03
2018-08-17,0.2918,0.3742,0.2907,0.3672,77706139.34
2018-08-16,0.2803,0.3032,0.2756,0.2918,37326738.92
2018-08-15,0.2728,0.3021,0.2728,0.2803,58792590.77
2018-08-14,0.2742,0.2776,0.2465,0.2728,48166748.2
2018-08-13,0.2956,0.31,0.2709,0.2742,34940096.71
2018-08-12,0.2978,0.3098,0.2941,0.2956,23382073.45
2018-08-11,0.3184,0.3196,0.288,0.2978,53490569.67
2018-08-10,0.3436,0.346,0.3125,0.3184,44322489.88
2018-08-09,0.3323,0.3571,0.3278,0.3436,61196316.88
2018-08-08,0.378,0.3782,0.3192,0.3323,104158868.76
2018-08-07,0.4128,0.4157,0.3743,0.378,48607733.75
2018-08-06,0.4348,0.4371,0.4026,0.4128,29121583.42
2018-08-05,0.4296,0.4374,0.4271,0.4348,9870974.18
2018-08-04,0.4403,0.4452,0.4278,0.4296,10880000.9
2018-08-03,0.4303,0.446,0.4252,0.4403,19969494.55
2018-08-02,0.4464,0.4487,0.4299,0.4303,12397375.0
2018-08-01,0.4355,0.4631,0.4258,0.4464,30803520.0
2018-07-31,0.446,0.4461,0.4271,0.4355,15489887.23
2018-07-30,0.4531,0.4563,0.4344,0.446,16645700.63
2018-07-29,0.4583,0.4589,0.4504,0.4531,6895414.47
2018-07-28,0.4554,0.4593,0.448,0.4583,7811278.36
2018-07-27,0.4495,0.4604,0.4447,0.4554,13118677.1
2018-07-26,0.4593,0.4703,0.447,0.4495,16580364.88
2018-07-25,0.4576,0.4689,0.4518,0.4593,17123057.69
2018-07-24,0.445,0.4707,0.438,0.4576,28386025.82
2018-07-23,0.4488,0.4645,0.4417,0.445,19021994.25
2018-07-22,0.4546,0.463,0.4463,0.4488,10728109.55
2018-07-21,0.4445,0.4591,0.4341,0.4546,10568355.01
2018-07-20,0.477,0.477,0.4303,0.4445,31410103.44
2018-07-19,0.4895,0.4949,0.4714,0.477,18941879.71
2018-07-18,0.507,0.5247,0.476,0.4895,35645943.75
2018-07-17,0.4824,0.52,0.4688,0.507,33137156.14
2018-07-16,0.4478,0.4848,0.4429,0.4824,26415622.82
2018-07-15,0.4386,0.4502,0.4357,0.4478,10838931.43
2018-07-14,0.4378,0.4438,0.4319,0.4386,7327721.47
2018-07-13,0.4383,0.4451,0.4308,0.4378,15772649.24
2018-07-12,0.449,0.4493,0.4242,0.4383,21587465.4
2018-07-11,0.4427,0.4516,0.4391,0.449,14025809.16
2018-07-10,0.4733,0.4741,0.4386,0.4427,25134433.11
2018-07-09,0.4787,0.4823,0.4712,0.4733,12546246.58
2018-07-08,0.4852,0.4895,0.4743,0.4787,18648092.97
2018-07-07,0.4764,0.4874,0.4642,0.4852,13625940.69
2018-07-06,0.4771,0.4815,0.459,0.4764,17846775.25
2018-07-05,0.4924,0.5047,0.4691,0.4771,26577020.28
2018-07-04,0.4844,0.5075,0.4747,0.4924,24043481.27
2018-07-03,0.4903,0.52,0.4782,0.4844,29472513.12
2018-07-02,0.4612,0.4958,0.4526,0.4903,27680405.83
2018-07-01,0.4684,0.4697,0.4497,0.4612,16264563.98
2018-06-30,0.4536,0.4845,0.4534,0.4684,28061076.61
2018-06-29,0.4466,0.4609,0.424,0.4536,27765068.81
2018-06-28,0.4712,0.4737,0.4433,0.4466,18392154.66
2018-06-27,0.4522,0.4759,0.4479,0.4712,22310313.1
2018-06-26,0.4805,0.4834,0.4507,0.4522,15756588.17
2018-06-25,0.4748,0.492,0.4721,0.4805,18180715.79
2018-06-24,0.4899,0.4965,0.4385,0.4748,42793795.22
2018-06-23,0.4813,0.496,0.473,0.4899,18574698.47
2018-06-22,0.5342,0.5351,0.469,0.4813,52927627.21
2018-06-21,0.5396,0.5496,0.5301,0.5342,11350130.67
2018-06-20,0.5492,0.5506,0.5224,0.5396,17849394.99
2018-06-19,0.5392,0.561,0.534,0.5492,19567460.38
2018-06-18,0.526,0.5512,0.5037,0.5392,34540246.77
2018-06-17,0.532,0.5411,0.5212,0.526,12037569.46
2018-06-16,0.5334,0.5383,0.518,0.532,24316508.46
2018-06-15,0.5571,0.56,0.5278,0.5334,26265054.29
2018-06-14,0.5295,0.5685,0.5188,0.5571,44654509.51
2018-06-13,0.5566,0.562,0.5037,0.5295,47475377.2
2018-06-12,0.5982,0.5982,0.5421,0.5566,33661865.47
2018-06-11,0.5805,0.6007,0.5582,0.5982,27776766.53
2018-06-10,0.6569,0.6569,0.5505,0.5805,62340149.28
2018-06-09,0.6738,0.6802,0.655,0.6569,11036910.23
2018-06-08,0.6777,0.6798,0.6586,0.6738,17295398.48
2018-06-07,0.6744,0.6888,0.6695,0.6777,20797847.02
2018-06-06,0.6744,0.6832,0.655,0.6744,21836809.05
2018-06-05,0.6547,0.6854,0.6322,0.6744,30842254.79
2018-06-04,0.6885,0.705,0.6338,0.6547,42730193.51
2018-06-03,0.6431,0.6889,0.6381,0.6885,32550080.33
2018-06-02,0.6214,0.6528,0.6141,0.6431,29676453.74
2018-06-01,0.611,0.625,0.6038,0.6214,24716202.08
2018-05-31,0.6005,0.6214,0.5897,0.611,29035458.66
2018-05-30,0.6001,0.6284,0.583,0.6005,33704587.68
2018-05-29,0.5472,0.6098,0.544,0.6001,45635578.33
2018-05-28,0.6041,0.607,0.5454,0.5472,47038757.8
2018-05-27,0.6087,0.6125,0.5965,0.6041,20172995.03
2018-05-26,0.6055,0.6263,0.5973,0.6087,20104143.17
2018-05-25,0.629,0.6338,0.593,0.6055,43459263.4
2018-05-24,0.5895,0.6376,0.575,0.629,54901562.49
2018-05-23,0.6377,0.6442,0.5749,0.5895,76899118.09
2018-05-22,0.675,0.6768,0.635,0.6377,25614738.13
2018-05-21,0.699,0.7031,0.6676,0.675,21312343.19
2018-05-20,0.6748,0.7064,0.6673,0.699,25343510.13
2018-05-19,0.6765,0.6912,0.6595,0.6748,23689351.87
2018-05-18,0.6586,0.6838,0.6454,0.6765,41194079.79
2018-05-17,0.7076,0.7122,0.6497,0.6586,32383842.69
2018-05-16,0.6895,0.7094,0.657,0.7076,32784982.8
2018-05-15,0.7269,0.75,0.6805,0.6895,39426232.04
2018-05-14,0.7275,0.75,0.686,0.7269,67356127.35
2018-05-13,0.6829,0.7479,0.6621,0.7275,47715947.9
2018-05-12,0.678,0.7106,0.6266,0.6829,69640516.13
2018-05-11,0.748,0.7551,0.6467,0.678,128285528.71
2018-05-10,0.7964,0.8047,0.7464,0.748,38653506.88
2018-05-09,0.8064,0.8185,0.7572,0.7964,47744615.27
2018-05-08,0.8262,0.8463,0.7905,0.8064,34621331.67
2018-05-07,0.8641,0.8668,0.796,0.8262,48349468.09
2018-05-06,0.9013,0.9187,0.8407,0.8641,39825443.02
2018-05-05,0.8895,0.931,0.8885,0.9013,41030542.58
2018-05-04,0.8818,0.9339,0.8581,0.8895,68268267.63
2018-05-03,0.8598,0.8947,0.8376,0.8818,55020352.34
2018-05-02,0.8335,0.8684,0.8242,0.8598,33685258.48
2018-05-01,0.8315,0.8441,0.7812,0.8335,44109815.42
2018-04-30,0.8685,0.8768,0.8164,0.8315,38751789.79
2018-04-29,0.8616,0.91,0.8237,0.8685,49399042.93
2018-04-28,0.8061,0.8894,0.8015,0.8616,47201129.14
2018-04-27,0.846,0.8625,0.8025,0.8061,50858365.44
2018-04-26,0.7958,0.8485,0.7608,0.846,74739152.42
2018-04-25,0.921,0.9263,0.7695,0.7958,138804427.82
2018-04-24,0.8739,0.9666,0.867,0.921,119819882.72
2018-04-23,0.8622,0.8873,0.845,0.8739,48716106.11
2018-04-22,0.8651,0.9162,0.8384,0.8622,65540957.23
2018-04-21,0.9226,0.924,0.807,0.8651,106708786.62
2018-04-20,0.7839,0.9368,0.782,0.9226,157482666.32
2018-04-19,0.7139,0.788,0.7035,0.7839,58222013.28
2018-04-18,0.6547,0.73,0.6515,0.7139,62559739.79
2018-04-17,0.6636,0.682,0.65,0.6547,39296542.91
2018-04-16,0.6936,0.6955,0.6331,0.6636,41056648.69
2018-04-15,0.64,0.6981,0.64,0.6936,46976265.23
2018-04-14,0.6431,0.673,0.6201,0.64,54657256.9
2018-04-13,0.642,0.7082,0.6122,0.6431,132152154.23
2018-04-12,0.5395,0.6655,0.5023,0.642,139484359.12
2018-04-11,0.491,0.5578,0.4851,0.5395,41513308.64
2018-04-10,0.4859,0.4936,0.4774,0.491,14604510.7
2018-04-09,0.4975,0.512,0.4732,0.4859,32444793.57
2018-04-08,0.4848,0.5037,0.4831,0.4975,18085177.68
2018-04-07,0.4728,0.4972,0.4707,0.4848,26426882.87
2018-04-06,0.4884,0.4961,0.458,0.4728,29921297.89
2018-04-05,0.4899,0.498,0.4738,0.4884,39206978.17
2018-04-04,0.5467,0.5525,0.485,0.4899,49384951.59
2018-04-03,0.4934,0.5541,0.4912,0.5467,61360047.44
2018-04-02,0.4782,0.5044,0.4701,0.4934,32057037.62
2018-04-01,0.5002,0.5098,0.4541,0.4782,41452463.38
2018-03-31,0.4985,0.522,0.4916,0.5002,39619462.43
2018-03-30,0.5025,0.5264,0.47,0.4985,76786500.8
2018-03-29,0.5735,0.5749,0.497,0.5025,64997757.03
2018-03-28,0.5696,0.589,0.5634,0.5735,21791555.95
2018-03-27,0.5877,0.6022,0.556,0.5696,37728901.09
2018-03-26,0.6335,0.637,0.575,0.5877,45356340.52
2018-03-25,0.6277,0.6547,0.6211,0.6335,22981220.7
2018-03-24,0.6398,0.678,0.6263,0.6277,33876367.76
2018-03-23,0.6521,0.6534,0.6126,0.6398,39294646.8
2018-03-22,0.677,0.6902,0.6193,0.6521,40518609.16
2018-03-21,0.6992,0.7076,0.6614,0.677,45954453.65
2018-03-20,0.7195,0.7195,0.6553,0.6992,70777348.9
2018-03-19,0.6498,0.7251,0.6262,0.7195,84350952.36
2018-03-18,0.6263,0.685,0.5367,0.6498,107269216.34
2018-03-17,0.677,0.6845,0.6128,0.6263,37506057.31
2018-03-16,0.682,0.71,0.6574,0.677,51722679.62
2018-03-15,0.6854,0.7244,0.6278,0.682,71354330.22
2018-03-14,0.7769,0.7822,0.651,0.6854,40858786.11
2018-03-13,0.7819,0.7985,0.7612,0.7769,23769304.22
2018-03-12,0.817,0.8279,0.7642,0.7819,32062240.34
2018-03-11,0.7734,0.8301,0.7477,0.817,47289602.1
2018-03-10,0.822,0.8413,0.7656,0.7734,37101865.53
2018-03-09,0.8031,0.8416,0.7309,0.822,88561352.25
2018-03-08,0.8539,0.8708,0.7891,0.8031,49004299.94
2018-03-07,0.9004,0.9136,0.7858,0.8539,89361276.17
2018-03-06,0.94,0.9794,0.8863,0.9004,79325026.6
2018-03-05,1.003,1.086,0.9395,0.9396,136798244.19
2018-03-04,0.8972,1.031,0.8801,1.003,66347155.01
2018-03-03,0.8969,0.9231,0.8888,0.8972,23800685.59
2018-03-02,0.9149,0.9214,0.8851,0.8969,17348594.92
2018-03-01,0.8841,0.9484,0.8721,0.9149,31165251.03
2018-02-28,0.925,0.946,0.88,0.8841,27240267.26
2018-02-27,0.9303,0.9582,0.9162,0.925,26726605.08
2018-02-26,0.8989,0.9419,0.8727,0.9303,34684969.71
2018-02-25,0.8995,0.924,0.8761,0.8989,24095437.99
2018-02-24,0.9384,0.9669,0.8686,0.8995,35382236.02
2018-02-23,0.8891,0.9825,0.8501,0.9384,57735743.29
2018-02-22,0.9494,0.998,0.8611,0.8891,69203475.98
2018-02-21,1.027,1.038,0.935,0.9494,66193917.78
2018-02-20,1.109,1.135,1.008,1.027,51109793.26
2018-02-19,1.068,1.133,1.065,1.109,29403881.47
2018-02-18,1.177,1.18,1.037,1.068,60748393.77
2018-02-17,1.11,1.205,1.101,1.177,65698251.73
2018-02-16,1.103,1.117,1.062,1.11,48062158.4
2018-02-15,1.125,1.143,1.067,1.103,85034583.62
2018-02-14,0.984,1.155,0.9765,1.125,103378478.53
2018-02-13,1.041,1.048,0.9618,0.984,65543751.0
2018-02-12,0.959,1.078,0.953,1.041,115212386.03
2018-02-11,1.027,1.04,0.891,0.959,159772354.59
2018-02-10,0.92,1.228,0.9053,1.027,311172748.14
2018-02-09,0.78,0.9288,0.7357,0.92,130037495.19
2018-02-08,0.7157,0.7909,0.7081,0.78,84599549.81
2018-02-07,0.76,0.8061,0.6923,0.7157,110450154.88
2018-02-06,0.6803,0.777,0.5729,0.76,245300370.58
2018-02-05,0.8155,0.8343,0.637,0.6803,190928501.73
2018-02-04,0.9577,0.9688,0.775,0.8155,123061311.12
2018-02-03,0.8987,1.021,0.778,0.9577,157995038.35
2018-02-02,0.954,0.9671,0.671,0.8987,313820450.21
2018-02-01,1.141,1.146,0.9095,0.954,113293931.64
2018-01-31,1.115,1.153,1.023,1.141,67729682.95
2018-01-30,1.267,1.272,1.079,1.115,79787403.27
2018-01-29,1.368,1.376,1.25,1.267,45369291.06
2018-01-28,1.219,1.406,1.214,1.368,58526692.19
2018-01-27,1.206,1.249,1.169,1.219,47356730.56
2018-01-26,1.3,1.32,1.103,1.206,96585655.02
2018-01-25,1.351,1.377,1.271,1.3,51366928.49
2018-01-24,1.332,1.417,1.275,1.351,96481381.36
2018-01-23,1.336,1.439,1.174,1.332,161070651.0
2018-01-22,1.36,1.412,1.122,1.336,153495327.19
2018-01-21,1.559,1.56,1.301,1.36,122664644.91
2018-01-20,1.53,1.62,1.465,1.559,79829086.14
2018-01-19,1.542,1.676,1.45,1.53,133336884.77
2018-01-18,1.3,1.719,1.213,1.542,298609914.35
2018-01-17,1.138,1.378,0.85,1.3,395354881.02
2018-01-16,1.657,1.68,0.85,1.138,374982038.7
2018-01-15,1.817,1.877,1.615,1.657,49633385.74
2018-01-14,1.988,1.988,1.73,1.817,54334561.33
2018-01-13,2.015,2.091,1.946,1.988,52707890.64
2018-01-12,1.92,2.15,1.785,2.015,130173024.53
2018-01-11,1.937,2.25,1.53,1.92,271021351.76
2018-01-10,2.054,2.121,1.61,1.937,208961445.93
2018-01-09,2.385,2.489,1.9,2.054,118477071.16
2018-01-08,2.767,2.768,1.917,2.385,129373263.5
2018-01-07,2.642,2.81,2.56,2.767,50016104.73
2018-01-06,2.496,2.85,2.446,2.642,78727788.57
2018-01-05,2.735,3.059,2.227,2.496,196047709.67
2018-01-04,2.732,3.3,2.606,2.735,258388748.53
2018-01-03,2.19,2.86,2.135,2.732,206170769.02
2018-01-02,2.039,2.216,1.841,2.19,93192108.96
2018-01-01,1.966,2.1,1.802,2.039,57125938.54
2017-12-31,1.835,2.089,1.603,1.966,141034150.4
2017-12-30,1.917,2.45,1.73,1.835,422672376.89
2017-12-29,1.252,1.974,1.248,1.917,357717784.28
2017-12-28,1.211,1.307,1.05,1.252,143898757.74
2017-12-27,1.07,1.289,1.062,1.211,183328309.18
2017-12-26,0.9714,1.095,0.9628,1.07,64295180.35
2017-12-25,0.9681,1.015,0.91,0.9714,52996633.52
2017-12-24,0.9981,1.006,0.8011,0.9681,108034882.8
2017-12-23,0.983,1.059,0.9099,0.9981,105753404.93
2017-12-22,1.125,1.25,0.4214,0.983,485116627.69
2017-12-21,0.714,1.14,0.7107,1.125,454672225.37
2017-12-20,0.73,0.74,0.6447,0.714,127479870.75
2017-12-19,0.7558,0.8411,0.701,0.73,172847188.85
2017-12-18,0.711,0.7933,0.6571,0.7558,154462520.34
2017-12-17,0.739,0.755,0.6952,0.711,78216934.01
2017-12-16,0.737,0.815,0.71,0.739,160263354.12
2017-12-15,0.86,0.865,0.6122,0.737,384212672.55
2017-12-14,0.4574,0.8988,0.451,0.86,681393687.89
2017-12-13,0.3587,0.59,0.3517,0.4574,410897124.94
2017-12-12,0.2481,0.3777,0.244,0.3587,130807301.02
2017-12-11,0.228,0.2491,0.228,0.2481,47904651.1
2017-12-10,0.2361,0.2378,0.2211,0.228,59971195.16
2017-12-09,0.234,0.2454,0.2292,0.2361,74466612.22
2017-12-08,0.2057,0.2558,0.2006,0.234,167263010.27
2017-12-07,0.2149,0.2191,0.197,0.2045,78003679.02
2017-12-06,0.2311,0.2351,0.2091,0.2149,81748639.81
2017-12-05,0.2465,0.2467,0.2256,0.2311,63318110.48
2017-12-04,0.2449,0.2487,0.233,0.2465,41244114.31
2017-12-03,0.244,0.2596,0.2314,0.2449,42956633.46
2017-12-02,0.2483,0.2502,0.2394,0.244,29833878.44
2017-12-01,0.2349,0.2532,0.2245,0.2483,45655800.57
2017-11-30,0.235,0.2468,0.2157,0.2349,59436206.05
2017-11-29,0.2802,0.2802,0.197,0.235,101680974.85
2017-11-28,0.2463,0.2813,0.2463,0.2802,95863943.77
2017-11-27,0.2485,0.2519,0.24,0.2463,45377731.82
2017-11-26,0.2485,0.2485,0.2485,0.2485,0.0
2017-11-25,0.2406,0.2545,0.2386,0.2485,41145799.3
2017-11-24,0.2388,0.2447,0.2296,0.2406,55521337.17
2017-11-23,0.2381,0.2511,0.2354,0.2388,56950475.08
2017-11-22,0.2322,0.2424,0.2316,0.2381,34670861.53
2017-11-21,0.2411,0.245,0.2285,0.2322,43300508.28
2017-11-20,0.2326,0.247,0.2312,0.2411,48567142.43
2017-11-19,0.2274,0.2387,0.2238,0.2326,37981606.69
2017-11-18,0.2238,0.2302,0.2185,0.2274,33292940.61
2017-11-17,0.2267,0.24,0.2166,0.2238,71110917.45
2017-11-16,0.2085,0.2798,0.2057,0.2267,116280186.45
2017-11-15,0.2046,0.2102,0.203,0.2085,25950529.55
2017-11-14,0.2,0.211,0.1989,0.2046,25607543.74
2017-11-13,0.19,0.2,0.1894,0.2,35268050.11
2017-11-12,0.2083,0.2089,0.1871,0.19,81223793.93
2017-11-11,0.2029,0.215,0.2015,0.2083,32225465.12
2017-11-10,0.2163,0.2185,0.198,0.2029,35457483.2
2017-11-09,0.2169,0.222,0.212,0.2163,32700080.33
2017-11-08,0.2054,0.2242,0.2023,0.2169,41383770.93
2017-11-07,0.2019,0.2065,0.199,0.2054,16876938.17
2017-11-06,0.1994,0.2071,0.1978,0.2019,20309634.57
2017-11-05,0.2009,0.2034,0.1981,0.1994,11968957.04
2017-11-04,0.2058,0.2063,0.1992,0.2009,11954794.1
2017-11-03,0.1993,0.2288,0.1951,0.2058,62114673.01
2017-11-02,0.1915,0.207,0.1742,0.1993,40006657.97
2017-11-01,0.1983,0.2006,0.1892,0.1915,17773972.73
2017-10-31,0.2024,0.2034,0.1979,0.1983,8691434.74
2017-10-30,0.2027,0.205,0.2,0.2024,9812273.74
2017-10-29,0.1977,0.2066,0.1961,0.2027,13352904.89
2017-10-28,0.2004,0.2008,0.1967,0.1977,6129512.02
2017-10-27,0.2017,0.2028,0.1977,0.2004,7673423.3
2017-10-26,0.2023,0.2048,0.1986,0.2017,10733839.18
2017-10-25,0.2041,0.2053,0.1956,0.2023,47761297.03
2017-10-24,0.1919,0.217,0.1829,0.2041,81716146.25
2017-10-23,0.2016,0.2019,0.1823,0.1919,32699687.0
2017-10-22,0.21,0.2122,0.1945,0.2016,37691324.36
2017-10-21,0.208,0.211,0.197,0.21,32787063.4
2017-10-20,0.2142,0.2234,0.205,0.208,52009209.61
2017-10-19,0.2168,0.2327,0.206,0.2142,66248131.86
2017-10-18,0.2288,0.2345,0.1996,0.2168,72459289.71
2017-10-17,0.2577,0.2659,0.21,0.2288,93417706.47
2017-10-16,0.2642,0.3,0.2515,0.2577,148534705.12
2017-10-15,0.2554,0.27,0.247,0.2642,50343943.95
2017-10-14,0.2608,0.2692,0.254,0.2554,75496006.53
2017-10-13,0.2454,0.2657,0.2324,0.2608,73562222.77
2017-10-12,0.2633,0.2654,0.2452,0.2454,48222789.11
2017-10-11,0.2581,0.2659,0.255,0.2633,33266465.66
2017-10-10,0.25,0.267,0.2415,0.2581,47854275.1
2017-10-09,0.2808,0.2808,0.2333,0.25,84446432.43
2017-10-08,0.2391,0.284,0.2385,0.2808,68172299.35
2017-10-07,0.234,0.2417,0.2323,0.2391,19204944.72
2017-10-06,0.238,0.2447,0.2317,0.234,46335186.13
2017-10-05,0.2131,0.2446,0.2131,0.238,68385429.01
2017-10-04,0.2032,0.2166,0.2009,0.2131,24101951.51
2017-10-03,0.2029,0.206,0.1972,0.2032,7812414.34
2017-10-02,0.2094,0.2098,0.2,0.2029,11462450.35
2017-10-01,0.2,0.2094,0.1957,0.2094,7993009.83
2017-09-30,0.1965,0.2059,0.1944,0.2,19100993.65
2017-09-29,0.2016,0.2052,0.1875,0.1965,15349993.1
2017-09-28,0.21,0.2104,0.1961,0.2016,20638838.21
2017-09-27,0.1881,0.215,0.1872,0.21,28892715.6
2017-09-26,0.1842,0.197,0.1798,0.1881,17098769.86
2017-09-25,0.1755,0.187,0.1739,0.1842,7335647.71
2017-09-24,0.179,0.1799,0.1731,0.1755,4399066.58
2017-09-23,0.1714,0.1807,0.1694,0.179,8394336.77
2017-09-22,0.17,0.1771,0.1665,0.1714,6230083.65
2017-09-21,0.1814,0.1835,0.1687,0.17,10250483.86
2017-09-20,0.1852,0.1899,0.1805,0.1814,6867644.35
2017-09-19,0.1933,0.1948,0.182,0.1852,11018741.35
2017-09-18,0.1815,0.1943,0.1804,0.1933,14908883.59
2017-09-17,0.1818,0.1845,0.1713,0.1815,5842988.98
2017-09-16,0.1842,0.192,0.173,0.1818,10595372.36
2017-09-15,0.1714,0.192,0.1477,0.1842,21856349.53
2017-09-14,0.1969,0.2005,0.1661,0.1714,18322857.59
2017-09-13,0.21,0.21,0.1907,0.1969,9084289.86
2017-09-12,0.2135,0.224,0.2052,0.21,10254932.62
2017-09-11,0.2165,0.2218,0.208,0.2135,10240887.62
2017-09-10,0.2135,0.2243,0.197,0.2165,8717674.52
2017-09-09,0.211,0.2141,0.2062,0.2135,4009877.74
2017-09-08,0.2274,0.2293,0.2013,0.211,11975239.03
2017-09-07,0.2315,0.232,0.2204,0.2274,8007117.96
2017-09-06,0.2155,0.2329,0.2146,0.2315,11201577.84
2017-09-05,0.2024,0.2202,0.1886,0.2155,14291659.15
2017-09-04,0.2291,0.2298,0.1886,0.2024,20904499.18
2017-09-03,0.2236,0.238,0.2107,0.2291,13164173.16
2017-09-02,0.253,0.254,0.2181,0.2236,19169419.99
2017-09-01,0.2586,0.26,0.241,0.253,18622855.96
2017-08-31,0.2319,0.2653,0.2271,0.2586,20610049.52
2017-08-30,0.2195,0.2333,0.216,0.2319,15914439.26
2017-08-29,0.225,0.2267,0.2121,0.2195,23511427.17
2017-08-28,0.2012,0.2425,0.194,0.225,44118460.83
2017-08-27,0.21,0.2103,0.192,0.2012,13957298.69
2017-08-26,0.2169,0.2309,0.2056,0.21,13993271.16
2017-08-25,0.2179,0.2309,0.201,0.2169,33611146.06
2017-08-24,0.2464,0.2877,0.2111,0.2179,59959639.96
2017-08-23,0.2412,0.2999,0.2135,0.2464,95052828.14
2017-08-22,0.196,0.261,0.1701,0.2412,80689214.01
2017-08-21,0.158,0.2088,0.1518,0.196,34180088.54
2017-08-20,0.1527,0.1616,0.149,0.158,7861125.1
2017-08-19,0.1567,0.1616,0.1474,0.1527,8759417.94
2017-08-18,0.1574,0.1715,0.1511,0.1567,14846948.94
2017-08-17,0.1606,0.1612,0.1535,0.1574,7202457.43
2017-08-16,0.1573,0.1606,0.1482,0.1606,12069177.77
2017-08-15,0.1679,0.1679,0.1518,0.1573,11071826.55
2017-08-14,0.1661,0.1805,0.1651,0.1679,6447129.88
2017-08-13,0.1705,0.1722,0.1584,0.1661,8467488.78
2017-08-12,0.1772,0.1825,0.1702,0.1705,7250543.66
2017-08-11,0.18,0.185,0.1755,0.1772,10235130.47
2017-08-10,0.184,0.1843,0.1777,0.18,4853163.86
2017-08-09,0.196,0.196,0.18,0.184,6009146.54
2017-08-08,0.1772,0.1991,0.1767,0.196,11663893.39
2017-08-07,0.1796,0.1823,0.1759,0.1772,6163869.99
2017-08-06,0.1844,0.1895,0.178,0.1796,3860128.1
2017-08-05,0.1738,0.192,0.1715,0.1844,9217688.12
2017-08-04,0.1744,0.177,0.1708,0.1738,3166036.26
2017-08-03,0.172,0.1777,0.1693,0.1744,2940863.01
2017-08-02,0.1773,0.18,0.1681,0.172,5603467.94
2017-08-01,0.164,0.185,0.1586,0.1773,7379014.76
2017-07-31,0.1642,0.168,0.1581,0.164,2621582.43
2017-07-30,0.1701,0.1719,0.161,0.1642,2001615.96
2017-07-29,0.1633,0.1715,0.1543,0.1701,2521892.25
2017-07-28,0.172,0.1741,0.1561,0.1633,3552821.43
2017-07-27,0.173,0.1757,0.1689,0.172,2408057.74
2017-07-26,0.1734,0.179,0.1641,0.173,3564420.9
2017-07-25,0.1915,0.1936,0.1663,0.1734,5835626.72
2017-07-24,0.1974,0.1988,0.19,0.1915,2542452.04
2017-07-23,0.1976,0.2074,0.1865,0.1974,6301823.07
2017-07-22,0.1835,0.202,0.181,0.1976,5000871.55
2017-07-21,0.1894,0.1929,0.1819,0.1835,4004471.87
2017-07-20,0.1626,0.1958,0.1626,0.1894,5096807.9
2017-07-19,0.1782,0.184,0.1575,0.1626,3900677.95
2017-07-18,0.1721,0.1853,0.16,0.1782,3820098.95
2017-07-17,0.1471,0.173,0.1434,0.1721,8256867.85
2017-07-16,0.1726,0.1744,0.129,0.1471,13694379.56
2017-07-15,0.1825,0.184,0.1717,0.1726,3785017.29
2017-07-14,0.1892,0.192,0.1725,0.1825,3259103.4
2017-07-13,0.1946,0.2172,0.1785,0.1892,3735659.13
2017-07-12,0.1749,0.196,0.161,0.1946,7316711.11
2017-07-11,0.1856,0.1964,0.148,0.1749,14075257.82
2017-07-10,0.224,0.225,0.1763,0.1856,6288465.34
2017-07-09,0.23,0.2425,0.2237,0.224,1256070.12
2017-07-08,0.2274,0.2321,0.209,0.23,3764715.38
2017-07-07,0.2486,0.2509,0.2265,0.2274,3394899.38
2017-07-06,0.2489,0.2517,0.2463,0.2486,1579769.74
2017-07-05,0.246,0.2551,0.2422,0.2489,2147110.94
2017-07-04,0.2506,0.2565,0.2445,0.246,1689291.19
2017-07-03,0.2466,0.2561,0.2409,0.2506,3120783.63
2017-07-02,0.2325,0.2487,0.229,0.2466,1351885.01
2017-07-01,0.2422,0.2451,0.2259,0.2325,1672767.3
2017-06-30,0.2502,0.2581,0.2413,0.2422,2118863.64
2017-06-29,0.263,0.2645,0.242,0.2502,2075640.76
2017-06-28,0.2579,0.2665,0.2438,0.263,3324959.0
2017-06-27,0.242,0.2579,0.216,0.2579,4937750.51
2017-06-26,0.255,0.262,0.219,0.242,7467279.34
2017-06-25,0.269,0.2767,0.246,0.255,2676757.85
2017-06-24,0.291,0.2998,0.2612,0.269,4033306.06
2017-06-23,0.2753,0.2947,0.2741,0.291,2893659.56
2017-06-22,0.2691,0.2807,0.2582,0.2753,2745372.52
2017-06-21,0.301,0.3086,0.252,0.2691,4714153.64
2017-06-20,0.2807,0.3237,0.275,0.301,8798067.0
2017-06-19,0.2631,0.2807,0.2581,0.2807,2808921.28
2017-06-18,0.257,0.2764,0.2435,0.2631,3993539.98
2017-06-17,0.246,0.262,0.2347,0.257,3961861.01
2017-06-16,0.2409,0.2502,0.2251,0.246,2175494.75
2017-06-15,0.2542,0.261,0.2035,0.2409,3943187.42
2017-06-14,0.2597,0.2955,0.2425,0.2542,7779224.43
2017-06-13,0.2371,0.2754,0.2341,0.2597,3635142.55
2017-06-12,0.2681,0.2826,0.22,0.2371,9014852.86
2017-06-11,0.251,0.2719,0.2499,0.2681,4243071.74
2017-06-10,0.2803,0.2837,0.2505,0.251,5036052.71
2017-06-09,0.2825,0.2945,0.2793,0.2803,2379551.36
2017-06-08,0.2701,0.2958,0.2648,0.2825,2288062.47
2017-06-07,0.2811,0.2985,0.2684,0.2701,3658325.94
2017-06-06,0.283,0.2899,0.2693,0.2811,6712612.25
2017-06-05,0.2884,0.2929,0.2785,0.283,1974781.9
2017-06-04,0.2806,0.3025,0.2601,0.2884,4469640.6
2017-06-03,0.2841,0.295,0.2602,0.2806,3193298.91
2017-06-02,0.3205,0.3244,0.2639,0.2841,6280410.69
2017-06-01,0.2376,0.3291,0.2339,0.3205,16005373.83
2017-05-31,0.1982,0.244,0.1787,0.2376,6349063.92
2017-05-30,0.225,0.2313,0.193,0.1982,3942869.02
2017-05-29,0.2163,0.2379,0.2019,0.225,3997453.61
2017-05-28,0.2014,0.2344,0.19,0.2163,5838268.23
2017-05-27,0.259,0.272,0.1445,0.2014,9368966.28
2017-05-26,0.2382,0.3213,0.2361,0.259,6489910.02
2017-05-25,0.2886,0.2924,0.229,0.2382,7984247.04
2017-05-24,0.3216,0.333,0.2819,0.2886,4282584.73
2017-05-23,0.2972,0.3499,0.2806,0.3216,3255109.42
2017-05-22,0.327,0.3358,0.25,0.2972,6474824.13
2017-05-21,0.3472,0.37,0.321,0.327,2597806.78
2017-05-20,0.325,0.372,0.2911,0.3472,3608508.0
2017-05-19,0.3442,0.355,0.25,0.325,1944855.49
