date,close
1990-01-02,8.0
1990-01-03,8.039999961853027
1990-01-04,8.039999961853027
1990-01-05,8.0600004196167
1990-01-08,8.09000015258789
1990-01-09,8.100000381469727
1990-01-10,8.109999656677246
1990-01-11,8.109999656677246
1990-01-12,8.170000076293945
1990-01-16,8.25
1990-01-17,8.25
1990-01-18,8.350000381469727
1990-01-19,8.289999961853027
1990-01-22,8.3100004196167
1990-01-23,8.289999961853027
1990-01-24,8.40999984741211
1990-01-25,8.460000038146973
1990-01-26,8.550000190734863
1990-01-29,8.539999961853027
1990-01-30,8.550000190734863
1990-01-31,8.460000038146973
1990-02-01,8.4399995803833
1990-02-02,8.510000228881836
1990-02-05,8.529999732971191
1990-02-06,8.579999923706055
1990-02-07,8.569999694824219
1990-02-08,8.5
1990-02-09,8.359999656677246
1990-02-12,8.430000305175781
1990-02-13,8.390000343322754
1990-02-14,8.40999984741211
1990-02-15,8.470000267028809
1990-02-16,8.460000038146973
1990-02-20,8.65999984741211
1990-02-21,8.65999984741211
1990-02-22,8.5600004196167
1990-02-23,8.5600004196167
1990-02-26,8.489999771118164
1990-02-27,8.449999809265137
1990-02-28,8.539999961853027
1990-03-01,8.609999656677246
1990-03-02,8.550000190734863
1990-03-05,8.65999984741211
1990-03-06,8.59000015258789
1990-03-07,8.579999923706055
1990-03-08,8.5600004196167
1990-03-09,8.630000114440918
1990-03-12,8.619999885559082
1990-03-13,8.720000267028809
1990-03-14,8.609999656677246
1990-03-15,8.630000114440918
1990-03-16,8.550000190734863
1990-03-19,8.539999961853027
1990-03-20,8.470000267028809
1990-03-21,8.470000267028809
1990-03-22,8.489999771118164
1990-03-23,8.479999542236328
1990-03-26,8.470000267028809
1990-03-27,8.479999542236328
1990-03-28,8.470000267028809
1990-03-29,8.579999923706055
1990-03-30,8.630000114440918
1990-04-02,8.630000114440918
1990-04-03,8.609999656677246
1990-04-04,8.520000457763672
1990-04-05,8.520000457763672
1990-04-06,8.520000457763672
1990-04-09,8.550000190734863
1990-04-10,8.569999694824219
1990-04-11,8.579999923706055
1990-04-12,8.600000381469727
1990-04-16,8.640000343322754
1990-04-17,8.739999771118164
1990-04-18,8.850000381469727
1990-04-19,8.859999656677246
1990-04-20,8.930000305175781
1990-04-23,8.960000038146973
1990-04-24,8.979999542236328
1990-04-25,8.979999542236328
1990-04-26,9.039999961853027
1990-04-27,9.039999961853027
1990-04-30,9.0
1990-05-01,9.039999961853027
1990-05-02,9.050000190734863
1990-05-03,8.989999771118164
1990-05-04,8.829999923706055
1990-05-07,8.850000381469727
1990-05-08,8.8100004196167
1990-05-09,8.899999618530273
1990-05-10,8.8100004196167
1990-05-11,8.640000343322754
1990-05-14,8.579999923706055
1990-05-15,8.619999885559082
1990-05-16,8.640000343322754
1990-05-17,8.649999618530273
1990-05-18,8.699999809265137
1990-05-21,8.6899995803833
1990-05-22,8.609999656677246
1990-05-23,8.59000015258789
1990-05-24,8.600000381469727
1990-05-25,8.670000076293945
1990-05-29,8.640000343322754
1990-05-30,8.600000381469727
1990-05-31,8.579999923706055
1990-06-01,8.430000305175781
1990-06-04,8.430000305175781
1990-06-05,8.460000038146973
1990-06-06,8.4399995803833
1990-06-07,8.430000305175781
1990-06-08,8.4399995803833
1990-06-11,8.449999809265137
1990-06-12,8.449999809265137
1990-06-13,8.390000343322754
1990-06-14,8.359999656677246
1990-06-15,8.430000305175781
1990-06-18,8.470000267028809
1990-06-19,8.479999542236328
1990-06-20,8.520000457763672
1990-06-21,8.5
1990-06-22,8.489999771118164
1990-06-25,8.5600004196167
1990-06-26,8.529999732971191
1990-06-27,8.489999771118164
1990-06-28,8.449999809265137
1990-06-29,8.40999984741211
1990-07-02,8.40999984741211
1990-07-03,8.399999618530273
1990-07-05,8.420000076293945
1990-07-06,8.510000228881836
1990-07-09,8.550000190734863
1990-07-10,8.5600004196167
1990-07-11,8.5600004196167
1990-07-12,8.5
1990-07-13,8.460000038146973
1990-07-16,8.460000038146973
1990-07-17,8.460000038146973
1990-07-18,8.550000190734863
1990-07-19,8.5600004196167
1990-07-20,8.539999961853027
1990-07-23,8.539999961853027
1990-07-24,8.59000015258789
1990-07-25,8.550000190734863
1990-07-26,8.539999961853027
1990-07-27,8.479999542236328
1990-07-30,8.399999618530273
1990-07-31,8.420000076293945
1990-08-01,8.359999656677246
1990-08-02,8.460000038146973
1990-08-03,8.550000190734863
1990-08-06,8.819999694824219
1990-08-07,8.859999656677246
1990-08-08,8.869999885559082
1990-08-09,8.75
1990-08-10,8.789999961853027
1990-08-13,8.829999923706055
1990-08-14,8.779999732971191
1990-08-15,8.760000228881836
1990-08-16,8.90999984741211
1990-08-17,8.9399995803833
1990-08-20,8.920000076293945
1990-08-21,8.9399995803833
1990-08-22,9.029999732971191
1990-08-23,9.109999656677246
1990-08-24,9.170000076293945
1990-08-27,9.020000457763672
1990-08-28,9.069999694824219
1990-08-29,8.949999809265137
1990-08-30,8.979999542236328
1990-08-31,8.989999771118164
1990-09-04,9.029999732971191
1990-09-05,8.979999542236328
1990-09-06,8.960000038146973
1990-09-07,8.920000076293945
1990-09-10,8.979999542236328
1990-09-11,8.960000038146973
1990-09-12,8.960000038146973
1990-09-13,8.960000038146973
1990-09-14,9.010000228881836
1990-09-17,9.0600004196167
1990-09-18,9.050000190734863
1990-09-19,9.020000457763672
1990-09-20,9.050000190734863
1990-09-21,9.130000114440918
1990-09-24,9.180000305175781
1990-09-25,9.149999618530273
1990-09-26,9.140000343322754
1990-09-27,9.050000190734863
1990-09-28,8.960000038146973
1990-10-01,8.84000015258789
1990-10-02,8.84000015258789
1990-10-03,8.850000381469727
1990-10-04,8.8100004196167
1990-10-05,8.789999961853027
1990-10-09,8.979999542236328
1990-10-10,9.029999732971191
1990-10-11,9.079999923706055
1990-10-12,8.979999542236328
1990-10-15,8.949999809265137
1990-10-16,8.9399995803833
1990-10-17,8.890000343322754
1990-10-18,8.850000381469727
1990-10-19,8.75
1990-10-22,8.760000228881836
1990-10-23,8.789999961853027
1990-10-24,8.789999961853027
1990-10-25,8.739999771118164
1990-10-26,8.760000228881836
1990-10-29,8.84000015258789
1990-10-30,8.829999923706055
1990-10-31,8.779999732971191
1990-11-01,8.699999809265137
1990-11-02,8.699999809265137
1990-11-05,8.630000114440918
1990-11-06,8.640000343322754
1990-11-07,8.710000038146973
1990-11-08,8.729999542236328
1990-11-09,8.630000114440918
1990-11-13,8.520000457763672
1990-11-14,8.510000228881836
1990-11-15,8.529999732971191
1990-11-16,8.460000038146973
1990-11-19,8.510000228881836
1990-11-20,8.470000267028809
1990-11-21,8.4399995803833
1990-11-23,8.4399995803833
1990-11-26,8.420000076293945
1990-11-27,8.4399995803833
1990-11-28,8.460000038146973
1990-11-29,8.470000267028809
1990-11-30,8.399999618530273
1990-12-03,8.359999656677246
1990-12-04,8.369999885559082
1990-12-05,8.319999694824219
1990-12-06,8.350000381469727
1990-12-07,8.1899995803833
1990-12-10,8.140000343322754
1990-12-11,8.100000381469727
1990-12-12,8.069999694824219
1990-12-13,8.140000343322754
1990-12-14,8.199999809265137
1990-12-17,8.180000305175781
1990-12-18,8.149999618530273
1990-12-19,8.1899995803833
1990-12-20,8.220000267028809
1990-12-21,8.279999732971191
1990-12-24,8.359999656677246
1990-12-26,8.300000190734863
1990-12-27,8.25
1990-12-28,8.3100004196167
1990-12-31,8.260000228881836
1991-01-02,8.140000343322754
1991-01-03,8.109999656677246
1991-01-04,8.199999809265137
1991-01-07,8.319999694824219
1991-01-08,8.369999885559082
1991-01-09,8.460000038146973
1991-01-10,8.369999885559082
1991-01-11,8.390000343322754
1991-01-14,8.40999984741211
1991-01-15,8.40999984741211
1991-01-16,8.399999618530273
1991-01-17,8.180000305175781
1991-01-18,8.170000076293945
1991-01-22,8.229999542236328
1991-01-23,8.210000038146973
1991-01-24,8.180000305175781
1991-01-25,8.239999771118164
1991-01-28,8.229999542236328
1991-01-29,8.199999809265137
1991-01-30,8.229999542236328
1991-01-31,8.210000038146973
1991-02-01,8.09000015258789
1991-02-04,8.050000190734863
1991-02-05,8.020000457763672
1991-02-06,8.020000457763672
1991-02-07,8.010000228881836
1991-02-08,7.949999809265137
1991-02-11,7.96999979019165
1991-02-12,7.960000038146973
1991-02-13,7.96999979019165
1991-02-14,7.989999771118164
1991-02-15,7.96999979019165
1991-02-19,7.989999771118164
1991-02-20,8.020000457763672
1991-02-21,8.039999961853027
1991-02-22,8.069999694824219
1991-02-25,8.050000190734863
1991-02-26,8.140000343322754
1991-02-27,8.149999618530273
1991-02-28,8.1899995803833
1991-03-01,8.279999732971191
1991-03-04,8.289999961853027
1991-03-05,8.25
1991-03-06,8.289999961853027
1991-03-07,8.229999542236328
1991-03-08,8.300000190734863
1991-03-11,8.229999542236328
1991-03-12,8.260000228881836
1991-03-13,8.199999809265137
1991-03-14,8.199999809265137
1991-03-15,8.300000190734863
1991-03-18,8.34000015258789
1991-03-19,8.420000076293945
1991-03-20,8.369999885559082
1991-03-21,8.34000015258789
1991-03-22,8.329999923706055
1991-03-25,8.319999694824219
1991-03-26,8.3100004196167
1991-03-27,8.260000228881836
1991-03-28,8.239999771118164
1991-04-01,8.25
1991-04-02,8.220000267028809
1991-04-03,8.239999771118164
1991-04-04,8.1899995803833
1991-04-05,8.180000305175781
1991-04-08,8.15999984741211
1991-04-09,8.199999809265137
1991-04-10,8.270000457763672
1991-04-11,8.270000457763672
1991-04-12,8.15999984741211
1991-04-15,8.119999885559082
1991-04-16,8.130000114440918
1991-04-17,8.109999656677246
1991-04-18,8.180000305175781
1991-04-19,8.239999771118164
1991-04-22,8.300000190734863
1991-04-23,8.279999732971191
1991-04-24,8.220000267028809
1991-04-25,8.239999771118164
1991-04-26,8.220000267028809
1991-04-29,8.229999542236328
1991-04-30,8.199999809265137
1991-05-01,8.180000305175781
1991-05-02,8.140000343322754
1991-05-03,8.220000267028809
1991-05-06,8.229999542236328
1991-05-07,8.239999771118164
1991-05-08,8.239999771118164
1991-05-09,8.210000038146973
1991-05-10,8.329999923706055
1991-05-13,8.270000457763672
1991-05-14,8.359999656677246
1991-05-15,8.34000015258789
1991-05-16,8.329999923706055
1991-05-17,8.279999732971191
1991-05-20,8.300000190734863
1991-05-21,8.260000228881836
1991-05-22,8.279999732971191
1991-05-23,8.3100004196167
1991-05-24,8.3100004196167
1991-05-28,8.279999732971191
1991-05-29,8.289999961853027
1991-05-30,8.220000267028809
1991-05-31,8.260000228881836
1991-06-03,8.34000015258789
1991-06-04,8.34000015258789
1991-06-05,8.390000343322754
1991-06-06,8.420000076293945
1991-06-07,8.479999542236328
1991-06-10,8.479999542236328
1991-06-11,8.479999542236328
1991-06-12,8.550000190734863
1991-06-13,8.529999732971191
1991-06-14,8.470000267028809
1991-06-17,8.489999771118164
1991-06-18,8.520000457763672
1991-06-19,8.520000457763672
1991-06-20,8.479999542236328
1991-06-21,8.510000228881836
1991-06-24,8.510000228881836
1991-06-25,8.510000228881836
1991-06-26,8.510000228881836
1991-06-27,8.489999771118164
1991-06-28,8.420000076293945
1991-07-01,8.4399995803833
1991-07-02,8.4399995803833
1991-07-03,8.420000076293945
1991-07-05,8.489999771118164
1991-07-08,8.510000228881836
1991-07-09,8.529999732971191
1991-07-10,8.529999732971191
1991-07-11,8.470000267028809
1991-07-12,8.4399995803833
1991-07-15,8.4399995803833
1991-07-16,8.460000038146973
1991-07-17,8.489999771118164
1991-07-18,8.5
1991-07-19,8.479999542236328
1991-07-22,8.479999542236328
1991-07-23,8.5
1991-07-24,8.420000076293945
1991-07-25,8.380000114440918
1991-07-26,8.390000343322754
1991-07-29,8.390000343322754
1991-07-30,8.390000343322754
1991-07-31,8.359999656677246
1991-08-01,8.380000114440918
1991-08-02,8.25
1991-08-05,8.239999771118164
1991-08-06,8.180000305175781
1991-08-07,8.170000076293945
1991-08-08,8.220000267028809
1991-08-09,8.229999542236328
1991-08-12,8.210000038146973
1991-08-13,8.170000076293945
1991-08-14,8.079999923706055
1991-08-15,8.09000015258789
1991-08-16,8.09000015258789
1991-08-19,8.109999656677246
1991-08-20,8.09000015258789
1991-08-21,8.069999694824219
1991-08-22,8.050000190734863
1991-08-23,8.130000114440918
1991-08-26,8.149999618530273
1991-08-27,8.140000343322754
1991-08-28,8.0600004196167
1991-08-29,7.989999771118164
1991-08-30,8.0600004196167
1991-09-03,8.050000190734863
1991-09-04,8.0600004196167
1991-09-05,8.09000015258789
1991-09-06,8.020000457763672
1991-09-09,8.0
1991-09-10,8.010000228881836
1991-09-11,8.020000457763672
1991-09-12,7.960000038146973
1991-09-13,7.949999809265137
1991-09-16,7.929999828338623
1991-09-17,7.920000076293945
1991-09-18,7.920000076293945
1991-09-19,7.920000076293945
1991-09-20,7.889999866485596
1991-09-23,7.880000114440918
1991-09-24,7.889999866485596
1991-09-25,7.909999847412109
1991-09-26,7.889999866485596
1991-09-27,7.829999923706055
1991-09-30,7.820000171661377
1991-10-01,7.809999942779541
1991-10-02,7.829999923706055
1991-10-03,7.840000152587891
1991-10-04,7.789999961853027
1991-10-07,7.789999961853027
1991-10-08,7.820000171661377
1991-10-09,7.909999847412109
1991-10-10,7.980000019073486
1991-10-11,7.900000095367432
1991-10-15,7.869999885559082
1991-10-16,7.880000114440918
1991-10-17,8.0
1991-10-18,7.96999979019165
1991-10-21,8.0600004196167
1991-10-22,8.100000381469727
1991-10-23,8.09000015258789
1991-10-24,8.029999732971191
1991-10-25,8.050000190734863
1991-10-28,8.029999732971191
1991-10-29,7.909999847412109
1991-10-30,7.900000095367432
1991-10-31,7.909999847412109
1991-11-01,7.929999828338623
1991-11-04,7.949999809265137
1991-11-05,8.020000457763672
1991-11-06,8.010000228881836
1991-11-07,7.920000076293945
1991-11-08,7.880000114440918
1991-11-12,7.800000190734863
1991-11-13,7.880000114440918
1991-11-14,7.820000171661377
1991-11-15,7.840000152587891
1991-11-18,7.840000152587891
1991-11-19,7.900000095367432
1991-11-20,7.920000076293945
1991-11-21,7.960000038146973
1991-11-22,7.989999771118164
1991-11-25,7.989999771118164
1991-11-26,7.949999809265137
1991-11-27,7.96999979019165
1991-11-29,7.940000057220459
1991-12-02,7.920000076293945
1991-12-03,7.900000095367432
1991-12-04,7.840000152587891
1991-12-05,7.860000133514404
1991-12-06,7.78000020980835
1991-12-09,7.78000020980835
1991-12-10,7.789999961853027
1991-12-11,7.809999942779541
1991-12-12,7.769999980926514
1991-12-13,7.789999961853027
1991-12-16,7.769999980926514
1991-12-17,7.75
1991-12-18,7.760000228881836
1991-12-19,7.679999828338623
1991-12-20,7.590000152587891
1991-12-23,7.53000020980835
1991-12-24,7.53000020980835
1991-12-26,7.510000228881836
1991-12-27,7.519999980926514
1991-12-30,7.449999809265137
1991-12-31,7.409999847412109
1992-01-02,7.460000038146973
1992-01-03,7.480000019073486
1992-01-06,7.440000057220459
1992-01-07,7.389999866485596
1992-01-08,7.409999847412109
1992-01-09,7.420000076293945
1992-01-10,7.46999979019165
1992-01-13,7.489999771118164
1992-01-14,7.539999961853027
1992-01-15,7.570000171661377
1992-01-16,7.650000095367432
1992-01-17,7.610000133514404
1992-01-21,7.570000171661377
1992-01-22,7.619999885559082
1992-01-23,7.710000038146973
1992-01-24,7.710000038146973
1992-01-27,7.710000038146973
1992-01-28,7.659999847412109
1992-01-29,7.75
1992-01-30,7.789999961853027
1992-01-31,7.769999980926514
1992-02-03,7.820000171661377
1992-02-04,7.760000228881836
1992-02-05,7.739999771118164
1992-02-06,7.75
1992-02-07,7.769999980926514
1992-02-10,7.789999961853027
1992-02-11,7.789999961853027
1992-02-12,7.809999942779541
1992-02-13,7.920000076293945
1992-02-14,7.909999847412109
1992-02-18,7.96999979019165
1992-02-19,7.929999828338623
1992-02-20,7.909999847412109
1992-02-21,7.949999809265137
1992-02-24,7.96999979019165
1992-02-25,7.940000057220459
1992-02-26,7.849999904632568
1992-02-27,7.860000133514404
1992-02-28,7.800000190734863
1992-03-02,7.900000095367432
1992-03-03,7.929999828338623
1992-03-04,7.900000095367432
1992-03-05,7.949999809265137
1992-03-06,7.929999828338623
1992-03-09,7.880000114440918
1992-03-10,7.889999866485596
1992-03-11,7.960000038146973
1992-03-12,8.039999961853027
1992-03-13,8.0600004196167
1992-03-16,8.069999694824219
1992-03-17,8.020000457763672
1992-03-18,8.010000228881836
1992-03-19,7.980000019073486
1992-03-20,8.050000190734863
1992-03-23,8.039999961853027
1992-03-24,7.940000057220459
1992-03-25,7.940000057220459
1992-03-26,7.989999771118164
1992-03-27,7.940000057220459
1992-03-30,7.949999809265137
1992-03-31,7.960000038146973
1992-04-01,7.900000095367432
1992-04-02,7.920000076293945
1992-04-03,7.880000114440918
1992-04-06,7.880000114440918
1992-04-07,7.900000095367432
1992-04-08,7.940000057220459
1992-04-09,7.849999904632568
1992-04-10,7.889999866485596
1992-04-13,7.860000133514404
1992-04-14,7.880000114440918
1992-04-15,7.869999885559082
1992-04-16,7.929999828338623
1992-04-20,8.020000457763672
1992-04-21,8.029999732971191
1992-04-22,8.039999961853027
1992-04-23,8.0600004196167
1992-04-24,8.0600004196167
1992-04-27,8.100000381469727
1992-04-28,8.0600004196167
1992-04-29,8.079999923706055
1992-04-30,8.0600004196167
1992-05-01,8.010000228881836
1992-05-04,8.029999732971191
1992-05-05,8.010000228881836
1992-05-06,7.96999979019165
1992-05-07,8.0
1992-05-08,7.900000095367432
1992-05-11,7.900000095367432
1992-05-12,7.860000133514404
1992-05-13,7.849999904632568
1992-05-14,7.869999885559082
1992-05-15,7.809999942779541
1992-05-18,7.820000171661377
1992-05-19,7.769999980926514
1992-05-20,7.789999961853027
1992-05-21,7.860000133514404
1992-05-22,7.829999923706055
1992-05-26,7.920000076293945
1992-05-27,7.909999847412109
1992-05-28,7.869999885559082
1992-05-29,7.840000152587891
1992-06-01,7.900000095367432
1992-06-02,7.869999885559082
1992-06-03,7.880000114440918
1992-06-04,7.880000114440918
1992-06-05,7.840000152587891
1992-06-08,7.840000152587891
1992-06-09,7.880000114440918
1992-06-10,7.900000095367432
1992-06-11,7.880000114440918
1992-06-12,7.849999904632568
1992-06-15,7.849999904632568
1992-06-16,7.840000152587891
1992-06-17,7.820000171661377
1992-06-18,7.800000190734863
1992-06-19,7.829999923706055
1992-06-22,7.840000152587891
1992-06-23,7.849999904632568
1992-06-24,7.829999923706055
1992-06-25,7.78000020980835
1992-06-26,7.789999961853027
1992-06-29,7.78000020980835
1992-06-30,7.789999961853027
1992-07-01,7.760000228881836
1992-07-02,7.630000114440918
1992-07-06,7.619999885559082
1992-07-07,7.610000133514404
1992-07-08,7.610000133514404
1992-07-09,7.610000133514404
1992-07-10,7.639999866485596
1992-07-13,7.670000076293945
1992-07-14,7.690000057220459
1992-07-15,7.639999866485596
1992-07-16,7.619999885559082
1992-07-17,7.679999828338623
1992-07-20,7.659999847412109
1992-07-21,7.670000076293945
1992-07-22,7.619999885559082
1992-07-23,7.539999961853027
1992-07-24,7.570000171661377
1992-07-27,7.53000020980835
1992-07-28,7.440000057220459
1992-07-29,7.429999828338623
1992-07-30,7.460000038146973
1992-07-31,7.460000038146973
1992-08-03,7.460000038146973
1992-08-04,7.429999828338623
1992-08-05,7.429999828338623
1992-08-06,7.449999809265137
1992-08-07,7.400000095367432
1992-08-10,7.369999885559082
1992-08-11,7.329999923706055
1992-08-12,7.329999923706055
1992-08-13,7.360000133514404
1992-08-14,7.329999923706055
1992-08-17,7.369999885559082
1992-08-18,7.329999923706055
1992-08-19,7.329999923706055
1992-08-20,7.320000171661377
1992-08-21,7.360000133514404
1992-08-24,7.440000057220459
1992-08-25,7.46999979019165
1992-08-26,7.429999828338623
1992-08-27,7.420000076293945
1992-08-28,7.420000076293945
1992-08-31,7.420000076293945
1992-09-01,7.380000114440918
1992-09-02,7.369999885559082
1992-09-03,7.369999885559082
1992-09-04,7.289999961853027
1992-09-08,7.230000019073486
1992-09-09,7.25
1992-09-10,7.239999771118164
1992-09-11,7.300000190734863
1992-09-14,7.260000228881836
1992-09-15,7.329999923706055
1992-09-16,7.349999904632568
1992-09-17,7.340000152587891
1992-09-18,7.320000171661377
1992-09-21,7.349999904632568
1992-09-22,7.449999809265137
1992-09-23,7.480000019073486
1992-09-24,7.420000076293945
1992-09-25,7.349999904632568
1992-09-28,7.340000152587891
1992-09-29,7.360000133514404
1992-09-30,7.380000114440918
1992-10-01,7.300000190734863
1992-10-02,7.329999923706055
1992-10-05,7.340000152587891
1992-10-06,7.409999847412109
1992-10-07,7.480000019073486
1992-10-08,7.449999809265137
1992-10-09,7.519999980926514
1992-10-13,7.53000020980835
1992-10-14,7.5
1992-10-15,7.510000228881836
1992-10-16,7.539999961853027
1992-10-19,7.570000171661377
1992-10-20,7.650000095367432
1992-10-21,7.630000114440918
1992-10-22,7.610000133514404
1992-10-23,7.650000095367432
1992-10-26,7.659999847412109
1992-10-27,7.619999885559082
1992-10-28,7.639999866485596
1992-10-29,7.599999904632568
1992-10-30,7.630000114440918
1992-11-02,7.659999847412109
1992-11-03,7.650000095367432
1992-11-04,7.690000057220459
1992-11-05,7.690000057220459
1992-11-06,7.760000228881836
1992-11-09,7.75
1992-11-10,7.679999828338623
1992-11-12,7.570000171661377
1992-11-13,7.570000171661377
1992-11-16,7.559999942779541
1992-11-17,7.550000190734863
1992-11-18,7.510000228881836
1992-11-19,7.539999961853027
1992-11-20,7.539999961853027
1992-11-23,7.559999942779541
1992-11-24,7.53000020980835
1992-11-25,7.539999961853027
1992-11-27,7.590000152587891
1992-11-30,7.590000152587891
1992-12-01,7.570000171661377
1992-12-02,7.570000171661377
1992-12-03,7.570000171661377
1992-12-04,7.5
1992-12-07,7.449999809265137
1992-12-08,7.440000057220459
1992-12-09,7.440000057220459
1992-12-10,7.420000076293945
1992-12-11,7.440000057220459
1992-12-14,7.449999809265137
1992-12-15,7.449999809265137
1992-12-16,7.440000057220459
1992-12-17,7.429999828338623
1992-12-18,7.429999828338623
1992-12-21,7.380000114440918
1992-12-22,7.340000152587891
1992-12-23,7.360000133514404
1992-12-24,7.360000133514404
1992-12-28,7.400000095367432
1992-12-29,7.369999885559082
1992-12-30,7.389999866485596
1992-12-31,7.400000095367432
1993-01-04,7.329999923706055
1993-01-05,7.329999923706055
1993-01-06,7.340000152587891
1993-01-07,7.449999809265137
1993-01-08,7.46999979019165
1993-01-11,7.46999979019165
1993-01-12,7.480000019073486
1993-01-13,7.449999809265137
1993-01-14,7.409999847412109
1993-01-15,7.349999904632568
1993-01-19,7.309999942779541
1993-01-20,7.320000171661377
1993-01-21,7.309999942779541
1993-01-22,7.300000190734863
1993-01-25,7.21999979019165
1993-01-26,7.260000228881836
1993-01-27,7.25
1993-01-28,7.230000019073486
1993-01-29,7.210000038146973
1993-02-01,7.210000038146973
1993-02-02,7.25
1993-02-03,7.230000019073486
1993-02-04,7.190000057220459
1993-02-05,7.170000076293945
1993-02-08,7.179999828338623
1993-02-09,7.199999809265137
1993-02-10,7.260000228881836
1993-02-11,7.150000095367432
1993-02-12,7.130000114440918
1993-02-16,7.139999866485596
1993-02-17,7.110000133514404
1993-02-18,7.019999980926514
1993-02-19,7.010000228881836
1993-02-22,6.949999809265137
1993-02-23,6.829999923706055
1993-02-24,6.880000114440918
1993-02-25,6.889999866485596
1993-02-26,6.900000095367432
1993-03-01,6.829999923706055
1993-03-02,6.840000152587891
1993-03-03,6.78000020980835
1993-03-04,6.730000019073486
1993-03-05,6.760000228881836
1993-03-08,6.71999979019165
1993-03-09,6.730000019073486
1993-03-10,6.75
1993-03-11,6.75
1993-03-12,6.860000133514404
1993-03-15,6.909999847412109
1993-03-16,6.869999885559082
1993-03-17,6.860000133514404
1993-03-18,6.800000190734863
1993-03-19,6.809999942779541
1993-03-22,6.809999942779541
1993-03-23,6.769999980926514
1993-03-24,6.809999942779541
1993-03-25,6.829999923706055
1993-03-26,6.940000057220459
1993-03-29,6.900000095367432
1993-03-30,6.909999847412109
1993-03-31,6.929999828338623
1993-04-01,6.96999979019165
1993-04-02,7.059999942779541
1993-04-05,7.039999961853027
1993-04-06,6.96999979019165
1993-04-07,6.960000038146973
1993-04-08,6.849999904632568
1993-04-12,6.789999961853027
1993-04-13,6.800000190734863
1993-04-14,6.760000228881836
1993-04-15,6.730000019073486
1993-04-16,6.760000228881836
1993-04-19,6.730000019073486
1993-04-20,6.760000228881836
1993-04-21,6.75
1993-04-22,6.75
1993-04-23,6.789999961853027
1993-04-26,6.829999923706055
1993-04-27,6.900000095367432
1993-04-28,6.909999847412109
1993-04-29,6.880000114440918
1993-04-30,6.949999809265137
1993-05-03,6.860000133514404
1993-05-04,6.809999942779541
1993-05-05,6.820000171661377
1993-05-06,6.800000190734863
1993-05-07,6.849999904632568
1993-05-10,6.809999942779541
1993-05-11,6.820000171661377
1993-05-12,6.860000133514404
1993-05-13,6.960000038146973
1993-05-14,6.949999809265137
1993-05-17,6.96999979019165
1993-05-18,7.019999980926514
1993-05-19,6.980000019073486
1993-05-20,6.989999771118164
1993-05-21,7.03000020980835
1993-05-24,6.989999771118164
1993-05-25,7.010000228881836
1993-05-26,6.940000057220459
1993-05-27,6.929999828338623
1993-05-28,6.980000019073486
1993-06-01,6.880000114440918
1993-06-02,6.880000114440918
1993-06-03,6.860000133514404
1993-06-04,6.909999847412109
1993-06-07,6.880000114440918
1993-06-08,6.909999847412109
1993-06-09,6.869999885559082
1993-06-10,6.880000114440918
1993-06-11,6.800000190734863
1993-06-14,6.809999942779541
1993-06-15,6.829999923706055
1993-06-16,6.820000171661377
1993-06-17,6.809999942779541
1993-06-18,6.820000171661377
1993-06-21,6.78000020980835
1993-06-22,6.78000020980835
1993-06-23,6.769999980926514
1993-06-24,6.739999771118164
1993-06-25,6.710000038146973
1993-06-28,6.670000076293945
1993-06-29,6.670000076293945
1993-06-30,6.679999828338623
1993-07-01,6.690000057220459
1993-07-02,6.670000076293945
1993-07-06,6.679999828338623
1993-07-07,6.679999828338623
1993-07-08,6.659999847412109
1993-07-09,6.639999866485596
1993-07-12,6.619999885559082
1993-07-13,6.619999885559082
1993-07-14,6.559999942779541
1993-07-15,6.550000190734863
1993-07-16,6.539999961853027
1993-07-19,6.539999961853027
1993-07-20,6.550000190734863
1993-07-21,6.619999885559082
1993-07-22,6.650000095367432
1993-07-23,6.710000038146973
1993-07-26,6.679999828338623
1993-07-27,6.679999828338623
1993-07-28,6.659999847412109
1993-07-29,6.570000171661377
1993-07-30,6.570000171661377
1993-08-02,6.559999942779541
1993-08-03,6.53000020980835
1993-08-04,6.539999961853027
1993-08-05,6.53000020980835
1993-08-06,6.53000020980835
1993-08-09,6.46999979019165
1993-08-10,6.449999809265137
1993-08-11,6.440000057220459
1993-08-12,6.369999885559082
1993-08-13,6.349999904632568
1993-08-16,6.309999942779541
1993-08-17,6.309999942779541
1993-08-18,6.260000228881836
1993-08-19,6.210000038146973
1993-08-20,6.21999979019165
1993-08-23,6.21999979019165
1993-08-24,6.199999809265137
1993-08-25,6.179999828338623
1993-08-26,6.090000152587891
1993-08-27,6.130000114440918
1993-08-30,6.119999885559082
1993-08-31,6.090000152587891
1993-09-01,6.090000152587891
1993-09-02,6.039999961853027
1993-09-03,5.949999809265137
1993-09-07,5.880000114440918
1993-09-08,5.860000133514404
1993-09-09,5.960000038146973
1993-09-10,5.889999866485596
1993-09-13,5.860000133514404
1993-09-14,5.96999979019165
1993-09-15,6.0
1993-09-16,6.010000228881836
1993-09-17,6.039999961853027
1993-09-20,6.079999923706055
1993-09-21,6.139999866485596
1993-09-22,6.099999904632568
1993-09-23,6.059999942779541
1993-09-24,6.059999942779541
1993-09-27,5.96999979019165
1993-09-28,5.940000057220459
1993-09-29,6.0
1993-09-30,6.039999961853027
1993-10-01,5.980000019073486
1993-10-04,5.989999771118164
1993-10-05,6.010000228881836
1993-10-06,6.010000228881836
1993-10-07,6.010000228881836
1993-10-08,5.920000076293945
1993-10-12,5.920000076293945
1993-10-13,5.920000076293945
1993-10-14,5.860000133514404
1993-10-15,5.78000020980835
1993-10-18,5.849999904632568
1993-10-19,5.849999904632568
1993-10-20,5.829999923706055
1993-10-21,5.920000076293945
1993-10-22,5.980000019073486
1993-10-25,6.019999980926514
1993-10-26,6.0
1993-10-27,6.0
1993-10-28,5.96999979019165
1993-10-29,5.965000152587891
1993-11-01,6.019999980926514
1993-11-02,6.058000087738037
1993-11-03,6.093999862670898
1993-11-04,6.179999828338623
1993-11-05,6.2170000076293945
1993-11-08,6.218999862670898
1993-11-09,6.1479997634887695
1993-11-10,6.197999954223633
1993-11-12,6.150000095367432
1993-11-15,6.165999889373779
1993-11-16,6.1620001792907715
1993-11-17,6.177999973297119
1993-11-18,6.228000164031982
1993-11-19,6.334000110626221
1993-11-22,6.35699987411499
1993-11-23,6.290999889373779
1993-11-24,6.315000057220459
1993-11-26,6.25600004196167
1993-11-29,6.22599983215332
1993-11-30,6.285999774932861
1993-12-01,6.26800012588501
1993-12-02,6.263000011444092
1993-12-03,6.257999897003174
1993-12-06,6.165999889373779
1993-12-07,6.1620001792907715
1993-12-08,6.1620001792907715
1993-12-09,6.136000156402588
1993-12-10,6.179999828338623
1993-12-13,6.228000164031982
1993-12-14,6.28000020980835
1993-12-15,6.283999919891357
1993-12-16,6.294000148773193
1993-12-17,6.2820000648498535
1993-12-20,6.290999889373779
1993-12-21,6.315000057220459
1993-12-22,6.22599983215332
1993-12-23,6.211999893188477
1993-12-27,6.223999977111816
1993-12-28,6.23799991607666
1993-12-29,6.247000217437744
1993-12-30,6.341000080108643
1993-12-31,6.339000225067139
1994-01-03,6.401000022888184
1994-01-04,6.372000217437744
1994-01-05,6.3979997634887695
1994-01-06,6.35099983215332
1994-01-07,6.232999801635742
1994-01-10,6.232999801635742
1994-01-11,6.236000061035156
1994-01-12,6.164000034332275
1994-01-13,6.251999855041504
1994-01-14,6.294000148773193
1994-01-18,6.2729997634887695
1994-01-19,6.2870001792907715
1994-01-20,6.263999938964844
1994-01-21,6.2779998779296875
1994-01-24,6.294000148773193
1994-01-25,6.331999778747559
1994-01-26,6.324999809265137
1994-01-27,6.265999794006348
1994-01-28,6.208000183105469
1994-01-31,6.223999977111816
1994-02-01,6.298999786376953
1994-02-02,6.289999961853027
1994-02-03,6.303999900817871
1994-02-04,6.357999801635742
1994-02-07,6.376999855041504
1994-02-08,6.426000118255615
1994-02-09,6.418000221252441
1994-02-10,6.431000232696533
1994-02-11,6.406000137329102
1994-02-14,6.434999942779541
1994-02-15,6.447999954223633
1994-02-16,6.447999954223633
1994-02-17,6.531000137329102
1994-02-18,6.623000144958496
1994-02-22,6.5980000495910645
1994-02-23,6.64900016784668
1994-02-24,6.735000133514404
1994-02-25,6.715000152587891
1994-02-28,6.671000003814697
1994-03-01,6.7820000648498535
1994-03-02,6.7870001792907715
1994-03-03,6.836999893188477
1994-03-04,6.840000152587891
1994-03-07,6.789999961853027
1994-03-08,6.8420000076293945
1994-03-09,6.8420000076293945
1994-03-10,6.938000202178955
1994-03-11,6.906000137329102
1994-03-14,6.920000076293945
1994-03-15,6.8979997634887695
1994-03-16,6.813000202178955
1994-03-17,6.818999767303467
1994-03-18,6.894999980926514
1994-03-21,6.935999870300293
1994-03-22,6.8480000495910645
1994-03-23,6.84499979019165
1994-03-24,6.9710001945495605
1994-03-25,6.984000205993652
1994-03-28,6.9710001945495605
1994-03-29,7.046999931335449
1994-03-30,7.0970001220703125
1994-03-31,7.125
1994-04-04,7.418000221252441
1994-04-05,7.267000198364258
1994-04-06,7.249000072479248
1994-04-07,7.201000213623047
1994-04-08,7.263999938964844
1994-04-11,7.235000133514404
1994-04-12,7.184000015258789
1994-04-13,7.255000114440918
1994-04-14,7.2870001792907715
1994-04-15,7.2870001792907715
1994-04-18,7.4070000648498535
1994-04-19,7.36299991607666
1994-04-20,7.328000068664551
1994-04-21,7.206999778747559
1994-04-22,7.210000038146973
1994-04-25,7.136000156402588
1994-04-26,7.111000061035156
1994-04-28,7.276000022888184
1994-04-29,7.302000045776367
1994-05-02,7.330999851226807
1994-05-03,7.3460001945495605
1994-05-04,7.3460001945495605
1994-05-05,7.318999767303467
1994-05-06,7.52400016784668
1994-05-09,7.622000217437744
1994-05-10,7.479000091552734
1994-05-11,7.585000038146973
1994-05-12,7.554999828338623
1994-05-13,7.497000217437744
1994-05-16,7.458000183105469
1994-05-17,7.308000087738037
1994-05-18,7.264999866485596
1994-05-19,7.230000019073486
1994-05-20,7.296999931335449
1994-05-23,7.432000160217285
1994-05-24,7.38100004196167
1994-05-25,7.361000061035156
1994-05-26,7.357999801635742
1994-05-27,7.390999794006348
1994-05-31,7.434999942779541
1994-06-01,7.381999969482422
1994-06-02,7.349999904632568
1994-06-03,7.256999969482422
1994-06-06,7.199999809265137
1994-06-07,7.254000186920166
1994-06-08,7.26800012588501
1994-06-09,7.270999908447266
1994-06-10,7.309000015258789
1994-06-13,7.341000080108643
1994-06-14,7.295000076293945
1994-06-15,7.388000011444092
1994-06-16,7.370999813079834
1994-06-17,7.441999912261963
1994-06-20,7.4629998207092285
1994-06-21,7.499000072479248
1994-06-22,7.4029998779296875
1994-06-23,7.394999980926514
1994-06-24,7.501999855041504
1994-06-27,7.439000129699707
1994-06-28,7.519999980926514
1994-06-29,7.505000114440918
1994-06-30,7.611999988555908
1994-07-01,7.616000175476074
1994-07-05,7.593999862670898
1994-07-06,7.599999904632568
1994-07-07,7.5879998207092285
1994-07-08,7.684000015258789
1994-07-11,7.7220001220703125
1994-07-12,7.675000190734863
1994-07-13,7.669000148773193
1994-07-14,7.5269999504089355
1994-07-15,7.539999961853027
1994-07-18,7.497000217437744
1994-07-19,7.454999923706055
1994-07-20,7.543000221252441
1994-07-21,7.548999786376953
1994-07-22,7.548999786376953
1994-07-25,7.525000095367432
1994-07-26,7.5370001792907715
1994-07-27,7.59499979019165
1994-07-28,7.539999961853027
1994-07-29,7.379000186920166
1994-08-01,7.4029998779296875
1994-08-02,7.394000053405762
1994-08-03,7.381999969482422
1994-08-04,7.394000053405762
1994-08-05,7.534999847412109
1994-08-08,7.519999980926514
1994-08-09,7.568999767303467
1994-08-10,7.574999809265137
1994-08-11,7.639999866485596
1994-08-12,7.485000133514404
1994-08-15,7.493000030517578
1994-08-16,7.383999824523926
1994-08-17,7.370999813079834
1994-08-18,7.485000133514404
1994-08-19,7.493000030517578
1994-08-22,7.546000003814697
1994-08-23,7.534999847412109
1994-08-24,7.465000152587891
1994-08-25,7.540999889373779
1994-08-26,7.48799991607666
1994-08-29,7.500999927520752
1994-08-30,7.459000110626221
1994-08-31,7.440999984741211
1994-09-01,7.448999881744385
1994-09-02,7.491000175476074
1994-09-06,7.540999889373779
1994-09-07,7.570000171661377
1994-09-08,7.566999912261963
1994-09-09,7.702000141143799
1994-09-12,7.708000183105469
1994-09-13,7.693999767303467
1994-09-14,7.670000076293945
1994-09-15,7.63700008392334
1994-09-16,7.7769999504089355
1994-09-19,7.74399995803833
1994-09-20,7.77400016784668
1994-09-21,7.796000003814697
1994-09-22,7.78000020980835
1994-09-23,7.790999889373779
1994-09-26,7.790999889373779
1994-09-27,7.8379998207092285
1994-09-28,7.802000045776367
1994-09-29,7.843999862670898
1994-09-30,7.818999767303467
1994-10-03,7.853000164031982
1994-10-04,7.877999782562256
1994-10-05,7.938000202178955
1994-10-06,7.940999984741211
1994-10-07,7.909999847412109
1994-10-11,7.8470001220703125
1994-10-12,7.88100004196167
1994-10-13,7.833000183105469
1994-10-14,7.822000026702881
1994-10-17,7.830999851226807
1994-10-18,7.853000164031982
1994-10-19,7.88100004196167
1994-10-20,7.989999771118164
1994-10-21,7.985000133514404
1994-10-24,8.031000137329102
1994-10-25,8.052000045776367
1994-10-26,8.052000045776367
1994-10-27,8.039999961853027
1994-10-28,7.955999851226807
1994-10-31,7.961999893188477
1994-11-01,8.055000305175781
1994-11-02,8.081000328063965
1994-11-03,8.09000015258789
1994-11-04,8.149999618530273
1994-11-07,8.159000396728516
1994-11-08,8.119999885559082
1994-11-09,8.109999656677246
1994-11-10,8.149999618530273
1994-11-11,8.147000312805176
1994-11-14,8.069999694824219
1994-11-15,8.031999588012695
1994-11-16,8.093999862670898
1994-11-17,8.135000228881836
1994-11-18,8.128999710083008
1994-11-21,8.137999534606934
1994-11-22,8.020000457763672
1994-11-23,7.953999996185303
1994-11-25,7.935999870300293
1994-11-28,7.98199987411499
1994-11-29,8.039999961853027
1994-11-30,7.9770002365112305
1994-12-01,8.038000106811523
1994-12-02,7.9079999923706055
1994-12-05,7.933000087738037
1994-12-06,7.849999904632568
1994-12-07,7.889999866485596
1994-12-08,7.885000228881836
1994-12-09,7.85099983215332
1994-12-12,7.929999828338623
1994-12-13,7.85099983215332
1994-12-14,7.860000133514404
1994-12-15,7.855999946594238
1994-12-16,7.853000164031982
1994-12-19,7.830999851226807
1994-12-20,7.8480000495910645
1994-12-21,7.840000152587891
1994-12-22,7.849999904632568
1994-12-23,7.849999904632568
1994-12-27,7.78000020980835
1994-12-28,7.829999923706055
1994-12-29,7.84499979019165
1994-12-30,7.869999885559082
1995-01-03,7.909999847412109
1995-01-04,7.849999904632568
1995-01-05,7.880000114440918
1995-01-06,7.853000164031982
1995-01-09,7.889999866485596
1995-01-10,7.861999988555908
1995-01-11,7.839000225067139
1995-01-12,7.881999969482422
1995-01-13,7.860000133514404
1995-01-16,7.794000148773193
1995-01-17,7.789999961853027
1995-01-18,7.78000020980835
1995-01-19,7.820000171661377
1995-01-20,7.880000114440918
1995-01-23,7.909999847412109
1995-01-24,7.921000003814697
1995-01-25,7.873000144958496
1995-01-26,7.839000225067139
1995-01-27,7.71999979019165
1995-01-30,7.760000228881836
1995-01-31,7.690000057220459
1995-02-01,7.736000061035156
1995-02-02,7.730000019073486
1995-02-03,7.619999885559082
1995-02-06,7.645999908447266
1995-02-07,7.638000011444092
1995-02-08,7.650000095367432
1995-02-09,7.686999797821045
1995-02-10,7.639999866485596
1995-02-13,7.664999961853027
1995-02-14,7.590000152587891
1995-02-15,7.572000026702881
1995-02-16,7.566999912261963
1995-02-17,7.581999778747559
1995-02-21,7.579999923706055
1995-02-22,7.534999847412109
1995-02-23,7.539999961853027
1995-02-24,7.519999980926514
1995-02-27,7.5
1995-02-28,7.445000171661377
1995-03-01,7.449999809265137
1995-03-02,7.495999813079834
1995-03-03,7.53000020980835
1995-03-06,7.585000038146973
1995-03-07,7.619999885559082
1995-03-08,7.547999858856201
1995-03-09,7.520999908447266
1995-03-10,7.460000038146973
1995-03-13,7.448999881744385
1995-03-14,7.360000133514404
1995-03-15,7.360000133514404
1995-03-16,7.360000133514404
1995-03-17,7.36899995803833
1995-03-20,7.394999980926514
1995-03-21,7.449999809265137
1995-03-22,7.447999954223633
1995-03-23,7.443999767303467
1995-03-24,7.366000175476074
1995-03-27,7.321000099182129
1995-03-28,7.310999870300293
1995-03-29,7.388999938964844
1995-03-30,7.409999847412109
1995-03-31,7.429999828338623
1995-04-03,7.400000095367432
1995-04-04,7.36899995803833
1995-04-05,7.374000072479248
1995-04-06,7.354000091552734
1995-04-07,7.389999866485596
1995-04-10,7.400000095367432
1995-04-11,7.363999843597412
1995-04-12,7.353000164031982
1995-04-13,7.329999923706055
1995-04-17,7.379000186920166
1995-04-18,7.400000095367432
1995-04-19,7.369999885559082
1995-04-20,7.3460001945495605
1995-04-21,7.330999851226807
1995-04-24,7.309999942779541
1995-04-25,7.324999809265137
1995-04-26,7.320000171661377
1995-04-27,7.329999923706055
1995-04-28,7.333000183105469
1995-05-01,7.3429999351501465
1995-05-02,7.317999839782715
1995-05-03,7.239999771118164
1995-05-04,7.159999847412109
1995-05-05,7.007999897003174
1995-05-08,7.03000020980835
1995-05-09,6.949999809265137
1995-05-10,6.96999979019165
1995-05-11,6.988999843597412
1995-05-12,6.988999843597412
1995-05-15,6.947000026702881
1995-05-16,6.864999771118164
1995-05-17,6.854000091552734
1995-05-18,6.9019999504089355
1995-05-19,6.919000148773193
1995-05-22,6.920000076293945
1995-05-23,6.86299991607666
1995-05-24,6.739999771118164
1995-05-25,6.71999979019165
1995-05-26,6.742000102996826
1995-05-30,6.664000034332275
1995-05-31,6.644000053405762
1995-06-01,6.60099983215332
1995-06-02,6.515999794006348
1995-06-05,6.510000228881836
1995-06-06,6.502999782562256
1995-06-07,6.550000190734863
1995-06-08,6.560999870300293
1995-06-09,6.71999979019165
1995-06-12,6.699999809265137
1995-06-13,6.539999961853027
1995-06-14,6.570000171661377
1995-06-15,6.599999904632568
1995-06-16,6.610000133514404
1995-06-19,6.570000171661377
1995-06-20,6.576000213623047
1995-06-21,6.53000020980835
1995-06-22,6.46999979019165
1995-06-23,6.498000144958496
1995-06-26,6.550000190734863
1995-06-27,6.552000045776367
1995-06-28,6.513000011444092
1995-06-29,6.645999908447266
1995-06-30,6.624000072479248
1995-07-03,6.63100004196167
1995-07-05,6.6020002365112305
1995-07-06,6.489999771118164
1995-07-07,6.519999980926514
1995-07-10,6.501999855041504
1995-07-11,6.590000152587891
1995-07-12,6.539999961853027
1995-07-13,6.547999858856201
1995-07-14,6.591000080108643
1995-07-17,6.664000034332275
1995-07-18,6.728000164031982
1995-07-19,6.879000186920166
1995-07-20,6.861999988555908
1995-07-21,6.947999954223633
1995-07-24,6.889999866485596
1995-07-25,6.835000038146973
1995-07-26,6.882999897003174
1995-07-27,6.835000038146973
1995-07-28,6.9019999504089355
1995-07-31,6.855000019073486
1995-08-01,6.918000221252441
1995-08-02,6.855000019073486
1995-08-03,6.922999858856201
1995-08-04,6.894999980926514
1995-08-07,6.886000156402588
1995-08-08,6.882999897003174
1995-08-09,6.918000221252441
1995-08-10,6.949999809265137
1995-08-11,6.965000152587891
1995-08-14,6.954999923706055
1995-08-15,6.916999816894531
1995-08-16,6.88700008392334
1995-08-17,6.900000095367432
1995-08-18,6.9019999504089355
1995-08-21,6.867000102996826
1995-08-22,6.889999866485596
1995-08-23,6.914999961853027
1995-08-24,6.835000038146973
1995-08-25,6.732999801635742
1995-08-28,6.695000171661377
1995-08-29,6.7210001945495605
1995-08-30,6.695000171661377
1995-08-31,6.644999980926514
1995-09-01,6.599999904632568
1995-09-05,6.563000202178955
1995-09-06,6.577000141143799
1995-09-07,6.591000080108643
1995-09-08,6.59499979019165
1995-09-11,6.585999965667725
1995-09-12,6.502999782562256
1995-09-13,6.513999938964844
1995-09-14,6.440999984741211
1995-09-15,6.464000225067139
1995-09-18,6.53000020980835
1995-09-19,6.484000205993652
1995-09-20,6.453999996185303
1995-09-21,6.554999828338623
1995-09-22,6.578999996185303
1995-09-25,6.576000213623047
1995-09-26,6.576000213623047
1995-09-27,6.585999965667725
1995-09-28,6.583000183105469
1995-09-29,6.48199987411499
1995-10-02,6.479000091552734
1995-10-03,6.452000141143799
1995-10-04,6.435999870300293
1995-10-05,6.420000076293945
1995-10-06,6.425000190734863
1995-10-10,6.425000190734863
1995-10-11,6.431000232696533
1995-10-12,6.400000095367432
1995-10-13,6.285999774932861
1995-10-16,6.315000057220459
1995-10-17,6.296999931335449
1995-10-18,6.316999912261963
1995-10-19,6.298999786376953
1995-10-20,6.336999893188477
1995-10-23,6.375
1995-10-24,6.318999767303467
1995-10-25,6.316999912261963
1995-10-26,6.383999824523926
1995-10-27,6.3429999351501465
1995-10-30,6.3460001945495605
1995-10-31,6.316999912261963
1995-11-01,6.285999774932861
1995-11-02,6.255000114440918
1995-11-03,6.263999938964844
1995-11-06,6.288000106811523
1995-11-07,6.308000087738037
1995-11-08,6.236000061035156
1995-11-09,6.283999919891357
1995-11-10,6.322999954223633
1995-11-13,6.275000095367432
1995-11-14,6.294000148773193
1995-11-15,6.298999786376953
1995-11-16,6.232999801635742
1995-11-17,6.229000091552734
1995-11-20,6.242000102996826
1995-11-21,6.263999938964844
1995-11-22,6.271999835968018
1995-11-24,6.242000102996826
1995-11-27,6.21999979019165
1995-11-28,6.22599983215332
1995-11-29,6.209000110626221
1995-11-30,6.131999969482422
1995-12-01,6.0960001945495605
1995-12-04,6.007999897003174
1995-12-05,6.02400016784668
1995-12-06,6.03000020980835
1995-12-07,6.064000129699707
1995-12-08,6.054999828338623
1995-12-11,6.0370001792907715
1995-12-12,6.045000076293945
1995-12-13,6.061999797821045
1995-12-14,6.073999881744385
1995-12-15,6.086999893188477
1995-12-18,6.186999797821045
1995-12-19,6.110000133514404
1995-12-20,6.104000091552734
1995-12-21,6.105999946594238
1995-12-22,6.046999931335449
1995-12-26,6.035999774932861
1995-12-27,6.005000114440918
1995-12-28,5.980000019073486
1995-12-29,5.948999881744385
1996-01-02,5.966000080108643
1996-01-03,5.956999778747559
1996-01-04,6.011000156402588
1996-01-05,6.039999961853027
1996-01-08,6.038000106811523
1996-01-09,6.046999931335449
1996-01-10,6.1570000648498535
1996-01-11,6.1519999504089355
1996-01-12,6.163000106811523
1996-01-16,6.084000110626221
1996-01-17,5.998000144958496
1996-01-18,5.98199987411499
1996-01-19,5.9670000076293945
1996-01-22,6.0320000648498535
1996-01-23,6.081999778747559
1996-01-24,6.019000053405762
1996-01-25,6.105000019073486
1996-01-26,6.039999961853027
1996-01-29,6.084000110626221
1996-01-30,6.033999919891357
1996-01-31,6.0229997634887695
1996-02-01,6.079999923706055
1996-02-02,6.145999908447266
1996-02-05,6.150000095367432
1996-02-06,6.13100004196167
1996-02-07,6.145999908447266
1996-02-08,6.1539998054504395
1996-02-09,6.091000080108643
1996-02-12,6.035999774932861
1996-02-13,6.0229997634887695
1996-02-14,6.072999954223633
1996-02-15,6.1579999923706055
1996-02-16,6.2220001220703125
1996-02-20,6.386000156402588
1996-02-21,6.38100004196167
1996-02-22,6.3520002365112305
1996-02-23,6.413000106811523
1996-02-26,6.436999797821045
1996-02-27,6.4670000076293945
1996-02-28,6.474999904632568
1996-02-29,6.492000102996826
1996-03-01,6.377999782562256
1996-03-04,6.336999893188477
1996-03-05,6.386000156402588
1996-03-06,6.441999912261963
1996-03-07,6.452000141143799
1996-03-08,6.729000091552734
1996-03-11,6.611999988555908
1996-03-12,6.6479997634887695
1996-03-13,6.673999786376953
1996-03-14,6.678999900817871
1996-03-15,6.744999885559082
1996-03-18,6.708000183105469
1996-03-19,6.703000068664551
1996-03-20,6.651000022888184
1996-03-21,6.617000102996826
1996-03-22,6.644999980926514
1996-03-25,6.571000099182129
1996-03-26,6.580999851226807
1996-03-27,6.673999786376953
1996-03-28,6.723999977111816
1996-03-29,6.678999900817871
1996-04-01,6.664000034332275
1996-04-02,6.611999988555908
1996-04-03,6.626999855041504
1996-04-04,6.656000137329102
1996-04-08,6.879000186920166
1996-04-09,6.839000225067139
1996-04-10,6.9039998054504395
1996-04-11,6.947999954223633
1996-04-12,6.801000118255615
1996-04-15,6.784999847412109
1996-04-16,6.77400016784668
1996-04-17,6.801000118255615
1996-04-18,6.828000068664551
1996-04-19,6.788000106811523
1996-04-22,6.736999988555908
1996-04-23,6.765999794006348
1996-04-24,6.803999900817871
1996-04-25,6.807000160217285
1996-04-26,6.788000106811523
1996-04-29,6.822999954223633
1996-04-30,6.876999855041504
1996-05-01,6.89900016784668
1996-05-02,7.0370001792907715
1996-05-03,7.107999801635742
1996-05-06,7.063000202178955
1996-05-07,7.071000099182129
1996-05-08,7.014999866485596
1996-05-09,7.01200008392334
1996-05-10,6.921000003814697
1996-05-13,6.895999908447266
1996-05-14,6.84499979019165
1996-05-15,6.839000225067139
1996-05-16,6.890999794006348
1996-05-17,6.834000110626221
1996-05-20,6.815000057220459
1996-05-21,6.84499979019165
1996-05-22,6.807000160217285
1996-05-23,6.863999843597412
1996-05-24,6.831999778747559
1996-05-28,6.8480000495910645
1996-05-29,6.929999828338623
1996-05-30,6.9079999923706055
1996-05-31,6.991000175476074
1996-06-03,7.010000228881836
1996-06-04,6.99399995803833
1996-06-05,6.958000183105469
1996-06-06,6.9029998779296875
1996-06-07,7.044000148773193
1996-06-10,7.086999893188477
1996-06-11,7.120999813079834
1996-06-12,7.172999858856201
1996-06-13,7.150000095367432
1996-06-14,7.090000152587891
1996-06-17,7.059000015258789
1996-06-18,7.080999851226807
1996-06-19,7.10699987411499
1996-06-20,7.116000175476074
1996-06-21,7.0960001945495605
1996-06-24,7.085000038146973
1996-06-25,7.052999973297119
1996-06-26,7.039000034332275
1996-06-27,6.982999801635742
1996-06-28,6.8979997634887695
1996-07-01,6.901000022888184
1996-07-02,6.939000129699707
1996-07-03,6.922999858856201
1996-07-05,7.183000087738037
1996-07-08,7.185999870300293
1996-07-09,7.139999866485596
1996-07-10,7.093999862670898
1996-07-11,7.063000202178955
1996-07-12,7.008999824523926
1996-07-15,7.057000160217285
1996-07-16,7.004000186920166
1996-07-17,7.01200008392334
1996-07-18,6.9039998054504395
1996-07-19,6.9679999351501465
1996-07-22,7.004000186920166
1996-07-23,6.961999893188477
1996-07-24,7.034999847412109
1996-07-25,7.01800012588501
1996-07-26,7.006999969482422
1996-07-29,7.083000183105469
1996-07-30,7.034999847412109
1996-07-31,6.966000080108643
1996-08-01,6.826000213623047
1996-08-02,6.732999801635742
1996-08-05,6.743000030517578
1996-08-06,6.756999969482422
1996-08-07,6.7729997634887695
1996-08-08,6.794000148773193
1996-08-09,6.693999767303467
1996-08-12,6.691999912261963
1996-08-13,6.7820000648498535
1996-08-14,6.7820000648498535
1996-08-15,6.809000015258789
1996-08-16,6.767000198364258
1996-08-19,6.794000148773193
1996-08-20,6.801000118255615
1996-08-21,6.828999996185303
1996-08-22,6.835999965667725
1996-08-23,6.921000003814697
1996-08-26,6.993000030517578
1996-08-27,6.964000225067139
1996-08-28,6.980000019073486
1996-08-29,7.039000034332275
1996-08-30,7.10699987411499
1996-09-03,7.057000160217285
1996-09-04,7.0960001945495605
1996-09-05,7.144000053405762
1996-09-06,7.109000205993652
1996-09-09,7.070000171661377
1996-09-10,7.119999885559082
1996-09-11,7.10699987411499
1996-09-12,7.066999912261963
1996-09-13,6.943999767303467
1996-09-16,6.939000129699707
1996-09-17,6.998000144958496
1996-09-18,7.013000011444092
1996-09-19,7.046999931335449
1996-09-20,7.033999919891357
1996-09-23,7.01800012588501
1996-09-24,6.985000133514404
1996-09-25,6.928999900817871
1996-09-26,6.873000144958496
1996-09-27,6.9029998779296875
1996-09-30,6.922999858856201
1996-10-01,6.868000030517578
1996-10-02,6.833000183105469
1996-10-03,6.840000152587891
1996-10-04,6.734000205993652
1996-10-07,6.7789998054504395
1996-10-08,6.785999774932861
1996-10-09,6.828000068664551
1996-10-10,6.877999782562256
1996-10-11,6.840000152587891
1996-10-15,6.840000152587891
1996-10-16,6.860000133514404
1996-10-17,6.796000003814697
1996-10-18,6.781000137329102
1996-10-21,6.801000118255615
1996-10-22,6.840000152587891
1996-10-23,6.828000068664551
1996-10-24,6.849999904632568
1996-10-25,6.810999870300293
1996-10-28,6.824999809265137
1996-10-29,6.688000202178955
1996-10-30,6.683000087738037
1996-10-31,6.650000095367432
1996-11-01,6.671000003814697
1996-11-04,6.658999919891357
1996-11-05,6.5920000076293945
1996-11-06,6.60699987411499
1996-11-07,6.550000190734863
1996-11-08,6.506999969482422
1996-11-12,6.434000015258789
1996-11-13,6.449999809265137
1996-11-14,6.420000076293945
1996-11-15,6.449999809265137
1996-11-18,6.460000038146973
1996-11-19,6.431000232696533
1996-11-20,6.395999908447266
1996-11-21,6.409999847412109
1996-11-22,6.431000232696533
1996-11-25,6.409999847412109
1996-11-26,6.423999786376953
1996-11-27,6.433000087738037
1996-11-29,6.3520002365112305
1996-12-02,6.35699987411499
1996-12-03,6.349999904632568
1996-12-04,6.395999908447266
1996-12-05,6.492000102996826
1996-12-06,6.511000156402588
1996-12-09,6.47599983215332
1996-12-10,6.47599983215332
1996-12-11,6.5929999351501465
1996-12-12,6.61299991607666
1996-12-13,6.573999881744385
1996-12-16,6.619999885559082
1996-12-17,6.644999980926514
1996-12-18,6.681000232696533
1996-12-19,6.5980000495910645
1996-12-20,6.585999965667725
1996-12-23,6.573999881744385
1996-12-24,6.576000213623047
1996-12-26,6.580999851226807
1996-12-27,6.5329999923706055
1996-12-30,6.5329999923706055
1996-12-31,6.635000228881836
1997-01-02,6.745999813079834
1997-01-03,6.729000091552734
1997-01-06,6.763999938964844
1997-01-07,6.802000045776367
1997-01-08,6.822000026702881
1997-01-09,6.769000053405762
1997-01-10,6.849999904632568
1997-01-13,6.8420000076293945
1997-01-14,6.769000053405762
1997-01-15,6.785999774932861
1997-01-16,6.835000038146973
1997-01-17,6.822000026702881
1997-01-21,6.77400016784668
1997-01-22,6.814000129699707
1997-01-23,6.836999893188477
1997-01-24,6.886000156402588
1997-01-27,6.933000087738037
1997-01-28,6.9070000648498535
1997-01-29,6.89900016784668
1997-01-30,6.873000144958496
1997-01-31,6.796999931335449
1997-02-03,6.736000061035156
1997-02-04,6.716000080108643
1997-02-05,6.736000061035156
1997-02-06,6.75600004196167
1997-02-07,6.705999851226807
1997-02-10,6.703999996185303
1997-02-11,6.703999996185303
1997-02-12,6.714000225067139
1997-02-13,6.630000114440918
1997-02-14,6.533999919891357
1997-02-18,6.539000034332275
1997-02-19,6.565000057220459
1997-02-20,6.618000030517578
1997-02-21,6.626999855041504
1997-02-24,6.6519999504089355
1997-02-25,6.656000137329102
1997-02-26,6.796999931335449
1997-02-27,6.811999797821045
1997-02-28,6.7870001792907715
1997-03-03,6.827000141143799
1997-03-04,6.854000091552734
1997-03-05,6.839000225067139
1997-03-06,6.872000217437744
1997-03-07,6.823999881744385
1997-03-10,6.822000026702881
1997-03-11,6.836999893188477
1997-03-12,6.863999843597412
1997-03-13,6.9720001220703125
1997-03-14,6.940999984741211
1997-03-17,6.948999881744385
1997-03-18,6.959000110626221
1997-03-19,6.9770002365112305
1997-03-20,6.959000110626221
1997-03-21,6.951000213623047
1997-03-24,6.931000232696533
1997-03-25,6.959000110626221
1997-03-26,6.985000133514404
1997-03-27,7.077000141143799
1997-03-31,7.10099983215332
1997-04-01,7.081999778747559
1997-04-02,7.073999881744385
1997-04-03,7.071000099182129
1997-04-04,7.130000114440918
1997-04-07,7.077000141143799
1997-04-08,7.10099983215332
1997-04-09,7.103000164031982
1997-04-10,7.103000164031982
1997-04-11,7.164999961853027
1997-04-14,7.164999961853027
1997-04-15,7.086999893188477
1997-04-16,7.0980000495910645
1997-04-17,7.064000129699707
1997-04-18,7.052999973297119
1997-04-21,7.085000038146973
1997-04-22,7.045000076293945
1997-04-23,7.077000141143799
1997-04-24,7.11899995803833
1997-04-25,7.132999897003174
1997-04-28,7.109000205993652
1997-04-29,6.9770002365112305
1997-04-30,6.951000213623047
1997-05-01,6.920000076293945
1997-05-02,6.896999835968018
1997-05-05,6.885000228881836
1997-05-06,6.880000114440918
1997-05-07,6.938000202178955
1997-05-08,6.913000106811523
1997-05-09,6.880000114440918
1997-05-12,6.863999843597412
1997-05-13,6.914999961853027
1997-05-14,6.885000228881836
1997-05-15,6.867000102996826
1997-05-16,6.9029998779296875
1997-05-19,6.909999847412109
1997-05-20,6.918000221252441
1997-05-21,6.961999893188477
1997-05-22,6.982999801635742
1997-05-23,6.980000019073486
1997-05-27,7.02400016784668
1997-05-28,7.021999835968018
1997-05-29,6.980000019073486
1997-05-30,6.913000106811523
1997-06-02,6.894999980926514
1997-06-03,6.867000102996826
1997-06-04,6.875
1997-06-05,6.876999855041504
1997-06-06,6.77400016784668
1997-06-09,6.823999881744385
1997-06-10,6.831999778747559
1997-06-11,6.818999767303467
1997-06-12,6.761000156402588
1997-06-13,6.7170000076293945
1997-06-16,6.690000057220459
1997-06-17,6.706999778747559
1997-06-18,6.683000087738037
1997-06-19,6.675000190734863
1997-06-20,6.645999908447266
1997-06-23,6.683000087738037
1997-06-24,6.688000202178955
1997-06-25,6.723999977111816
1997-06-26,6.771999835968018
1997-06-27,6.742000102996826
1997-06-30,6.794000148773193
1997-07-01,6.736999988555908
1997-07-02,6.704999923706055
1997-07-03,6.614999771118164
1997-07-07,6.576000213623047
1997-07-08,6.578999996185303
1997-07-09,6.550000190734863
1997-07-10,6.557000160217285
1997-07-11,6.526000022888184
1997-07-14,6.539999961853027
1997-07-15,6.543000221252441
1997-07-16,6.473999977111816
1997-07-17,6.479000091552734
1997-07-18,6.519000053405762
1997-07-21,6.538000106811523
1997-07-22,6.429999828338623
1997-07-23,6.410999774932861
1997-07-24,6.421000003814697
1997-07-25,6.443999767303467
1997-07-28,6.414000034332275
1997-07-29,6.374000072479248
1997-07-30,6.328999996185303
1997-07-31,6.294000148773193
1997-08-01,6.453000068664551
1997-08-04,6.473999977111816
1997-08-05,6.484000205993652
1997-08-06,6.473999977111816
1997-08-07,6.519000053405762
1997-08-08,6.632999897003174
1997-08-11,6.63100004196167
1997-08-12,6.656000137329102
1997-08-13,6.627999782562256
1997-08-14,6.557000160217285
1997-08-15,6.557000160217285
1997-08-18,6.519999980926514
1997-08-19,6.511000156402588
1997-08-20,6.5329999923706055
1997-08-21,6.591000080108643
1997-08-22,6.664999961853027
1997-08-25,6.664999961853027
1997-08-26,6.650000095367432
1997-08-27,6.6479997634887695
1997-08-28,6.571000099182129
1997-08-29,6.60099983215332
1997-09-02,6.571000099182129
1997-09-03,6.585999965667725
1997-09-04,6.5960001945495605
1997-09-05,6.638000011444092
1997-09-08,6.605999946594238
1997-09-09,6.616000175476074
1997-09-10,6.64300012588501
1997-09-11,6.672999858856201
1997-09-12,6.585999965667725
1997-09-15,6.565999984741211
1997-09-16,6.4029998779296875
1997-09-17,6.383999824523926
1997-09-18,6.383999824523926
1997-09-19,6.372000217437744
1997-09-22,6.343999862670898
1997-09-23,6.379000186920166
1997-09-24,6.321000099182129
1997-09-25,6.395999908447266
1997-09-26,6.364999771118164
1997-09-29,6.376999855041504
1997-09-30,6.4070000648498535
1997-10-01,6.317999839782715
1997-10-02,6.300000190734863
1997-10-03,6.303999900817871
1997-10-06,6.260000228881836
1997-10-07,6.236999988555908
1997-10-08,6.364999771118164
1997-10-09,6.369999885559082
1997-10-10,6.421000003814697
1997-10-14,6.353000164031982
1997-10-15,6.386000156402588
1997-10-16,6.383999824523926
1997-10-17,6.433000087738037
1997-10-20,6.416999816894531
1997-10-21,6.414000034332275
1997-10-22,6.4070000648498535
1997-10-23,6.320000171661377
1997-10-24,6.291999816894531
1997-10-27,6.236999988555908
1997-10-28,6.281000137329102
1997-10-29,6.2210001945495605
1997-10-30,6.164000034332275
1997-10-31,6.144000053405762
1997-11-03,6.203000068664551
1997-11-04,6.242000102996826
1997-11-05,6.238999843597412
1997-11-06,6.186999797821045
1997-11-07,6.150000095367432
1997-11-10,6.145999908447266
1997-11-12,6.125
1997-11-13,6.104000091552734
1997-11-14,6.084000110626221
1997-11-17,6.070000171661377
1997-11-18,6.067999839782715
1997-11-19,6.0229997634887695
1997-11-20,6.047999858856201
1997-11-21,6.03000020980835
1997-11-24,6.077000141143799
1997-11-25,6.057000160217285
1997-11-26,6.052000045776367
1997-11-28,6.035999774932861
1997-12-01,6.03000020980835
1997-12-02,6.03000020980835
1997-12-03,6.015999794006348
1997-12-04,6.035999774932861
1997-12-05,6.077000141143799
1997-12-08,6.133999824523926
1997-12-09,6.131999969482422
1997-12-10,6.0929999351501465
1997-12-11,6.01800012588501
1997-12-12,5.934000015258789
1997-12-15,5.9710001945495605
1997-12-16,5.953999996185303
1997-12-17,5.985000133514404
1997-12-18,5.940000057220459
1997-12-19,5.89900016784668
1997-12-22,5.888000011444092
1997-12-23,5.892000198364258
1997-12-24,5.89900016784668
1997-12-26,5.901000022888184
1997-12-29,5.918000221252441
1997-12-30,5.9710001945495605
1997-12-31,5.925000190734863
1998-01-02,5.8480000495910645
1998-01-05,5.729000091552734
1998-01-06,5.7179999351501465
1998-01-07,5.793000221252441
1998-01-08,5.745999813079834
1998-01-09,5.703999996185303
1998-01-12,5.695000171661377
1998-01-13,5.703999996185303
1998-01-14,5.730999946594238
1998-01-15,5.738999843597412
1998-01-16,5.794000148773193
1998-01-20,5.822000026702881
1998-01-21,5.801000118255615
1998-01-22,5.843999862670898
1998-01-23,5.9710001945495605
1998-01-26,5.88700008392334
1998-01-27,5.938000202178955
1998-01-28,5.934999942779541
1998-01-29,5.839000225067139
1998-01-30,5.804999828338623
1998-02-02,5.861000061035156
1998-02-03,5.861000061035156
1998-02-04,5.861000061035156
1998-02-05,5.915999889373779
1998-02-06,5.9070000648498535
1998-02-09,5.941999912261963
1998-02-10,5.921999931335449
1998-02-11,5.849999904632568
1998-02-12,5.875999927520752
1998-02-13,5.843999862670898
1998-02-17,5.796000003814697
1998-02-18,5.835000038146973
1998-02-19,5.8460001945495605
1998-02-20,5.861000061035156
1998-02-23,5.9039998054504395
1998-02-24,5.9679999351501465
1998-02-25,5.918000221252441
1998-02-26,5.941999912261963
1998-02-27,5.918000221252441
1998-03-02,6.02400016784668
1998-03-03,6.058000087738037
1998-03-04,6.041999816894531
1998-03-05,6.063000202178955
1998-03-06,6.017000198364258
1998-03-09,5.964000225067139
1998-03-10,5.959000110626221
1998-03-11,5.926000118255615
1998-03-12,5.867000102996826
1998-03-13,5.885000228881836
1998-03-16,5.8480000495910645
1998-03-17,5.880000114440918
1998-03-18,5.900000095367432
1998-03-19,5.9019999504089355
1998-03-20,5.881999969482422
1998-03-23,5.875999927520752
1998-03-24,5.875999927520752
1998-03-25,5.931000232696533
1998-03-26,5.947999954223633
1998-03-27,5.951000213623047
1998-03-30,5.974999904632568
1998-03-31,5.936999797821045
1998-04-01,5.8979997634887695
1998-04-02,5.8429999351501465
1998-04-03,5.7789998054504395
1998-04-06,5.820000171661377
1998-04-07,5.835000038146973
1998-04-08,5.895999908447266
1998-04-09,5.875999927520752
1998-04-13,5.931000232696533
1998-04-14,5.9019999504089355
1998-04-15,5.880000114440918
1998-04-16,5.867000102996826
1998-04-17,5.86899995803833
1998-04-20,5.914999961853027
1998-04-21,5.951000213623047
1998-04-22,5.956999778747559
1998-04-23,5.966000080108643
1998-04-24,5.941999912261963
1998-04-27,6.063000202178955
1998-04-28,6.065000057220459
1998-04-29,6.070000171661377
1998-04-30,5.946000099182129
1998-05-01,5.934999942779541
1998-05-04,5.934999942779541
1998-05-05,5.966000080108643
1998-05-06,5.940000057220459
1998-05-07,5.941999912261963
1998-05-08,5.968999862670898
1998-05-11,6.038000106811523
1998-05-12,5.954999923706055
1998-05-13,5.941999912261963
1998-05-14,5.9710001945495605
1998-05-15,5.966000080108643
1998-05-18,5.914999961853027
1998-05-19,5.928999900817871
1998-05-20,5.885000228881836
1998-05-21,5.920000076293945
1998-05-22,5.895999908447266
1998-05-26,5.84499979019165
1998-05-27,5.823999881744385
1998-05-28,5.831999778747559
1998-05-29,5.800000190734863
1998-06-01,5.776000022888184
1998-06-02,5.795000076293945
1998-06-03,5.790999889373779
1998-06-04,5.809999942779541
1998-06-05,5.784999847412109
1998-06-08,5.7870001792907715
1998-06-09,5.784999847412109
1998-06-10,5.697000026702881
1998-06-11,5.646999835968018
1998-06-12,5.651000022888184
1998-06-15,5.60099983215332
1998-06-16,5.644999980926514
1998-06-17,5.736999988555908
1998-06-18,5.692999839782715
1998-06-19,5.668000221252441
1998-06-22,5.6570000648498535
1998-06-23,5.636000156402588
1998-06-24,5.6529998779296875
1998-06-25,5.64900016784668
1998-06-26,5.631999969482422
1998-06-29,5.644999980926514
1998-06-30,5.618000030517578
1998-07-01,5.627999782562256
1998-07-02,5.59499979019165
1998-07-06,5.567999839782715
1998-07-07,5.591000080108643
1998-07-08,5.61899995803833
1998-07-09,5.598999977111816
1998-07-10,5.61899995803833
1998-07-13,5.673999786376953
1998-07-14,5.710999965667725
1998-07-15,5.697000026702881
1998-07-16,5.7179999351501465
1998-07-17,5.741000175476074
1998-07-20,5.709000110626221
1998-07-21,5.666999816894531
1998-07-22,5.677999973297119
1998-07-23,5.65500020980835
1998-07-24,5.677000045776367
1998-07-27,5.696000099182129
1998-07-28,5.73199987411499
1998-07-29,5.757999897003174
1998-07-30,5.723999977111816
1998-07-31,5.7170000076293945
1998-08-03,5.6579999923706055
1998-08-04,5.6479997634887695
1998-08-05,5.650000095367432
1998-08-06,5.669000148773193
1998-08-07,5.620999813079834
1998-08-10,5.61899995803833
1998-08-11,5.590000152587891
1998-08-12,5.610000133514404
1998-08-13,5.639999866485596
1998-08-14,5.5370001792907715
1998-08-17,5.552000045776367
1998-08-18,5.553999900817871
1998-08-19,5.558000087738037
1998-08-20,5.511000156402588
1998-08-21,5.459000110626221
1998-08-24,5.4720001220703125
1998-08-25,5.427999973297119
1998-08-26,5.421000003814697
1998-08-27,5.375
1998-08-28,5.359000205993652
1998-08-31,5.290999889373779
1998-09-01,5.329999923706055
1998-09-02,5.3379998207092285
1998-09-03,5.298999786376953
1998-09-04,5.269999980926514
1998-09-08,5.340000152587891
1998-09-09,5.269999980926514
1998-09-10,5.176000118255615
1998-09-11,5.22599983215332
1998-09-14,5.22599983215332
1998-09-15,5.25600004196167
1998-09-16,5.209000110626221
1998-09-17,5.178999900817871
1998-09-18,5.139999866485596
1998-09-21,5.119999885559082
1998-09-22,5.1529998779296875
1998-09-23,5.15500020980835
1998-09-24,5.144000053405762
1998-09-25,5.122000217437744
1998-09-28,5.14300012588501
1998-09-29,5.0960001945495605
1998-09-30,4.97599983215332
1998-10-01,4.890999794006348
1998-10-02,4.8470001220703125
1998-10-05,4.708000183105469
1998-10-06,4.74399995803833
1998-10-07,4.826000213623047
1998-10-08,4.98799991607666
1998-10-09,5.105999946594238
1998-10-13,5.105999946594238
1998-10-14,4.991000175476074
1998-10-15,5.015999794006348
1998-10-16,4.959000110626221
1998-10-19,4.97599983215332
1998-10-20,5.043000221252441
1998-10-21,5.057000160217285
1998-10-22,5.117000102996826
1998-10-23,5.160999774932861
1998-10-26,5.13100004196167
1998-10-27,5.076000213623047
1998-10-28,5.126999855041504
1998-10-29,5.0920000076293945
1998-10-30,5.14300012588501
1998-11-02,5.224999904632568
1998-11-03,5.218999862670898
1998-11-04,5.321000099182129
1998-11-05,5.34499979019165
1998-11-06,5.361999988555908
1998-11-09,5.2789998054504395
1998-11-10,5.269000053405762
1998-11-12,5.23799991607666
1998-11-13,5.25
1998-11-16,5.275000095367432
1998-11-17,5.289999961853027
1998-11-18,5.24399995803833
1998-11-19,5.245999813079834
1998-11-20,5.2129998207092285
1998-11-23,5.24399995803833
1998-11-24,5.2210001945495605
1998-11-25,5.177999973297119
1998-11-27,5.160999774932861
1998-11-30,5.070000171661377
1998-12-01,5.052000045776367
1998-12-02,5.019000053405762
1998-12-03,5.008999824523926
1998-12-04,5.038000106811523
1998-12-07,5.038000106811523
1998-12-08,4.988999843597412
1998-12-09,4.961999893188477
1998-12-10,4.955999851226807
1998-12-11,5.011000156402588
1998-12-14,4.986999988555908
1998-12-15,5.035999774932861
1998-12-16,5.006999969482422
1998-12-17,5.000999927520752
1998-12-18,5.007999897003174
1998-12-21,5.061999797821045
1998-12-22,5.127999782562256
1998-12-23,5.199999809265137
1998-12-24,5.214000225067139
1998-12-28,5.160999774932861
1998-12-29,5.118000030517578
1998-12-30,5.085999965667725
1998-12-31,5.084000110626221
1999-01-04,5.146999835968018
1999-01-05,5.202000141143799
1999-01-06,5.166999816894531
1999-01-07,5.21999979019165
1999-01-08,5.25600004196167
1999-01-11,5.269999980926514
1999-01-12,5.2220001220703125
1999-01-13,5.145999908447266
1999-01-14,5.059999942779541
1999-01-15,5.110000133514404
1999-01-19,5.133999824523926
1999-01-20,5.169000148773193
1999-01-21,5.144000053405762
1999-01-22,5.081999778747559
1999-01-25,5.111999988555908
1999-01-26,5.119999885559082
1999-01-27,5.131999969482422
1999-01-28,5.107999801635742
1999-01-29,5.085999965667725
1999-02-01,5.181000232696533
1999-02-02,5.236999988555908
1999-02-03,5.254000186920166
1999-02-04,5.302000045776367
1999-02-05,5.3379998207092285
1999-02-08,5.348999977111816
1999-02-09,5.321000099182129
1999-02-10,5.3420000076293945
1999-02-11,5.343999862670898
1999-02-12,5.423999786376953
1999-02-16,5.35099983215332
1999-02-17,5.310999870300293
1999-02-18,5.359000205993652
1999-02-19,5.376999855041504
1999-02-22,5.348999977111816
1999-02-23,5.413000106811523
1999-02-24,5.498000144958496
1999-02-25,5.603000164031982
1999-02-26,5.552999973297119
1999-03-01,5.6570000648498535
1999-03-02,5.623000144958496
1999-03-03,5.677999973297119
1999-03-04,5.684000015258789
1999-03-05,5.605000019073486
1999-03-08,5.591000080108643
1999-03-09,5.5329999923706055
1999-03-10,5.552999973297119
1999-03-11,5.561999797821045
1999-03-12,5.5329999923706055
1999-03-15,5.505000114440918
1999-03-16,5.4670000076293945
1999-03-17,5.501999855041504
1999-03-18,5.485000133514404
1999-03-19,5.5329999923706055
1999-03-22,5.559999942779541
1999-03-23,5.558000087738037
1999-03-24,5.5329999923706055
1999-03-25,5.579999923706055
1999-03-26,5.5960001945495605
1999-03-29,5.640999794006348
1999-03-30,5.585000038146973
1999-03-31,5.620999813079834
1999-04-01,5.672999858856201
1999-04-05,5.589000225067139
1999-04-06,5.51800012588501
1999-04-07,5.508999824523926
1999-04-08,5.427999973297119
1999-04-09,5.452000141143799
1999-04-12,5.445000171661377
1999-04-13,5.49399995803833
1999-04-14,5.5
1999-04-15,5.519999980926514
1999-04-16,5.565000057220459
1999-04-19,5.539999961853027
1999-04-20,5.508999824523926
1999-04-21,5.49399995803833
1999-04-22,5.5980000495910645
1999-04-23,5.589000225067139
1999-04-26,5.565000057220459
1999-04-27,5.541999816894531
1999-04-28,5.573999881744385
1999-04-29,5.515999794006348
1999-04-30,5.672999858856201
1999-05-03,5.659999847412109
1999-05-04,5.7170000076293945
1999-05-05,5.698999881744385
1999-05-06,5.789999961853027
1999-05-07,5.813000202178955
1999-05-10,5.78000020980835
1999-05-11,5.836999893188477
1999-05-12,5.822999954223633
1999-05-13,5.73799991607666
1999-05-14,5.910999774932861
1999-05-17,5.9019999504089355
1999-05-18,5.88700008392334
1999-05-19,5.798999786376953
1999-05-20,5.815999984741211
1999-05-21,5.770999908447266
1999-05-24,5.763999938964844
1999-05-25,5.755000114440918
1999-05-26,5.795000076293945
1999-05-27,5.836999893188477
1999-05-28,5.822999954223633
1999-06-01,5.935999870300293
1999-06-02,5.934000015258789
1999-06-03,5.946000099182129
1999-06-04,5.960000038146973
1999-06-07,5.965000152587891
1999-06-08,5.986999988555908
1999-06-09,6.010000228881836
1999-06-10,6.048999786376953
1999-06-11,6.135000228881836
1999-06-14,6.1020002365112305
1999-06-15,6.099999904632568
1999-06-16,6.073999881744385
1999-06-17,5.951000213623047
1999-06-18,5.9710001945495605
1999-06-21,6.0269999504089355
1999-06-22,6.059999942779541
1999-06-23,6.127999782562256
1999-06-24,6.160999774932861
1999-06-25,6.151000022888184
1999-06-28,6.09499979019165
1999-06-29,6.065000057220459
1999-06-30,5.98799991607666
1999-07-01,6.013000011444092
1999-07-02,6.000999927520752
1999-07-06,6.043000221252441
1999-07-07,6.058000087738037
1999-07-08,5.998000144958496
1999-07-09,5.998000144958496
1999-07-12,5.906000137329102
1999-07-13,5.890999794006348
1999-07-14,5.9079999923706055
1999-07-15,5.906000137329102
1999-07-16,5.894000053405762
1999-07-19,5.894000053405762
1999-07-20,5.881999969482422
1999-07-21,5.89900016784668
1999-07-22,5.9670000076293945
1999-07-23,6.004000186920166
1999-07-26,6.033999919891357
1999-07-27,6.00600004196167
1999-07-28,6.001999855041504
1999-07-29,6.060999870300293
1999-07-30,6.104000091552734
1999-08-02,6.11899995803833
1999-08-03,6.15500020980835
1999-08-04,6.111999988555908
1999-08-05,6.046999931335449
1999-08-06,6.146999835968018
1999-08-09,6.224999904632568
1999-08-10,6.248000144958496
1999-08-11,6.214000225067139
1999-08-12,6.261000156402588
1999-08-13,6.104000091552734
1999-08-16,6.084000110626221
1999-08-17,6.01200008392334
1999-08-18,5.995999813079834
1999-08-19,6.013999938964844
1999-08-20,5.989999771118164
1999-08-23,5.973999977111816
1999-08-24,5.939000129699707
1999-08-25,5.860000133514404
1999-08-26,5.875
1999-08-27,5.960999965667725
1999-08-30,6.054999828338623
1999-08-31,6.065999984741211
1999-09-01,6.081999778747559
1999-09-02,6.140999794006348
1999-09-03,6.020999908447266
1999-09-07,6.066999912261963
1999-09-08,6.060999870300293
1999-09-09,6.0929999351501465
1999-09-10,6.033999919891357
1999-09-13,6.054999828338623
1999-09-14,6.109000205993652
1999-09-15,6.105999946594238
1999-09-16,6.072000026702881
1999-09-17,6.043000221252441
1999-09-20,6.072000026702881
1999-09-21,6.0929999351501465
1999-09-22,6.0879998207092285
1999-09-23,6.035999774932861
1999-09-24,5.947000026702881
1999-09-27,6.015999794006348
1999-09-28,6.058000087738037
1999-09-29,6.117000102996826
1999-09-30,6.056000232696533
1999-10-01,6.144999980926514
1999-10-04,6.098999977111816
1999-10-05,6.168000221252441
1999-10-06,6.170000076293945
1999-10-07,6.179999828338623
1999-10-08,6.189000129699707
1999-10-12,6.22599983215332
1999-10-13,6.288000106811523
1999-10-14,6.315999984741211
1999-10-15,6.261000156402588
1999-10-18,6.296999931335449
1999-10-19,6.3420000076293945
1999-10-20,6.3379998207092285
1999-10-21,6.3520002365112305
1999-10-22,6.349999904632568
1999-10-25,6.349999904632568
1999-10-26,6.370999813079834
1999-10-27,6.322999954223633
1999-10-28,6.243000030517578
1999-10-29,6.14900016784668
1999-11-01,6.182000160217285
1999-11-02,6.136000156402588
1999-11-03,6.13100004196167
1999-11-04,6.0879998207092285
1999-11-05,6.039999961853027
1999-11-08,6.058000087738037
1999-11-09,6.063000202178955
1999-11-10,6.090000152587891
1999-11-12,6.02400016784668
1999-11-15,6.0289998054504395
1999-11-16,6.056000232696533
1999-11-17,6.13100004196167
1999-11-18,6.165999889373779
1999-11-19,6.160999774932861
1999-11-22,6.189000129699707
1999-11-23,6.189000129699707
1999-11-24,6.203000068664551
1999-11-26,6.22599983215332
1999-11-29,6.300000190734863
1999-11-30,6.281000137329102
1999-12-01,6.289999961853027
1999-12-02,6.315999984741211
1999-12-03,6.256999969482422
1999-12-06,6.244999885559082
1999-12-07,6.203000068664551
1999-12-08,6.223999977111816
1999-12-09,6.215000152587891
1999-12-10,6.160999774932861
1999-12-13,6.190999984741211
1999-12-14,6.300000190734863
1999-12-15,6.328000068664551
1999-12-16,6.383999824523926
1999-12-17,6.376999855041504
1999-12-20,6.427999973297119
1999-12-21,6.449999809265137
1999-12-22,6.460000038146973
1999-12-23,6.4770002365112305
1999-12-27,6.454999923706055
1999-12-28,6.474999904632568
1999-12-29,6.440000057220459
1999-12-30,6.426000118255615
1999-12-31,6.4770002365112305
2000-01-03,6.5980000495910645
2000-01-04,6.5320000648498535
2000-01-05,6.63100004196167
2000-01-06,6.572000026702881
2000-01-07,6.5370001792907715
2000-01-10,6.590000152587891
2000-01-11,6.677000045776367
2000-01-12,6.701000213623047
2000-01-13,6.638999938964844
2000-01-14,6.688000202178955
2000-01-18,6.742000102996826
2000-01-19,6.716000080108643
2000-01-20,6.7270002365112305
2000-01-21,6.709000110626221
2000-01-24,6.646999835968018
2000-01-25,6.633999824523926
2000-01-26,6.585999965667725
2000-01-27,6.525000095367432
2000-01-28,6.431000232696533
2000-01-31,6.491000175476074
2000-02-01,6.421000003814697
2000-02-02,6.315000057220459
2000-02-03,6.164000034332275
2000-02-04,6.224999904632568
2000-02-07,6.334000110626221
2000-02-08,6.21999979019165
2000-02-09,6.301000118255615
2000-02-10,6.435999870300293
2000-02-11,6.293000221252441
2000-02-14,6.2170000076293945
2000-02-15,6.24399995803833
2000-02-16,6.264999866485596
2000-02-17,6.211999893188477
2000-02-18,6.1479997634887695
2000-02-22,6.067999839782715
2000-02-23,6.135000228881836
2000-02-24,6.125999927520752
2000-02-25,6.1529998779296875
2000-02-28,6.189000129699707
2000-02-29,6.132999897003174
2000-03-01,6.151000022888184
2000-03-02,6.144000053405762
2000-03-03,6.117000102996826
2000-03-06,6.144000053405762
2000-03-07,6.1479997634887695
2000-03-08,6.159999847412109
2000-03-09,6.1479997634887695
2000-03-10,6.189000129699707
2000-03-13,6.1620001792907715
2000-03-14,6.105999946594238
2000-03-15,6.072000026702881
2000-03-16,6.039000034332275
2000-03-17,6.000999927520752
2000-03-20,5.98799991607666
2000-03-21,5.966000080108643
2000-03-22,5.9679999351501465
2000-03-23,5.9039998054504395
2000-03-24,5.984000205993652
2000-03-27,5.986000061035156
2000-03-28,5.98799991607666
2000-03-29,5.961999893188477
2000-03-30,5.873000144958496
2000-03-31,5.8460001945495605
2000-04-03,5.824999809265137
2000-04-04,5.736999988555908
2000-04-05,5.795000076293945
2000-04-06,5.790999889373779
2000-04-07,5.708000183105469
2000-04-10,5.683000087738037
2000-04-11,5.771999835968018
2000-04-12,5.841000080108643
2000-04-13,5.802999973297119
2000-04-14,5.7820000648498535
2000-04-17,5.9079999923706055
2000-04-18,5.9120001792907715
2000-04-19,5.843999862670898
2000-04-20,5.824999809265137
2000-04-24,5.855999946594238
2000-04-25,5.934000015258789
2000-04-26,5.941999912261963
2000-04-27,5.993000030517578
2000-04-28,5.961999893188477
2000-05-01,5.97599983215332
2000-05-02,6.019000053405762
2000-05-03,6.110000133514404
2000-05-04,6.173999786376953
2000-05-05,6.191999912261963
2000-05-08,6.25
2000-05-09,6.208000183105469
2000-05-10,6.164999961853027
2000-05-11,6.146999835968018
2000-05-12,6.198999881744385
2000-05-15,6.164999961853027
2000-05-16,6.105999946594238
2000-05-17,6.173999786376953
2000-05-18,6.230999946594238
2000-05-19,6.2270002365112305
2000-05-22,6.169000148773193
2000-05-23,6.171999931335449
2000-05-24,6.184999942779541
2000-05-25,6.0970001220703125
2000-05-26,6.052000045776367
2000-05-30,6.085999965667725
2000-05-31,6.017000198364258
2000-06-01,5.948999881744385
2000-06-02,5.934999942779541
2000-06-05,5.90500020980835
2000-06-06,5.908999919891357
2000-06-07,5.883999824523926
2000-06-08,5.875
2000-06-09,5.889999866485596
2000-06-12,5.875
2000-06-13,5.936999797821045
2000-06-14,5.910999774932861
2000-06-15,5.918000221252441
2000-06-16,5.875
2000-06-19,5.885000228881836
2000-06-20,5.895999908447266
2000-06-21,5.959000110626221
2000-06-22,5.980999946594238
2000-06-23,6.0320000648498535
2000-06-26,5.982999801635742
2000-06-27,5.940999984741211
2000-06-28,5.9629998207092285
2000-06-29,5.876999855041504
2000-06-30,5.88100004196167
2000-07-03,5.861999988555908
2000-07-05,5.85699987411499
2000-07-06,5.900000095367432
2000-07-07,5.859000205993652
2000-07-10,5.875999927520752
2000-07-11,5.882999897003174
2000-07-12,5.882999897003174
2000-07-13,5.809999942779541
2000-07-14,5.872000217437744
2000-07-17,5.913000106811523
2000-07-18,5.908999919891357
2000-07-19,5.913000106811523
2000-07-20,5.814000129699707
2000-07-21,5.795000076293945
2000-07-24,5.802000045776367
2000-07-25,5.802000045776367
2000-07-26,5.809999942779541
2000-07-27,5.76800012588501
2000-07-28,5.776000022888184
2000-07-31,5.78000020980835
2000-08-01,5.736000061035156
2000-08-02,5.763999938964844
2000-08-03,5.73199987411499
2000-08-04,5.710999965667725
2000-08-07,5.750999927520752
2000-08-08,5.73199987411499
2000-08-09,5.72599983215332
2000-08-10,5.673999786376953
2000-08-11,5.706999778747559
2000-08-14,5.698999881744385
2000-08-15,5.7129998207092285
2000-08-16,5.728000164031982
2000-08-17,5.706999778747559
2000-08-18,5.685999870300293
2000-08-21,5.703000068664551
2000-08-22,5.695000171661377
2000-08-23,5.676000118255615
2000-08-24,5.658999919891357
2000-08-25,5.668000221252441
2000-08-28,5.715000152587891
2000-08-29,5.750999927520752
2000-08-30,5.736000061035156
2000-08-31,5.673999786376953
2000-09-01,5.65500020980835
2000-09-05,5.663000106811523
2000-09-06,5.699999809265137
2000-09-07,5.7129998207092285
2000-09-08,5.691999912261963
2000-09-11,5.7210001945495605
2000-09-12,5.75
2000-09-13,5.73199987411499
2000-09-14,5.804999828338623
2000-09-15,5.894999980926514
2000-09-18,5.955999851226807
2000-09-19,5.914000034332275
2000-09-20,5.961999893188477
2000-09-21,5.927000045776367
2000-09-22,5.9039998054504395
2000-09-25,5.890999794006348
2000-09-26,5.8520002365112305
2000-09-27,5.89900016784668
2000-09-28,5.883999824523926
2000-09-29,5.86899995803833
2000-10-02,5.925000190734863
2000-10-03,5.945000171661377
2000-10-04,5.947000026702881
2000-10-05,5.89900016784668
2000-10-06,5.84499979019165
2000-10-09,5.84499979019165
2000-10-10,5.828000068664551
2000-10-11,5.826000213623047
2000-10-12,5.809000015258789
2000-10-13,5.798999786376953
2000-10-16,5.813000202178955
2000-10-17,5.761000156402588
2000-10-18,5.769000053405762
2000-10-19,5.751999855041504
2000-10-20,5.724999904632568
2000-10-23,5.678999900817871
2000-10-24,5.705999851226807
2000-10-25,5.751999855041504
2000-10-26,5.729000091552734
2000-10-27,5.739999771118164
2000-10-30,5.745999813079834
2000-10-31,5.783999919891357
2000-11-01,5.783999919891357
2000-11-02,5.785999774932861
2000-11-03,5.84499979019165
2000-11-06,5.888000011444092
2000-11-07,5.890999794006348
2000-11-08,5.877999782562256
2000-11-09,5.854000091552734
2000-11-10,5.870999813079834
2000-11-13,5.835000038146973
2000-11-14,5.807000160217285
2000-11-15,5.763000011444092
2000-11-16,5.738999843597412
2000-11-17,5.7729997634887695
2000-11-20,5.754000186920166
2000-11-21,5.732999801635742
2000-11-22,5.645999908447266
2000-11-24,5.665999889373779
2000-11-27,5.702000141143799
2000-11-28,5.671999931335449
2000-11-29,5.6539998054504395
2000-11-30,5.585999965667725
2000-12-01,5.640999794006348
2000-12-04,5.664000034332275
2000-12-05,5.590000152587891
2000-12-06,5.521999835968018
2000-12-07,5.5
2000-12-08,5.547999858856201
2000-12-11,5.538000106811523
2000-12-12,5.5279998779296875
2000-12-13,5.478000164031982
2000-12-14,5.446000099182129
2000-12-15,5.415999889373779
2000-12-18,5.434000015258789
2000-12-19,5.4679999351501465
2000-12-20,5.421999931335449
2000-12-21,5.40500020980835
2000-12-22,5.388999938964844
2000-12-26,5.4039998054504395
2000-12-27,5.441999912261963
2000-12-28,5.435999870300293
2000-12-29,5.459000110626221
2001-01-02,5.349999904632568
2001-01-03,5.4629998207092285
2001-01-04,5.434999942779541
2001-01-05,5.414000034332275
2001-01-08,5.4079999923706055
2001-01-09,5.419000148773193
2001-01-10,5.479000091552734
2001-01-11,5.543000221252441
2001-01-12,5.618000030517578
2001-01-16,5.5970001220703125
2001-01-17,5.515999794006348
2001-01-18,5.4679999351501465
2001-01-19,5.551000118255615
2001-01-22,5.605000019073486
2001-01-23,5.6479997634887695
2001-01-24,5.664999961853027
2001-01-25,5.623000144958496
2001-01-26,5.636000156402588
2001-01-29,5.686999797821045
2001-01-30,5.583000183105469
2001-01-31,5.535999774932861
2001-02-01,5.447999954223633
2001-02-02,5.504000186920166
2001-02-05,5.47599983215332
2001-02-06,5.510000228881836
2001-02-07,5.513999938964844
2001-02-08,5.5279998779296875
2001-02-09,5.36899995803833
2001-02-12,5.419000148773193
2001-02-13,5.427999973297119
2001-02-14,5.436999797821045
2001-02-15,5.486000061035156
2001-02-16,5.452000141143799
2001-02-20,5.452000141143799
2001-02-21,5.48799991607666
2001-02-22,5.525000095367432
2001-02-23,5.4730000495910645
2001-02-26,5.439000129699707
2001-02-27,5.3429999351501465
2001-02-28,5.336999893188477
2001-03-01,5.2789998054504395
2001-03-02,5.361999988555908
2001-03-05,5.361999988555908
2001-03-06,5.373000144958496
2001-03-07,5.314000129699707
2001-03-08,5.298999786376953
2001-03-09,5.317999839782715
2001-03-12,5.311999797821045
2001-03-13,5.335000038146973
2001-03-14,5.2829999923706055
2001-03-15,5.290999889373779
2001-03-16,5.26200008392334
2001-03-19,5.293000221252441
2001-03-20,5.284999847412109
2001-03-21,5.2829999923706055
2001-03-22,5.241000175476074
2001-03-23,5.296999931335449
2001-03-26,5.35099983215332
2001-03-27,5.445000171661377
2001-03-28,5.464000225067139
2001-03-29,5.4730000495910645
2001-03-30,5.453000068664551
2001-04-02,5.4770002365112305
2001-04-03,5.4770002365112305
2001-04-04,5.49399995803833
2001-04-05,5.520999908447266
2001-04-06,5.455999851226807
2001-04-09,5.480999946594238
2001-04-10,5.622000217437744
2001-04-11,5.6020002365112305
2001-04-12,5.599999904632568
2001-04-16,5.696000099182129
2001-04-17,5.639999866485596
2001-04-18,5.644000053405762
2001-04-19,5.760000228881836
2001-04-20,5.7769999504089355
2001-04-23,5.72599983215332
2001-04-24,5.730999946594238
2001-04-25,5.7769999504089355
2001-04-26,5.710000038146973
2001-04-27,5.789999961853027
2001-04-30,5.771999835968018
2001-05-01,5.739999771118164
2001-05-02,5.701000213623047
2001-05-03,5.632999897003174
2001-05-04,5.646999835968018
2001-05-07,5.683000087738037
2001-05-08,5.711999893188477
2001-05-09,5.669000148773193
2001-05-10,5.747000217437744
2001-05-11,5.881999969482422
2001-05-14,5.843999862670898
2001-05-15,5.894000053405762
2001-05-16,5.866000175476074
2001-05-17,5.826000213623047
2001-05-18,5.751999855041504
2001-05-21,5.754000186920166
2001-05-22,5.76800012588501
2001-05-23,5.789000034332275
2001-05-24,5.855999946594238
2001-05-25,5.835000038146973
2001-05-29,5.848999977111816
2001-05-30,5.8420000076293945
2001-05-31,5.7789998054504395
2001-06-01,5.710999965667725
2001-06-04,5.681000232696533
2001-06-05,5.64900016784668
2001-06-06,5.663000106811523
2001-06-07,5.715000152587891
2001-06-08,5.729000091552734
2001-06-11,5.683000087738037
2001-06-12,5.644999980926514
2001-06-13,5.6539998054504395
2001-06-14,5.636000156402588
2001-06-15,5.664999961853027
2001-06-18,5.692999839782715
2001-06-19,5.684000015258789
2001-06-20,5.664999961853027
2001-06-21,5.631999969482422
2001-06-22,5.579999923706055
2001-06-25,5.586999893188477
2001-06-26,5.650000095367432
2001-06-27,5.609000205993652
2001-06-28,5.675000190734863
2001-06-29,5.736000061035156
2001-07-02,5.688000202178955
2001-07-03,5.7179999351501465
2001-07-05,5.751999855041504
2001-07-06,5.748000144958496
2001-07-09,5.697999954223633
2001-07-10,5.664000034332275
2001-07-11,5.692999839782715
2001-07-12,5.645999908447266
2001-07-13,5.627999782562256
2001-07-16,5.586999893188477
2001-07-17,5.573999881744385
2001-07-18,5.517000198364258
2001-07-19,5.5229997634887695
2001-07-20,5.5320000648498535
2001-07-23,5.526000022888184
2001-07-24,5.513000011444092
2001-07-25,5.526000022888184
2001-07-26,5.590000152587891
2001-07-27,5.540999889373779
2001-07-30,5.5279998779296875
2001-07-31,5.501999855041504
2001-08-01,5.5279998779296875
2001-08-02,5.560999870300293
2001-08-03,5.583000183105469
2001-08-06,5.5920000076293945
2001-08-07,5.598999977111816
2001-08-08,5.517000198364258
2001-08-09,5.5279998779296875
2001-08-10,5.526000022888184
2001-08-13,5.50600004196167
2001-08-14,5.508999824523926
2001-08-15,5.513000011444092
2001-08-16,5.480000019073486
2001-08-17,5.421999931335449
2001-08-20,5.455999851226807
2001-08-21,5.442999839782715
2001-08-22,5.439000129699707
2001-08-23,5.4029998779296875
2001-08-24,5.442999839782715
2001-08-27,5.4670000076293945
2001-08-28,5.410999774932861
2001-08-29,5.361999988555908
2001-08-30,5.370999813079834
2001-08-31,5.368000030517578
2001-09-04,5.493000030517578
2001-09-05,5.478000164031982
2001-09-06,5.4070000648498535
2001-09-07,5.389999866485596
2001-09-10,5.436999797821045
2001-09-17,5.4070000648498535
2001-09-18,5.511000156402588
2001-09-19,5.552000045776367
2001-09-20,5.625999927520752
2001-09-21,5.585999965667725
2001-09-24,5.563000202178955
2001-09-25,5.572000026702881
2001-09-26,5.5
2001-09-27,5.455999851226807
2001-09-28,5.414999961853027
2001-10-01,5.372000217437744
2001-10-02,5.328000068664551
2001-10-03,5.307000160217285
2001-10-04,5.302999973297119
2001-10-05,5.315000057220459
2001-10-08,5.315000057220459
2001-10-09,5.368000030517578
2001-10-10,5.353000164031982
2001-10-11,5.3979997634887695
2001-10-12,5.421999931335449
2001-10-15,5.379000186920166
2001-10-16,5.3470001220703125
2001-10-17,5.322000026702881
2001-10-18,5.310999870300293
2001-10-19,5.35699987411499
2001-10-22,5.353000164031982
2001-10-23,5.38100004196167
2001-10-24,5.316999912261963
2001-10-25,5.288000106811523
2001-10-26,5.269000053405762
2001-10-29,5.242000102996826
2001-10-30,5.210999965667725
2001-10-31,4.873000144958496
2001-11-01,4.796999931335449
2001-11-02,4.953999996185303
2001-11-05,4.861000061035156
2001-11-06,4.861000061035156
2001-11-07,4.801000118255615
2001-11-08,4.873000144958496
2001-11-09,4.875
2001-11-12,4.877999782562256
2001-11-13,4.908999919891357
2001-11-14,5.021999835968018
2001-11-15,5.198999881744385
2001-11-16,5.300000190734863
2001-11-19,5.203000068664551
2001-11-20,5.313000202178955
2001-11-21,5.35099983215332
2001-11-23,5.366000175476074
2001-11-26,5.372000217437744
2001-11-27,5.361999988555908
2001-11-28,5.361999988555908
2001-11-29,5.234000205993652
2001-11-30,5.264999866485596
2001-12-03,5.254000186920166
2001-12-04,5.210999965667725
2001-12-05,5.361999988555908
2001-12-06,5.460999965667725
2001-12-07,5.5970001220703125
2001-12-10,5.581999778747559
2001-12-11,5.546000003814697
2001-12-12,5.452000141143799
2001-12-13,5.531000137329102
2001-12-14,5.567999839782715
2001-12-17,5.656000137329102
2001-12-18,5.526000022888184
2001-12-19,5.440999984741211
2001-12-20,5.440999984741211
2001-12-21,5.455999851226807
2001-12-24,5.488999843597412
2001-12-26,5.514999866485596
2001-12-27,5.486999988555908
2001-12-28,5.541999816894531
2001-12-31,5.478000164031982
2002-01-02,5.564000129699707
2002-01-03,5.544000148773193
2002-01-04,5.565999984741211
2002-01-07,5.488999843597412
2002-01-08,5.5
2002-01-09,5.5
2002-01-10,5.413000106811523
2002-01-11,5.360000133514404
2002-01-14,5.376999855041504
2002-01-15,5.335999965667725
2002-01-16,5.34499979019165
2002-01-17,5.40500020980835
2002-01-18,5.366000175476074
2002-01-22,5.368000030517578
2002-01-23,5.460999965667725
2002-01-24,5.460999965667725
2002-01-25,5.47599983215332
2002-01-28,5.46999979019165
2002-01-29,5.3979997634887695
2002-01-30,5.4070000648498535
2002-01-31,5.426000118255615
2002-02-01,5.3979997634887695
2002-02-04,5.348999977111816
2002-02-05,5.370999813079834
2002-02-06,5.373000144958496
2002-02-07,5.418000221252441
2002-02-08,5.379000186920166
2002-02-11,5.401000022888184
2002-02-12,5.454999923706055
2002-02-13,5.460999965667725
2002-02-14,5.423999786376953
2002-02-15,5.366000175476074
2002-02-19,5.394000053405762
2002-02-20,5.394000053405762
2002-02-21,5.376999855041504
2002-02-22,5.341000080108643
2002-02-25,5.368000030517578
2002-02-26,5.418000221252441
2002-02-27,5.38100004196167
2002-02-28,5.408999919891357
2002-03-01,5.498000144958496
2002-03-04,5.505000114440918
2002-03-05,5.486999988555908
2002-03-06,5.5269999504089355
2002-03-07,5.6529998779296875
2002-03-08,5.7210001945495605
2002-03-11,5.723999977111816
2002-03-12,5.718999862670898
2002-03-13,5.718999862670898
2002-03-14,5.822000026702881
2002-03-15,5.7789998054504395
2002-03-18,5.735000133514404
2002-03-19,5.775000095367432
2002-03-20,5.828999996185303
2002-03-21,5.797999858856201
2002-03-22,5.804999828338623
2002-03-25,5.796000003814697
2002-03-26,5.749000072479248
2002-03-27,5.749000072479248
2002-03-28,5.815000057220459
2002-04-01,5.818999767303467
2002-04-02,5.761000156402588
2002-04-03,5.728000164031982
2002-04-04,5.710000038146973
2002-04-05,5.665999889373779
2002-04-08,5.697999954223633
2002-04-09,5.676000118255615
2002-04-10,5.689000129699707
2002-04-11,5.669000148773193
2002-04-12,5.6479997634887695
2002-04-15,5.620999813079834
2002-04-16,5.6529998779296875
2002-04-17,5.718999862670898
2002-04-18,5.715000152587891
2002-04-19,5.686999797821045
2002-04-22,5.669000148773193
2002-04-23,5.6620001792907715
2002-04-24,5.605000019073486
2002-04-25,5.620999813079834
2002-04-26,5.585000038146973
2002-04-29,5.61899995803833
2002-04-30,5.593999862670898
2002-05-01,5.565000057220459
2002-05-02,5.590000152587891
2002-05-03,5.543000221252441
2002-05-06,5.547999858856201
2002-05-07,5.548999786376953
2002-05-08,5.664000034332275
2002-05-09,5.638999938964844
2002-05-10,5.605000019073486
2002-05-13,5.683000087738037
2002-05-14,5.754000186920166
2002-05-15,5.742000102996826
2002-05-16,5.696000099182129
2002-05-17,5.742000102996826
2002-05-20,5.693999767303467
2002-05-21,5.665999889373779
2002-05-22,5.627999782562256
2002-05-23,5.668000221252441
2002-05-24,5.669000148773193
2002-05-28,5.669000148773193
2002-05-29,5.627999782562256
2002-05-30,5.605999946594238
2002-05-31,5.611999988555908
2002-06-03,5.623000144958496
2002-06-04,5.613999843597412
2002-06-05,5.6519999504089355
2002-06-06,5.624000072479248
2002-06-07,5.6529998779296875
2002-06-10,5.614999771118164
2002-06-11,5.556000232696533
2002-06-12,5.531000137329102
2002-06-13,5.504000186920166
2002-06-14,5.4120001792907715
2002-06-17,5.473999977111816
2002-06-18,5.466000080108643
2002-06-19,5.39300012588501
2002-06-20,5.458000183105469
2002-06-21,5.395999908447266
2002-06-24,5.461999893188477
2002-06-25,5.465000152587891
2002-06-26,5.410999774932861
2002-06-27,5.513000011444092
2002-06-28,5.517000198364258
2002-07-01,5.504000186920166
2002-07-02,5.453000068664551
2002-07-03,5.443999767303467
2002-07-05,5.53000020980835
2002-07-08,5.494999885559082
2002-07-09,5.428999900817871
2002-07-10,5.36299991607666
2002-07-11,5.3520002365112305
2002-07-12,5.343999862670898
2002-07-15,5.376999855041504
2002-07-16,5.456999778747559
2002-07-17,5.422999858856201
2002-07-18,5.406000137329102
2002-07-19,5.3520002365112305
2002-07-22,5.291999816894531
2002-07-23,5.281000137329102
2002-07-24,5.300000190734863
2002-07-25,5.294000148773193
2002-07-26,5.304999828338623
2002-07-29,5.4029998779296875
2002-07-30,5.394999980926514
2002-07-31,5.304999828338623
2002-08-01,5.294000148773193
2002-08-02,5.203999996185303
2002-08-05,5.184000015258789
2002-08-06,5.251999855041504
2002-08-07,5.209000110626221
2002-08-08,5.238999843597412
2002-08-09,5.125
2002-08-12,5.066999912261963
2002-08-13,4.997000217437744
2002-08-14,4.882999897003174
2002-08-15,4.97599983215332
2002-08-16,5.0929999351501465
2002-08-19,5.053999900817871
2002-08-20,4.978000164031982
2002-08-21,5.0
2002-08-22,5.083000183105469
2002-08-23,5.0269999504089355
2002-08-26,5.00600004196167
2002-08-27,5.066999912261963
2002-08-28,5.008999824523926
2002-08-29,4.9710001945495605
2002-08-30,4.936999797821045
2002-09-03,4.815000057220459
2002-09-04,4.783999919891357
2002-09-05,4.771999835968018
2002-09-06,4.870999813079834
2002-09-09,4.861000061035156
2002-09-10,4.829999923706055
2002-09-11,4.876999855041504
2002-09-12,4.815999984741211
2002-09-13,4.764999866485596
2002-09-16,4.738999843597412
2002-09-17,4.73799991607666
2002-09-18,4.744999885559082
2002-09-19,4.710999965667725
2002-09-20,4.738999843597412
2002-09-23,4.677999973297119
2002-09-24,4.635000228881836
2002-09-25,4.724999904632568
2002-09-26,4.728000164031982
2002-09-27,4.690999984741211
2002-09-30,4.6620001792907715
2002-10-01,4.739999771118164
2002-10-02,4.72599983215332
2002-10-03,4.742000102996826
2002-10-04,4.734000205993652
2002-10-07,4.711999893188477
2002-10-08,4.7129998207092285
2002-10-09,4.664999961853027
2002-10-10,4.709000110626221
2002-10-11,4.821000099182129
2002-10-14,4.826000213623047
2002-10-15,4.9629998207092285
2002-10-16,5.004000186920166
2002-10-17,5.084000110626221
2002-10-18,5.079999923706055
2002-10-21,5.125999927520752
2002-10-22,5.1529998779296875
2002-10-23,5.171000003814697
2002-10-24,5.113999843597412
2002-10-25,5.081999778747559
2002-10-28,5.110000133514404
2002-10-29,5.008999824523926
2002-10-30,5.026000022888184
2002-10-31,5.006999969482422
2002-11-01,5.019000053405762
2002-11-04,5.059000015258789
2002-11-05,5.0879998207092285
2002-11-06,5.067999839782715
2002-11-07,4.894999980926514
2002-11-08,4.791999816894531
2002-11-11,4.791999816894531
2002-11-12,4.798999786376953
2002-11-13,4.789000034332275
2002-11-14,4.926000118255615
2002-11-15,4.921999931335449
2002-11-18,4.889999866485596
2002-11-19,4.85699987411499
2002-11-20,4.940999984741211
2002-11-21,5.005000114440918
2002-11-22,5.015999794006348
2002-11-25,5.025000095367432
2002-11-26,4.942999839782715
2002-11-27,5.110000133514404
2002-11-29,5.047999858856201
2002-12-02,5.040999889373779
2002-12-03,5.059999942779541
2002-12-04,5.019000053405762
2002-12-05,4.96999979019165
2002-12-06,4.98199987411499
2002-12-09,4.942999839782715
2002-12-10,4.914999961853027
2002-12-11,4.864999771118164
2002-12-12,4.872000217437744
2002-12-13,4.938000202178955
2002-12-16,5.006999969482422
2002-12-17,5.013999938964844
2002-12-18,4.9770002365112305
2002-12-19,4.896999835968018
2002-12-20,4.886000156402588
2002-12-23,4.9039998054504395
2002-12-24,4.868000030517578
2002-12-26,4.859000205993652
2002-12-27,4.783999919891357
2002-12-30,4.764999866485596
2002-12-31,4.7829999923706055
2003-01-02,4.956999778747559
2003-01-03,4.953999996185303
2003-01-06,4.978000164031982
2003-01-07,4.960999965667725
2003-01-08,4.921000003814697
2003-01-09,5.060999870300293
2003-01-10,5.056000232696533
2003-01-13,5.0279998779296875
2003-01-14,4.998000144958496
2003-01-15,4.9770002365112305
2003-01-16,4.966000080108643
2003-01-17,4.925000190734863
2003-01-21,4.906000137329102
2003-01-22,4.863999843597412
2003-01-23,4.895999908447266
2003-01-24,4.841000080108643
2003-01-27,4.873000144958496
2003-01-28,4.875999927520752
2003-01-29,4.918000221252441
2003-01-30,4.876999855041504
2003-01-31,4.8470001220703125
2003-02-03,4.840000152587891
2003-02-04,4.794000148773193
2003-02-05,4.861000061035156
2003-02-06,4.810999870300293
2003-02-07,4.796999931335449
2003-02-10,4.855999946594238
2003-02-11,4.859000205993652
2003-02-12,4.8480000495910645
2003-02-13,4.814000129699707
2003-02-14,4.88100004196167
2003-02-18,4.868000030517578
2003-02-19,4.815999984741211
2003-02-20,4.796999931335449
2003-02-21,4.848999977111816
2003-02-24,4.813000202178955
2003-02-25,4.7829999923706055
2003-02-26,4.743000030517578
2003-02-27,4.7270002365112305
2003-02-28,4.676000118255615
2003-03-03,4.681000232696533
2003-03-04,4.672999858856201
2003-03-05,4.658999919891357
2003-03-06,4.686999797821045
2003-03-07,4.670000076293945
2003-03-10,4.6529998779296875
2003-03-11,4.6519999504089355
2003-03-12,4.617000102996826
2003-03-13,4.7220001220703125
2003-03-14,4.710000038146973
2003-03-17,4.789000034332275
2003-03-18,4.854000091552734
2003-03-19,4.9070000648498535
2003-03-20,4.959000110626221
2003-03-21,5.03000020980835
2003-03-24,4.931000232696533
2003-03-25,4.938000202178955
2003-03-26,4.934000015258789
2003-03-27,4.929999828338623
2003-03-28,4.913000106811523
2003-03-31,4.836999893188477
2003-04-01,4.8429999351501465
2003-04-02,4.920000076293945
2003-04-03,4.938000202178955
2003-04-04,4.956999778747559
2003-04-07,4.997000217437744
2003-04-08,4.927000045776367
2003-04-09,4.9079999923706055
2003-04-10,4.934000015258789
2003-04-11,4.949999809265137
2003-04-14,4.980999946594238
2003-04-15,4.939000129699707
2003-04-16,4.9079999923706055
2003-04-17,4.890999794006348
2003-04-21,4.895999908447266
2003-04-22,4.896999835968018
2003-04-23,4.896999835968018
2003-04-24,4.824999809265137
2003-04-25,4.820000171661377
2003-04-28,4.815999984741211
2003-04-29,4.839000225067139
2003-04-30,4.7779998779296875
2003-05-01,4.788000106811523
2003-05-02,4.826000213623047
2003-05-05,4.804999828338623
2003-05-06,4.763000011444092
2003-05-07,4.690999984741211
2003-05-08,4.671999931335449
2003-05-09,4.677000045776367
2003-05-12,4.650000095367432
2003-05-13,4.625999927520752
2003-05-14,4.519999980926514
2003-05-15,4.492000102996826
2003-05-16,4.442999839782715
2003-05-19,4.464000225067139
2003-05-20,4.363999843597412
2003-05-21,4.34499979019165
2003-05-22,4.295000076293945
2003-05-23,4.254000186920166
2003-05-27,4.361999988555908
2003-05-28,4.413000106811523
2003-05-29,4.35099983215332
2003-05-30,4.361999988555908
2003-06-02,4.429999828338623
2003-06-03,4.361999988555908
2003-06-04,4.35099983215332
2003-06-05,4.394000053405762
2003-06-06,4.385000228881836
2003-06-09,4.339000225067139
2003-06-10,4.257999897003174
2003-06-11,4.24399995803833
2003-06-12,4.21999979019165
2003-06-13,4.170000076293945
2003-06-16,4.2210001945495605
2003-06-17,4.302999973297119
2003-06-18,4.388999938964844
2003-06-19,4.416999816894531
2003-06-20,4.459000110626221
2003-06-23,4.394000053405762
2003-06-24,4.343999862670898
2003-06-25,4.438000202178955
2003-06-26,4.561999797821045
2003-06-27,4.607999801635742
2003-06-30,4.565999984741211
2003-07-01,4.5960001945495605
2003-07-02,4.578000068664551
2003-07-03,4.683000087738037
2003-07-07,4.728000164031982
2003-07-08,4.72599983215332
2003-07-09,4.710999965667725
2003-07-10,4.709000110626221
2003-07-11,4.684000015258789
2003-07-14,4.761000156402588
2003-07-15,4.925000190734863
2003-07-16,4.900000095367432
2003-07-17,4.9039998054504395
2003-07-18,4.910999774932861
2003-07-21,5.078000068664551
2003-07-22,5.054999828338623
2003-07-23,5.038000106811523
2003-07-24,5.086999893188477
2003-07-25,5.118000030517578
2003-07-28,5.2179999351501465
2003-07-29,5.302000045776367
2003-07-30,5.236999988555908
2003-07-31,5.409999847412109
2003-08-01,5.329999923706055
2003-08-04,5.288000106811523
2003-08-05,5.382999897003174
2003-08-06,5.249000072479248
2003-08-07,5.228000164031982
2003-08-08,5.248000144958496
2003-08-11,5.296000003814697
2003-08-12,5.293000221252441
2003-08-13,5.447999954223633
2003-08-14,5.425000190734863
2003-08-15,5.4039998054504395
2003-08-18,5.361000061035156
2003-08-19,5.252999782562256
2003-08-20,5.288000106811523
2003-08-21,5.308000087738037
2003-08-22,5.242000102996826
2003-08-25,5.307000160217285
2003-08-26,5.2769999504089355
2003-08-27,5.309999942779541
2003-08-28,5.2210001945495605
2003-08-29,5.223999977111816
2003-09-02,5.335999965667725
2003-09-03,5.35099983215332
2003-09-04,5.320000171661377
2003-09-05,5.206999778747559
2003-09-08,5.236000061035156
2003-09-09,5.22599983215332
2003-09-10,5.159999847412109
2003-09-11,5.2170000076293945
2003-09-12,5.175000190734863
2003-09-15,5.171000003814697
2003-09-16,5.216000080108643
2003-09-17,5.113999843597412
2003-09-18,5.099999904632568
2003-09-19,5.061999797821045
2003-09-22,5.140999794006348
2003-09-23,5.0980000495910645
2003-09-24,5.031000137329102
2003-09-25,5.000999927520752
2003-09-26,4.951000213623047
2003-09-29,5.005000114440918
2003-09-30,4.883999824523926
2003-10-01,4.886000156402588
2003-10-02,4.938000202178955
2003-10-03,5.0980000495910645
2003-10-06,5.056000232696533
2003-10-07,5.146999835968018
2003-10-08,5.166999816894531
2003-10-09,5.216000080108643
2003-10-10,5.173999786376953
2003-10-13,5.182000160217285
2003-10-14,5.256999969482422
2003-10-15,5.296000003814697
2003-10-16,5.308000087738037
2003-10-17,5.25
2003-10-20,5.229000091552734
2003-10-21,5.2230000495910645
2003-10-22,5.1579999923706055
2003-10-23,5.189000129699707
2003-10-24,5.1020002365112305
2003-10-27,5.138999938964844
2003-10-28,5.089000225067139
2003-10-29,5.158999919891357
2003-10-30,5.197999954223633
2003-10-31,5.144999980926514
2003-11-03,5.183000087738037
2003-11-04,5.138000011444092
2003-11-05,5.179999828338623
2003-11-06,5.242000102996826
2003-11-07,5.261000156402588
2003-11-10,5.2779998779296875
2003-11-12,5.2170000076293945
2003-11-13,5.10699987411499
2003-11-14,5.060999870300293
2003-11-17,5.0370001792907715
2003-11-18,5.015999794006348
2003-11-19,5.079999923706055
2003-11-20,5.019000053405762
2003-11-21,5.000999927520752
2003-11-24,5.061999797821045
2003-11-25,5.031000137329102
2003-11-26,5.065999984741211
2003-11-28,5.125999927520752
2003-12-01,5.1579999923706055
2003-12-02,5.146999835968018
2003-12-03,5.184999942779541
2003-12-04,5.1570000648498535
2003-12-05,5.046999931335449
2003-12-08,5.116000175476074
2003-12-09,5.168000221252441
2003-12-10,5.151000022888184
2003-12-11,5.10699987411499
2003-12-12,5.0879998207092285
2003-12-15,5.103000164031982
2003-12-16,5.078999996185303
2003-12-17,5.0269999504089355
2003-12-18,4.964000225067139
2003-12-19,4.960999965667725
2003-12-22,4.986999988555908
2003-12-23,5.051000118255615
2003-12-24,4.986000061035156
2003-12-26,4.968999862670898
2003-12-29,5.034999847412109
2003-12-30,5.0879998207092285
2003-12-31,5.067999839782715
2004-01-02,5.176000118255615
2004-01-05,5.175000190734863
2004-01-06,5.105999946594238
2004-01-07,5.084000110626221
2004-01-08,5.079999923706055
2004-01-09,4.9670000076293945
2004-01-12,4.9710001945495605
2004-01-13,4.940000057220459
2004-01-14,4.881999969482422
2004-01-15,4.861000061035156
2004-01-16,4.877999782562256
2004-01-20,4.926000118255615
2004-01-21,4.915999889373779
2004-01-22,4.855000019073486
2004-01-23,4.940000057220459
2004-01-26,4.991000175476074
2004-01-27,4.948999881744385
2004-01-28,5.01800012588501
2004-01-29,5.014999866485596
2004-01-30,4.965000152587891
2004-02-02,4.985000133514404
2004-02-03,4.955999851226807
2004-02-04,4.964000225067139
2004-02-05,4.986999988555908
2004-02-06,4.929999828338623
2004-02-09,4.908999919891357
2004-02-10,4.940999984741211
2004-02-11,4.896999835968018
2004-02-12,4.939000129699707
2004-02-13,4.921999931335449
2004-02-17,4.916999816894531
2004-02-18,4.914999961853027
2004-02-19,4.908999919891357
2004-02-20,4.953000068664551
2004-02-23,4.916999816894531
2004-02-24,4.89900016784668
2004-02-25,4.89300012588501
2004-02-26,4.921000003814697
2004-02-27,4.85699987411499
2004-03-01,4.857999801635742
2004-03-02,4.901000022888184
2004-03-03,4.908999919891357
2004-03-04,4.88100004196167
2004-03-05,4.744999885559082
2004-03-08,4.711999893188477
2004-03-09,4.671999931335449
2004-03-10,4.677999973297119
2004-03-11,4.690000057220459
2004-03-12,4.710000038146973
2004-03-15,4.710999965667725
2004-03-16,4.646999835968018
2004-03-17,4.644999980926514
2004-03-18,4.695000171661377
2004-03-19,4.718999862670898
2004-03-22,4.673999786376953
2004-03-23,4.666999816894531
2004-03-24,4.664000034332275
2004-03-25,4.689000129699707
2004-03-26,4.769999980926514
2004-03-29,4.813000202178955
2004-03-30,4.817999839782715
2004-03-31,4.7769999504089355
2004-04-01,4.817999839782715
2004-04-02,4.9720001220703125
2004-04-05,5.043000221252441
2004-04-06,5.015999794006348
2004-04-07,5.011000156402588
2004-04-08,5.034999847412109
2004-04-12,5.059000015258789
2004-04-13,5.1479997634887695
2004-04-14,5.169000148773193
2004-04-15,5.204999923706055
2004-04-16,5.176000118255615
2004-04-19,5.203000068664551
2004-04-20,5.229000091552734
2004-04-21,5.230999946594238
2004-04-22,5.190000057220459
2004-04-23,5.247000217437744
2004-04-26,5.2230000495910645
2004-04-27,5.210000038146973
2004-04-28,5.263000011444092
2004-04-29,5.311999797821045
2004-04-30,5.2820000648498535
2004-05-03,5.281000137329102
2004-05-04,5.329999923706055
2004-05-05,5.3480000495910645
2004-05-06,5.375
2004-05-07,5.464000225067139
2004-05-10,5.47599983215332
2004-05-11,5.4670000076293945
2004-05-12,5.510000228881836
2004-05-13,5.558000087738037
2004-05-14,5.502999782562256
2004-05-17,5.436999797821045
2004-05-18,5.453000068664551
2004-05-19,5.499000072479248
2004-05-20,5.429999828338623
2004-05-21,5.460000038146973
2004-05-24,5.435999870300293
2004-05-25,5.410999774932861
2004-05-26,5.375999927520752
2004-05-27,5.311999797821045
2004-05-28,5.3480000495910645
2004-06-01,5.396999835968018
2004-06-02,5.415999889373779
2004-06-03,5.409999847412109
2004-06-04,5.464000225067139
2004-06-07,5.459000110626221
2004-06-08,5.452000141143799
2004-06-09,5.486000061035156
2004-06-10,5.465000152587891
2004-06-14,5.5289998054504395
2004-06-15,5.373000144958496
2004-06-16,5.409999847412109
2004-06-17,5.361000061035156
2004-06-18,5.377999782562256
2004-06-21,5.374000072479248
2004-06-22,5.392000198364258
2004-06-23,5.382999897003174
2004-06-24,5.3379998207092285
2004-06-25,5.335000038146973
2004-06-28,5.414000034332275
2004-06-29,5.372000217437744
2004-06-30,5.313000202178955
2004-07-01,5.290999889373779
2004-07-02,5.206999778747559
2004-07-06,5.224999904632568
2004-07-07,5.2220001220703125
2004-07-08,5.223999977111816
2004-07-09,5.216000080108643
2004-07-12,5.196000099182129
2004-07-13,5.223999977111816
2004-07-14,5.2179999351501465
2004-07-15,5.2179999351501465
2004-07-16,5.123000144958496
2004-07-19,5.117000102996826
2004-07-20,5.184000015258789
2004-07-21,5.208000183105469
2004-07-22,5.192999839782715
2004-07-23,5.171000003814697
2004-07-26,5.198999881744385
2004-07-27,5.307000160217285
2004-07-28,5.307000160217285
2004-07-29,5.297999858856201
2004-07-30,5.204999923706055
2004-08-02,5.190999984741211
2004-08-03,5.163000106811523
2004-08-04,5.171000003814697
2004-08-05,5.150000095367432
2004-08-06,5.039000034332275
2004-08-09,5.045000076293945
2004-08-10,5.065999984741211
2004-08-11,5.056000232696533
2004-08-12,5.047999858856201
2004-08-13,5.006999969482422
2004-08-16,5.047999858856201
2004-08-17,5.013999938964844
2004-08-18,5.0320000648498535
2004-08-19,5.0229997634887695
2004-08-20,5.0289998054504395
2004-08-23,5.070000171661377
2004-08-24,5.070000171661377
2004-08-25,5.050000190734863
2004-08-26,5.020999908447266
2004-08-27,5.01800012588501
2004-08-30,4.988999843597412
2004-08-31,4.938000202178955
2004-09-01,4.934000015258789
2004-09-02,4.985000133514404
2004-09-03,5.060999870300293
2004-09-07,5.01200008392334
2004-09-08,4.953999996185303
2004-09-09,4.98799991607666
2004-09-10,4.9710001945495605
2004-09-13,4.942999839782715
2004-09-14,4.933000087738037
2004-09-15,4.9629998207092285
2004-09-16,4.875999927520752
2004-09-17,4.916999816894531
2004-09-20,4.864999771118164
2004-09-21,4.840000152587891
2004-09-22,4.7769999504089355
2004-09-23,4.800000190734863
2004-09-24,4.800000190734863
2004-09-27,4.771999835968018
2004-09-28,4.801000118255615
2004-09-29,4.861000061035156
2004-09-30,4.890999794006348
2004-10-01,4.948999881744385
2004-10-04,4.933000087738037
2004-10-05,4.927999973297119
2004-10-06,4.96999979019165
2004-10-07,4.998000144958496
2004-10-08,4.9019999504089355
2004-10-11,4.906000137329102
2004-10-12,4.880000114440918
2004-10-13,4.870999813079834
2004-10-14,4.824999809265137
2004-10-15,4.848999977111816
2004-10-18,4.8420000076293945
2004-10-19,4.820000171661377
2004-10-20,4.781000137329102
2004-10-21,4.76800012588501
2004-10-22,4.761000156402588
2004-10-25,4.754000186920166
2004-10-26,4.76200008392334
2004-10-27,4.8460001945495605
2004-10-28,4.839000225067139
2004-10-29,4.794000148773193
2004-11-01,4.8470001220703125
2004-11-02,4.836999893188477
2004-11-03,4.823999881744385
2004-11-04,4.811999797821045
2004-11-05,4.908999919891357
2004-11-08,4.929999828338623
2004-11-09,4.939000129699707
2004-11-10,4.97599983215332
2004-11-11,4.965000152587891
2004-11-12,4.9120001792907715
2004-11-15,4.8979997634887695
2004-11-16,4.9019999504089355
2004-11-17,4.841000080108643
2004-11-18,4.815000057220459
2004-11-19,4.875
2004-11-22,4.826000213623047
2004-11-23,4.8379998207092285
2004-11-24,4.840000152587891
2004-11-26,4.883999824523926
2004-11-29,4.974999904632568
2004-11-30,5.01200008392334
2004-12-01,5.0269999504089355
2004-12-02,5.047999858856201
2004-12-03,4.941999912261963
2004-12-06,4.908999919891357
2004-12-07,4.892000198364258
2004-12-08,4.78000020980835
2004-12-09,4.830999851226807
2004-12-10,4.822000026702881
2004-12-13,4.807000160217285
2004-12-14,4.7769999504089355
2004-12-15,4.708000183105469
2004-12-16,4.823999881744385
2004-12-17,4.8379998207092285
2004-12-20,4.823999881744385
2004-12-21,4.796999931335449
2004-12-22,4.828999996185303
2004-12-23,4.840000152587891
2004-12-27,4.918000221252441
2004-12-28,4.916999816894531
2004-12-29,4.936999797821045
2004-12-30,4.880000114440918
2004-12-31,4.822000026702881
2005-01-03,4.816999912261963
2005-01-04,4.879000186920166
2005-01-05,4.8470001220703125
2005-01-06,4.854000091552734
2005-01-07,4.853000164031982
2005-01-10,4.827000141143799
2005-01-11,4.783999919891357
2005-01-12,4.770999908447266
2005-01-13,4.716000080108643
2005-01-14,4.734000205993652
2005-01-18,4.689000129699707
2005-01-19,4.669000148773193
2005-01-20,4.6539998054504395
2005-01-21,4.646999835968018
2005-01-24,4.605999946594238
2005-01-25,4.675000190734863
2005-01-26,4.663000106811523
2005-01-27,4.671999931335449
2005-01-28,4.610000133514404
2005-01-31,4.590000152587891
2005-02-01,4.5920000076293945
2005-02-02,4.580999851226807
2005-02-03,4.578000068664551
2005-02-04,4.478000164031982
2005-02-07,4.423999786376953
2005-02-08,4.392000198364258
2005-02-09,4.364999771118164
2005-02-10,4.465000152587891
2005-02-11,4.486999988555908
2005-02-14,4.447999954223633
2005-02-15,4.480999946594238
2005-02-16,4.521999835968018
2005-02-17,4.572999954223633
2005-02-18,4.644000053405762
2005-02-22,4.684000015258789
2005-02-23,4.660999774932861
2005-02-24,4.663000106811523
2005-02-25,4.642000198364258
2005-02-28,4.705999851226807
2005-03-01,4.7210001945495605
2005-03-02,4.736999988555908
2005-03-03,4.736999988555908
2005-03-04,4.650000095367432
2005-03-07,4.618000030517578
2005-03-08,4.690000057220459
2005-03-09,4.820000171661377
2005-03-10,4.75600004196167
2005-03-11,4.809000015258789
2005-03-14,4.781000137329102
2005-03-15,4.813000202178955
2005-03-16,4.791999816894531
2005-03-17,4.760000228881836
2005-03-18,4.810999870300293
2005-03-21,4.826000213623047
2005-03-22,4.890999794006348
2005-03-23,4.86299991607666
2005-03-24,4.843999862670898
2005-03-28,4.877999782562256
2005-03-29,4.8520002365112305
2005-03-30,4.807000160217285
2005-03-31,4.765999794006348
2005-04-01,4.729000091552734
2005-04-04,4.730000019073486
2005-04-05,4.752999782562256
2005-04-06,4.742000102996826
2005-04-07,4.784999847412109
2005-04-08,4.775000095367432
2005-04-11,4.732999801635742
2005-04-12,4.6570000648498535
2005-04-13,4.686999797821045
2005-04-14,4.716000080108643
2005-04-15,4.626999855041504
2005-04-18,4.586999893188477
2005-04-19,4.540999889373779
2005-04-20,4.571000099182129
2005-04-21,4.638000011444092
2005-04-22,4.579999923706055
2005-04-25,4.556000232696533
2005-04-26,4.566999912261963
2005-04-27,4.552999973297119
2005-04-28,4.505000114440918
2005-04-29,4.519000053405762
2005-05-02,4.515999794006348
2005-05-03,4.502999782562256
2005-05-04,4.585000038146973
2005-05-05,4.585000038146973
2005-05-06,4.633999824523926
2005-05-09,4.613999843597412
2005-05-10,4.578000068664551
2005-05-11,4.548999786376953
2005-05-12,4.531000137329102
2005-05-13,4.484000205993652
2005-05-16,4.489999771118164
2005-05-17,4.4730000495910645
2005-05-18,4.429999828338623
2005-05-19,4.442999839782715
2005-05-20,4.438000202178955
2005-05-23,4.38700008392334
2005-05-24,4.366000175476074
2005-05-25,4.413000106811523
2005-05-26,4.431000232696533
2005-05-27,4.429999828338623
2005-05-31,4.3470001220703125
2005-06-01,4.263000011444092
2005-06-02,4.229000091552734
2005-06-03,4.281000137329102
2005-06-06,4.249000072479248
2005-06-07,4.195000171661377
2005-06-08,4.224999904632568
2005-06-09,4.245999813079834
2005-06-10,4.298999786376953
2005-06-13,4.368000030517578
2005-06-14,4.428999900817871
2005-06-15,4.421999931335449
2005-06-16,4.370999813079834
2005-06-17,4.364999771118164
2005-06-20,4.383999824523926
2005-06-21,4.333000183105469
2005-06-22,4.250999927520752
2005-06-23,4.256999969482422
2005-06-24,4.215000152587891
2005-06-27,4.189000129699707
2005-06-28,4.239999771118164
2005-06-29,4.264999866485596
2005-06-30,4.218999862670898
2005-07-01,4.297999858856201
2005-07-05,4.361999988555908
2005-07-06,4.329999923706055
2005-07-07,4.302000045776367
2005-07-08,4.361000061035156
2005-07-11,4.3420000076293945
2005-07-12,4.382999897003174
2005-07-13,4.3979997634887695
2005-07-14,4.416999816894531
2005-07-15,4.40500020980835
2005-07-18,4.4670000076293945
2005-07-19,4.433000087738037
2005-07-20,4.392000198364258
2005-07-21,4.498000144958496
2005-07-22,4.441999912261963
2005-07-25,4.465000152587891
2005-07-26,4.459000110626221
2005-07-27,4.473999977111816
2005-07-28,4.401000022888184
2005-07-29,4.473999977111816
2005-08-01,4.510000228881836
2005-08-02,4.539999961853027
2005-08-03,4.505000114440918
2005-08-04,4.521999835968018
2005-08-05,4.581999778747559
2005-08-08,4.5960001945495605
2005-08-09,4.573999881744385
2005-08-10,4.579999923706055
2005-08-11,4.5269999504089355
2005-08-12,4.440999984741211
2005-08-15,4.4730000495910645
2005-08-16,4.433000087738037
2005-08-17,4.474999904632568
2005-08-18,4.427000045776367
2005-08-19,4.421000003814697
2005-08-22,4.426000118255615
2005-08-23,4.40500020980835
2005-08-24,4.3979997634887695
2005-08-25,4.364999771118164
2005-08-26,4.38100004196167
2005-08-29,4.363999843597412
2005-08-30,4.307000160217285
2005-08-31,4.261000156402588
2005-09-01,4.289000034332275
2005-09-02,4.291999816894531
2005-09-06,4.354000091552734
2005-09-07,4.419000148773193
2005-09-08,4.421999931335449
2005-09-09,4.4019999504089355
2005-09-12,4.443999767303467
2005-09-13,4.421999931335449
2005-09-14,4.453000068664551
2005-09-15,4.511000156402588
2005-09-16,4.554999828338623
2005-09-19,4.543000221252441
2005-09-20,4.519000053405762
2005-09-21,4.46999979019165
2005-09-22,4.460999965667725
2005-09-23,4.508999824523926
2005-09-26,4.558000087738037
2005-09-27,4.564000129699707
2005-09-28,4.500999927520752
2005-09-29,4.539000034332275
2005-09-30,4.567999839782715
2005-10-03,4.620999813079834
2005-10-04,4.603000164031982
2005-10-05,4.579999923706055
2005-10-06,4.586999893188477
2005-10-07,4.568999767303467
2005-10-11,4.590000152587891
2005-10-12,4.656000137329102
2005-10-13,4.704999923706055
2005-10-14,4.711999893188477
2005-10-17,4.706999778747559
2005-10-18,4.699999809265137
2005-10-19,4.689000129699707
2005-10-20,4.679999828338623
2005-10-21,4.609000205993652
2005-10-24,4.659999847412109
2005-10-25,4.7129998207092285
2005-10-26,4.796000003814697
2005-10-27,4.769999980926514
2005-10-28,4.77400016784668
2005-10-31,4.755000114440918
2005-11-01,4.769000053405762
2005-11-02,4.801000118255615
2005-11-03,4.836999893188477
2005-11-04,4.8520002365112305
2005-11-07,4.828000068664551
2005-11-08,4.758999824523926
2005-11-09,4.826000213623047
2005-11-10,4.745999813079834
2005-11-14,4.796000003814697
2005-11-15,4.741000175476074
2005-11-16,4.673999786376953
2005-11-17,4.645999908447266
2005-11-18,4.691999912261963
2005-11-21,4.6579999923706055
2005-11-22,4.65500020980835
2005-11-23,4.706999778747559
2005-11-25,4.664000034332275
2005-11-28,4.626999855041504
2005-11-29,4.690000057220459
2005-11-30,4.703000068664551
2005-12-01,4.72599983215332
2005-12-02,4.7170000076293945
2005-12-05,4.763000011444092
2005-12-06,4.693999767303467
2005-12-07,4.718999862670898
2005-12-08,4.671999931335449
2005-12-09,4.736000061035156
2005-12-12,4.739999771118164
2005-12-13,4.736999988555908
2005-12-14,4.6570000648498535
2005-12-15,4.675000190734863
2005-12-16,4.650000095367432
2005-12-19,4.640999794006348
2005-12-20,4.6579999923706055
2005-12-21,4.670000076293945
2005-12-22,4.611999988555908
2005-12-23,4.551000118255615
2005-12-27,4.505000114440918
2005-12-28,4.539000034332275
2005-12-29,4.53000020980835
2005-12-30,4.546999931335449
2006-01-03,4.554999828338623
2006-01-04,4.544000148773193
2006-01-05,4.546999931335449
2006-01-06,4.565000057220459
2006-01-09,4.565000057220459
2006-01-10,4.60699987411499
2006-01-11,4.638999938964844
2006-01-12,4.591000080108643
2006-01-13,4.525000095367432
2006-01-17,4.511000156402588
2006-01-18,4.519000053405762
2006-01-19,4.548999786376953
2006-01-20,4.531000137329102
2006-01-23,4.5320000648498535
2006-01-24,4.570000171661377
2006-01-25,4.65500020980835
2006-01-26,4.703000068664551
2006-01-27,4.679999828338623
2006-01-30,4.708000183105469
2006-01-31,4.684999942779541
2006-02-01,4.710000038146973
2006-02-02,4.695000171661377
2006-02-03,4.638000011444092
2006-02-06,4.622000217437744
2006-02-07,4.656000137329102
2006-02-08,4.681000232696533
2006-02-09,4.64300012588501
2006-02-10,4.546999931335449
2006-02-13,4.559000015258789
2006-02-14,4.59499979019165
2006-02-15,4.574999809265137
2006-02-16,4.577000141143799
2006-02-17,4.508999824523926
2006-02-21,4.5269999504089355
2006-02-22,4.484000205993652
2006-02-23,4.51200008392334
2006-02-24,4.514999866485596
2006-02-27,4.545000076293945
2006-02-28,4.502999782562256
2006-03-01,4.560999870300293
2006-03-02,4.616000175476074
2006-03-03,4.659999847412109
2006-03-06,4.7230000495910645
2006-03-07,4.7220001220703125
2006-03-08,4.7230000495910645
2006-03-09,4.7170000076293945
2006-03-10,4.742000102996826
2006-03-13,4.76800012588501
2006-03-14,4.703000068664551
2006-03-15,4.751999855041504
2006-03-16,4.692999839782715
2006-03-17,4.7170000076293945
2006-03-20,4.699999809265137
2006-03-21,4.741000175476074
2006-03-22,4.72599983215332
2006-03-23,4.755000114440918
2006-03-24,4.695000171661377
2006-03-27,4.7270002365112305
2006-03-28,4.793000221252441
2006-03-29,4.8420000076293945
2006-03-30,4.892000198364258
2006-03-31,4.89300012588501
2006-04-03,4.9029998779296875
2006-04-04,4.913000106811523
2006-04-05,4.89300012588501
2006-04-06,4.960000038146973
2006-04-07,5.038000106811523
2006-04-10,5.035999774932861
2006-04-11,5.002999782562256
2006-04-12,5.051000118255615
2006-04-13,5.10699987411499
2006-04-17,5.078000068664551
2006-04-18,5.064000129699707
2006-04-19,5.129000186920166
2006-04-20,5.13700008392334
2006-04-21,5.098999977111816
2006-04-24,5.064000129699707
2006-04-25,5.1539998054504395
2006-04-26,5.177999973297119
2006-04-27,5.182000160217285
2006-04-28,5.169000148773193
2006-05-01,5.2270002365112305
2006-05-02,5.199999809265137
2006-05-03,5.236000061035156
2006-05-04,5.235000133514404
2006-05-05,5.195000171661377
2006-05-08,5.185999870300293
2006-05-09,5.197999954223633
2006-05-10,5.188000202178955
2006-05-11,5.2270002365112305
2006-05-12,5.297999858856201
2006-05-15,5.264999866485596
2006-05-16,5.2179999351501465
2006-05-17,5.27400016784668
2006-05-18,5.179999828338623
2006-05-19,5.13700008392334
2006-05-22,5.13100004196167
2006-05-23,5.1539998054504395
2006-05-24,5.130000114440918
2006-05-25,5.171999931335449
2006-05-26,5.1570000648498535
2006-05-30,5.189000129699707
2006-05-31,5.206999778747559
2006-06-01,5.201000213623047
2006-06-02,5.093999862670898
2006-06-05,5.117000102996826
2006-06-06,5.079999923706055
2006-06-07,5.0960001945495605
2006-06-08,5.058000087738037
2006-06-09,5.0329999923706055
2006-06-12,5.0320000648498535
2006-06-13,5.010000228881836
2006-06-14,5.085000038146973
2006-06-15,5.135000228881836
2006-06-16,5.171999931335449
2006-06-19,5.183000087738037
2006-06-20,5.196000099182129
2006-06-21,5.193999767303467
2006-06-22,5.23199987411499
2006-06-23,5.256999969482422
2006-06-26,5.271999835968018
2006-06-27,5.238999843597412
2006-06-28,5.2789998054504395
2006-06-29,5.250999927520752
2006-06-30,5.185999870300293
2006-07-03,5.201000213623047
2006-07-05,5.270999908447266
2006-07-06,5.22599983215332
2006-07-07,5.173999786376953
2006-07-10,5.170000076293945
2006-07-11,5.140999794006348
2006-07-12,5.135000228881836
2006-07-13,5.114999771118164
2006-07-14,5.111000061035156
2006-07-17,5.104000091552734
2006-07-18,5.1620001792907715
2006-07-19,5.103000164031982
2006-07-20,5.081999778747559
2006-07-21,5.103000164031982
2006-07-24,5.103000164031982
2006-07-25,5.125
2006-07-26,5.099999904632568
2006-07-27,5.111000061035156
2006-07-28,5.066999912261963
2006-07-31,5.070000171661377
2006-08-01,5.068999767303467
2006-08-02,5.051000118255615
2006-08-03,5.034999847412109
2006-08-04,4.992000102996826
2006-08-07,5.002999782562256
2006-08-08,5.0229997634887695
2006-08-09,5.046999931335449
2006-08-10,5.065000057220459
2006-08-11,5.0920000076293945
2006-08-14,5.118000030517578
2006-08-15,5.046999931335449
2006-08-16,5.000999927520752
2006-08-17,4.999000072479248
2006-08-18,4.9730000495910645
2006-08-21,4.964000225067139
2006-08-22,4.949999809265137
2006-08-23,4.953000068664551
2006-08-24,4.939000129699707
2006-08-25,4.932000160217285
2006-08-28,4.934000015258789
2006-08-29,4.929999828338623
2006-08-30,4.9120001792907715
2006-08-31,4.877999782562256
2006-09-01,4.873000144958496
2006-09-05,4.932000160217285
2006-09-06,4.952000141143799
2006-09-07,4.939000129699707
2006-09-08,4.915999889373779
2006-09-11,4.940000057220459
2006-09-12,4.90500020980835
2006-09-13,4.89900016784668
2006-09-14,4.919000148773193
2006-09-15,4.919000148773193
2006-09-18,4.927000045776367
2006-09-19,4.859000205993652
2006-09-20,4.848999977111816
2006-09-21,4.783999919891357
2006-09-22,4.73799991607666
2006-09-25,4.696000099182129
2006-09-26,4.711999893188477
2006-09-27,4.732999801635742
2006-09-28,4.767000198364258
2006-09-29,4.767000198364258
2006-10-02,4.761000156402588
2006-10-03,4.752999782562256
2006-10-04,4.7210001945495605
2006-10-05,4.761000156402588
2006-10-06,4.836999893188477
2006-10-10,4.879000186920166
2006-10-11,4.913000106811523
2006-10-12,4.910999774932861
2006-10-13,4.938000202178955
2006-10-16,4.919000148773193
2006-10-17,4.910999774932861
2006-10-18,4.892000198364258
2006-10-19,4.909999847412109
2006-10-20,4.9039998054504395
2006-10-23,4.952000141143799
2006-10-24,4.941999912261963
2006-10-25,4.896999835968018
2006-10-26,4.841000080108643
2006-10-27,4.796000003814697
2006-10-30,4.785999774932861
2006-10-31,4.718999862670898
2006-11-01,4.677000045776367
2006-11-02,4.714000225067139
2006-11-03,4.810999870300293
2006-11-06,4.795000076293945
2006-11-07,4.75600004196167
2006-11-08,4.730000019073486
2006-11-09,4.732999801635742
2006-11-10,4.691999912261963
2006-11-13,4.703999996185303
2006-11-14,4.659999847412109
2006-11-15,4.695000171661377
2006-11-16,4.732999801635742
2006-11-17,4.690999984741211
2006-11-20,4.677000045776367
2006-11-21,4.6579999923706055
2006-11-22,4.651000022888184
2006-11-24,4.629000186920166
2006-11-27,4.618000030517578
2006-11-28,4.5960001945495605
2006-11-29,4.611999988555908
2006-11-30,4.560999870300293
2006-12-01,4.540999889373779
2006-12-04,4.547999858856201
2006-12-05,4.567999839782715
2006-12-06,4.598999977111816
2006-12-07,4.6020002365112305
2006-12-08,4.660999774932861
2006-12-11,4.627999782562256
2006-12-12,4.609000205993652
2006-12-13,4.690000057220459
2006-12-14,4.716000080108643
2006-12-15,4.7179999351501465
2006-12-18,4.710999965667725
2006-12-19,4.728000164031982
2006-12-20,4.724999904632568
2006-12-21,4.690999984741211
2006-12-22,4.763000011444092
2006-12-26,4.732999801635742
2006-12-27,4.7829999923706055
2006-12-28,4.813000202178955
2006-12-29,4.817999839782715
2007-01-03,4.767000198364258
2007-01-04,4.723999977111816
2007-01-05,4.743000030517578
2007-01-08,4.739999771118164
2007-01-09,4.73799991607666
2007-01-10,4.769999980926514
2007-01-11,4.822000026702881
2007-01-12,4.861000061035156
2007-01-16,4.843999862670898
2007-01-17,4.88100004196167
2007-01-18,4.8460001945495605
2007-01-19,4.860000133514404
2007-01-22,4.8470001220703125
2007-01-23,4.896999835968018
2007-01-24,4.909999847412109
2007-01-25,4.961999893188477
2007-01-26,4.980000019073486
2007-01-29,4.98199987411499
2007-01-30,4.98199987411499
2007-01-31,4.926000118255615
2007-02-01,4.933000087738037
2007-02-02,4.926000118255615
2007-02-05,4.909999847412109
2007-02-06,4.869999885559082
2007-02-07,4.8520002365112305
2007-02-08,4.836999893188477
2007-02-09,4.864999771118164
2007-02-12,4.886000156402588
2007-02-13,4.901000022888184
2007-02-14,4.826000213623047
2007-02-15,4.803999900817871
2007-02-16,4.788000106811523
2007-02-20,4.78000020980835
2007-02-21,4.789000034332275
2007-02-22,4.829999923706055
2007-02-23,4.7820000648498535
2007-02-26,4.732999801635742
2007-02-27,4.630000114440918
2007-02-28,4.669000148773193
2007-03-01,4.678999900817871
2007-03-02,4.650000095367432
2007-03-05,4.6539998054504395
2007-03-06,4.65500020980835
2007-03-07,4.636000156402588
2007-03-08,4.650000095367432
2007-03-09,4.7230000495910645
2007-03-12,4.691999912261963
2007-03-13,4.6579999923706055
2007-03-14,4.693999767303467
2007-03-15,4.691999912261963
2007-03-16,4.695000171661377
2007-03-19,4.7170000076293945
2007-03-20,4.706999778747559
2007-03-21,4.696000099182129
2007-03-22,4.7820000648498535
2007-03-23,4.798999786376953
2007-03-26,4.7829999923706055
2007-03-27,4.809000015258789
2007-03-28,4.830999851226807
2007-03-29,4.828999996185303
2007-03-30,4.8480000495910645
2007-04-02,4.835999965667725
2007-04-03,4.8460001945495605
2007-04-04,4.84499979019165
2007-04-05,4.868000030517578
2007-04-09,4.915999889373779
2007-04-10,4.906000137329102
2007-04-11,4.914999961853027
2007-04-12,4.909999847412109
2007-04-13,4.926000118255615
2007-04-16,4.889999866485596
2007-04-17,4.8470001220703125
2007-04-18,4.818999767303467
2007-04-19,4.835999965667725
2007-04-20,4.84499979019165
2007-04-23,4.828000068664551
2007-04-24,4.803999900817871
2007-04-25,4.829999923706055
2007-04-26,4.868000030517578
2007-04-27,4.885000228881836
2007-04-30,4.816999912261963
2007-05-01,4.815999984741211
2007-05-02,4.818999767303467
2007-05-03,4.836999893188477
2007-05-04,4.803999900817871
2007-05-07,4.794000148773193
2007-05-08,4.802000045776367
2007-05-09,4.8379998207092285
2007-05-10,4.828999996185303
2007-05-11,4.848999977111816
2007-05-14,4.860000133514404
2007-05-15,4.883999824523926
2007-05-16,4.874000072479248
2007-05-17,4.913000106811523
2007-05-18,4.956999778747559
2007-05-21,4.940999984741211
2007-05-22,4.982999801635742
2007-05-23,5.013999938964844
2007-05-24,5.007999897003174
2007-05-25,5.007999897003174
2007-05-29,5.013999938964844
2007-05-30,5.010000228881836
2007-05-31,5.011000156402588
2007-06-01,5.061999797821045
2007-06-04,5.021999835968018
2007-06-05,5.066999912261963
2007-06-06,5.084000110626221
2007-06-07,5.203000068664551
2007-06-08,5.21999979019165
2007-06-11,5.239999771118164
2007-06-12,5.355999946594238
2007-06-13,5.276000022888184
2007-06-14,5.291999816894531
2007-06-15,5.263000011444092
2007-06-18,5.251999855041504
2007-06-19,5.197999954223633
2007-06-20,5.234000205993652
2007-06-21,5.283999919891357
2007-06-22,5.256999969482422
2007-06-25,5.195000171661377
2007-06-26,5.2210001945495605
2007-06-27,5.189000129699707
2007-06-28,5.2210001945495605
2007-06-29,5.125999927520752
2007-07-02,5.099999904632568
2007-07-03,5.150000095367432
2007-07-05,5.236999988555908
2007-07-06,5.2820000648498535
2007-07-09,5.245999813079834
2007-07-10,5.131999969482422
2007-07-11,5.183000087738037
2007-07-12,5.210999965667725
2007-07-13,5.193999767303467
2007-07-16,5.125999927520752
2007-07-17,5.160999774932861
2007-07-18,5.10099983215332
2007-07-19,5.118000030517578
2007-07-20,5.064000129699707
2007-07-23,5.066999912261963
2007-07-24,5.061999797821045
2007-07-25,5.026000022888184
2007-07-26,4.947000026702881
2007-07-27,4.952000141143799
2007-07-30,4.959000110626221
2007-07-31,4.921999931335449
2007-08-01,4.908999919891357
2007-08-02,4.89900016784668
2007-08-03,4.867000102996826
2007-08-06,4.9070000648498535
2007-08-07,4.9029998779296875
2007-08-08,5.0229997634887695
2007-08-09,5.0289998054504395
2007-08-10,5.005000114440918
2007-08-13,5.007999897003174
2007-08-14,4.986999988555908
2007-08-15,5.008999824523926
2007-08-16,4.925000190734863
2007-08-17,5.0
2007-08-20,4.96999979019165
2007-08-21,4.942999839782715
2007-08-22,4.953999996185303
2007-08-23,4.922999858856201
2007-08-24,4.896999835968018
2007-08-27,4.86299991607666
2007-08-28,4.861999988555908
2007-08-29,4.879000186920166
2007-08-30,4.824999809265137
2007-08-31,4.830999851226807
2007-09-04,4.839000225067139
2007-09-05,4.78000020980835
2007-09-06,4.789999961853027
2007-09-07,4.692999839782715
2007-09-10,4.640999794006348
2007-09-11,4.6479997634887695
2007-09-12,4.686999797821045
2007-09-13,4.743000030517578
2007-09-14,4.723999977111816
2007-09-17,4.714000225067139
2007-09-18,4.760000228881836
2007-09-19,4.823999881744385
2007-09-20,4.943999767303467
2007-09-21,4.890999794006348
2007-09-24,4.876999855041504
2007-09-25,4.886000156402588
2007-09-26,4.89300012588501
2007-09-27,4.836999893188477
2007-09-28,4.833000183105469
2007-10-01,4.797999858856201
2007-10-02,4.7779998779296875
2007-10-03,4.7870001792907715
2007-10-04,4.767000198364258
2007-10-05,4.870999813079834
2007-10-08,4.861000061035156
2007-10-09,4.863999843597412
2007-10-10,4.86299991607666
2007-10-11,4.882999897003174
2007-10-12,4.90500020980835
2007-10-15,4.9070000648498535
2007-10-16,4.9120001792907715
2007-10-17,4.809000015258789
2007-10-18,4.7789998054504395
2007-10-19,4.689000129699707
2007-10-22,4.671999931335449
2007-10-23,4.691999912261963
2007-10-24,4.640999794006348
2007-10-25,4.65500020980835
2007-10-26,4.683000087738037
2007-10-29,4.663000106811523
2007-10-30,4.672999858856201
2007-10-31,4.750999927520752
2007-11-01,4.645999908447266
2007-11-02,4.59499979019165
2007-11-05,4.616000175476074
2007-11-06,4.6519999504089355
2007-11-07,4.668000221252441
2007-11-08,4.6620001792907715
2007-11-09,4.6020002365112305
2007-11-12,4.593999862670898
2007-11-13,4.605000019073486
2007-11-14,4.604000091552734
2007-11-15,4.533999919891357
2007-11-16,4.5229997634887695
2007-11-19,4.478000164031982
2007-11-20,4.484000205993652
2007-11-21,4.4670000076293945
2007-11-23,4.438000202178955
2007-11-26,4.28000020980835
2007-11-27,4.355000019073486
2007-11-28,4.4070000648498535
2007-11-29,4.348999977111816
2007-11-30,4.4029998779296875
2007-12-03,4.354000091552734
2007-12-04,4.3460001945495605
2007-12-05,4.390999794006348
2007-12-06,4.479000091552734
2007-12-07,4.585000038146973
2007-12-10,4.614999771118164
2007-12-11,4.48199987411499
2007-12-12,4.531000137329102
2007-12-13,4.611000061035156
2007-12-14,4.6579999923706055
2007-12-17,4.624000072479248
2007-12-18,4.543000221252441
2007-12-19,4.49399995803833
2007-12-20,4.447999954223633
2007-12-21,4.574999809265137
2007-12-24,4.618000030517578
2007-12-26,4.685999870300293
2007-12-27,4.613999843597412
2007-12-28,4.513999938964844
2007-12-31,4.459000110626221
2008-01-02,4.3520002365112305
2008-01-03,4.36899995803833
2008-01-04,4.359000205993652
2008-01-07,4.335999965667725
2008-01-08,4.355000019073486
2008-01-09,4.321000099182129
2008-01-10,4.443999767303467
2008-01-11,4.394000053405762
2008-01-14,4.373000144958496
2008-01-15,4.291999816894531
2008-01-16,4.320000171661377
2008-01-17,4.252999782562256
2008-01-18,4.296999931335449
2008-01-22,4.2270002365112305
2008-01-23,4.175000190734863
2008-01-24,4.353000164031982
2008-01-25,4.2820000648498535
2008-01-28,4.2820000648498535
2008-01-29,4.335999965667725
2008-01-30,4.433000087738037
2008-01-31,4.354000091552734
2008-02-01,4.317999839782715
2008-02-04,4.374000072479248
2008-02-05,4.3420000076293945
2008-02-06,4.374000072479248
2008-02-07,4.5
2008-02-08,4.439000129699707
2008-02-11,4.40500020980835
2008-02-12,4.464000225067139
2008-02-13,4.51200008392334
2008-02-14,4.6529998779296875
2008-02-15,4.59499979019165
2008-02-19,4.65500020980835
2008-02-20,4.644000053405762
2008-02-21,4.552999973297119
2008-02-22,4.581999778747559
2008-02-25,4.664000034332275
2008-02-26,4.6570000648498535
2008-02-27,4.651000022888184
2008-02-28,4.554999828338623
2008-02-29,4.421000003814697
2008-03-03,4.425000190734863
2008-03-04,4.484000205993652
2008-03-05,4.605000019073486
2008-03-06,4.578999996185303
2008-03-07,4.540999889373779
2008-03-10,4.447999954223633
2008-03-11,4.53000020980835
2008-03-12,4.409999847412109
2008-03-13,4.453999996185303
2008-03-14,4.3480000495910645
2008-03-17,4.2820000648498535
2008-03-18,4.328999996185303
2008-03-19,4.2220001220703125
2008-03-20,4.164999961853027
2008-03-24,4.311999797821045
2008-03-25,4.298999786376953
2008-03-26,4.329999923706055
2008-03-27,4.375999927520752
2008-03-28,4.34499979019165
2008-03-31,4.306000232696533
2008-04-01,4.381999969482422
2008-04-02,4.38700008392334
2008-04-03,4.38700008392334
2008-04-04,4.317999839782715
2008-04-07,4.36899995803833
2008-04-08,4.382999897003174
2008-04-09,4.306000232696533
2008-04-10,4.3420000076293945
2008-04-11,4.302000045776367
2008-04-14,4.341000080108643
2008-04-15,4.40500020980835
2008-04-16,4.525000095367432
2008-04-17,4.52400016784668
2008-04-18,4.517000198364258
2008-04-21,4.47599983215332
2008-04-22,4.474999904632568
2008-04-23,4.485000133514404
2008-04-24,4.544000148773193
2008-04-25,4.589000225067139
2008-04-28,4.565000057220459
2008-04-29,4.559000015258789
2008-04-30,4.497000217437744
2008-05-01,4.484000205993652
2008-05-02,4.565000057220459
2008-05-05,4.580999851226807
2008-05-06,4.642000198364258
2008-05-07,4.622000217437744
2008-05-08,4.564000129699707
2008-05-09,4.52400016784668
2008-05-12,4.521999835968018
2008-05-13,4.61899995803833
2008-05-14,4.63700008392334
2008-05-15,4.576000213623047
2008-05-16,4.578999996185303
2008-05-19,4.574999809265137
2008-05-20,4.5320000648498535
2008-05-21,4.558000087738037
2008-05-22,4.629000186920166
2008-05-23,4.557000160217285
2008-05-27,4.644999980926514
2008-05-28,4.697000026702881
2008-05-29,4.764999866485596
2008-05-30,4.706999778747559
2008-06-02,4.678999900817871
2008-06-03,4.622000217437744
2008-06-04,4.684999942779541
2008-06-05,4.730000019073486
2008-06-06,4.650000095367432
2008-06-09,4.620999813079834
2008-06-10,4.701000213623047
2008-06-11,4.702000141143799
2008-06-12,4.763999938964844
2008-06-13,4.802000045776367
2008-06-16,4.78000020980835
2008-06-17,4.789999961853027
2008-06-18,4.730000019073486
2008-06-19,4.750999927520752
2008-06-20,4.702000141143799
2008-06-23,4.710000038146973
2008-06-24,4.6579999923706055
2008-06-25,4.6570000648498535
2008-06-26,4.603000164031982
2008-06-27,4.5370001792907715
2008-06-30,4.531000137329102
2008-07-01,4.544000148773193
2008-07-02,4.502999782562256
2008-07-03,4.531000137329102
2008-07-07,4.504000186920166
2008-07-08,4.455999851226807
2008-07-09,4.427999973297119
2008-07-10,4.421000003814697
2008-07-11,4.517000198364258
2008-07-14,4.468999862670898
2008-07-15,4.473999977111816
2008-07-16,4.581999778747559
2008-07-17,4.638000011444092
2008-07-18,4.6620001792907715
2008-07-21,4.6479997634887695
2008-07-22,4.663000106811523
2008-07-23,4.699999809265137
2008-07-24,4.611000061035156
2008-07-25,4.696000099182129
2008-07-28,4.613999843597412
2008-07-29,4.622000217437744
2008-07-30,4.638000011444092
2008-07-31,4.603000164031982
2008-08-01,4.568999767303467
2008-08-04,4.589000225067139
2008-08-05,4.629000186920166
2008-08-06,4.690000057220459
2008-08-07,4.564000129699707
2008-08-08,4.554999828338623
2008-08-11,4.611000061035156
2008-08-12,4.552000045776367
2008-08-13,4.576000213623047
2008-08-14,4.519000053405762
2008-08-15,4.4730000495910645
2008-08-18,4.440999984741211
2008-08-19,4.468999862670898
2008-08-20,4.442999839782715
2008-08-21,4.465000152587891
2008-08-22,4.4629998207092285
2008-08-25,4.4029998779296875
2008-08-26,4.394999980926514
2008-08-27,4.382999897003174
2008-08-28,4.388999938964844
2008-08-29,4.4120001792907715
2008-09-02,4.361999988555908
2008-09-03,4.317999839782715
2008-09-04,4.281000137329102
2008-09-05,4.276000022888184
2008-09-08,4.269000053405762
2008-09-09,4.191999912261963
2008-09-10,4.224999904632568
2008-09-11,4.214000225067139
2008-09-12,4.326000213623047
2008-09-15,4.1519999504089355
2008-09-16,4.09499979019165
2008-09-17,4.080999851226807
2008-09-18,4.11299991607666
2008-09-19,4.366000175476074
2008-09-22,4.4070000648498535
2008-09-23,4.434000015258789
2008-09-24,4.377999782562256
2008-09-25,4.414000034332275
2008-09-26,4.35699987411499
2008-09-29,4.160999774932861
2008-09-30,4.304999828338623
2008-10-01,4.248000144958496
2008-10-02,4.1539998054504395
2008-10-03,4.123000144958496
2008-10-06,3.941999912261963
2008-10-07,4.0269999504089355
2008-10-08,4.063000202178955
2008-10-09,4.119999885559082
2008-10-10,4.13700008392334
2008-10-13,4.13700008392334
2008-10-14,4.260000228881836
2008-10-15,4.248000144958496
2008-10-16,4.2270002365112305
2008-10-17,4.311999797821045
2008-10-20,4.283999919891357
2008-10-21,4.193999767303467
2008-10-22,4.0879998207092285
2008-10-23,3.9690001010894775
2008-10-24,4.086999893188477
2008-10-27,4.105000019073486
2008-10-28,4.171999931335449
2008-10-29,4.23799991607666
2008-10-30,4.283999919891357
2008-10-31,4.36899995803833
2008-11-03,4.321000099182129
2008-11-04,4.2220001220703125
2008-11-05,4.1539998054504395
2008-11-06,4.199999809265137
2008-11-07,4.261000156402588
2008-11-10,4.214000225067139
2008-11-11,4.208000183105469
2008-11-12,4.190000057220459
2008-11-13,4.333000183105469
2008-11-14,4.230000019073486
2008-11-17,4.205999851226807
2008-11-18,4.144000053405762
2008-11-19,3.9719998836517334
2008-11-20,3.6989998817443848
2008-11-21,3.6630001068115234
2008-11-24,3.755000114440918
2008-11-25,3.631999969482422
2008-11-26,3.562999963760376
2008-11-28,3.486999988555908
2008-12-01,3.2360000610351562
2008-12-02,3.2019999027252197
2008-12-03,3.184000015258789
2008-12-04,3.0840001106262207
2008-12-05,3.109999895095825
2008-12-08,3.1519999504089355
2008-12-09,3.075000047683716
2008-12-10,3.0950000286102295
2008-12-11,3.0889999866485596
2008-12-12,3.063999891281128
2008-12-15,3.000999927520752
2008-12-16,2.874000072479248
2008-12-17,2.6649999618530273
2008-12-18,2.5460000038146973
2008-12-19,2.562000036239624
2008-12-22,2.5980000495910645
2008-12-23,2.632999897003174
2008-12-24,2.634000062942505
2008-12-26,2.61299991607666
2008-12-29,2.625
2008-12-30,2.5829999446868896
2008-12-31,2.690999984741211
2009-01-02,2.815000057220459
2009-01-05,3.0399999618530273
2009-01-06,3.069000005722046
2009-01-07,3.065999984741211
2009-01-08,3.0450000762939453
2009-01-09,3.055000066757202
2009-01-12,2.990000009536743
2009-01-13,3.0169999599456787
2009-01-14,2.8949999809265137
2009-01-15,2.864000082015991
2009-01-16,2.8940000534057617
2009-01-20,2.947000026702881
2009-01-21,3.138000011444092
2009-01-22,3.25
2009-01-23,3.3320000171661377
2009-01-26,3.382999897003174
2009-01-27,3.2339999675750732
2009-01-28,3.434000015258789
2009-01-29,3.559000015258789
2009-01-30,3.6029999256134033
2009-02-02,3.4700000286102295
2009-02-03,3.622999906539917
2009-02-04,3.6730000972747803
2009-02-05,3.634000062942505
2009-02-06,3.683000087738037
2009-02-09,3.7060000896453857
2009-02-10,3.5299999713897705
2009-02-11,3.4519999027252197
2009-02-12,3.4619998931884766
2009-02-13,3.681999921798706
2009-02-17,3.4860000610351562
2009-02-18,3.5250000953674316
2009-02-19,3.687999963760376
2009-02-20,3.565000057220459
2009-02-23,3.5250000953674316
2009-02-24,3.49399995803833
2009-02-25,3.6010000705718994
2009-02-26,3.6459999084472656
2009-02-27,3.7219998836517334
2009-03-02,3.6489999294281006
2009-03-03,3.6760001182556152
2009-03-04,3.697999954223633
2009-03-05,3.505000114440918
2009-03-06,3.503000020980835
2009-03-09,3.5929999351501465
2009-03-10,3.7070000171661377
2009-03-11,3.6570000648498535
2009-03-12,3.634999990463257
2009-03-13,3.671999931335449
2009-03-16,3.765000104904175
2009-03-17,3.803999900817871
2009-03-18,3.572000026702881
2009-03-19,3.611999988555908
2009-03-20,3.6540000438690186
2009-03-23,3.693000078201294
2009-03-24,3.6059999465942383
2009-03-25,3.7170000076293945
2009-03-26,3.6510000228881836
2009-03-27,3.618000030517578
2009-03-30,3.6019999980926514
2009-03-31,3.561000108718872
2009-04-01,3.49399995803833
2009-04-02,3.5769999027252197
2009-04-03,3.7209999561309814
2009-04-06,3.757999897003174
2009-04-07,3.7290000915527344
2009-04-08,3.6589999198913574
2009-04-09,3.75600004196167
2009-04-13,3.687000036239624
2009-04-14,3.6570000648498535
2009-04-15,3.6470000743865967
2009-04-16,3.7119998931884766
2009-04-17,3.7850000858306885
2009-04-20,3.687000036239624
2009-04-21,3.746000051498413
2009-04-22,3.8340001106262207
2009-04-23,3.796999931335449
2009-04-24,3.875999927520752
2009-04-27,3.8380000591278076
2009-04-28,3.9549999237060547
2009-04-29,4.026000022888184
2009-04-30,4.044000148773193
2009-05-01,4.0879998207092285
2009-05-04,4.065000057220459
2009-05-05,4.052999973297119
2009-05-06,4.081999778747559
2009-05-07,4.261000156402588
2009-05-08,4.27400016784668
2009-05-11,4.179999828338623
2009-05-12,4.1570000648498535
2009-05-13,4.085000038146973
2009-05-14,4.065999984741211
2009-05-15,4.083000183105469
2009-05-18,4.176000118255615
2009-05-19,4.206999778747559
2009-05-20,4.159999847412109
2009-05-21,4.313000202178955
2009-05-22,4.392000198364258
2009-05-26,4.446000099182129
2009-05-27,4.605999946594238
2009-05-28,4.53000020980835
2009-05-29,4.3379998207092285
2009-06-01,4.574999809265137
2009-06-02,4.488999843597412
2009-06-03,4.445000171661377
2009-06-04,4.59499979019165
2009-06-05,4.656000137329102
2009-06-08,4.635000228881836
2009-06-09,4.6529998779296875
2009-06-10,4.749000072479248
2009-06-11,4.691999912261963
2009-06-12,4.632999897003174
2009-06-15,4.554999828338623
2009-06-16,4.502999782562256
2009-06-17,4.465000152587891
2009-06-18,4.624000072479248
2009-06-19,4.521999835968018
2009-06-22,4.428999900817871
2009-06-23,4.373000144958496
2009-06-24,4.425000190734863
2009-06-25,4.328999996185303
2009-06-26,4.302999973297119
2009-06-29,4.307000160217285
2009-06-30,4.310999870300293
2009-07-01,4.3470001220703125
2009-07-02,4.316999912261963
2009-07-06,4.35099983215332
2009-07-07,4.308000087738037
2009-07-08,4.164000034332275
2009-07-09,4.317999839782715
2009-07-10,4.201000213623047
2009-07-13,4.232999801635742
2009-07-14,4.348999977111816
2009-07-15,4.486999988555908
2009-07-16,4.446000099182129
2009-07-17,4.5289998054504395
2009-07-20,4.466000080108643
2009-07-21,4.373000144958496
2009-07-22,4.4679999351501465
2009-07-23,4.598999977111816
2009-07-24,4.554999828338623
2009-07-27,4.61299991607666
2009-07-28,4.559000015258789
2009-07-29,4.502999782562256
2009-07-30,4.449999809265137
2009-07-31,4.310999870300293
2009-08-03,4.421999931335449
2009-08-04,4.464000225067139
2009-08-05,4.560999870300293
2009-08-06,4.517000198364258
2009-08-07,4.603000164031982
2009-08-10,4.526000022888184
2009-08-11,4.453000068664551
2009-08-12,4.5229997634887695
2009-08-13,4.420000076293945
2009-08-14,4.406000137329102
2009-08-17,4.3480000495910645
2009-08-18,4.364999771118164
2009-08-19,4.294000148773193
2009-08-20,4.242000102996826
2009-08-21,4.359000205993652
2009-08-24,4.288000106811523
2009-08-25,4.230000019073486
2009-08-26,4.199999809265137
2009-08-27,4.230000019073486
2009-08-28,4.208000183105469
2009-08-31,4.181000232696533
2009-09-01,4.197999954223633
2009-09-02,4.104000091552734
2009-09-03,4.150000095367432
2009-09-04,4.2729997634887695
2009-09-08,4.310999870300293
2009-09-09,4.335000038146973
2009-09-10,4.175000190734863
2009-09-11,4.175000190734863
2009-09-14,4.215000152587891
2009-09-15,4.26200008392334
2009-09-16,4.265999794006348
2009-09-17,4.177999973297119
2009-09-18,4.230999946594238
2009-09-21,4.244999885559082
2009-09-22,4.208000183105469
2009-09-23,4.195000171661377
2009-09-24,4.173999786376953
2009-09-25,4.0929999351501465
2009-09-28,4.045000076293945
2009-09-29,4.0229997634887695
2009-09-30,4.047999858856201
2009-10-01,3.9590001106262207
2009-10-02,4.011000156402588
2009-10-05,4.0229997634887695
2009-10-06,4.058000087738037
2009-10-07,3.992000102996826
2009-10-08,4.093999862670898
2009-10-09,4.2270002365112305
2009-10-12,4.228000164031982
2009-10-13,4.1529998779296875
2009-10-14,4.275000095367432
2009-10-15,4.313000202178955
2009-10-16,4.247000217437744
2009-10-19,4.2170000076293945
2009-10-20,4.159999847412109
2009-10-21,4.230000019073486
2009-10-22,4.249000072479248
2009-10-23,4.289000034332275
2009-10-26,4.366000175476074
2009-10-27,4.289000034332275
2009-10-28,4.243000030517578
2009-10-29,4.34499979019165
2009-10-30,4.236000061035156
2009-11-02,4.26800012588501
2009-11-03,4.336999893188477
2009-11-04,4.434000015258789
2009-11-05,4.4120001792907715
2009-11-06,4.394000053405762
2009-11-09,4.401000022888184
2009-11-10,4.414999961853027
2009-11-11,4.414000034332275
2009-11-12,4.386000156402588
2009-11-13,4.355999946594238
2009-11-16,4.257999897003174
2009-11-17,4.25
2009-11-18,4.298999786376953
2009-11-19,4.288000106811523
2009-11-20,4.295000076293945
2009-11-23,4.2870001792907715
2009-11-24,4.256999969482422
2009-11-25,4.23799991607666
2009-11-27,4.218999862670898
2009-11-30,4.193999767303467
2009-12-01,4.275000095367432
2009-12-02,4.27400016784668
2009-12-03,4.328999996185303
2009-12-04,4.413000106811523
2009-12-07,4.406000137329102
2009-12-08,4.380000114440918
2009-12-09,4.4079999923706055
2009-12-10,4.492000102996826
2009-12-11,4.497000217437744
2009-12-14,4.474999904632568
2009-12-15,4.5329999923706055
2009-12-16,4.5329999923706055
2009-12-17,4.415999889373779
2009-12-18,4.458000183105469
2009-12-21,4.566999912261963
2009-12-22,4.605000019073486
2009-12-23,4.603000164031982
2009-12-24,4.686999797821045
2009-12-28,4.703999996185303
2009-12-29,4.646999835968018
2009-12-30,4.6020002365112305
2009-12-31,4.640999794006348
2010-01-04,4.659999847412109
2010-01-05,4.5929999351501465
2010-01-06,4.671000003814697
2010-01-07,4.689000129699707
2010-01-08,4.695000171661377
2010-01-11,4.729000091552734
2010-01-12,4.623000144958496
2010-01-13,4.706999778747559
2010-01-14,4.624000072479248
2010-01-15,4.574999809265137
2010-01-19,4.5980000495910645
2010-01-20,4.543000221252441
2010-01-21,4.50600004196167
2010-01-22,4.510000228881836
2010-01-25,4.552999973297119
2010-01-26,4.565999984741211
2010-01-27,4.552999973297119
2010-01-28,4.568999767303467
2010-01-29,4.510000228881836
2010-02-01,4.568999767303467
2010-02-02,4.550000190734863
2010-02-03,4.631999969482422
2010-02-04,4.545000076293945
2010-02-05,4.493000030517578
2010-02-08,4.521999835968018
2010-02-09,4.567999839782715
2010-02-10,4.636000156402588
2010-02-11,4.678999900817871
2010-02-12,4.6570000648498535
2010-02-16,4.638999938964844
2010-02-17,4.714000225067139
2010-02-18,4.751999855041504
2010-02-19,4.702000141143799
2010-02-22,4.730999946594238
2010-02-23,4.631999969482422
2010-02-24,4.633999824523926
2010-02-25,4.581999778747559
2010-02-26,4.5289998054504395
2010-03-01,4.557000160217285
2010-03-02,4.568999767303467
2010-03-03,4.585999965667725
2010-03-04,4.556000232696533
2010-03-05,4.638999938964844
2010-03-08,4.671999931335449
2010-03-09,4.677000045776367
2010-03-10,4.689000129699707
2010-03-11,4.658999919891357
2010-03-12,4.632999897003174
2010-03-15,4.636000156402588
2010-03-16,4.5929999351501465
2010-03-17,4.572000026702881
2010-03-18,4.589000225067139
2010-03-19,4.578999996185303
2010-03-22,4.568999767303467
2010-03-23,4.5980000495910645
2010-03-24,4.7210001945495605
2010-03-25,4.7769999504089355
2010-03-26,4.751999855041504
2010-03-29,4.763000011444092
2010-03-30,4.756999969482422
2010-03-31,4.715000152587891
2010-04-01,4.728000164031982
2010-04-05,4.8429999351501465
2010-04-06,4.843999862670898
2010-04-07,4.74399995803833
2010-04-08,4.761000156402588
2010-04-09,4.745999813079834
2010-04-12,4.697999954223633
2010-04-13,4.669000148773193
2010-04-14,4.7220001220703125
2010-04-15,4.728000164031982
2010-04-16,4.671000003814697
2010-04-19,4.699999809265137
2010-04-20,4.677999973297119
2010-04-21,4.609000205993652
2010-04-22,4.636000156402588
2010-04-23,4.668000221252441
2010-04-26,4.672999858856201
2010-04-27,4.560999870300293
2010-04-28,4.638000011444092
2010-04-29,4.591000080108643
2010-04-30,4.5269999504089355
2010-05-03,4.546000003814697
2010-05-04,4.439000129699707
2010-05-05,4.394000053405762
2010-05-06,4.164999961853027
2010-05-07,4.28000020980835
2010-05-10,4.409999847412109
2010-05-11,4.421999931335449
2010-05-12,4.4730000495910645
2010-05-13,4.460999965667725
2010-05-14,4.315999984741211
2010-05-17,4.34499979019165
2010-05-18,4.254000186920166
2010-05-19,4.236999988555908
2010-05-20,4.135000228881836
2010-05-21,4.065000057220459
2010-05-24,4.104000091552734
2010-05-25,4.050000190734863
2010-05-26,4.114999771118164
2010-05-27,4.238999843597412
2010-05-28,4.214000225067139
2010-06-01,4.202000141143799
2010-06-02,4.23799991607666
2010-06-03,4.288000106811523
2010-06-04,4.11899995803833
2010-06-07,4.124000072479248
2010-06-08,4.09499979019165
2010-06-09,4.11899995803833
2010-06-10,4.241000175476074
2010-06-11,4.135000228881836
2010-06-14,4.201000213623047
2010-06-15,4.230000019073486
2010-06-16,4.199999809265137
2010-06-17,4.122000217437744
2010-06-18,4.14900016784668
2010-06-21,4.164000034332275
2010-06-22,4.098999977111816
2010-06-23,4.059999942779541
2010-06-24,4.0879998207092285
2010-06-25,4.071000099182129
2010-06-28,4.013000011444092
2010-06-29,3.946000099182129
2010-06-30,3.9089999198913574
2010-07-01,3.868000030517578
2010-07-02,3.940999984741211
2010-07-06,3.8919999599456787
2010-07-07,3.9539999961853027
2010-07-08,4.000999927520752
2010-07-09,4.039999961853027
2010-07-12,4.039999961853027
2010-07-13,4.10099983215332
2010-07-14,4.0329999923706055
2010-07-15,3.9679999351501465
2010-07-16,3.9489998817443848
2010-07-19,3.98799991607666
2010-07-20,3.9630000591278076
2010-07-21,3.9010000228881836
2010-07-22,3.947999954223633
2010-07-23,4.019000053405762
2010-07-26,4.01800012588501
2010-07-27,4.079999923706055
2010-07-28,4.067999839782715
2010-07-29,4.079999923706055
2010-07-30,3.9769999980926514
2010-08-02,4.066999912261963
2010-08-03,4.046000003814697
2010-08-04,4.071000099182129
2010-08-05,4.065000057220459
2010-08-06,4.001999855041504
2010-08-09,4.006999969482422
2010-08-10,4.03000020980835
2010-08-11,3.9210000038146973
2010-08-12,3.930999994277954
2010-08-13,3.869999885559082
2010-08-16,3.7200000286102295
2010-08-17,3.7699999809265137
2010-08-18,3.7339999675750732
2010-08-19,3.6570000648498535
2010-08-20,3.6610000133514404
2010-08-23,3.6659998893737793
2010-08-24,3.563999891281128
2010-08-25,3.575000047683716
2010-08-26,3.5309998989105225
2010-08-27,3.697999954223633
2010-08-30,3.6019999980926514
2010-08-31,3.5329999923706055
2010-09-01,3.6619999408721924
2010-09-02,3.7260000705718994
2010-09-03,3.7829999923706055
2010-09-07,3.6689999103546143
2010-09-08,3.7230000495910645
2010-09-09,3.8450000286102295
2010-09-10,3.872999906539917
2010-09-13,3.8420000076293945
2010-09-14,3.7860000133514404
2010-09-15,3.874000072479248
2010-09-16,3.9230000972747803
2010-09-17,3.9110000133514404
2010-09-20,3.865999937057495
2010-09-21,3.7850000858306885
2010-09-22,3.742000102996826
2010-09-23,3.7330000400543213
2010-09-24,3.7929999828338623
2010-09-27,3.6989998817443848
2010-09-28,3.6480000019073486
2010-09-29,3.690999984741211
2010-09-30,3.687000036239624
2010-10-01,3.7209999561309814
2010-10-04,3.7100000381469727
2010-10-05,3.7309999465942383
2010-10-06,3.6649999618530273
2010-10-07,3.7130000591278076
2010-10-08,3.746000051498413
2010-10-12,3.7939999103546143
2010-10-13,3.8269999027252197
2010-10-14,3.8980000019073486
2010-10-15,3.999000072479248
2010-10-18,3.927000045776367
2010-10-19,3.9019999504089355
2010-10-20,3.888000011444092
2010-10-21,3.940000057220459
2010-10-22,3.937000036239624
2010-10-25,3.9070000648498535
2010-10-26,3.99399995803833
2010-10-27,4.040999889373779
2010-10-28,4.053999900817871
2010-10-29,4.0
2010-11-01,4.017000198364258
2010-11-02,3.934000015258789
2010-11-03,4.063000202178955
2010-11-04,4.044000148773193
2010-11-05,4.125999927520752
2010-11-08,4.138000011444092
2010-11-09,4.25
2010-11-10,4.236999988555908
2010-11-11,4.236999988555908
2010-11-12,4.26800012588501
2010-11-15,4.373000144958496
2010-11-16,4.256999969482422
2010-11-17,4.28000020980835
2010-11-18,4.283999919891357
2010-11-19,4.251999855041504
2010-11-22,4.209000110626221
2010-11-23,4.168000221252441
2010-11-24,4.296000003814697
2010-11-26,4.206999778747559
2010-11-29,4.1479997634887695
2010-11-30,4.1020002365112305
2010-12-01,4.236999988555908
2010-12-02,4.265999794006348
2010-12-03,4.311999797821045
2010-12-06,4.25
2010-12-07,4.426000118255615
2010-12-08,4.442999839782715
2010-12-09,4.400000095367432
2010-12-10,4.421999931335449
2010-12-13,4.401000022888184
2010-12-14,4.556000232696533
2010-12-15,4.5980000495910645
2010-12-16,4.581999778747559
2010-12-17,4.408999919891357
2010-12-20,4.461999893188477
2010-12-21,4.431000232696533
2010-12-22,4.446000099182129
2010-12-23,4.474999904632568
2010-12-27,4.421999931335449
2010-12-28,4.548999786376953
2010-12-29,4.408999919891357
2010-12-30,4.429999828338623
2010-12-31,4.361999988555908
2011-01-03,4.3979997634887695
2011-01-04,4.436999797821045
2011-01-05,4.551000118255615
2011-01-06,4.533999919891357
2011-01-07,4.489999771118164
2011-01-10,4.48799991607666
2011-01-11,4.482999801635742
2011-01-12,4.515999794006348
2011-01-13,4.493000030517578
2011-01-14,4.531000137329102
2011-01-18,4.560999870300293
2011-01-19,4.526000022888184
2011-01-20,4.622000217437744
2011-01-21,4.573999881744385
2011-01-24,4.558000087738037
2011-01-25,4.46999979019165
2011-01-26,4.5980000495910645
2011-01-27,4.559000015258789
2011-01-28,4.525000095367432
2011-01-31,4.571000099182129
2011-02-01,4.61299991607666
2011-02-02,4.639999866485596
2011-02-03,4.6620001792907715
2011-02-04,4.736999988555908
2011-02-07,4.710999965667725
2011-02-08,4.763000011444092
2011-02-09,4.695000171661377
2011-02-10,4.7729997634887695
2011-02-11,4.7129998207092285
2011-02-14,4.665999889373779
2011-02-15,4.664999961853027
2011-02-16,4.673999786376953
2011-02-17,4.6620001792907715
2011-02-18,4.697999954223633
2011-02-22,4.605000019073486
2011-02-23,4.5980000495910645
2011-02-24,4.534999847412109
2011-02-25,4.515999794006348
2011-02-28,4.489999771118164
2011-03-01,4.489999771118164
2011-03-02,4.554999828338623
2011-03-03,4.638999938964844
2011-03-04,4.60099983215332
2011-03-07,4.607999801635742
2011-03-08,4.6579999923706055
2011-03-09,4.598999977111816
2011-03-10,4.535999774932861
2011-03-11,4.540999889373779
2011-03-14,4.520999908447266
2011-03-15,4.4679999351501465
2011-03-16,4.388000011444092
2011-03-17,4.426000118255615
2011-03-18,4.428999900817871
2011-03-21,4.445000171661377
2011-03-22,4.440999984741211
2011-03-23,4.447999954223633
2011-03-24,4.46999979019165
2011-03-25,4.50600004196167
2011-03-28,4.49399995803833
2011-03-29,4.545000076293945
2011-03-30,4.5229997634887695
2011-03-31,4.507999897003174
2011-04-01,4.488999843597412
2011-04-04,4.489999771118164
2011-04-05,4.511000156402588
2011-04-06,4.585000038146973
2011-04-07,4.623000144958496
2011-04-08,4.630000114440918
2011-04-11,4.633999824523926
2011-04-12,4.574999809265137
2011-04-13,4.550000190734863
2011-04-14,4.540999889373779
2011-04-15,4.4679999351501465
2011-04-18,4.453999996185303
2011-04-19,4.427000045776367
2011-04-20,4.453999996185303
2011-04-21,4.47599983215332
2011-04-25,4.459000110626221
2011-04-26,4.39900016784668
2011-04-27,4.4629998207092285
2011-04-28,4.423999786376953
2011-04-29,4.406000137329102
2011-05-02,4.39300012588501
2011-05-03,4.359000205993652
2011-05-04,4.328999996185303
2011-05-05,4.281000137329102
2011-05-06,4.295000076293945
2011-05-09,4.301000118255615
2011-05-10,4.334000110626221
2011-05-11,4.296000003814697
2011-05-12,4.3520002365112305
2011-05-13,4.326000213623047
2011-05-16,4.276000022888184
2011-05-17,4.23199987411499
2011-05-18,4.288000106811523
2011-05-19,4.302000045776367
2011-05-20,4.298999786376953
2011-05-23,4.27400016784668
2011-05-24,4.258999824523926
2011-05-25,4.2820000648498535
2011-05-26,4.21999979019165
2011-05-27,4.239999771118164
2011-05-31,4.216000080108643
2011-06-01,4.151000022888184
2011-06-02,4.250999927520752
2011-06-03,4.230999946594238
2011-06-06,4.26200008392334
2011-06-07,4.264999866485596
2011-06-08,4.209000110626221
2011-06-09,4.21999979019165
2011-06-10,4.184000015258789
2011-06-13,4.204999923706055
2011-06-14,4.301000118255615
2011-06-15,4.198999881744385
2011-06-16,4.1570000648498535
2011-06-17,4.203000068664551
2011-06-20,4.203999996185303
2011-06-21,4.218999862670898
2011-06-22,4.215000152587891
2011-06-23,4.1570000648498535
2011-06-24,4.173999786376953
2011-06-27,4.2820000648498535
2011-06-28,4.333000183105469
2011-06-29,4.370999813079834
2011-06-30,4.381999969482422
2011-07-01,4.4019999504089355
2011-07-05,4.389999866485596
2011-07-06,4.354000091552734
2011-07-07,4.369999885559082
2011-07-08,4.2769999504089355
2011-07-11,4.204999923706055
2011-07-12,4.190999984741211
2011-07-13,4.178999900817871
2011-07-14,4.242000102996826
2011-07-15,4.250999927520752
2011-07-18,4.288000106811523
2011-07-19,4.196000099182129
2011-07-20,4.263000011444092
2011-07-21,4.315000057220459
2011-07-22,4.260000228881836
2011-07-25,4.323999881744385
2011-07-26,4.2769999504089355
2011-07-27,4.2789998054504395
2011-07-28,4.256999969482422
2011-07-29,4.131999969482422
2011-08-01,4.071000099182129
2011-08-02,3.9189999103546143
2011-08-03,3.872999906539917
2011-08-04,3.7219998836517334
2011-08-05,3.822999954223633
2011-08-08,3.6630001068115234
2011-08-09,3.572999954223633
2011-08-10,3.5380001068115234
2011-08-11,3.7869999408721924
2011-08-12,3.703000068664551
2011-08-15,3.746999979019165
2011-08-16,3.6489999294281006
2011-08-17,3.566999912261963
2011-08-18,3.441999912261963
2011-08-19,3.390000104904175
2011-08-22,3.4000000953674316
2011-08-23,3.4769999980926514
2011-08-24,3.614000082015991
2011-08-25,3.5920000076293945
2011-08-26,3.5339999198913574
2011-08-29,3.622999906539917
2011-08-30,3.51200008392334
2011-08-31,3.5920000076293945
2011-09-01,3.513000011444092
2011-09-02,3.311000108718872
2011-09-06,3.259000062942505
2011-09-07,3.3540000915527344
2011-09-08,3.309999942779541
2011-09-09,3.246000051498413
2011-09-12,3.240000009536743
2011-09-13,3.321000099182129
2011-09-14,3.305000066757202
2011-09-15,3.3510000705718994
2011-09-16,3.3410000801086426
2011-09-19,3.191999912261963
2011-09-20,3.2109999656677246
2011-09-21,3.0390000343322754
2011-09-22,2.7860000133514404
2011-09-23,2.871000051498413
2011-09-26,3.002000093460083
2011-09-27,3.115999937057495
2011-09-28,3.0920000076293945
2011-09-29,2.996999979019165
2011-09-30,2.9210000038146973
2011-10-03,2.760999917984009
2011-10-04,2.756999969482422
2011-10-05,2.882999897003174
2011-10-06,2.9489998817443848
2011-10-07,3.0160000324249268
2011-10-10,3.0239999294281006
2011-10-11,3.1110000610351562
2011-10-12,3.2139999866485596
2011-10-13,3.13700008392334
2011-10-14,3.2090001106262207
2011-10-17,3.135999917984009
2011-10-18,3.1570000648498535
2011-10-19,3.1689999103546143
2011-10-20,3.2009999752044678
2011-10-21,3.252000093460083
2011-10-24,3.2780001163482666
2011-10-25,3.1440000534057617
2011-10-26,3.2239999771118164
2011-10-27,3.446000099182129
2011-10-28,3.3519999980926514
2011-10-31,3.1989998817443848
2011-11-01,3.01200008392334
2011-11-02,3.0380001068115234
2011-11-03,3.11899995803833
2011-11-04,3.1040000915527344
2011-11-07,3.0350000858306885
2011-11-08,3.125
2011-11-09,3.0160000324249268
2011-11-10,3.1110000610351562
2011-11-11,3.109999895095825
2011-11-14,3.0920000076293945
2011-11-15,3.0969998836517334
2011-11-16,3.055000066757202
2011-11-17,2.9749999046325684
2011-11-18,2.996000051498413
2011-11-21,2.944999933242798
2011-11-22,2.9100000858306885
2011-11-23,2.822999954223633
2011-11-25,2.921999931335449
2011-11-28,2.9110000133514404
2011-11-29,2.9560000896453857
2011-11-30,3.062000036239624
2011-12-01,3.134999990463257
2011-12-02,3.0360000133514404
2011-12-05,3.0420000553131104
2011-12-06,3.1070001125335693
2011-12-07,3.0429999828338623
2011-12-08,2.996999979019165
2011-12-09,3.0999999046325684
2011-12-12,3.0460000038146973
2011-12-13,2.999000072479248
2011-12-14,2.9049999713897705
2011-12-15,2.9260001182556152
2011-12-16,2.8550000190734863
2011-12-19,2.8010001182556152
2011-12-20,2.927000045776367
2011-12-21,3.000999927520752
2011-12-22,2.9809999465942383
2011-12-23,3.063999891281128
2011-12-27,3.0390000343322754
2011-12-28,2.8970000743865967
2011-12-29,2.9070000648498535
2011-12-30,2.8889999389648438
2012-01-03,2.99399995803833
2012-01-04,3.0429999828338623
2012-01-05,3.056999921798706
2012-01-06,3.0160000324249268
2012-01-09,3.0290000438690186
2012-01-10,3.0269999504089355
2012-01-11,2.9590001106262207
2012-01-12,2.9800000190734863
2012-01-13,2.9040000438690186
2012-01-17,2.8910000324249268
2012-01-18,2.9539999961853027
2012-01-19,3.0390000343322754
2012-01-20,3.1010000705718994
2012-01-23,3.1459999084472656
2012-01-24,3.1570000648498535
2012-01-25,3.1489999294281006
2012-01-26,3.0899999141693115
2012-01-27,3.063999891281128
2012-01-30,2.9830000400543213
2012-01-31,2.934000015258789
2012-02-01,3.015000104904175
2012-02-02,3.010999917984009
2012-02-03,3.1510000228881836
2012-02-06,3.0880000591278076
2012-02-07,3.1410000324249268
2012-02-08,3.1410000324249268
2012-02-09,3.188999891281128
2012-02-10,3.121999979019165
2012-02-13,3.1419999599456787
2012-02-14,3.065000057220459
2012-02-15,3.0929999351501465
2012-02-16,3.1489999294281006
2012-02-17,3.1610000133514404
2012-02-21,3.190999984741211
2012-02-22,3.1489999294281006
2012-02-23,3.124000072479248
2012-02-24,3.0980000495910645
2012-02-27,3.0420000553131104
2012-02-28,3.059000015258789
2012-02-29,3.0859999656677246
2012-03-01,3.1570000648498535
2012-03-02,3.114000082015991
2012-03-05,3.1389999389648438
2012-03-06,3.078000068664551
2012-03-07,3.115999937057495
2012-03-08,3.1700000762939453
2012-03-09,3.188999891281128
2012-03-12,3.1700000762939453
2012-03-13,3.246000051498413
2012-03-14,3.4079999923706055
2012-03-15,3.4119999408721924
2012-03-16,3.4110000133514404
2012-03-19,3.4809999465942383
2012-03-20,3.4570000171661377
2012-03-21,3.378999948501587
2012-03-22,3.361999988555908
2012-03-23,3.313999891281128
2012-03-26,3.3299999237060547
2012-03-27,3.299999952316284
2012-03-28,3.303999900817871
2012-03-29,3.2709999084472656
2012-03-30,3.3450000286102295
2012-04-02,3.3380000591278076
2012-04-03,3.4100000858306885
2012-04-04,3.380000114440918
2012-04-05,3.322000026702881
2012-04-09,3.184000015258789
2012-04-10,3.135999917984009
2012-04-11,3.184999942779541
2012-04-12,3.2070000171661377
2012-04-13,3.1480000019073486
2012-04-16,3.114000082015991
2012-04-17,3.1549999713897705
2012-04-18,3.125999927520752
2012-04-19,3.1089999675750732
2012-04-20,3.128000020980835
2012-04-23,3.0840001106262207
2012-04-24,3.114000082015991
2012-04-25,3.1459999084472656
2012-04-26,3.134999990463257
2012-04-27,3.115000009536743
2012-04-30,3.1089999675750732
2012-05-01,3.1610000133514404
2012-05-02,3.114000082015991
2012-05-03,3.111999988555908
2012-05-04,3.071000099182129
2012-05-07,3.066999912261963
2012-05-08,3.0230000019073486
2012-05-09,3.0390000343322754
2012-05-10,3.0510001182556152
2012-05-11,3.015000104904175
2012-05-14,2.9489998817443848
2012-05-15,2.930999994277954
2012-05-16,2.9059998989105225
2012-05-17,2.805000066757202
2012-05-18,2.7890000343322754
2012-05-21,2.7939999103546143
2012-05-22,2.8919999599456787
2012-05-23,2.7939999103546143
2012-05-24,2.8469998836517334
2012-05-25,2.8459999561309814
2012-05-29,2.8420000076293945
2012-05-30,2.7179999351501465
2012-05-31,2.671999931335449
2012-06-01,2.5399999618530273
2012-06-04,2.571000099182129
2012-06-05,2.61899995803833
2012-06-06,2.7200000286102295
2012-06-07,2.756999969482422
2012-06-08,2.765000104904175
2012-06-11,2.7230000495910645
2012-06-12,2.7720000743865967
2012-06-13,2.7109999656677246
2012-06-14,2.7079999446868896
2012-06-15,2.694000005722046
2012-06-18,2.678999900817871
2012-06-19,2.7269999980926514
2012-06-20,2.7239999771118164
2012-06-21,2.687999963760376
2012-06-22,2.75600004196167
2012-06-25,2.681999921798706
2012-06-26,2.697999954223633
2012-06-27,2.693000078201294
2012-06-28,2.6659998893737793
2012-06-29,2.763000011444092
2012-07-02,2.683000087738037
2012-07-03,2.74399995803833
2012-07-05,2.7219998836517334
2012-07-06,2.6640000343322754
2012-07-09,2.619999885559082
2012-07-10,2.5940001010894775
2012-07-11,2.5889999866485596
2012-07-12,2.563999891281128
2012-07-13,2.5840001106262207
2012-07-16,2.5480000972747803
2012-07-17,2.5950000286102295
2012-07-18,2.5799999237060547
2012-07-19,2.614000082015991
2012-07-20,2.5460000038146973
2012-07-23,2.515000104904175
2012-07-24,2.4690001010894775
2012-07-25,2.4670000076293945
2012-07-26,2.490000009536743
2012-07-27,2.6419999599456787
2012-07-30,2.5789999961853027
2012-07-31,2.5769999027252197
2012-08-01,2.614000082015991
2012-08-02,2.546999931335449
2012-08-03,2.6619999408721924
2012-08-06,2.6459999084472656
2012-08-07,2.7190001010894775
2012-08-08,2.740000009536743
2012-08-09,2.75
2012-08-10,2.736999988555908
2012-08-13,2.739000082015991
2012-08-14,2.825000047683716
2012-08-15,2.9140000343322754
2012-08-16,2.9560000896453857
2012-08-17,2.934000015258789
2012-08-20,2.927000045776367
2012-08-21,2.9089999198913574
2012-08-22,2.825000047683716
2012-08-23,2.7799999713897705
2012-08-24,2.7920000553131104
2012-08-27,2.756999969482422
2012-08-28,2.743000030517578
2012-08-29,2.7679998874664307
2012-08-30,2.73799991607666
2012-08-31,2.684000015258789
2012-09-04,2.688999891281128
2012-09-05,2.7049999237060547
2012-09-06,2.7990000247955322
2012-09-07,2.8259999752044678
2012-09-10,2.8420000076293945
2012-09-11,2.8459999561309814
2012-09-12,2.9260001182556152
2012-09-13,2.9670000076293945
2012-09-14,3.0880000591278076
2012-09-17,3.0369999408721924
2012-09-18,3.0139999389648438
2012-09-19,2.9760000705718994
2012-09-20,2.9539999961853027
2012-09-21,2.9560000896453857
2012-09-24,2.9049999713897705
2012-09-25,2.861999988555908
2012-09-26,2.7920000553131104
2012-09-27,2.8239998817443848
2012-09-28,2.8340001106262207
2012-10-01,2.822999954223633
2012-10-02,2.809000015258789
2012-10-03,2.825000047683716
2012-10-04,2.881999969482422
2012-10-05,2.9660000801086426
2012-10-08,2.9739999771118164
2012-10-09,2.937000036239624
2012-10-10,2.8940000534057617
2012-10-11,2.8550000190734863
2012-10-12,2.8350000381469727
2012-10-15,2.8429999351501465
2012-10-16,2.9149999618530273
2012-10-17,2.98799991607666
2012-10-18,3.006999969482422
2012-10-19,2.937000036239624
2012-10-22,2.947000026702881
2012-10-23,2.9159998893737793
2012-10-24,2.933000087738037
2012-10-25,2.9809999465942383
2012-10-26,2.9179999828338623
2012-10-31,2.8510000705718994
2012-11-01,2.8970000743865967
2012-11-02,2.9170000553131104
2012-11-05,2.871000051498413
2012-11-06,2.9159998893737793
2012-11-07,2.821000099182129
2012-11-08,2.7690000534057617
2012-11-09,2.752000093460083
2012-11-12,2.744999885559082
2012-11-13,2.7209999561309814
2012-11-14,2.7279999256134033
2012-11-15,2.7239999771118164
2012-11-16,2.7219998836517334
2012-11-19,2.76200008392334
2012-11-20,2.809000015258789
2012-11-21,2.8299999237060547
2012-11-23,2.8289999961853027
2012-11-26,2.8010001182556152
2012-11-27,2.7909998893737793
2012-11-28,2.7790000438690186
2012-11-29,2.7960000038146973
2012-11-30,2.7939999103546143
2012-12-03,2.805999994277954
2012-12-04,2.7799999713897705
2012-12-05,2.7790000438690186
2012-12-06,2.765000104904175
2012-12-07,2.813999891281128
2012-12-10,2.802999973297119
2012-12-11,2.8369998931884766
2012-12-12,2.8970000743865967
2012-12-13,2.9049999713897705
2012-12-14,2.871000051498413
2012-12-17,2.930999994277954
2012-12-18,3.0139999389648438
2012-12-19,2.9820001125335693
2012-12-20,2.9839999675750732
2012-12-21,2.921999931335449
2012-12-24,2.943000078201294
2012-12-26,2.933000087738037
2012-12-27,2.88100004196167
2012-12-28,2.881999969482422
2012-12-31,2.9519999027252197
2013-01-02,3.0460000038146973
2013-01-03,3.1070001125335693
2013-01-04,3.1110000610351562
2013-01-07,3.0999999046325684
2013-01-08,3.071000099182129
2013-01-09,3.052999973297119
2013-01-10,3.0789999961853027
2013-01-11,3.053999900817871
2013-01-14,3.0439999103546143
2013-01-15,3.0169999599456787
2013-01-16,3.0190000534057617
2013-01-17,3.068000078201294
2013-01-18,3.0309998989105225
2013-01-22,3.0220000743865967
2013-01-23,3.0269999504089355
2013-01-24,3.0390000343322754
2013-01-25,3.132999897003174
2013-01-28,3.1500000953674316
2013-01-29,3.1679999828338623
2013-01-30,3.196000099182129
2013-01-31,3.1700000762939453
2013-02-01,3.2079999446868896
2013-02-04,3.177000045776367
2013-02-05,3.2209999561309814
2013-02-06,3.180999994277954
2013-02-07,3.1630001068115234
2013-02-08,3.1670000553131104
2013-02-11,3.1510000228881836
2013-02-12,3.190999984741211
2013-02-13,3.2239999771118164
2013-02-14,3.180999994277954
2013-02-15,3.178999900817871
2013-02-19,3.2049999237060547
2013-02-20,3.2090001106262207
2013-02-21,3.1659998893737793
2013-02-22,3.1549999713897705
2013-02-25,3.0899999141693115
2013-02-26,3.075000047683716
2013-02-27,3.1029999256134033
2013-02-28,3.0940001010894775
2013-03-01,3.065000057220459
2013-03-04,3.0859999656677246
2013-03-05,3.1040000915527344
2013-03-06,3.1489999294281006
2013-03-07,3.200000047683716
2013-03-08,3.255000114440918
2013-03-11,3.255000114440918
2013-03-12,3.2190001010894775
2013-03-13,3.2160000801086426
2013-03-14,3.242000102996826
2013-03-15,3.2249999046325684
2013-03-18,3.184999942779541
2013-03-19,3.134999990463257
2013-03-20,3.171999931335449
2013-03-21,3.1549999713897705
2013-03-22,3.134999990463257
2013-03-25,3.1389999389648438
2013-03-26,3.13100004196167
2013-03-27,3.0920000076293945
2013-03-28,3.1040000915527344
2013-04-01,3.0850000381469727
2013-04-02,3.1019999980926514
2013-04-03,3.055000066757202
2013-04-04,2.986999988555908
2013-04-05,2.86299991607666
2013-04-08,2.9030001163482666
2013-04-09,2.931999921798706
2013-04-10,3.005000114440918
2013-04-11,2.997999906539917
2013-04-12,2.9179999828338623
2013-04-15,2.881999969482422
2013-04-16,2.9030001163482666
2013-04-17,2.885999917984009
2013-04-18,2.864000082015991
2013-04-19,2.881999969482422
2013-04-22,2.880000114440918
2013-04-23,2.888000011444092
2013-04-24,2.8889999389648438
2013-04-25,2.9079999923706055
2013-04-26,2.859999895095825
2013-04-29,2.871999979019165
2013-04-30,2.884000062942505
2013-05-01,2.8399999141693115
2013-05-02,2.828000068664551
2013-05-03,2.9660000801086426
2013-05-06,2.9860000610351562
2013-05-07,3.002000093460083
2013-05-08,2.9779999256134033
2013-05-09,2.996999979019165
2013-05-10,3.1040000915527344
2013-05-13,3.128999948501587
2013-05-14,3.1630001068115234
2013-05-15,3.1589999198913574
2013-05-16,3.0859999656677246
2013-05-17,3.1649999618530273
2013-05-20,3.1740000247955322
2013-05-21,3.1489999294281006
2013-05-22,3.2090001106262207
2013-05-23,3.197000026702881
2013-05-24,3.174999952316284
2013-05-28,3.2899999618530273
2013-05-29,3.2720000743865967
2013-05-30,3.2869999408721924
2013-05-31,3.308000087738037
2013-06-03,3.2760000228881836
2013-06-04,3.296999931335449
2013-06-05,3.259999990463257
2013-06-06,3.2320001125335693
2013-06-07,3.3239998817443848
2013-06-10,3.369999885559082
2013-06-11,3.3340001106262207
2013-06-12,3.375
2013-06-13,3.3259999752044678
2013-06-14,3.296999931335449
2013-06-17,3.3480000495910645
2013-06-18,3.3420000076293945
2013-06-19,3.4140000343322754
2013-06-20,3.5139999389648438
2013-06-21,3.566999912261963
2013-06-24,3.559000015258789
2013-06-25,3.611999988555908
2013-06-26,3.5739998817443848
2013-06-27,3.546999931335449
2013-06-28,3.497999906539917
2013-07-01,3.489000082015991
2013-07-02,3.4690001010894775
2013-07-03,3.496999979019165
2013-07-05,3.677000045776367
2013-07-08,3.6429998874664307
2013-07-09,3.6540000438690186
2013-07-10,3.687999963760376
2013-07-11,3.625
2013-07-12,3.6489999294281006
2013-07-15,3.6110000610351562
2013-07-16,3.5840001106262207
2013-07-17,3.572000026702881
2013-07-18,3.630000114440918
2013-07-19,3.572000026702881
2013-07-22,3.555000066757202
2013-07-23,3.5920000076293945
2013-07-24,3.6530001163482666
2013-07-25,3.6649999618530273
2013-07-26,3.618000030517578
2013-07-29,3.6559998989105225
2013-07-30,3.671999931335449
2013-07-31,3.6459999084472656
2013-08-01,3.7739999294281006
2013-08-02,3.687999963760376
2013-08-05,3.7300000190734863
2013-08-06,3.7320001125335693
2013-08-07,3.686000108718872
2013-08-08,3.671999931335449
2013-08-09,3.6389999389648438
2013-08-12,3.6659998893737793
2013-08-13,3.75600004196167
2013-08-14,3.752000093460083
2013-08-15,3.7920000553131104
2013-08-16,3.8570001125335693
2013-08-19,3.9019999504089355
2013-08-20,3.8529999256134033
2013-08-21,3.881999969482422
2013-08-22,3.884999990463257
2013-08-23,3.7980000972747803
2013-08-26,3.7839999198913574
2013-08-27,3.703000068664551
2013-08-28,3.753999948501587
2013-08-29,3.703000068664551
2013-08-30,3.6760001182556152
2013-09-03,3.7760000228881836
2013-09-04,3.7990000247955322
2013-09-05,3.878000020980835
2013-09-06,3.872999906539917
2013-09-09,3.8399999141693115
2013-09-10,3.8889999389648438
2013-09-11,3.859999895095825
2013-09-12,3.8450000286102295
2013-09-13,3.8469998836517334
2013-09-16,3.871000051498413
2013-09-17,3.8399999141693115
2013-09-18,3.755000114440918
2013-09-19,3.805000066757202
2013-09-20,3.759999990463257
2013-09-23,3.742000102996826
2013-09-24,3.671999931335449
2013-09-25,3.6480000019073486
2013-09-26,3.690000057220459
2013-09-27,3.680999994277954
2013-09-30,3.686000108718872
2013-10-01,3.7209999561309814
2013-10-02,3.7100000381469727
2013-10-03,3.7070000171661377
2013-10-04,3.7320001125335693
2013-10-07,3.7019999027252197
2013-10-08,3.694999933242798
2013-10-09,3.7239999771118164
2013-10-10,3.742000102996826
2013-10-11,3.734999895095825
2013-10-14,3.744999885559082
2013-10-15,3.7769999504089355
2013-10-16,3.7239999771118164
2013-10-17,3.6570000648498535
2013-10-18,3.6540000438690186
2013-10-21,3.680999994277954
2013-10-22,3.6089999675750732
2013-10-23,3.5820000171661377
2013-10-24,3.61299991607666
2013-10-25,3.5929999351501465
2013-10-28,3.6019999980926514
2013-10-29,3.621999979019165
2013-10-30,3.631999969482422
2013-10-31,3.63100004196167
2013-11-01,3.696000099182129
2013-11-04,3.690999984741211
2013-11-05,3.757999897003174
2013-11-06,3.7690000534057617
2013-11-07,3.7260000705718994
2013-11-08,3.8420000076293945
2013-11-11,3.8480000495910645
2013-11-12,3.8550000190734863
2013-11-13,3.8289999961853027
2013-11-14,3.799999952316284
2013-11-15,3.8010001182556152
2013-11-18,3.7660000324249268
2013-11-19,3.803999900817871
2013-11-20,3.9049999713897705
2013-11-21,3.882999897003174
2013-11-22,3.8380000591278076
2013-11-25,3.8359999656677246
2013-11-26,3.7850000858306885
2013-11-27,3.812000036239624
2013-11-29,3.808000087738037
2013-12-02,3.859999895095825
2013-12-03,3.8369998931884766
2013-12-04,3.9049999713897705
2013-12-05,3.9140000343322754
2013-12-06,3.9170000553131104
2013-12-09,3.8889999389648438
2013-12-10,3.8289999961853027
2013-12-11,3.880000114440918
2013-12-12,3.8970000743865967
2013-12-13,3.872999906539917
2013-12-16,3.8949999809265137
2013-12-17,3.871999979019165
2013-12-18,3.9130001068115234
2013-12-19,3.9010000228881836
2013-12-20,3.8239998817443848
2013-12-23,3.8440001010894775
2013-12-24,3.9010000228881836
2013-12-26,3.9210000038146973
2013-12-27,3.943000078201294
2013-12-30,3.9070000648498535
2013-12-31,3.9639999866485596
2014-01-02,3.9189999103546143
2014-01-03,3.930000066757202
2014-01-06,3.8980000019073486
2014-01-07,3.88100004196167
2014-01-08,3.9030001163482666
2014-01-09,3.872999906539917
2014-01-10,3.7960000038146973
2014-01-13,3.7669999599456787
2014-01-14,3.799999952316284
2014-01-15,3.805999994277954
2014-01-16,3.7730000019073486
2014-01-17,3.756999969482422
2014-01-21,3.739000082015991
2014-01-22,3.759000062942505
2014-01-23,3.680999994277954
2014-01-24,3.6510000228881836
2014-01-27,3.680000066757202
2014-01-28,3.671999931335449
2014-01-29,3.621999979019165
2014-01-30,3.634999990463257
2014-01-31,3.621999979019165
2014-02-03,3.5399999618530273
2014-02-04,3.5929999351501465
2014-02-05,3.6530001163482666
2014-02-06,3.674999952316284
2014-02-07,3.6649999618530273
2014-02-10,3.6630001068115234
2014-02-11,3.684999942779541
2014-02-12,3.7230000495910645
2014-02-13,3.686000108718872
2014-02-14,3.700000047683716
2014-02-18,3.680000066757202
2014-02-19,3.7070000171661377
2014-02-20,3.7260000705718994
2014-02-21,3.696000099182129
2014-02-24,3.7109999656677246
2014-02-25,3.6610000133514404
2014-02-26,3.634999990463257
2014-02-27,3.5959999561309814
2014-02-28,3.5920000076293945
2014-03-03,3.556999921798706
2014-03-04,3.638000011444092
2014-03-05,3.6440000534057617
2014-03-06,3.687000036239624
2014-03-07,3.7219998836517334
2014-03-10,3.7279999256134033
2014-03-11,3.7090001106262207
2014-03-12,3.6670000553131104
2014-03-13,3.6010000705718994
2014-03-14,3.5869998931884766
2014-03-17,3.630000114440918
2014-03-18,3.627000093460083
2014-03-19,3.6700000762939453
2014-03-20,3.6600000858306885
2014-03-21,3.6089999675750732
2014-03-24,3.572000026702881
2014-03-25,3.5789999961853027
2014-03-26,3.5510001182556152
2014-03-27,3.509999990463257
2014-03-28,3.5439999103546143
2014-03-31,3.561000108718872
2014-04-01,3.6040000915527344
2014-04-02,3.6489999294281006
2014-04-03,3.625
2014-04-04,3.5850000381469727
2014-04-07,3.558000087738037
2014-04-08,3.5399999618530273
2014-04-09,3.565000057220459
2014-04-10,3.503000020980835
2014-04-11,3.4769999980926514
2014-04-14,3.4839999675750732
2014-04-15,3.4600000381469727
2014-04-16,3.4539999961853027
2014-04-17,3.5169999599456787
2014-04-21,3.5250000953674316
2014-04-22,3.503000020980835
2014-04-23,3.4690001010894775
2014-04-24,3.4639999866485596
2014-04-25,3.438999891281128
2014-04-28,3.4590001106262207
2014-04-29,3.490999937057495
2014-04-30,3.4579999446868896
2014-05-01,3.4049999713897705
2014-05-02,3.367000102996826
2014-05-05,3.4079999923706055
2014-05-06,3.38100004196167
2014-05-07,3.4030001163482666
2014-05-08,3.4149999618530273
2014-05-09,3.4670000076293945
2014-05-12,3.492000102996826
2014-05-13,3.4539999961853027
2014-05-14,3.375
2014-05-15,3.3369998931884766
2014-05-16,3.3469998836517334
2014-05-19,3.382999897003174
2014-05-20,3.375
2014-05-21,3.4179999828338623
2014-05-22,3.428999900817871
2014-05-23,3.3980000019073486
2014-05-27,3.367000102996826
2014-05-28,3.2880001068115234
2014-05-29,3.303999900817871
2014-05-30,3.313999891281128
2014-06-02,3.377000093460083
2014-06-03,3.434999942779541
2014-06-04,3.444000005722046
2014-06-05,3.431999921798706
2014-06-06,3.437000036239624
2014-06-09,3.4509999752044678
2014-06-10,3.4660000801086426
2014-06-11,3.4690001010894775
2014-06-12,3.4100000858306885
2014-06-13,3.4119999408721924
2014-06-16,3.3970000743865967
2014-06-17,3.446000099182129
2014-06-18,3.4179999828338623
2014-06-19,3.4590001106262207
2014-06-20,3.4519999027252197
2014-06-23,3.4489998817443848
2014-06-24,3.4059998989105225
2014-06-25,3.38100004196167
2014-06-26,3.3440001010894775
2014-06-27,3.365000009536743
2014-06-30,3.3380000591278076
2014-07-01,3.3949999809265137
2014-07-02,3.4660000801086426
2014-07-03,3.4830000400543213
2014-07-07,3.440000057220459
2014-07-08,3.380000114440918
2014-07-09,3.359999895095825
2014-07-10,3.364000082015991
2014-07-11,3.3429999351501465
2014-07-14,3.368000030517578
2014-07-15,3.365999937057495
2014-07-16,3.3480000495910645
2014-07-17,3.2899999618530273
2014-07-18,3.2920000553131104
2014-07-21,3.2639999389648438
2014-07-22,3.252000093460083
2014-07-23,3.257999897003174
2014-07-24,3.299999952316284
2014-07-25,3.24399995803833
2014-07-28,3.26200008392334
2014-07-29,3.2219998836517334
2014-07-30,3.309999942779541
2014-07-31,3.311000108718872
2014-08-01,3.296999931335449
2014-08-04,3.2950000762939453
2014-08-05,3.2790000438690186
2014-08-06,3.2769999504089355
2014-08-07,3.2339999675750732
2014-08-08,3.2260000705718994
2014-08-11,3.2320001125335693
2014-08-12,3.2660000324249268
2014-08-13,3.240999937057495
2014-08-14,3.191999912261963
2014-08-15,3.134999990463257
2014-08-18,3.194000005722046
2014-08-19,3.2209999561309814
2014-08-20,3.2200000286102295
2014-08-21,3.191999912261963
2014-08-22,3.1570000648498535
2014-08-25,3.134999990463257
2014-08-26,3.1519999504089355
2014-08-27,3.1089999675750732
2014-08-28,3.072000026702881
2014-08-29,3.0799999237060547
2014-09-02,3.1740000247955322
2014-09-03,3.1559998989105225
2014-09-04,3.2049999237060547
2014-09-05,3.236999988555908
2014-09-08,3.2230000495910645
2014-09-09,3.2330000400543213
2014-09-10,3.2690000534057617
2014-09-11,3.253999948501587
2014-09-12,3.3510000705718994
2014-09-15,3.3410000801086426
2014-09-16,3.3540000915527344
2014-09-17,3.364000082015991
2014-09-18,3.3589999675750732
2014-09-19,3.2990000247955322
2014-09-22,3.2890000343322754
2014-09-23,3.252000093460083
2014-09-24,3.2829999923706055
2014-09-25,3.2200000286102295
2014-09-26,3.2160000801086426
2014-09-29,3.180000066757202
2014-09-30,3.2119998931884766
2014-10-01,3.11299991607666
2014-10-02,3.1530001163482666
2014-10-03,3.134000062942505
2014-10-06,3.128000020980835
2014-10-07,3.055999994277954
2014-10-08,3.062000036239624
2014-10-09,3.062000036239624
2014-10-10,3.0350000858306885
2014-10-13,3.0139999389648438
2014-10-14,2.9570000171661377
2014-10-15,2.875999927520752
2014-10-16,2.936000108718872
2014-10-17,2.9679999351501465
2014-10-20,2.9590001106262207
2014-10-21,2.9839999675750732
2014-10-22,3.0
2014-10-23,3.0460000038146973
2014-10-24,3.049999952316284
2014-10-27,3.0339999198913574
2014-10-28,3.056999921798706
2014-10-29,3.0480000972747803
2014-10-30,3.0360000133514404
2014-10-31,3.059999942779541
2014-11-03,3.065999984741211
2014-11-04,3.052999973297119
2014-11-05,3.065000057220459
2014-11-06,3.0929999351501465
2014-11-07,3.0460000038146973
2014-11-10,3.0880000591278076
2014-11-11,3.0920000076293945
2014-11-12,3.0799999237060547
2014-11-13,3.0759999752044678
2014-11-14,3.0420000553131104
2014-11-17,3.059000015258789
2014-11-18,3.0429999828338623
2014-11-19,3.066999912261963
2014-11-20,3.052999973297119
2014-11-21,3.0209999084472656
2014-11-24,3.0190000534057617
2014-11-25,2.9660000801086426
2014-11-26,2.940000057220459
2014-11-28,2.9100000858306885
2014-12-01,2.946000099182129
2014-12-02,3.003999948501587
2014-12-03,2.993000030517578
2014-12-04,2.9579999446868896
2014-12-05,2.9639999866485596
2014-12-08,2.9010000228881836
2014-12-09,2.875
2014-12-10,2.8350000381469727
2014-12-11,2.825000047683716
2014-12-12,2.75600004196167
2014-12-15,2.744999885559082
2014-12-16,2.7019999027252197
2014-12-17,2.752000093460083
2014-12-18,2.812000036239624
2014-12-19,2.7739999294281006
2014-12-22,2.75
2014-12-23,2.8519999980926514
2014-12-24,2.8340001106262207
2014-12-26,2.813999891281128
2014-12-29,2.7760000228881836
2014-12-30,2.757999897003174
2014-12-31,2.749000072479248
2015-01-02,2.697000026702881
2015-01-05,2.6050000190734863
2015-01-06,2.5230000019073486
2015-01-07,2.515000104904175
2015-01-08,2.5929999351501465
2015-01-09,2.555999994277954
2015-01-12,2.492000102996826
2015-01-13,2.4820001125335693
2015-01-14,2.4509999752044678
2015-01-15,2.4110000133514404
2015-01-16,2.434999942779541
2015-01-20,2.3980000019073486
2015-01-21,2.440000057220459
2015-01-22,2.4690001010894775
2015-01-23,2.3940000534057617
2015-01-26,2.3980000019073486
2015-01-27,2.4019999504089355
2015-01-28,2.2939999103546143
2015-01-29,2.319000005722046
2015-01-30,2.250999927520752
2015-02-02,2.252000093460083
2015-02-03,2.371999979019165
2015-02-04,2.3889999389648438
2015-02-05,2.421999931335449
2015-02-06,2.5190000534057617
2015-02-09,2.5209999084472656
2015-02-10,2.571000099182129
2015-02-11,2.563999891281128
2015-02-12,2.571000099182129
2015-02-13,2.625999927520752
2015-02-17,2.73799991607666
2015-02-18,2.694999933242798
2015-02-19,2.7320001125335693
2015-02-20,2.734999895095825
2015-02-23,2.6519999504089355
2015-02-24,2.5980000495910645
2015-02-25,2.571000099182129
2015-02-26,2.6089999675750732
2015-02-27,2.5999999046325684
2015-03-02,2.684999942779541
2015-03-03,2.7130000591278076
2015-03-04,2.7190001010894775
2015-03-05,2.7160000801086426
2015-03-06,2.8389999866485596
2015-03-09,2.7990000247955322
2015-03-10,2.7190001010894775
2015-03-11,2.683000087738037
2015-03-12,2.677999973297119
2015-03-13,2.694999933242798
2015-03-16,2.677000045776367
2015-03-17,2.615999937057495
2015-03-18,2.5369999408721924
2015-03-19,2.5390000343322754
2015-03-20,2.503999948501587
2015-03-23,2.509000062942505
2015-03-24,2.4660000801086426
2015-03-25,2.500999927520752
2015-03-26,2.5999999046325684
2015-03-27,2.5269999504089355
2015-03-30,2.555999994277954
2015-03-31,2.5439999103546143
2015-04-01,2.4749999046325684
2015-04-02,2.5239999294281006
2015-04-06,2.565999984741211
2015-04-07,2.5299999713897705
2015-04-08,2.5199999809265137
2015-04-09,2.5950000286102295
2015-04-10,2.5829999446868896
2015-04-13,2.5810000896453857
2015-04-14,2.546999931335449
2015-04-15,2.555999994277954
2015-04-16,2.555999994277954
2015-04-17,2.505000114440918
2015-04-20,2.571000099182129
2015-04-21,2.5880000591278076
2015-04-22,2.6540000438690186
2015-04-23,2.634999990463257
2015-04-24,2.617000102996826
2015-04-27,2.611999988555908
2015-04-28,2.6689999103546143
2015-04-29,2.742000102996826
2015-04-30,2.753000020980835
2015-05-01,2.8269999027252197
2015-05-04,2.86899995803833
2015-05-05,2.9059998989105225
2015-05-06,2.9860000610351562
2015-05-07,2.9089999198913574
2015-05-08,2.9000000953674316
2015-05-11,3.0369999408721924
2015-05-12,3.0199999809265137
2015-05-13,3.071000099182129
2015-05-14,3.063999891281128
2015-05-15,2.9230000972747803
2015-05-18,3.0190000534057617
2015-05-19,3.0380001068115234
2015-05-20,3.052999973297119
2015-05-21,2.9779999256134033
2015-05-22,2.9860000610351562
2015-05-26,2.8919999599456787
2015-05-27,2.875
2015-05-28,2.884999990463257
2015-05-29,2.8469998836517334
2015-06-01,2.9509999752044678
2015-06-02,3.0209999084472656
2015-06-03,3.1070001125335693
2015-06-04,3.0339999198913574
2015-06-05,3.1110000610351562
2015-06-08,3.1040000915527344
2015-06-09,3.1510000228881836
2015-06-10,3.2090001106262207
2015-06-11,3.1050000190734863
2015-06-12,3.0989999771118164
2015-06-15,3.0899999141693115
2015-06-16,3.052999973297119
2015-06-17,3.072000026702881
2015-06-18,3.1410000324249268
2015-06-19,3.055999994277954
2015-06-22,3.1530001163482666
2015-06-23,3.200000047683716
2015-06-24,3.1459999084472656
2015-06-25,3.1559998989105225
2015-06-26,3.25
2015-06-29,3.0989999771118164
2015-06-30,3.1040000915527344
2015-07-01,3.194999933242798
2015-07-02,3.191999912261963
2015-07-06,3.071000099182129
2015-07-07,3.015000104904175
2015-07-08,2.9860000610351562
2015-07-09,3.0989999771118164
2015-07-10,3.2090001106262207
2015-07-13,3.2070000171661377
2015-07-14,3.190000057220459
2015-07-15,3.134000062942505
2015-07-16,3.115000009536743
2015-07-17,3.0829999446868896
2015-07-20,3.1059999465942383
2015-07-21,3.0799999237060547
2015-07-22,3.0369999408721924
2015-07-23,2.9779999256134033
2015-07-24,2.9700000286102295
2015-07-27,2.944999933242798
2015-07-28,2.9630000591278076
2015-07-29,2.98799991607666
2015-07-30,2.9539999961853027
2015-07-31,2.927000045776367
2015-08-03,2.8610000610351562
2015-08-04,2.88700008392334
2015-08-05,2.943000078201294
2015-08-06,2.9070000648498535
2015-08-07,2.828000068664551
2015-08-10,2.9030001163482666
2015-08-11,2.805000066757202
2015-08-12,2.819000005722046
2015-08-13,2.8570001125335693
2015-08-14,2.8410000801086426
2015-08-17,2.8010001182556152
2015-08-18,2.86299991607666
2015-08-19,2.819000005722046
2015-08-20,2.753999948501587
2015-08-21,2.746999979019165
2015-08-24,2.7179999351501465
2015-08-25,2.8540000915527344
2015-08-26,2.931999921798706
2015-08-27,2.9019999504089355
2015-08-28,2.9089999198913574
2015-08-31,2.930999994277954
2015-09-01,2.931999921798706
2015-09-02,2.9649999141693115
2015-09-03,2.947999954223633
2015-09-04,2.890000104904175
2015-09-08,2.9700000286102295
2015-09-09,2.943000078201294
2015-09-10,2.98799991607666
2015-09-11,2.943000078201294
2015-09-14,2.947000026702881
2015-09-15,3.062000036239624
2015-09-16,3.0920000076293945
2015-09-17,3.0339999198913574
2015-09-18,2.928999900817871
2015-09-21,3.0350000858306885
2015-09-22,2.931999921798706
2015-09-23,2.940999984741211
2015-09-24,2.9019999504089355
2015-09-25,2.9600000381469727
2015-09-28,2.869999885559082
2015-09-29,2.8550000190734863
2015-09-30,2.880000114440918
2015-10-01,2.8519999980926514
2015-10-02,2.8259999752044678
2015-10-05,2.8980000019073486
2015-10-06,2.872999906539917
2015-10-07,2.885999917984009
2015-10-08,2.946000099182129
2015-10-09,2.927000045776367
2015-10-12,2.9210000038146973
2015-10-13,2.8970000743865967
2015-10-14,2.8389999866485596
2015-10-15,2.872999906539917
2015-10-16,2.864000082015991
2015-10-19,2.884000062942505
2015-10-20,2.9230000972747803
2015-10-21,2.871000051498413
2015-10-22,2.859999895095825
2015-10-23,2.8959999084472656
2015-10-26,2.867000102996826
2015-10-27,2.8510000705718994
2015-10-28,2.86299991607666
2015-10-29,2.9649999141693115
2015-10-30,2.933000087738037
2015-11-02,2.9570000171661377
2015-11-03,3.000999927520752
2015-11-04,2.99399995803833
2015-11-05,3.013000011444092
2015-11-06,3.0889999866485596
2015-11-09,3.1059999465942383
2015-11-10,3.0940001010894775
2015-11-11,3.109999895095825
2015-11-12,3.0920000076293945
2015-11-13,3.058000087738037
2015-11-16,3.072000026702881
2015-11-17,3.046999931335449
2015-11-18,3.0409998893737793
2015-11-19,3.003000020980835
2015-11-20,3.0179998874664307
2015-11-23,3.006999969482422
2015-11-24,3.00600004196167
2015-11-25,2.994999885559082
2015-11-27,3.000999927520752
2015-11-30,2.990000009536743
2015-12-01,2.9179999828338623
2015-12-02,2.9070000648498535
2015-12-03,3.075000047683716
2015-12-04,3.009999990463257
2015-12-07,2.9509999752044678
2015-12-08,2.9749999046325684
2015-12-09,2.9590001106262207
2015-12-10,2.9749999046325684
2015-12-11,2.878999948501587
2015-12-14,2.9619998931884766
2015-12-15,2.993000030517578
2015-12-16,3.003000020980835
2015-12-17,2.936000108718872
2015-12-18,2.9100000858306885
2015-12-21,2.9260001182556152
2015-12-22,2.9639999866485596
2015-12-23,2.997999906539917
2015-12-24,2.9639999866485596
2015-12-28,2.940000057220459
2015-12-29,3.0409998893737793
2015-12-30,3.0420000553131104
2015-12-31,3.015000104904175
2016-01-04,2.990000009536743
2016-01-05,3.010999917984009
2016-01-06,2.940000057220459
2016-01-07,2.9260001182556152
2016-01-08,2.9200000762939453
2016-01-11,2.9560000896453857
2016-01-12,2.881999969482422
2016-01-13,2.8480000495910645
2016-01-14,2.8919999599456787
2016-01-15,2.812999963760376
2016-01-19,2.803999900817871
2016-01-20,2.756999969482422
2016-01-21,2.796999931335449
2016-01-22,2.819999933242798
2016-01-25,2.802000045776367
2016-01-26,2.7809998989105225
2016-01-27,2.7899999618530273
2016-01-28,2.7909998893737793
2016-01-29,2.757999897003174
2016-02-01,2.7809998989105225
2016-02-02,2.678999900817871
2016-02-03,2.7049999237060547
2016-02-04,2.700000047683716
2016-02-05,2.681999921798706
2016-02-08,2.559999942779541
2016-02-09,2.555000066757202
2016-02-10,2.5290000438690186
2016-02-11,2.503999948501587
2016-02-12,2.6050000190734863
2016-02-16,2.6419999599456787
2016-02-17,2.686000108718872
2016-02-18,2.631999969482422
2016-02-19,2.6050000190734863
2016-02-22,2.61899995803833
2016-02-23,2.5969998836517334
2016-02-24,2.5969998836517334
2016-02-25,2.5739998817443848
2016-02-26,2.635999917984009
2016-02-29,2.615000009536743
2016-03-01,2.703000068664551
2016-03-02,2.691999912261963
2016-03-03,2.6600000858306885
2016-03-04,2.703000068664551
2016-03-07,2.7019999027252197
2016-03-08,2.635999917984009
2016-03-09,2.683000087738037
2016-03-10,2.6989998817443848
2016-03-11,2.747999906539917
2016-03-14,2.7309999465942383
2016-03-15,2.7219998836517334
2016-03-16,2.7360000610351562
2016-03-17,2.694000005722046
2016-03-18,2.6730000972747803
2016-03-21,2.7300000190734863
2016-03-22,2.7190001010894775
2016-03-23,2.6489999294281006
2016-03-24,2.671999931335449
2016-03-28,2.6440000534057617
2016-03-29,2.6110000610351562
2016-03-30,2.6570000648498535
2016-03-31,2.619999885559082
2016-04-01,2.619999885559082
2016-04-04,2.6110000610351562
2016-04-05,2.5490000247955322
2016-04-06,2.5829999446868896
2016-04-07,2.5160000324249268
2016-04-08,2.555999994277954
2016-04-11,2.562000036239624
2016-04-12,2.6070001125335693
2016-04-13,2.5769999027252197
2016-04-14,2.5959999561309814
2016-04-15,2.562000036239624
2016-04-18,2.5859999656677246
2016-04-19,2.5950000286102295
2016-04-20,2.6600000858306885
2016-04-21,2.690999984741211
2016-04-22,2.7039999961853027
2016-04-25,2.7239999771118164
2016-04-26,2.75600004196167
2016-04-27,2.697999954223633
2016-04-28,2.694000005722046
2016-04-29,2.6659998893737793
2016-05-02,2.7179999351501465
2016-05-03,2.6600000858306885
2016-05-04,2.6410000324249268
2016-05-05,2.6059999465942383
2016-05-06,2.628000020980835
2016-05-09,2.621000051498413
2016-05-10,2.615000009536743
2016-05-11,2.5820000171661377
2016-05-12,2.611999988555908
2016-05-13,2.552999973297119
2016-05-16,2.5969998836517334
2016-05-17,2.5869998931884766
2016-05-18,2.684000015258789
2016-05-19,2.634999990463257
2016-05-20,2.6389999389648438
2016-05-23,2.63100004196167
2016-05-24,2.6429998874664307
2016-05-25,2.6700000762939453
2016-05-26,2.628999948501587
2016-05-27,2.6500000953674316
2016-05-31,2.628999948501587
2016-06-01,2.627000093460083
2016-06-02,2.5850000381469727
2016-06-03,2.5169999599456787
2016-06-06,2.5450000762939453
2016-06-07,2.5339999198913574
2016-06-08,2.513000011444092
2016-06-09,2.4809999465942383
2016-06-10,2.447000026702881
2016-06-13,2.434000015258789
2016-06-14,2.424999952316284
2016-06-15,2.4230000972747803
2016-06-16,2.382999897003174
2016-06-17,2.431999921798706
2016-06-20,2.4730000495910645
2016-06-21,2.496999979019165
2016-06-22,2.494999885559082
2016-06-23,2.555999994277954
2016-06-24,2.430000066757202
2016-06-27,2.2790000438690186
2016-06-28,2.2750000953674316
2016-06-29,2.2799999713897705
2016-06-30,2.306999921798706
2016-07-01,2.240999937057495
2016-07-05,2.138000011444092
2016-07-06,2.1519999504089355
2016-07-07,2.140000104904175
2016-07-08,2.109999895095825
2016-07-11,2.1500000953674316
2016-07-12,2.2309999465942383
2016-07-13,2.177000045776367
2016-07-14,2.246999979019165
2016-07-15,2.302000045776367
2016-07-18,2.302000045776367
2016-07-19,2.2739999294281006
2016-07-20,2.296999931335449
2016-07-21,2.3010001182556152
2016-07-22,2.2909998893737793
2016-07-25,2.2869999408721924
2016-07-26,2.2799999713897705
2016-07-27,2.2279999256134033
2016-07-28,2.2290000915527344
2016-07-29,2.181999921798706
2016-08-01,2.2339999675750732
2016-08-02,2.2869999408721924
2016-08-03,2.2929999828338623
2016-08-04,2.255000114440918
2016-08-05,2.309999942779541
2016-08-08,2.2990000247955322
2016-08-09,2.256999969482422
2016-08-10,2.2269999980926514
2016-08-11,2.2850000858306885
2016-08-12,2.234999895095825
2016-08-15,2.2760000228881836
2016-08-16,2.2980000972747803
2016-08-17,2.2730000019073486
2016-08-18,2.259000062942505
2016-08-19,2.2850000858306885
2016-08-22,2.2360000610351562
2016-08-23,2.2360000610351562
2016-08-24,2.243000030517578
2016-08-25,2.2639999389648438
2016-08-26,2.2960000038146973
2016-08-29,2.2160000801086426
2016-08-30,2.2339999675750732
2016-08-31,2.2309999465942383
2016-09-01,2.2300000190734863
2016-09-02,2.2709999084472656
2016-09-06,2.240000009536743
2016-09-07,2.236999988555908
2016-09-08,2.322999954223633
2016-09-09,2.390000104904175
2016-09-12,2.3949999809265137
2016-09-13,2.4709999561309814
2016-09-14,2.444000005722046
2016-09-15,2.4730000495910645
2016-09-16,2.4509999752044678
2016-09-19,2.444000005722046
2016-09-20,2.428999900817871
2016-09-21,2.3980000019073486
2016-09-22,2.3540000915527344
2016-09-23,2.3399999141693115
2016-09-26,2.3259999752044678
2016-09-27,2.2790000438690186
2016-09-28,2.2880001068115234
2016-09-29,2.2750000953674316
2016-09-30,2.3359999656677246
2016-10-03,2.3350000381469727
2016-10-04,2.4059998989105225
2016-10-05,2.436000108718872
2016-10-06,2.4600000381469727
2016-10-07,2.4679999351501465
2016-10-10,2.4549999237060547
2016-10-11,2.493000030517578
2016-10-12,2.507999897003174
2016-10-13,2.4739999771118164
2016-10-14,2.555000066757202
2016-10-17,2.5230000019073486
2016-10-18,2.51200008392334
2016-10-19,2.5160000324249268
2016-10-20,2.499000072479248
2016-10-21,2.492000102996826
2016-10-24,2.5160000324249268
2016-10-25,2.500999927520752
2016-10-26,2.5360000133514404
2016-10-27,2.6010000705718994
2016-10-28,2.615999937057495
2016-10-31,2.5889999866485596
2016-11-01,2.571000099182129
2016-11-02,2.562999963760376
2016-11-03,2.5999999046325684
2016-11-04,2.571000099182129
2016-11-07,2.6019999980926514
2016-11-08,2.625999927520752
2016-11-09,2.881999969482422
2016-11-10,2.927999973297119
2016-11-14,2.9820001125335693
2016-11-15,2.9730000495910645
2016-11-16,2.9260001182556152
2016-11-17,2.9860000610351562
2016-11-18,3.0160000324249268
2016-11-21,3.013000011444092
2016-11-22,3.009000062942505
2016-11-23,3.0230000019073486
2016-11-25,3.0220000743865967
2016-11-28,2.9830000400543213
2016-11-29,2.950000047683716
2016-11-30,3.0169999599456787
2016-12-01,3.0950000286102295
2016-12-02,3.061000108718872
2016-12-05,3.055999994277954
2016-12-06,3.0820000171661377
2016-12-07,3.0290000438690186
2016-12-08,3.0850000381469727
2016-12-09,3.1540000438690186
2016-12-12,3.1619999408721924
2016-12-13,3.1470000743865967
2016-12-14,3.1489999294281006
2016-12-15,3.1449999809265137
2016-12-16,3.184000015258789
2016-12-19,3.121000051498413
2016-12-20,3.1510000228881836
2016-12-21,3.125
2016-12-22,3.130000114440918
2016-12-23,3.115999937057495
2016-12-27,3.1389999389648438
2016-12-28,3.0840001106262207
2016-12-29,3.0840001106262207
2016-12-30,3.062999963760376
2017-01-03,3.046999931335449
2017-01-04,3.0450000762939453
2017-01-05,2.9619998931884766
2017-01-06,3.003999948501587
2017-01-09,2.9679999351501465
2017-01-10,2.9700000286102295
2017-01-11,2.9570000171661377
2017-01-12,2.9600000381469727
2017-01-13,2.9769999980926514
2017-01-17,2.927000045776367
2017-01-18,2.984999895095825
2017-01-19,3.0320000648498535
2017-01-20,3.0460000038146973
2017-01-23,2.990999937057495
2017-01-24,3.055999994277954
2017-01-25,3.1080000400543213
2017-01-26,3.0910000801086426
2017-01-27,3.059000015258789
2017-01-30,3.0769999027252197
2017-01-31,3.0510001182556152
2017-02-01,3.0810000896453857
2017-02-02,3.0829999446868896
2017-02-03,3.114000082015991
2017-02-06,3.0480000972747803
2017-02-07,3.0190000534057617
2017-02-08,2.9609999656677246
2017-02-09,3.010999917984009
2017-02-10,3.01200008392334
2017-02-13,3.0339999198913574
2017-02-14,3.062000036239624
2017-02-15,3.0910000801086426
2017-02-16,3.0510001182556152
2017-02-17,3.0309998989105225
2017-02-21,3.0369999408721924
2017-02-22,3.0369999408721924
2017-02-23,3.0230000019073486
2017-02-24,2.9549999237060547
2017-02-27,2.9860000610351562
2017-02-28,2.9679999351501465
2017-03-01,3.071000099182129
2017-03-02,3.0820000171661377
2017-03-03,3.0840001106262207
2017-03-06,3.0980000495910645
2017-03-07,3.109999895095825
2017-03-08,3.1459999084472656
2017-03-09,3.183000087738037
2017-03-10,3.1689999103546143
2017-03-13,3.191999912261963
2017-03-14,3.171999931335449
2017-03-15,3.1059999465942383
2017-03-16,3.134999990463257
2017-03-17,3.11299991607666
2017-03-20,3.0899999141693115
2017-03-21,3.049999952316284
2017-03-22,3.010999917984009
2017-03-23,3.0260000228881836
2017-03-24,3.002000093460083
2017-03-27,2.9790000915527344
2017-03-28,3.013000011444092
2017-03-29,2.992000102996826
2017-03-30,3.0250000953674316
2017-03-31,3.0179998874664307
2017-04-03,2.984999895095825
2017-04-04,2.993000030517578
2017-04-05,3.00600004196167
2017-04-06,2.986999988555908
2017-04-07,2.997999906539917
2017-04-10,2.986999988555908
2017-04-11,2.928999900817871
2017-04-12,2.930000066757202
2017-04-13,2.888000011444092
2017-04-17,2.9130001068115234
2017-04-18,2.8420000076293945
2017-04-19,2.8610000610351562
2017-04-20,2.8910000324249268
2017-04-21,2.8949999809265137
2017-04-24,2.927000045776367
2017-04-25,2.9790000915527344
2017-04-26,2.9709999561309814
2017-04-27,2.9649999141693115
2017-04-28,2.9519999027252197
2017-05-01,3.010999917984009
2017-05-02,2.9820001125335693
2017-05-03,2.9549999237060547
2017-05-04,2.999000072479248
2017-05-05,2.989000082015991
2017-05-08,3.0139999389648438
2017-05-09,3.0380001068115234
2017-05-10,3.0409998893737793
2017-05-11,3.0380001068115234
2017-05-12,2.99399995803833
2017-05-15,3.00600004196167
2017-05-16,2.992000102996826
2017-05-17,2.8970000743865967
2017-05-18,2.9049999713897705
2017-05-19,2.9049999713897705
2017-05-22,2.9149999618530273
2017-05-23,2.944999933242798
2017-05-24,2.934999942779541
2017-05-25,2.921999931335449
2017-05-26,2.9159998893737793
2017-05-30,2.885999917984009
2017-05-31,2.8570001125335693
2017-06-01,2.869999885559082
2017-06-02,2.812999963760376
2017-06-05,2.8410000801086426
2017-06-06,2.809999942779541
2017-06-07,2.8369998931884766
2017-06-08,2.8550000190734863
2017-06-09,2.8540000915527344
2017-06-12,2.868000030517578
2017-06-13,2.86299991607666
2017-06-14,2.7829999923706055
2017-06-15,2.7850000858306885
2017-06-16,2.7820000648498535
2017-06-19,2.7880001068115234
2017-06-20,2.734999895095825
2017-06-21,2.7239999771118164
2017-06-22,2.7239999771118164
2017-06-23,2.7139999866485596
2017-06-26,2.696000099182129
2017-06-27,2.74399995803833
2017-06-28,2.7739999294281006
2017-06-29,2.813999891281128
2017-06-30,2.8399999141693115
2017-07-03,2.861999988555908
2017-07-05,2.8550000190734863
2017-07-06,2.9030001163482666
2017-07-07,2.934999942779541
2017-07-10,2.9230000972747803
2017-07-11,2.9230000972747803
2017-07-12,2.8949999809265137
2017-07-13,2.9230000972747803
2017-07-14,2.9100000858306885
2017-07-17,2.8929998874664307
2017-07-18,2.8510000705718994
2017-07-19,2.8450000286102295
2017-07-20,2.8369998931884766
2017-07-21,2.802000045776367
2017-07-24,2.8329999446868896
2017-07-25,2.9100000858306885
2017-07-26,2.8910000324249268
2017-07-27,2.927999973297119
2017-07-28,2.8919999599456787
2017-07-31,2.8980000019073486
2017-08-01,2.8510000705718994
2017-08-02,2.8450000286102295
2017-08-03,2.805999994277954
2017-08-04,2.8440001010894775
2017-08-07,2.8369998931884766
2017-08-08,2.867000102996826
2017-08-09,2.816999912261963
2017-08-10,2.7869999408721924
2017-08-11,2.7869999408721924
2017-08-14,2.805000066757202
2017-08-15,2.8410000801086426
2017-08-16,2.808000087738037
2017-08-17,2.7820000648498535
2017-08-18,2.7769999504089355
2017-08-21,2.763000011444092
2017-08-22,2.7890000343322754
2017-08-23,2.749000072479248
2017-08-24,2.7690000534057617
2017-08-25,2.750999927520752
2017-08-28,2.752000093460083
2017-08-29,2.747999906539917
2017-08-30,2.747999906539917
2017-08-31,2.7249999046325684
2017-09-01,2.7679998874664307
2017-09-05,2.687999963760376
2017-09-06,2.7239999771118164
2017-09-07,2.677000045776367
2017-09-08,2.678999900817871
2017-09-11,2.73799991607666
2017-09-12,2.7750000953674316
2017-09-13,2.7950000762939453
2017-09-14,2.7809998989105225
2017-09-15,2.7720000743865967
2017-09-18,2.802999973297119
2017-09-19,2.812999963760376
2017-09-20,2.821000099182129
2017-09-21,2.808000087738037
2017-09-22,2.7960000038146973
2017-09-25,2.759999990463257
2017-09-26,2.7699999809265137
2017-09-27,2.86299991607666
2017-09-28,2.86899995803833
2017-09-29,2.8570001125335693
2017-10-02,2.865000009536743
2017-10-03,2.874000072479248
2017-10-04,2.877000093460083
2017-10-05,2.8929998874664307
2017-10-06,2.9059998989105225
2017-10-09,2.8940000534057617
2017-10-10,2.88100004196167
2017-10-11,2.875
2017-10-12,2.8529999256134033
2017-10-13,2.812000036239624
2017-10-16,2.822000026702881
2017-10-17,2.802999973297119
2017-10-18,2.8499999046325684
2017-10-19,2.8289999961853027
2017-10-20,2.8940000534057617
2017-10-23,2.890000104904175
2017-10-24,2.921999931335449
2017-10-25,2.9549999237060547
2017-10-26,2.9600000381469727
2017-10-27,2.936000108718872
2017-10-30,2.880000114440918
2017-10-31,2.875
2017-11-01,2.861999988555908
2017-11-02,2.8289999961853027
2017-11-03,2.822000026702881
2017-11-06,2.796999931335449
2017-11-07,2.7690000534057617
2017-11-08,2.7839999198913574
2017-11-09,2.805999994277954
2017-11-10,2.880000114440918
2017-11-13,2.86899995803833
2017-11-14,2.8389999866485596
2017-11-15,2.7809998989105225
2017-11-16,2.805999994277954
2017-11-17,2.7929999828338623
2017-11-20,2.7929999828338623
2017-11-21,2.763000011444092
2017-11-22,2.746000051498413
2017-11-24,2.76200008392334
2017-11-27,2.765000104904175
2017-11-28,2.7660000324249268
2017-11-29,2.816999912261963
2017-11-30,2.8320000171661377
2017-12-01,2.757999897003174
2017-12-04,2.7690000534057617
2017-12-05,2.7320001125335693
2017-12-06,2.7190001010894775
2017-12-07,2.7750000953674316
2017-12-08,2.7750000953674316
2017-12-11,2.7709999084472656
2017-12-12,2.7809998989105225
2017-12-13,2.7339999675750732
2017-12-14,2.7100000381469727
2017-12-15,2.688999891281128
2017-12-18,2.74399995803833
2017-12-19,2.821000099182129
2017-12-20,2.875999927520752
2017-12-21,2.8320000171661377
2017-12-22,2.8329999446868896
2017-12-26,2.812999963760376
2017-12-27,2.747999906539917
2017-12-28,2.75600004196167
2017-12-29,2.739000082015991
2018-01-02,2.811000108718872
2018-01-03,2.7850000858306885
2018-01-04,2.7860000133514404
2018-01-05,2.811000108718872
2018-01-08,2.813999891281128
2018-01-09,2.88700008392334
2018-01-10,2.8910000324249268
2018-01-11,2.865000009536743
2018-01-12,2.8529999256134033
2018-01-16,2.8359999656677246
2018-01-17,2.8480000495910645
2018-01-18,2.888000011444092
2018-01-19,2.9119999408721924
2018-01-22,2.927999973297119
2018-01-23,2.9019999504089355
2018-01-24,2.937999963760376
2018-01-25,2.88100004196167
2018-01-26,2.9119999408721924
2018-01-29,2.943000078201294
2018-01-30,2.9800000190734863
2018-01-31,2.941999912261963
2018-02-01,3.005000114440918
2018-02-02,3.0969998836517334
2018-02-05,3.066999912261963
2018-02-06,3.0439999103546143
2018-02-07,3.117000102996826
2018-02-08,3.13700008392334
2018-02-09,3.135999917984009
2018-02-12,3.13700008392334
2018-02-13,3.128000020980835
2018-02-14,3.177000045776367
2018-02-15,3.1419999599456787
2018-02-16,3.135999917984009
2018-02-20,3.1549999713897705
2018-02-21,3.2200000286102295
2018-02-22,3.2060000896453857
2018-02-23,3.1600000858306885
2018-02-26,3.1549999713897705
2018-02-27,3.1740000247955322
2018-02-28,3.127000093460083
2018-03-01,3.0880000591278076
2018-03-02,3.13100004196167
2018-03-05,3.1510000228881836
2018-03-06,3.135999917984009
2018-03-07,3.1519999504089355
2018-03-08,3.132999897003174
2018-03-09,3.1589999198913574
2018-03-12,3.128999948501587
2018-03-13,3.1010000705718994
2018-03-14,3.058000087738037
2018-03-15,3.061000108718872
2018-03-16,3.0799999237060547
2018-03-19,3.0789999961853027
2018-03-20,3.109999895095825
2018-03-21,3.128999948501587
2018-03-22,3.069000005722046
2018-03-23,3.0759999752044678
2018-03-26,3.071000099182129
2018-03-27,3.0290000438690186
2018-03-28,3.0139999389648438
2018-03-29,2.9719998836517334
2018-04-02,2.9700000286102295
2018-04-03,3.0179998874664307
2018-04-04,3.0280001163482666
2018-04-05,3.072999954223633
2018-04-06,3.0179998874664307
2018-04-09,3.0179998874664307
2018-04-10,3.0169999599456787
2018-04-11,3.00600004196167
2018-04-12,3.0399999618530273
2018-04-13,3.0360000133514404
2018-04-16,3.0299999713897705
2018-04-17,2.999000072479248
2018-04-18,3.0460000038146973
2018-04-19,3.1050000190734863
2018-04-20,3.1419999599456787
2018-04-23,3.1440000534057617
2018-04-24,3.1679999828338623
2018-04-25,3.2090001106262207
2018-04-26,3.174999952316284
2018-04-27,3.125
2018-04-30,3.0969998836517334
2018-05-01,3.13700008392334
2018-05-02,3.134999990463257
2018-05-03,3.121000051498413
2018-05-04,3.115000009536743
2018-05-07,3.119999885559082
2018-05-08,3.125
2018-05-09,3.1549999713897705
2018-05-10,3.121000051498413
2018-05-11,3.1110000610351562
2018-05-14,3.128999948501587
2018-05-15,3.2090001106262207
2018-05-16,3.2160000801086426
2018-05-17,3.246000051498413
2018-05-18,3.2100000381469727
2018-05-21,3.2070000171661377
2018-05-22,3.2090001106262207
2018-05-23,3.1689999103546143
2018-05-24,3.13100004196167
2018-05-25,3.0899999141693115
2018-05-29,2.9679999351501465
2018-05-30,3.0139999389648438
2018-05-31,2.9860000610351562
2018-06-01,3.0460000038146973
2018-06-04,3.0840001106262207
2018-06-05,3.075000047683716
2018-06-06,3.130000114440918
2018-06-07,3.0799999237060547
2018-06-08,3.0820000171661377
2018-06-11,3.0980000495910645
2018-06-12,3.0920000076293945
2018-06-13,3.1010000705718994
2018-06-14,3.066999912261963
2018-06-15,3.046999931335449
2018-06-18,3.055000066757202
2018-06-19,3.0280001163482666
2018-06-20,3.062999963760376
2018-06-21,3.0429999828338623
2018-06-22,3.0450000762939453
2018-06-25,3.0239999294281006
2018-06-26,3.0280001163482666
2018-06-27,2.9709999561309814
2018-06-28,2.9779999256134033
2018-06-29,2.9830000400543213
2018-07-02,2.990000009536743
2018-07-03,2.9660000801086426
2018-07-05,2.953000068664551
2018-07-06,2.940999984741211
2018-07-09,2.9660000801086426
2018-07-10,2.9709999561309814
2018-07-11,2.944999933242798
2018-07-12,2.950000047683716
2018-07-13,2.933000087738037
2018-07-16,2.9670000076293945
2018-07-17,2.9709999561309814
2018-07-18,2.989000082015991
2018-07-19,2.9670000076293945
2018-07-20,3.0309998989105225
2018-07-23,3.1040000915527344
2018-07-24,3.0759999752044678
2018-07-25,3.063999891281128
2018-07-26,3.0999999046325684
2018-07-27,3.0880000591278076
2018-07-30,3.1059999465942383
2018-07-31,3.0829999446868896
2018-08-01,3.127000093460083
2018-08-02,3.119999885559082
2018-08-03,3.0929999351501465
2018-08-06,3.0820000171661377
2018-08-07,3.118000030517578
2018-08-08,3.118000030517578
2018-08-09,3.0820000171661377
2018-08-10,3.0160000324249268
2018-08-13,3.0460000038146973
2018-08-14,3.062000036239624
2018-08-15,3.0239999294281006
2018-08-16,3.0320000648498535
2018-08-17,3.0290000438690186
2018-08-20,2.9830000400543213
2018-08-21,3.000999927520752
2018-08-22,2.9860000610351562
2018-08-23,2.9730000495910645
2018-08-24,2.9749999046325684
2018-08-27,2.996999979019165
2018-08-28,3.0339999198913574
2018-08-29,3.0209999084472656
2018-08-30,3.00600004196167
2018-08-31,3.009999990463257
2018-09-04,3.069000005722046
2018-09-05,3.0739998817443848
2018-09-06,3.053999900817871
2018-09-07,3.1029999256134033
2018-09-10,3.0880000591278076
2018-09-11,3.124000072479248
2018-09-12,3.1059999465942383
2018-09-13,3.1010000705718994
2018-09-14,3.131999969482422
2018-09-17,3.138000011444092
2018-09-18,3.194999933242798
2018-09-19,3.236999988555908
2018-09-20,3.2149999141693115
2018-09-21,3.2049999237060547
2018-09-24,3.2100000381469727
2018-09-25,3.2330000400543213
2018-09-26,3.190999984741211
2018-09-27,3.183000087738037
2018-09-28,3.197000026702881
2018-10-01,3.2320001125335693
2018-10-02,3.2070000171661377
2018-10-03,3.319000005722046
2018-10-04,3.3550000190734863
2018-10-05,3.3949999809265137
2018-10-08,3.4049999713897705
2018-10-09,3.369999885559082
2018-10-10,3.3980000019073486
2018-10-11,3.306999921798706
2018-10-12,3.315999984741211
2018-10-15,3.3410000801086426
2018-10-16,3.3299999237060547
2018-10-17,3.3459999561309814
2018-10-18,3.3589999675750732
2018-10-19,3.384000062942505
2018-10-22,3.382999897003174
2018-10-23,3.364000082015991
2018-10-24,3.3459999561309814
2018-10-25,3.3459999561309814
2018-10-26,3.316999912261963
2018-10-29,3.3289999961853027
2018-10-30,3.3559999465942383
2018-10-31,3.4019999504089355
2018-11-01,3.38700008392334
2018-11-02,3.453000068664551
2018-11-05,3.431999921798706
2018-11-06,3.4260001182556152
2018-11-07,3.424999952316284
2018-11-08,3.427000045776367
2018-11-09,3.3919999599456787
2018-11-12,3.38700008392334
2018-11-13,3.367000102996826
2018-11-14,3.3540000915527344
2018-11-15,3.368000030517578
2018-11-16,3.3269999027252197
2018-11-19,3.315999984741211
2018-11-20,3.305000066757202
2018-11-21,3.311000108718872
2018-11-23,3.309999942779541
2018-11-26,3.319999933242798
2018-11-27,3.319000005722046
2018-11-28,3.3289999961853027
2018-11-29,3.328000068664551
2018-11-30,3.311000108718872
2018-12-03,3.2780001163482666
2018-12-04,3.177999973297119
2018-12-06,3.135999917984009
2018-12-07,3.1429998874664307
2018-12-10,3.128999948501587
2018-12-11,3.128999948501587
2018-12-12,3.1480000019073486
2018-12-13,3.1630001068115234
2018-12-14,3.1429998874664307
2018-12-17,3.114000082015991
2018-12-18,3.0789999961853027
2018-12-19,3.015000104904175
2018-12-20,3.01200008392334
2018-12-21,3.0280001163482666
2018-12-24,3.003000020980835
2018-12-26,3.0480000972747803
2018-12-27,3.0299999713897705
2018-12-28,3.0420000553131104
2018-12-31,3.0199999809265137
2019-01-02,2.9820001125335693
2019-01-03,2.9000000953674316
2019-01-04,2.9739999771118164
2019-01-07,2.9779999256134033
2019-01-08,2.993000030517578
2019-01-09,3.0239999294281006
2019-01-10,3.0510001182556152
2019-01-11,3.0369999408721924
2019-01-14,3.059999942779541
2019-01-15,3.071000099182129
2019-01-16,3.0769999027252197
2019-01-17,3.0769999027252197
2019-01-18,3.0980000495910645
2019-01-22,3.053999900817871
2019-01-23,3.069000005722046
2019-01-24,3.0329999923706055
2019-01-25,3.062000036239624
2019-01-28,3.061000108718872
2019-01-29,3.0409998893737793
2019-01-30,3.052999973297119
2019-01-31,3.005000114440918
2019-02-01,3.0320000648498535
2019-02-04,3.059999942779541
2019-02-05,3.0350000858306885
2019-02-06,3.0380001068115234
2019-02-07,2.993000030517578
2019-02-08,2.9760000705718994
2019-02-11,2.999000072479248
2019-02-12,3.0220000743865967
2019-02-13,3.0339999198913574
2019-02-14,3.006999969482422
2019-02-15,2.996999979019165
2019-02-19,2.990999937057495
2019-02-20,3.0
2019-02-21,3.0450000762939453
2019-02-22,3.0199999809265137
2019-02-25,3.0339999198913574
2019-02-26,3.00600004196167
2019-02-27,3.069000005722046
2019-02-28,3.0829999446868896
2019-03-01,3.124000072479248
2019-03-04,3.0899999141693115
2019-03-05,3.0869998931884766
2019-03-06,3.071000099182129
2019-03-07,3.0250000953674316
2019-03-08,3.009000062942505
2019-03-11,3.0329999923706055
2019-03-12,2.98799991607666
2019-03-13,3.009999990463257
2019-03-14,3.0450000762939453
2019-03-15,3.0199999809265137
2019-03-18,3.010999917984009
2019-03-19,3.0280001163482666
2019-03-20,2.9749999046325684
2019-03-21,2.9639999866485596
2019-03-22,2.8889999389648438
2019-03-25,2.867000102996826
2019-03-26,2.867000102996826
2019-03-27,2.821000099182129
2019-03-28,2.811000108718872
2019-03-29,2.822000026702881
2019-04-01,2.890000104904175
2019-04-02,2.888000011444092
2019-04-03,2.928999900817871
2019-04-04,2.921999931335449
2019-04-05,2.9089999198913574
2019-04-08,2.924999952316284
2019-04-09,2.9110000133514404
2019-04-10,2.9040000438690186
2019-04-11,2.937999963760376
2019-04-12,2.9709999561309814
2019-04-15,2.9630000591278076
2019-04-16,2.993000030517578
2019-04-17,2.990999937057495
2019-04-18,2.9590001106262207
2019-04-22,2.99399995803833
2019-04-23,2.9809999465942383
2019-04-24,2.940999984741211
2019-04-25,2.947000026702881
2019-04-26,2.927000045776367
2019-04-29,2.9649999141693115
2019-04-30,2.940000057220459
2019-05-01,2.9170000553131104
2019-05-02,2.943000078201294
2019-05-03,2.9260001182556152
2019-05-06,2.9070000648498535
2019-05-07,2.861999988555908
2019-05-08,2.8889999389648438
2019-05-09,2.877000093460083
2019-05-10,2.872999906539917
2019-05-13,2.8380000591278076
2019-05-14,2.8519999980926514
2019-05-15,2.822999954223633
2019-05-16,2.8399999141693115
2019-05-17,2.8239998817443848
2019-05-20,2.8350000381469727
2019-05-21,2.8420000076293945
2019-05-22,2.818000078201294
2019-05-23,2.7320001125335693
2019-05-24,2.752000093460083
2019-05-28,2.7070000171661377
2019-05-29,2.6730000972747803
2019-05-30,2.6540000438690186
2019-05-31,2.5829999446868896
2019-06-03,2.5480000972747803
2019-06-04,2.6029999256134033
2019-06-05,2.632999897003174
2019-06-06,2.621999979019165
2019-06-07,2.571000099182129
2019-06-10,2.621999979019165
2019-06-11,2.617000102996826
2019-06-12,2.622999906539917
2019-06-13,2.6010000705718994
2019-06-14,2.5920000076293945
2019-06-17,2.5769999027252197
2019-06-18,2.552000045776367
2019-06-19,2.5399999618530273
2019-06-20,2.5269999504089355
2019-06-21,2.5920000076293945
2019-06-24,2.549999952316284
2019-06-25,2.5260000228881836
2019-06-26,2.565000057220459
2019-06-27,2.5239999294281006
2019-06-28,2.5280001163482666
2019-07-01,2.559000015258789
2019-07-02,2.506999969482422
2019-07-03,2.4700000286102295
2019-07-05,2.5490000247955322
2019-07-08,2.5199999809265137
2019-07-09,2.5309998989105225
2019-07-10,2.571000099182129
2019-07-11,2.6410000324249268
2019-07-12,2.632999897003174
2019-07-15,2.611999988555908
2019-07-16,2.631999969482422
2019-07-17,2.572999954223633
2019-07-18,2.568000078201294
2019-07-19,2.578000068664551
2019-07-22,2.569999933242798
2019-07-23,2.6080000400543213
2019-07-24,2.578000068664551
2019-07-25,2.6029999256134033
2019-07-26,2.6010000705718994
2019-07-29,2.5829999446868896
2019-07-30,2.5859999656677246
2019-07-31,2.5269999504089355
2019-08-01,2.440999984741211
2019-08-02,2.3910000324249268
2019-08-05,2.2950000762939453
2019-08-06,2.2690000534057617
2019-08-07,2.197000026702881
2019-08-08,2.2320001125335693
2019-08-09,2.247999906539917
2019-08-12,2.130000114440918
2019-08-13,2.13700008392334
2019-08-14,2.0250000953674316
2019-08-15,1.9800000190734863
2019-08-16,2.0
2019-08-19,2.0850000381469727
2019-08-20,2.0439999103546143
2019-08-21,2.052999973297119
2019-08-22,2.1019999980926514
2019-08-23,2.0250000953674316
2019-08-26,2.0399999618530273
2019-08-27,1.968999981880188
2019-08-28,1.937999963760376
2019-08-29,1.9789999723434448
2019-08-30,1.9700000286102295
2019-09-03,1.9490000009536743
2019-09-04,1.9559999704360962
2019-09-05,2.053999900817871
2019-09-06,2.0199999809265137
2019-09-09,2.0980000495910645
2019-09-10,2.181999921798706
2019-09-11,2.2079999446868896
2019-09-12,2.2639999389648438
2019-09-13,2.378000020980835
2019-09-16,2.308000087738037
2019-09-17,2.2799999713897705
2019-09-18,2.2360000610351562
2019-09-19,2.2130000591278076
2019-09-20,2.1989998817443848
2019-09-23,2.1540000438690186
2019-09-24,2.0950000286102295
2019-09-25,2.184000015258789
2019-09-26,2.128000020980835
2019-09-27,2.124000072479248
2019-09-30,2.121000051498413
2019-10-01,2.1050000190734863
2019-10-02,2.0859999656677246
2019-10-03,2.0380001068115234
2019-10-04,2.015000104904175
2019-10-07,2.0450000762939453
2019-10-08,2.0409998893737793
2019-10-09,2.0869998931884766
2019-10-10,2.1519999504089355
2019-10-11,2.2149999141693115
2019-10-14,2.197000026702881
2019-10-15,2.2330000400543213
2019-10-16,2.2330000400543213
2019-10-17,2.243000030517578
2019-10-18,2.246000051498413
2019-10-21,2.2839999198913574
2019-10-22,2.250999927520752
2019-10-23,2.250999927520752
2019-10-24,2.259000062942505
2019-10-25,2.2920000553131104
2019-10-28,2.3480000495910645
2019-10-29,2.3299999237060547
2019-10-30,2.2720000743865967
2019-10-31,2.1760001182556152
2019-11-01,2.2119998931884766
2019-11-04,2.2730000019073486
2019-11-05,2.3480000495910645
2019-11-06,2.296999931335449
2019-11-07,2.4030001163482666
2019-11-08,2.4170000553131104
2019-11-11,2.427000045776367
2019-11-12,2.384000062942505
2019-11-13,2.3510000705718994
2019-11-14,2.296999931335449
2019-11-15,2.311000108718872
2019-11-18,2.2929999828338623
2019-11-19,2.255000114440918
2019-11-20,2.203000068664551
2019-11-21,2.2309999465942383
2019-11-22,2.2230000495910645
2019-11-25,2.2070000171661377
2019-11-26,2.177999973297119
2019-11-27,2.193000078201294
2019-11-29,2.2019999027252197
2019-12-02,2.2850000858306885
2019-12-03,2.1600000858306885
2019-12-04,2.2290000915527344
2019-12-05,2.246999979019165
2019-12-06,2.2839999198913574
2019-12-09,2.2639999389648438
2019-12-10,2.253000020980835
2019-12-11,2.2200000286102295
2019-12-12,2.318000078201294
2019-12-13,2.25
2019-12-16,2.309999942779541
2019-12-17,2.315999984741211
2019-12-18,2.3510000705718994
2019-12-19,2.3440001010894775
2019-12-20,2.3459999561309814
2019-12-23,2.36299991607666
2019-12-24,2.3389999866485596
2019-12-26,2.3369998931884766
2019-12-27,2.311000108718872
2019-12-30,2.3429999351501465
2019-12-31,2.3889999389648438
2020-01-02,2.3410000801086426
2020-01-03,2.249000072479248
2020-01-06,2.2809998989105225
2020-01-07,2.305000066757202
2020-01-08,2.3580000400543213
2020-01-09,2.3299999237060547
2020-01-10,2.2839999198913574
2020-01-13,2.306999921798706
2020-01-14,2.2750000953674316
2020-01-15,2.242000102996826
2020-01-16,2.260999917984009
2020-01-17,2.2960000038146973
2020-01-21,2.2309999465942383
2020-01-22,2.2179999351501465
2020-01-23,2.181999921798706
2020-01-24,2.128000020980835
2020-01-27,2.055000066757202
2020-01-28,2.0950000286102295
2020-01-29,2.052999973297119
2020-01-30,2.0280001163482666
2020-01-31,2.015000104904175
2020-02-03,1.996999979019165
2020-02-04,2.0810000896453857
2020-02-05,2.132999897003174
2020-02-06,2.114000082015991
2020-02-07,2.0420000553131104
2020-02-10,2.0199999809265137
2020-02-11,2.0510001182556152
2020-02-12,2.0910000801086426
2020-02-13,2.071000099182129
2020-02-14,2.0429999828338623
2020-02-18,2.00600004196167
2020-02-19,2.0160000324249268
2020-02-20,1.972000002861023
2020-02-21,1.9179999828338623
2020-02-24,1.8370000123977661
2020-02-25,1.8040000200271606
2020-02-26,1.7960000038146973
2020-02-27,1.784000039100647
2020-02-28,1.6710000038146973
2020-03-02,1.6460000276565552
2020-03-03,1.6299999952316284
2020-03-04,1.6349999904632568
2020-03-05,1.5709999799728394
2020-03-06,1.215000033378601
2020-03-09,0.9369999766349792
2020-03-10,1.218999981880188
2020-03-11,1.3079999685287476
2020-03-12,1.406999945640564
2020-03-13,1.5520000457763672
2020-03-16,1.3339999914169312
2020-03-17,1.5820000171661377
2020-03-18,1.8969999551773071
2020-03-19,1.7400000095367432
2020-03-20,1.555999994277954
2020-03-23,1.343999981880188
2020-03-24,1.36899995803833
2020-03-25,1.4229999780654907
2020-03-26,1.3949999809265137
2020-03-27,1.3370000123977661
2020-03-30,1.281999945640564
2020-03-31,1.3509999513626099
2020-04-01,1.2890000343322754
2020-04-02,1.2699999809265137
2020-04-03,1.2139999866485596
2020-04-06,1.284000039100647
2020-04-07,1.3320000171661377
2020-04-08,1.3639999628067017
2020-04-09,1.3530000448226929
2020-04-13,1.3910000324249268
2020-04-14,1.4119999408721924
2020-04-15,1.274999976158142
2020-04-16,1.2100000381469727
2020-04-17,1.2760000228881836
2020-04-20,1.2369999885559082
2020-04-21,1.1619999408721924
2020-04-22,1.2200000286102295
2020-04-23,1.2039999961853027
2020-04-24,1.1770000457763672
2020-04-27,1.2510000467300415
2020-04-28,1.2059999704360962
2020-04-29,1.2450000047683716
2020-04-30,1.2660000324249268
2020-05-01,1.277999997138977
2020-05-04,1.2970000505447388
2020-05-05,1.3300000429153442
2020-05-06,1.4149999618530273
2020-05-07,1.3220000267028809
2020-05-08,1.3860000371932983
2020-05-11,1.4450000524520874
2020-05-12,1.38100004196167
2020-05-13,1.340999960899353
2020-05-14,1.2960000038146973
2020-05-15,1.319000005722046
2020-05-18,1.4579999446868896
2020-05-19,1.434999942779541
2020-05-20,1.3990000486373901
2020-05-21,1.3990000486373901
2020-05-22,1.371000051498413
2020-05-26,1.4390000104904175
2020-05-27,1.434000015258789
2020-05-28,1.4739999771118164
2020-05-29,1.406999945640564
2020-06-01,1.4550000429153442
2020-06-02,1.4789999723434448
2020-06-03,1.5509999990463257
2020-06-04,1.6239999532699585
2020-06-05,1.6779999732971191
2020-06-08,1.659999966621399
2020-06-09,1.5829999446868896
2020-06-10,1.5199999809265137
2020-06-11,1.4010000228881836
2020-06-12,1.4500000476837158
2020-06-15,1.4479999542236328
2020-06-16,1.5390000343322754
2020-06-17,1.5240000486373901
2020-06-18,1.4609999656677246
2020-06-19,1.4700000286102295
2020-06-22,1.4609999656677246
2020-06-23,1.4889999628067017
2020-06-24,1.4450000524520874
2020-06-25,1.4179999828338623
2020-06-26,1.371999979019165
2020-06-29,1.3910000324249268
2020-06-30,1.409000039100647
2020-07-01,1.4329999685287476
2020-07-02,1.4290000200271606
2020-07-06,1.4429999589920044
2020-07-07,1.3899999856948853
2020-07-08,1.3919999599456787
2020-07-09,1.3079999685287476
2020-07-10,1.3259999752044678
2020-07-13,1.3370000123977661
2020-07-14,1.3020000457763672
2020-07-15,1.3309999704360962
2020-07-16,1.3009999990463257
2020-07-17,1.3289999961853027
2020-07-20,1.319000005722046
2020-07-21,1.312999963760376
2020-07-22,1.2890000343322754
2020-07-23,1.2489999532699585
2020-07-24,1.2389999628067017
2020-07-27,1.2519999742507935
2020-07-28,1.2230000495910645
2020-07-29,1.2419999837875366
2020-07-30,1.1979999542236328
2020-07-31,1.1979999542236328
2020-08-03,1.2450000047683716
2020-08-04,1.190999984741211
2020-08-05,1.218999981880188
2020-08-06,1.2009999752044678
2020-08-07,1.2289999723434448
2020-08-10,1.2480000257492065
2020-08-11,1.3480000495910645
2020-08-12,1.3650000095367432
2020-08-13,1.4259999990463257
2020-08-14,1.4420000314712524
2020-08-17,1.4240000247955322
2020-08-18,1.3980000019073486
2020-08-19,1.4149999618530273
2020-08-20,1.3769999742507935
2020-08-21,1.3530000448226929
2020-08-24,1.350000023841858
2020-08-25,1.3880000114440918
2020-08-26,1.406000018119812
2020-08-27,1.5
2020-08-28,1.5080000162124634
2020-08-31,1.4520000219345093
2020-09-01,1.4249999523162842
2020-09-02,1.375
2020-09-03,1.340999960899353
2020-09-04,1.4700000286102295
2020-09-08,1.4229999780654907
2020-09-09,1.4579999446868896
2020-09-10,1.434000015258789
2020-09-11,1.4170000553131104
2020-09-14,1.409000039100647
2020-09-15,1.4320000410079956
2020-09-16,1.4470000267028809
2020-09-17,1.4290000200271606
2020-09-18,1.4529999494552612
2020-09-21,1.4270000457763672
2020-09-22,1.4140000343322754
2020-09-23,1.4249999523162842
2020-09-24,1.4010000228881836
2020-09-25,1.4049999713897705
2020-09-28,1.4229999780654907
2020-09-29,1.406000018119812
2020-09-30,1.4509999752044678
2020-10-01,1.4539999961853027
2020-10-02,1.4809999465942383
2020-10-05,1.5670000314712524
2020-10-06,1.5360000133514404
2020-10-07,1.5880000591278076
2020-10-08,1.565999984741211
2020-10-09,1.5740000009536743
2020-10-12,1.5740000009536743
2020-10-13,1.5130000114440918
2020-10-14,1.5
2020-10-15,1.5069999694824219
2020-10-16,1.5290000438690186
2020-10-19,1.5479999780654907
2020-10-20,1.6039999723434448
2020-10-21,1.628999948501587
2020-10-22,1.6579999923706055
2020-10-23,1.6449999809265137
2020-10-26,1.593999981880188
2020-10-27,1.5709999799728394
2020-10-28,1.5700000524520874
2020-10-29,1.625
2020-10-30,1.6399999856948853
2020-11-02,1.6239999532699585
2020-11-03,1.6549999713897705
2020-11-04,1.5460000038146973
2020-11-05,1.5440000295639038
2020-11-06,1.5989999771118164
2020-11-09,1.7510000467300415
2020-11-10,1.7599999904632568
2020-11-11,1.7389999628067017
2020-11-12,1.6510000228881836
2020-11-13,1.6480000019073486
2020-11-16,1.659999966621399
2020-11-17,1.6260000467300415
2020-11-18,1.6180000305175781
2020-11-19,1.5779999494552612
2020-11-20,1.531999945640564
2020-11-23,1.562000036239624
2020-11-24,1.6030000448226929
2020-11-25,1.6200000047683716
2020-11-27,1.5740000009536743
2020-11-30,1.5729999542236328
2020-12-01,1.6759999990463257
2020-12-02,1.7039999961853027
2020-12-03,1.6660000085830688
2020-12-04,1.7300000190734863
2020-12-07,1.6859999895095825
2020-12-08,1.659000039100647
2020-12-09,1.6890000104904175
2020-12-10,1.6369999647140503
2020-12-11,1.6260000467300415
2020-12-14,1.628000020980835
2020-12-15,1.6649999618530273
2020-12-16,1.6660000085830688
2020-12-17,1.6759999990463257
2020-12-18,1.7000000476837158
2020-12-21,1.684000015258789
2020-12-22,1.652999997138977
2020-12-23,1.6970000267028809
2020-12-24,1.6640000343322754
2020-12-28,1.6690000295639038
2020-12-29,1.6740000247955322
2020-12-30,1.6619999408721924
2020-12-31,1.6460000276565552
2021-01-04,1.656000018119812
2021-01-05,1.7050000429153442
2021-01-06,1.8209999799728394
2021-01-07,1.8450000286102295
2021-01-08,1.8630000352859497
2021-01-11,1.8760000467300415
2021-01-12,1.8849999904632568
2021-01-13,1.8179999589920044
2021-01-14,1.8739999532699585
2021-01-15,1.8530000448226929
2021-01-19,1.840000033378601
2021-01-20,1.8420000076293945
2021-01-21,1.871999979019165
2021-01-22,1.8569999933242798
2021-01-25,1.7979999780654907
2021-01-26,1.8020000457763672
2021-01-27,1.777999997138977
2021-01-28,1.8200000524520874
2021-01-29,1.8580000400543213
2021-02-01,1.847000002861023
2021-02-02,1.8769999742507935
2021-02-03,1.9119999408721924
2021-02-04,1.9329999685287476
2021-02-05,1.9739999771118164
2021-02-08,1.9429999589920044
2021-02-09,1.9470000267028809
2021-02-10,1.9240000247955322
2021-02-11,1.9470000267028809
2021-02-12,2.003000020980835
2021-02-16,2.0899999141693115
2021-02-17,2.069000005722046
2021-02-18,2.0759999752044678
2021-02-19,2.140000104904175
2021-02-22,2.180000066757202
2021-02-23,2.200000047683716
2021-02-24,2.242000102996826
2021-02-25,2.308000087738037
2021-02-26,2.181999921798706
2021-03-01,2.2200000286102295
2021-03-02,2.2160000801086426
2021-03-03,2.252000093460083
2021-03-04,2.309000015258789
2021-03-05,2.2880001068115234
2021-03-08,2.308000087738037
2021-03-09,2.259000062942505
2021-03-10,2.243000030517578
2021-03-11,2.2809998989105225
2021-03-12,2.4019999504089355
2021-03-15,2.368000030517578
2021-03-16,2.3910000324249268
2021-03-17,2.437000036239624
2021-03-18,2.4760000705718994
2021-03-19,2.4509999752044678
2021-03-22,2.382999897003174
2021-03-23,2.3480000495910645
2021-03-24,2.313999891281128
2021-03-25,2.3340001106262207
2021-03-26,2.367000102996826
2021-03-29,2.4240000247955322
2021-03-30,2.3959999084472656
2021-03-31,2.424999952316284
2021-04-01,2.3399999141693115
2021-04-05,2.36299991607666
2021-04-06,2.315999984741211
2021-04-07,2.3350000381469727
2021-04-08,2.322000026702881
2021-04-09,2.3389999866485596
2021-04-12,2.3469998836517334
2021-04-13,2.306999921798706
2021-04-14,2.325000047683716
2021-04-15,2.2100000381469727
2021-04-16,2.260999917984009
2021-04-19,2.2939999103546143
2021-04-20,2.259000062942505
2021-04-21,2.2639999389648438
2021-04-22,2.239000082015991
2021-04-23,2.250999927520752
2021-04-26,2.24399995803833
2021-04-27,2.2939999103546143
2021-04-28,2.299999952316284
2021-04-29,2.311000108718872
2021-04-30,2.3010001182556152
2021-05-03,2.2880001068115234
2021-05-04,2.2660000324249268
2021-05-05,2.259000062942505
2021-05-06,2.2360000610351562
2021-05-07,2.2769999504089355
2021-05-10,2.319000005722046
2021-05-11,2.3510000705718994
2021-05-12,2.4149999618530273
2021-05-13,2.3959999084472656
2021-05-14,2.3550000190734863
2021-05-17,2.3550000190734863
2021-05-18,2.364000082015991
2021-05-19,2.38700008392334
2021-05-20,2.3420000076293945
2021-05-21,2.3329999446868896
2021-05-24,2.302000045776367
2021-05-25,2.259999990463257
2021-05-26,2.259999990463257
2021-05-27,2.2899999618530273
2021-05-28,2.263000011444092
2021-06-01,2.2960000038146973
2021-06-02,2.2799999713897705
2021-06-03,2.2950000762939453
2021-06-04,2.239000082015991
2021-06-07,2.250999927520752
2021-06-08,2.2090001106262207
2021-06-09,2.1689999103546143
2021-06-10,2.1530001163482666
2021-06-11,2.1519999504089355
2021-06-14,2.190000057220459
2021-06-15,2.1989998817443848
2021-06-16,2.2090001106262207
2021-06-17,2.0999999046325684
2021-06-18,2.0269999504089355
2021-06-21,2.1040000915527344
2021-06-22,2.1050000190734863
2021-06-23,2.111999988555908
2021-06-24,2.0950000286102295
2021-06-25,2.1689999103546143
2021-06-28,2.0980000495910645
2021-06-29,2.0959999561309814
2021-06-30,2.065000057220459
2021-07-01,2.0859999656677246
2021-07-02,2.0450000762939453
2021-07-06,2.003999948501587
2021-07-07,1.944000005722046
2021-07-08,1.909999966621399
2021-07-09,1.9819999933242798
2021-07-12,1.9930000305175781
2021-07-13,2.0380001068115234
2021-07-14,1.9889999628067017
2021-07-15,1.9199999570846558
2021-07-16,1.930999994277954
2021-07-19,1.815000057220459
2021-07-20,1.86899995803833
2021-07-21,1.9299999475479126
2021-07-22,1.9019999504089355
2021-07-23,1.9249999523162842
2021-07-26,1.9259999990463257
2021-07-27,1.8890000581741333
2021-07-28,1.9110000133514404
2021-07-29,1.9160000085830688
2021-07-30,1.8969999551773071
2021-08-02,1.8530000448226929
2021-08-03,1.8519999980926514
2021-08-04,1.840000033378601
2021-08-05,1.8630000352859497
2021-08-06,1.934000015258789
2021-08-09,1.9630000591278076
2021-08-10,1.9839999675750732
2021-08-11,1.996999979019165
2021-08-12,2.013000011444092
2021-08-13,1.9479999542236328
2021-08-16,1.9240000247955322
2021-08-17,1.9190000295639038
2021-08-18,1.9140000343322754
2021-08-19,1.8760000467300415
2021-08-20,1.8739999532699585
2021-08-23,1.871999979019165
2021-08-24,1.906999945640564
2021-08-25,1.9589999914169312
2021-08-26,1.940999984741211
2021-08-27,1.9179999828338623
2021-08-30,1.899999976158142
2021-08-31,1.9270000457763672
2021-09-01,1.9190000295639038
2021-09-02,1.906999945640564
2021-09-03,1.9429999589920044
2021-09-07,1.9839999675750732
2021-09-08,1.9529999494552612
2021-09-09,1.8969999551773071
2021-09-10,1.934000015258789
2021-09-13,1.9049999713897705
2021-09-14,1.850000023841858
2021-09-15,1.86899995803833
2021-09-16,1.88100004196167
2021-09-17,1.909000039100647
2021-09-20,1.8459999561309814
2021-09-21,1.8569999933242798
2021-09-22,1.8509999513626099
2021-09-23,1.9240000247955322
2021-09-24,1.9880000352859497
2021-09-27,1.9950000047683716
2021-09-28,2.069999933242798
2021-09-29,2.0899999141693115
2021-09-30,2.0920000076293945
2021-10-01,2.058000087738037
2021-10-04,2.046999931335449
2021-10-05,2.0980000495910645
2021-10-06,2.0759999752044678
2021-10-07,2.131999969482422
2021-10-08,2.1619999408721924
2021-10-11,2.1659998893737793
2021-10-12,2.1059999465942383
2021-10-13,2.0409998893737793
2021-10-14,2.0250000953674316
2021-10-15,2.0510001182556152
2021-10-18,2.0169999599456787
2021-10-19,2.0880000591278076
2021-10-20,2.1110000610351562
2021-10-21,2.128000020980835
2021-10-22,2.0910000801086426
2021-10-25,2.0850000381469727
2021-10-26,2.0510001182556152
2021-10-27,1.9420000314712524
2021-10-28,1.9630000591278076
2021-10-29,1.9420000314712524
2021-11-01,1.968999981880188
2021-11-02,1.9600000381469727
2021-11-03,1.9859999418258667
2021-11-04,1.9639999866485596
2021-11-05,1.8860000371932983
2021-11-08,1.8869999647140503
2021-11-09,1.8220000267028809
2021-11-10,1.9179999828338623
2021-11-11,1.9160000085830688
2021-11-12,1.9550000429153442
2021-11-15,2.006999969482422
2021-11-16,2.0179998874664307
2021-11-17,1.996000051498413
2021-11-18,1.972000002861023
2021-11-19,1.906999945640564
2021-11-22,1.9780000448226929
2021-11-23,2.0230000019073486
2021-11-24,1.968999981880188
2021-11-26,1.8270000219345093
2021-11-29,1.8799999952316284
2021-11-30,1.7869999408721924
2021-12-01,1.777999997138977
2021-12-02,1.7690000534057617
2021-12-03,1.6779999732971191
2021-12-06,1.7569999694824219
2021-12-07,1.7960000038146973
2021-12-08,1.875
2021-12-09,1.8660000562667847
2021-12-10,1.8839999437332153
2021-12-13,1.812000036239624
2021-12-14,1.8179999589920044
2021-12-15,1.8550000190734863
2021-12-16,1.8609999418258667
2021-12-17,1.8179999589920044
2021-12-20,1.8489999771118164
2021-12-21,1.8969999551773071
2021-12-22,1.8569999933242798
2021-12-23,1.9049999713897705
2021-12-27,1.8860000371932983
2021-12-28,1.902999997138977
2021-12-29,1.9529999494552612
2021-12-30,1.9249999523162842
2021-12-31,1.9049999713897705
2022-01-03,2.0160000324249268
2022-01-04,2.0769999027252197
2022-01-05,2.0880000591278076
2022-01-06,2.0929999351501465
2022-01-07,2.118000030517578
2022-01-10,2.109999895095825
2022-01-11,2.072999954223633
2022-01-12,2.0739998817443848
2022-01-13,2.055000066757202
2022-01-14,2.114000082015991
2022-01-18,2.184000015258789
2022-01-19,2.138000011444092
2022-01-20,2.140000104904175
2022-01-21,2.063999891281128
2022-01-24,2.0829999446868896
2022-01-25,2.128999948501587
2022-01-26,2.1670000553131104
2022-01-27,2.0910000801086426
2022-01-28,2.0829999446868896
2022-01-31,2.0980000495910645
2022-02-01,2.124000072479248
2022-02-02,2.0940001010894775
2022-02-03,2.1449999809265137
2022-02-04,2.2330000400543213
2022-02-07,2.2179999351501465
2022-02-08,2.250999927520752
2022-02-09,2.2320001125335693
2022-02-10,2.309000015258789
2022-02-11,2.256999969482422
2022-02-14,2.3010001182556152
2022-02-15,2.361999988555908
2022-02-16,2.365000009536743
2022-02-17,2.312000036239624
2022-02-18,2.250999927520752
2022-02-22,2.253000020980835
2022-02-23,2.2750000953674316
2022-02-24,2.2929999828338623
2022-02-25,2.2960000038146973
2022-02-28,2.181999921798706
2022-03-01,2.1040000915527344
2022-03-02,2.2330000400543213
2022-03-03,2.2269999980926514
2022-03-04,2.1510000228881836
2022-03-07,2.1519999504089355
2022-03-08,2.24399995803833
2022-03-09,2.302000045776367
2022-03-10,2.3940000534057617
2022-03-11,2.364000082015991
2022-03-14,2.4760000705718994
2022-03-15,2.505000114440918
2022-03-16,2.4590001106262207
2022-03-17,2.484999895095825
2022-03-18,2.4179999828338623
2022-03-21,2.5339999198913574
2022-03-22,2.5929999351501465
2022-03-23,2.5190000534057617
2022-03-24,2.510999917984009
2022-03-25,2.6029999256134033
2022-03-28,2.572999954223633
2022-03-29,2.5239999294281006
2022-03-30,2.4800000190734863
2022-03-31,2.447999954223633
2022-04-01,2.4240000247955322
2022-04-04,2.4739999771118164
2022-04-05,2.5840001106262207
2022-04-06,2.631999969482422
2022-04-07,2.687000036239624
2022-04-08,2.746000051498413
2022-04-11,2.819999933242798
2022-04-12,2.8259999752044678
2022-04-13,2.7939999103546143
2022-04-14,2.9189999103546143
2022-04-18,2.953000068664551
2022-04-19,2.990000009536743
2022-04-20,2.878999948501587
2022-04-21,2.933000087738037
2022-04-22,2.944000005722046
2022-04-25,2.8940000534057617
2022-04-26,2.86899995803833
2022-04-27,2.9079999923706055
2022-04-28,2.928999900817871
2022-04-29,2.947000026702881
2022-05-02,3.061000108718872
2022-05-03,3.00600004196167
2022-05-04,3.003000020980835
2022-05-05,3.1600000858306885
2022-05-06,3.2209999561309814
2022-05-09,3.2079999446868896
2022-05-10,3.130000114440918
2022-05-11,3.0439999103546143
2022-05-12,2.984999895095825
2022-05-13,3.0929999351501465
2022-05-16,3.0840001106262207
2022-05-17,3.1619999408721924
2022-05-18,3.072000026702881
2022-05-19,3.065999984741211
2022-05-20,2.996000051498413
2022-05-23,3.065000057220459
2022-05-24,2.9730000495910645
2022-05-25,2.9649999141693115
2022-05-26,2.990999937057495
2022-05-27,2.9719998836517334
2022-05-31,3.056999921798706
2022-06-01,3.0759999752044678
2022-06-02,3.0759999752044678
2022-06-03,3.114000082015991
2022-06-06,3.190999984741211
2022-06-07,3.122999906539917
2022-06-08,3.177000045776367
2022-06-09,3.1710000038146973
2022-06-10,3.196000099182129
2022-06-13,3.367000102996826
2022-06-14,3.431999921798706
2022-06-15,3.4130001068115234
2022-06-16,3.361999988555908
2022-06-17,3.2939999103546143
2022-06-21,3.390000104904175
2022-06-22,3.243000030517578
2022-06-23,3.178999900817871
2022-06-24,3.256999969482422
2022-06-27,3.305000066757202
2022-06-28,3.309999942779541
2022-06-29,3.2119998931884766
2022-06-30,3.11899995803833
2022-07-01,3.115999937057495
2022-07-05,3.0320000648498535
2022-07-06,3.11899995803833
2022-07-07,3.194000005722046
2022-07-08,3.2690000534057617
2022-07-11,3.180000066757202
2022-07-12,3.13700008392334
2022-07-13,3.069000005722046
2022-07-14,3.1040000915527344
2022-07-15,3.0940001010894775
2022-07-18,3.134999990463257
2022-07-19,3.178999900817871
2022-07-20,3.1700000762939453
2022-07-21,3.072999954223633
2022-07-22,2.997999906539917
2022-07-25,3.0490000247955322
2022-07-26,3.009000062942505
2022-07-27,3.002000093460083
2022-07-28,3.0390000343322754
2022-07-29,2.9739999771118164
2022-08-01,2.924999952316284
2022-08-02,2.984999895095825
2022-08-03,2.9769999980926514
2022-08-04,2.9609999656677246
2022-08-05,3.065000057220459
2022-08-08,2.997999906539917
2022-08-09,3.005000114440918
2022-08-10,3.0420000553131104
2022-08-11,3.1730000972747803
2022-08-12,3.118000030517578
2022-08-15,3.0959999561309814
2022-08-16,3.11299991607666
2022-08-17,3.1459999084472656
2022-08-18,3.1389999389648438
2022-08-19,3.2249999046325684
2022-08-22,3.242000102996826
2022-08-23,3.25600004196167
2022-08-24,3.321000099182129
2022-08-25,3.2339999675750732
2022-08-26,3.2049999237060547
2022-08-29,3.246999979019165
2022-08-30,3.2200000286102295
2022-08-31,3.255000114440918
2022-09-01,3.374000072479248
2022-09-02,3.3440001010894775
2022-09-06,3.4820001125335693
2022-09-07,3.4059998989105225
2022-09-08,3.441999912261963
2022-09-09,3.4560000896453857
2022-09-12,3.513000011444092
2022-09-13,3.506999969482422
2022-09-14,3.4690001010894775
2022-09-15,3.4800000190734863
2022-09-16,3.5190000534057617
2022-09-19,3.505000114440918
2022-09-20,3.5810000896453857
2022-09-21,3.5179998874664307
2022-09-22,3.6389999389648438
2022-09-23,3.611999988555908
2022-09-26,3.697999954223633
2022-09-27,3.8289999961853027
2022-09-28,3.680999994277954
2022-09-29,3.693000078201294
2022-09-30,3.765000104904175
2022-10-03,3.7060000896453857
2022-10-04,3.687000036239624
2022-10-05,3.765000104904175
2022-10-06,3.7939999103546143
2022-10-07,3.8410000801086426
2022-10-10,3.8480000495910645
2022-10-11,3.9019999504089355
2022-10-12,3.884000062942505
2022-10-13,3.931999921798706
2022-10-14,3.9779999256134033
2022-10-17,4.014999866485596
2022-10-18,4.020999908447266
2022-10-19,4.125999927520752
2022-10-20,4.216000080108643
2022-10-21,4.304999828338623
2022-10-24,4.36299991607666
2022-10-25,4.263000011444092
2022-10-26,4.163000106811523
2022-10-27,4.0920000076293945
2022-10-28,4.129000186920166
2022-10-31,4.203999996185303
2022-11-01,4.124000072479248
2022-11-02,4.122000217437744
2022-11-03,4.1519999504089355
2022-11-04,4.245999813079834
2022-11-07,4.313000202178955
2022-11-08,4.257999897003174
2022-11-09,4.320000171661377
2022-11-10,4.080999851226807
2022-11-11,4.058000087738037
2022-11-14,4.058000087738037
2022-11-15,3.9820001125335693
2022-11-16,3.859999895095825
2022-11-17,3.890000104904175
2022-11-18,3.927000045776367
2022-11-21,3.9049999713897705
2022-11-22,3.8299999237060547
2022-11-23,3.739000082015991
2022-11-25,3.750999927520752
2022-11-28,3.75
2022-11-29,3.802999973297119
2022-11-30,3.822000026702881
2022-12-01,3.635999917984009
2022-12-02,3.562000036239624
2022-12-05,3.615999937057495
2022-12-06,3.5230000019073486
2022-12-07,3.4149999618530273
2022-12-08,3.4549999237060547
2022-12-09,3.5490000247955322
2022-12-12,3.5759999752044678
2022-12-13,3.5280001163482666
2022-12-14,3.5390000343322754
2022-12-15,3.496000051498413
2022-12-16,3.5329999923706055
2022-12-19,3.622999906539917
2022-12-20,3.736999988555908
2022-12-21,3.743000030517578
2022-12-22,3.7230000495910645
2022-12-23,3.8269999027252197
2022-12-27,3.944000005722046
2022-12-28,3.9739999771118164
2022-12-29,3.9240000247955322
2022-12-30,3.9749999046325684
2023-01-03,3.8929998874664307
2023-01-04,3.819999933242798
2023-01-05,3.7980000972747803
2023-01-06,3.691999912261963
2023-01-09,3.6500000953674316
2023-01-10,3.756999969482422
2023-01-11,3.678999900817871
2023-01-12,3.575000047683716
2023-01-13,3.622999906539917
2023-01-17,3.6470000743865967
2023-01-18,3.5420000553131104
2023-01-19,3.568000078201294
2023-01-20,3.6559998989105225
2023-01-23,3.690999984741211
2023-01-24,3.622999906539917
2023-01-25,3.622999906539917
2023-01-26,3.628000020980835
2023-01-27,3.632999897003174
2023-01-30,3.6600000858306885
2023-01-31,3.6610000133514404
2023-02-01,3.546999931335449
2023-02-02,3.555000066757202
2023-02-03,3.628000020980835
2023-02-06,3.671999931335449
2023-02-07,3.7049999237060547
2023-02-08,3.7100000381469727
2023-02-09,3.74399995803833
2023-02-10,3.8269999027252197
2023-02-13,3.7909998893737793
2023-02-14,3.802000045776367
2023-02-15,3.8540000915527344
2023-02-16,3.9040000438690186
2023-02-17,3.888000011444092
2023-02-21,3.9769999980926514
2023-02-22,3.927999973297119
2023-02-23,3.877000093460083
2023-02-24,3.937999963760376
2023-02-27,3.9179999828338623
2023-02-28,3.930999994277954
2023-03-01,3.953000068664551
2023-03-02,4.020999908447266
2023-03-03,3.88700008392334
2023-03-06,3.9130001068115234
2023-03-07,3.888000011444092
2023-03-08,3.878000020980835
2023-03-09,3.871000051498413
2023-03-10,3.700000047683716
2023-03-13,3.6659998893737793
2023-03-14,3.760999917984009
2023-03-15,3.687000036239624
2023-03-16,3.7139999866485596
2023-03-17,3.5980000495910645
2023-03-20,3.6630001068115234
2023-03-21,3.736999988555908
2023-03-22,3.697999954223633
2023-03-23,3.681999921798706
2023-03-24,3.6440000534057617
2023-03-27,3.759999990463257
2023-03-28,3.7829999923706055
2023-03-29,3.7780001163482666
2023-03-30,3.746000051498413
2023-03-31,3.688999891281128
2023-04-03,3.6440000534057617
2023-04-04,3.5940001010894775
2023-04-05,3.558000087738037
2023-04-06,3.5399999618530273
2023-04-10,3.625999927520752
2023-04-11,3.621000051498413
2023-04-12,3.6530001163482666
2023-04-13,3.687000036239624
2023-04-14,3.739000082015991
2023-04-17,3.805000066757202
2023-04-18,3.7869999408721924
2023-04-19,3.7890000343322754
2023-04-20,3.753000020980835
2023-04-21,3.7780001163482666
2023-04-24,3.7279999256134033
2023-04-25,3.6510000228881836
2023-04-26,3.688999891281128
2023-04-27,3.75600004196167
2023-04-28,3.677999973297119
2023-05-01,3.818000078201294
2023-05-02,3.7330000400543213
2023-05-03,3.7149999141693115
2023-05-04,3.7230000495910645
2023-05-05,3.76200008392334
2023-05-08,3.8350000381469727
2023-05-09,3.8480000495910645
2023-05-10,3.7990000247955322
2023-05-11,3.747999906539917
2023-05-12,3.7769999504089355
2023-05-15,3.8420000076293945
2023-05-16,3.871000051498413
2023-05-17,3.878000020980835
2023-05-18,3.9010000228881836
2023-05-19,3.947999954223633
2023-05-22,3.9700000286102295
2023-05-23,3.9509999752044678
2023-05-24,3.9649999141693115
2023-05-25,4.002999782562256
2023-05-26,3.9690001010894775
2023-05-30,3.9030001163482666
2023-05-31,3.8559999465942383
2023-06-01,3.8329999446868896
2023-06-02,3.881999969482422
2023-06-05,3.890000104904175
2023-06-06,3.874000072479248
2023-06-07,3.941999912261963
2023-06-08,3.881999969482422
2023-06-09,3.88700008392334
2023-06-12,3.9070000648498535
2023-06-13,3.940999984741211
2023-06-14,3.88100004196167
2023-06-15,3.8480000495910645
2023-06-16,3.8550000190734863
2023-06-20,3.818000078201294
2023-06-21,3.808000087738037
2023-06-22,3.871999979019165
2023-06-23,3.821000099182129
2023-06-26,3.819000005722046
2023-06-27,3.8399999141693115
2023-06-28,3.802999973297119
2023-06-29,3.9130001068115234
2023-06-30,3.8550000190734863
2023-07-03,3.869999885559082
2023-07-05,3.944000005722046
2023-07-06,4.002999782562256
2023-07-07,4.033999919891357
2023-07-10,4.043000221252441
2023-07-11,4.019000053405762
2023-07-12,3.9509999752044678
2023-07-13,3.8949999809265137
2023-07-14,3.9230000972747803
2023-07-17,3.9230000972747803
2023-07-18,3.9010000228881836
2023-07-19,3.8389999866485596
2023-07-20,3.9100000858306885
2023-07-21,3.9070000648498535
2023-07-24,3.9200000762939453
2023-07-25,3.9549999237060547
2023-07-26,3.927999973297119
2023-07-27,4.058000087738037
2023-07-28,4.03000020980835
2023-07-31,4.019000053405762
2023-08-01,4.105000019073486
2023-08-02,4.164999961853027
2023-08-03,4.303999900817871
2023-08-04,4.214000225067139
2023-08-07,4.257999897003174
2023-08-08,4.203999996185303
2023-08-09,4.178999900817871
2023-08-10,4.241000175476074
2023-08-11,4.271999835968018
2023-08-14,4.281000137329102
2023-08-15,4.318999767303467
2023-08-16,4.361000061035156
2023-08-17,4.4120001792907715
2023-08-18,4.379000186920166
2023-08-21,4.455999851226807
2023-08-22,4.409999847412109
2023-08-23,4.283999919891357
2023-08-24,4.301000118255615
2023-08-25,4.294000148773193
2023-08-28,4.290999889373779
2023-08-29,4.236999988555908
2023-08-30,4.228000164031982
2023-08-31,4.203999996185303
2023-09-01,4.284999847412109
2023-09-05,4.375999927520752
2023-09-06,4.359000205993652
2023-09-07,4.3520002365112305
2023-09-08,4.331999778747559
2023-09-11,4.376999855041504
2023-09-12,4.3460001945495605
2023-09-13,4.336999893188477
2023-09-14,4.385000228881836
2023-09-15,4.410999774932861
2023-09-18,4.395999908447266
2023-09-19,4.427999973297119
2023-09-20,4.401000022888184
2023-09-21,4.552000045776367
2023-09-22,4.520999908447266
2023-09-25,4.6579999923706055
2023-09-26,4.696000099182129
2023-09-27,4.73199987411499
2023-09-28,4.729000091552734
2023-09-29,4.710999965667725
2023-10-02,4.795000076293945
2023-10-03,4.936999797821045
2023-10-04,4.876999855041504
2023-10-05,4.886000156402588
2023-10-06,4.940999984741211
2023-10-09,4.965000152587891
2023-10-10,4.830999851226807
2023-10-11,4.73799991607666
2023-10-12,4.870999813079834
2023-10-13,4.78000020980835
2023-10-16,4.866000175476074
2023-10-17,4.949999809265137
2023-10-18,4.994999885559082
2023-10-19,5.103000164031982
2023-10-20,5.089000225067139
2023-10-23,4.988999843597412
2023-10-24,4.9629998207092285
2023-10-25,5.0920000076293945
2023-10-26,4.98799991607666
2023-10-27,5.0229997634887695
2023-10-30,5.034999847412109
2023-10-31,5.021999835968018
2023-11-01,4.974999904632568
2023-11-02,4.821000099182129
2023-11-03,4.751999855041504
2023-11-06,4.831999778747559
2023-11-07,4.735000133514404
2023-11-08,4.656000137329102
2023-11-09,4.7769999504089355
2023-11-10,4.732999801635742
2023-11-13,4.74399995803833
2023-11-14,4.620999813079834
2023-11-15,4.691999912261963
2023-11-16,4.622000217437744
2023-11-17,4.5970001220703125
2023-11-20,4.574999809265137
2023-11-21,4.579999923706055
2023-11-22,4.546999931335449
2023-11-24,4.603000164031982
2023-11-27,4.5329999923706055
2023-11-28,4.52400016784668
2023-11-29,4.451000213623047
2023-11-30,4.513000011444092
2023-12-01,4.418000221252441
2023-12-04,4.438000202178955
2023-12-05,4.304999828338623
2023-12-06,4.223999977111816
2023-12-07,4.245999813079834
2023-12-08,4.324999809265137
2023-12-11,4.329999923706055
2023-12-12,4.303999900817871
2023-12-13,4.183000087738037
2023-12-14,4.053999900817871
2023-12-15,4.0269999504089355
2023-12-18,4.068999767303467
2023-12-19,4.034999847412109
2023-12-20,4.005000114440918
2023-12-21,4.035999774932861
2023-12-22,4.053999900817871
2023-12-26,4.043000221252441
2023-12-27,3.944999933242798
2023-12-28,3.98799991607666
2023-12-29,4.019000053405762
2024-01-02,4.085000038146973
2024-01-03,4.056000232696533
2024-01-04,4.13700008392334
2024-01-05,4.199999809265137
2024-01-08,4.172999858856201
2024-01-09,4.184999942779541
2024-01-10,4.199999809265137
2024-01-11,4.182000160217285
2024-01-12,4.197000026702881
2024-01-16,4.302999973297119
2024-01-17,4.311999797821045
2024-01-18,4.370999813079834
2024-01-19,4.353000164031982
2024-01-22,4.315999984741211
2024-01-23,4.377999782562256
2024-01-24,4.413000106811523
2024-01-25,4.380000114440918
2024-01-26,4.389999866485596
2024-01-29,4.335000038146973
2024-01-30,4.2779998779296875
2024-01-31,4.215000152587891
2024-02-01,4.103000164031982
2024-02-02,4.2270002365112305
2024-02-05,4.34499979019165
2024-02-06,4.296000003814697
2024-02-07,4.309999942779541
2024-02-08,4.375999927520752
2024-02-09,4.38100004196167
2024-02-12,4.369999885559082
2024-02-13,4.466000080108643
2024-02-14,4.447999954223633
2024-02-15,4.421000003814697
2024-02-16,4.447999954223633
2024-02-20,4.448999881744385
2024-02-21,4.492000102996826
2024-02-22,4.461999893188477
2024-02-23,4.380000114440918
2024-02-26,4.418000221252441
2024-02-27,4.440999984741211
2024-02-28,4.409999847412109
2024-02-29,4.375
2024-03-01,4.326000213623047
2024-03-04,4.355000019073486
2024-03-05,4.275000095367432
2024-03-06,4.239999771118164
2024-03-07,4.248000144958496
2024-03-08,4.26200008392334
2024-03-11,4.2769999504089355
2024-03-12,4.311999797821045
2024-03-13,4.348999977111816
2024-03-14,4.442999839782715
2024-03-15,4.427999973297119
2024-03-18,4.466000080108643
2024-03-19,4.440999984741211
2024-03-20,4.454999923706055
2024-03-21,4.441999912261963
2024-03-22,4.392000198364258
2024-03-25,4.426000118255615
2024-03-26,4.400000095367432
2024-03-27,4.359000205993652
2024-03-28,4.348999977111816
2024-04-01,4.4679999351501465
2024-04-02,4.508999824523926
2024-04-03,4.508999824523926
2024-04-04,4.4720001220703125
2024-04-05,4.5320000648498535
2024-04-08,4.552999973297119
2024-04-09,4.499000072479248
2024-04-10,4.635000228881836
2024-04-11,4.659999847412109
2024-04-12,4.6020002365112305
2024-04-15,4.741000175476074
2024-04-16,4.757999897003174
2024-04-17,4.698999881744385
2024-04-18,4.744999885559082
2024-04-19,4.710999965667725
2024-04-22,4.723999977111816
2024-04-23,4.7230000495910645
2024-04-24,4.783999919891357
2024-04-25,4.820000171661377
2024-04-26,4.781000137329102
2024-04-29,4.73799991607666
2024-04-30,4.789999961853027
2024-05-01,4.7129998207092285
2024-05-02,4.7179999351501465
2024-05-03,4.660999774932861
2024-05-06,4.642000198364258
2024-05-07,4.60699987411499
2024-05-08,4.631999969482422
2024-05-09,4.605999946594238
2024-05-10,4.645999908447266
2024-05-13,4.623000144958496
2024-05-14,4.593999862670898
2024-05-15,4.515999794006348
2024-05-16,4.51800012588501
2024-05-17,4.559999942779541
2024-05-20,4.572999954223633
2024-05-21,4.553999900817871
2024-05-22,4.551000118255615
2024-05-23,4.579999923706055
2024-05-24,4.572999954223633
2024-05-28,4.656000137329102
2024-05-29,4.74399995803833
2024-05-30,4.684999942779541
2024-05-31,4.6519999504089355
2024-06-03,4.551000118255615
2024-06-04,4.484000205993652
2024-06-05,4.440999984741211
2024-06-06,4.429999828338623
2024-06-07,4.547999858856201
2024-06-10,4.59499979019165
2024-06-11,4.5370001792907715
2024-06-12,4.449999809265137
2024-06-13,4.400000095367432
2024-06-14,4.35099983215332
2024-06-17,4.409999847412109
2024-06-18,4.354000091552734
2024-06-20,4.392000198364258
2024-06-21,4.3979997634887695
2024-06-24,4.377999782562256
2024-06-25,4.372000217437744
2024-06-26,4.447000026702881
2024-06-27,4.427000045776367
2024-06-28,4.501999855041504
2024-07-01,4.64300012588501
2024-07-02,4.609000205993652
2024-07-03,4.5229997634887695
2024-07-05,4.4679999351501465
2024-07-08,4.458000183105469
2024-07-09,4.494999885559082
2024-07-10,4.46999979019165
2024-07-11,4.4039998054504395
2024-07-12,4.4019999504089355
2024-07-15,4.453999996185303
2024-07-16,4.374000072479248
2024-07-17,4.359000205993652
2024-07-18,4.406000137329102
2024-07-19,4.449999809265137
2024-07-22,4.478000164031982
2024-07-23,4.4710001945495605
2024-07-24,4.547999858856201
2024-07-25,4.5
2024-07-26,4.455999851226807
2024-07-29,4.433000087738037
2024-07-30,4.400000095367432
2024-07-31,4.36899995803833
2024-08-01,4.270999908447266
2024-08-02,4.109000205993652
2024-08-05,4.072000026702881
2024-08-06,4.177000045776367
2024-08-07,4.261000156402588
2024-08-08,4.2870001792907715
2024-08-09,4.224999904632568
2024-08-12,4.197000026702881
2024-08-13,4.164999961853027
2024-08-14,4.107999801635742
2024-08-15,4.179999828338623
2024-08-16,4.14900016784668
2024-08-19,4.114999771118164
2024-08-20,4.070000171661377
2024-08-21,4.051000118255615
2024-08-22,4.133999824523926
2024-08-23,4.1020002365112305
2024-08-26,4.107999801635742
2024-08-27,4.127999782562256
2024-08-28,4.13100004196167
2024-08-29,4.151000022888184
2024-08-30,4.196000099182129
2024-09-03,4.13100004196167
2024-09-04,4.066999912261963
2024-09-05,4.0229997634887695
2024-09-06,4.019999980926514
2024-09-09,3.999000072479248
2024-09-10,3.9549999237060547
2024-09-11,3.9630000591278076
2024-09-12,3.994999885559082
2024-09-13,3.9769999980926514
2024-09-16,3.937000036239624
2024-09-17,3.953000068664551
2024-09-18,4.007999897003174
2024-09-19,4.072000026702881
2024-09-20,4.071000099182129
2024-09-23,4.081999778747559
2024-09-24,4.089000225067139
2024-09-25,4.133999824523926
2024-09-26,4.124000072479248
2024-09-27,4.0980000495910645
2024-09-30,4.133999824523926
2024-10-01,4.079999923706055
2024-10-02,4.131999969482422
2024-10-03,4.179999828338623
2024-10-04,4.267000198364258
2024-10-07,4.306000232696533
2024-10-08,4.321000099182129
2024-10-09,4.339000225067139
2024-10-10,4.386000156402588
2024-10-11,4.382999897003174
2024-10-14,4.408999919891357
2024-10-15,4.328999996185303
2024-10-16,4.298999786376953
2024-10-17,4.394999980926514
2024-10-18,4.380000114440918
2024-10-21,4.486999988555908
2024-10-22,4.493000030517578
2024-10-23,4.515999794006348
2024-10-24,4.465000152587891
2024-10-25,4.499000072479248
2024-10-28,4.53000020980835
2024-10-29,4.519000053405762
2024-10-30,4.480000019073486
2024-10-31,4.4730000495910645
2024-11-01,4.558000087738037
2024-11-04,4.49399995803833
2024-11-05,4.449999809265137
2024-11-06,4.6020002365112305
2024-11-07,4.543000221252441
2024-11-08,4.4770002365112305
2024-11-11,4.474999904632568
2024-11-12,4.577000141143799
2024-11-13,4.63700008392334
2024-11-14,4.583000183105469
2024-11-15,4.60099983215332
2024-11-18,4.605999946594238
2024-11-19,4.565000057220459
2024-11-20,4.5920000076293945
2024-11-21,4.622000217437744
2024-11-22,4.59499979019165
2024-11-25,4.447000026702881
2024-11-26,4.480000019073486
2024-11-27,4.427000045776367
2024-11-29,4.366000175476074
2024-12-02,4.361000061035156
2024-12-03,4.394000053405762
2024-12-04,4.3470001220703125
2024-12-05,4.335999965667725
2024-12-06,4.330999851226807
2024-12-09,4.389999866485596
2024-12-10,4.4079999923706055
2024-12-11,4.479000091552734
2024-12-12,4.546999931335449
2024-12-13,4.614999771118164
2024-12-16,4.607999801635742
2024-12-17,4.578999996185303
2024-12-18,4.658999919891357
2024-12-19,4.739999771118164
2024-12-20,4.716000080108643
2024-12-23,4.783999919891357
2024-12-24,4.764999866485596
2024-12-26,4.76200008392334
2024-12-27,4.810999870300293
2024-12-30,4.763000011444092
2024-12-31,4.785999774932861
2025-01-02,4.797999858856201
2025-01-03,4.814000129699707
2025-01-06,4.8379998207092285
2025-01-07,4.909999847412109
2025-01-08,4.932000160217285
2025-01-10,4.965000152587891
2025-01-13,4.986000061035156
2025-01-14,4.984000205993652
2025-01-15,4.879000186920166
2025-01-16,4.843999862670898
2025-01-17,4.84499979019165
2025-01-21,4.802000045776367
2025-01-22,4.814000129699707
2025-01-23,4.86899995803833
2025-01-24,4.8480000495910645
2025-01-27,4.769999980926514
2025-01-28,4.789999961853027
2025-01-29,4.789999961853027
2025-01-30,4.757999897003174
2025-01-31,4.813000202178955
2025-02-03,4.770999908447266
2025-02-04,4.748000144958496
2025-02-05,4.642000198364258
2025-02-06,4.650000095367432
2025-02-07,4.690000057220459
2025-02-10,4.710999965667725
2025-02-11,4.75
2025-02-12,4.835000038146973
2025-02-13,4.73199987411499
2025-02-14,4.692999839782715
2025-02-18,4.76200008392334
2025-02-19,4.764999866485596
2025-02-20,4.73799991607666
2025-02-21,4.669000148773193
2025-02-24,4.6479997634887695
2025-02-25,4.557000160217285
2025-02-26,4.506999969482422
2025-02-27,4.553999900817871
2025-02-28,4.515999794006348
2025-03-03,4.464000225067139
2025-03-04,4.517000198364258
2025-03-05,4.557000160217285
2025-03-06,4.579999923706055
2025-03-07,4.616000175476074
2025-03-10,4.539000034332275
2025-03-11,4.603000164031982
2025-03-12,4.632999897003174
2025-03-13,4.5970001220703125
2025-03-14,4.614999771118164
2025-03-17,4.598999977111816
2025-03-18,4.578999996185303
2025-03-19,4.567999839782715
2025-03-20,4.557000160217285
2025-03-21,4.5960001945495605
2025-03-24,4.65500020980835
2025-03-25,4.656000137329102
2025-03-26,4.683000087738037
2025-03-27,4.728000164031982
2025-03-28,4.632999897003174
2025-03-31,4.61299991607666
2025-04-01,4.515999794006348
2025-04-02,4.552999973297119
2025-04-03,4.485000133514404
2025-04-04,4.388000011444092
2025-04-07,4.5929999351501465
2025-04-08,4.715000152587891
2025-04-09,4.793000221252441
2025-04-10,4.848999977111816
2025-04-11,4.876999855041504
2025-04-14,4.797999858856201
2025-04-15,4.776000022888184
2025-04-16,4.747000217437744
2025-04-17,4.809000015258789
2025-04-21,4.910999774932861
2025-04-22,4.879000186920166
2025-04-23,4.833000183105469
2025-04-24,4.764999866485596
2025-04-25,4.73799991607666
2025-04-28,4.693999767303467
2025-04-29,4.6479997634887695
2025-04-30,4.681000232696533
2025-05-01,4.736999988555908
2025-05-02,4.795000076293945
2025-05-05,4.829999923706055
2025-05-06,4.813000202178955
2025-05-07,4.7729997634887695
2025-05-08,4.835999965667725
2025-05-09,4.833000183105469
2025-05-12,4.888000011444092
2025-05-13,4.942999839782715
2025-05-14,4.9670000076293945
2025-05-15,4.918000221252441
2025-05-16,4.89900016784668
2025-05-19,4.940000057220459
2025-05-20,4.9670000076293945
2025-05-21,5.090000152587891
2025-05-22,5.065000057220459
2025-05-23,5.031000137329102
2025-05-27,4.940000057220459
2025-05-28,4.974999904632568
2025-05-29,4.922999858856201
2025-05-30,4.928999900817871
2025-06-02,4.994999885559082
2025-06-03,4.982999801635742
2025-06-04,4.88700008392334
2025-06-05,4.883999824523926
2025-06-06,4.9629998207092285
2025-06-09,4.953999996185303
2025-06-10,4.940000057220459
2025-06-11,4.9079999923706055
2025-06-12,4.8420000076293945
2025-06-13,4.914999961853027
2025-06-16,4.953999996185303
2025-06-17,4.89300012588501
2025-06-18,4.894999980926514
2025-06-20,4.888999938964844
2025-06-23,4.85699987411499
2025-06-24,4.828999996185303
2025-06-25,4.8420000076293945
2025-06-26,4.815999984741211
2025-06-27,4.84499979019165
2025-06-30,4.7789998054504395
2025-07-01,4.7789998054504395
2025-07-02,4.822999954223633
2025-07-03,4.861999988555908
2025-07-07,4.931000232696533
2025-07-08,4.943999767303467
2025-07-09,4.875999927520752
2025-07-10,4.861000061035156
2025-07-11,4.956999778747559
2025-07-14,4.9730000495910645
2025-07-15,5.01800012588501
2025-07-16,5.013999938964844
2025-07-17,5.013999938964844
2025-07-18,5.000999927520752
2025-07-21,4.936999797821045
2025-07-22,4.9019999504089355
2025-07-23,4.948999881744385
2025-07-24,4.948999881744385
2025-07-25,4.928999900817871
2025-07-28,4.964000225067139
2025-07-29,4.870999813079834
2025-07-30,4.910999774932861
2025-07-31,4.886000156402588
2025-08-01,4.807000160217285
2025-08-04,4.796999931335449
2025-08-05,4.769000053405762
2025-08-06,4.810999870300293
2025-08-07,4.815999984741211
2025-08-08,4.855000019073486
2025-08-11,4.841000080108643
2025-08-12,4.885000228881836
2025-08-13,4.828000068664551
2025-08-14,4.882999897003174
2025-08-15,4.926000118255615
2025-08-18,4.941999912261963
2025-08-19,4.9019999504089355
2025-08-20,4.9039998054504395
2025-08-21,4.923999786376953
2025-08-22,4.883999824523926
2025-08-25,4.888000011444092
2025-08-26,4.908999919891357
2025-08-27,4.913000106811523
2025-08-28,4.874000072479248
2025-08-29,4.916999816894531
2025-09-02,4.9710001945495605
2025-09-03,4.892000198364258
2025-09-04,4.874000072479248
2025-09-05,4.775000095367432
2025-09-08,4.689000129699707
2025-09-09,4.7179999351501465
2025-09-10,4.677999973297119
2025-09-11,4.651000022888184
2025-09-12,4.678999900817871
2025-09-15,4.656000137329102
2025-09-16,4.645999908447266
2025-09-17,4.675000190734863
2025-09-18,4.71999979019165
2025-09-19,4.75600004196167
2025-09-22,4.761000156402588
2025-09-23,4.73799991607666
2025-09-24,4.757999897003174
2025-09-25,4.751999855041504
2025-09-26,4.765999794006348
2025-09-29,4.703999996185303
2025-09-30,4.73199987411499
2025-10-01,4.715000152587891
2025-10-02,4.695000171661377
2025-10-03,4.714000225067139
2025-10-06,4.757999897003174
2025-10-07,4.72599983215332
2025-10-08,4.723999977111816
2025-10-09,4.732999801635742
2025-10-10,4.633999824523926
2025-10-13,4.63100004196167
2025-10-14,4.623000144958496
2025-10-15,4.638999938964844
2025-10-16,4.583000183105469
2025-10-17,4.603000164031982
2025-10-20,4.576000213623047
2025-10-21,4.547999858856201
2025-10-22,4.539000034332275
2025-10-23,4.572999954223633
2025-10-24,4.585000038146973
2025-10-27,4.570000171661377
2025-10-28,4.546999931335449
2025-10-29,4.599999904632568
2025-10-30,4.646999835968018
2025-10-31,4.670000076293945
2025-11-03,4.689000129699707
2025-11-04,4.670000076293945
2025-11-05,4.736000061035156
2025-11-06,4.688000202178955
2025-11-07,4.699999809265137
2025-11-10,4.702000141143799
2025-11-11,4.710000038146973
2025-11-12,4.660999774932861
2025-11-13,4.702000141143799
2025-11-14,4.747000217437744
2025-11-17,4.736000061035156
2025-11-18,4.743000030517578
2025-11-19,4.751999855041504
2025-11-20,4.73199987411499
2025-11-21,4.715000152587891
2025-11-24,4.677999973297119
2025-11-25,4.6579999923706055
2025-11-26,4.644000053405762
2025-11-28,4.664999961853027
2025-12-01,4.74399995803833
2025-12-02,4.741000175476074
2025-12-03,4.724999904632568
2025-12-04,4.764999866485596
2025-12-05,4.791999816894531
2025-12-08,4.815999984741211
2025-12-09,4.809000015258789
2025-12-10,4.796999931335449
2025-12-11,4.789999961853027
2025-12-12,4.857999801635742
2025-12-15,4.85099983215332
2025-12-16,4.823999881744385
2025-12-17,4.828000068664551
2025-12-18,4.798999786376953
2025-12-19,4.828000068664551
2025-12-22,4.8420000076293945
2025-12-23,4.830999851226807
2025-12-24,4.797999858856201
2025-12-26,4.820000171661377
2025-12-29,4.804999828338623
2025-12-30,4.813000202178955
2025-12-31,4.840000152587891
2026-01-02,4.863999843597412
2026-01-05,4.854000091552734
2026-01-06,4.866000175476074
2026-01-07,4.815000057220459
2026-01-08,4.857999801635742
2026-01-09,4.818999767303467
2026-01-12,4.840000152587891
2026-01-13,4.828000068664551
2026-01-14,4.795000076293945
2026-01-15,4.7870001792907715
2026-01-16,4.840000152587891
2026-01-20,4.920000076293945
2026-01-21,4.870999813079834
2026-01-22,4.8470001220703125
2026-01-23,4.833000183105469
2026-01-26,4.804999828338623
2026-01-27,4.831999778747559
2026-01-28,4.860000133514404
2026-01-29,4.854000091552734
2026-01-30,4.872000217437744
2026-02-02,4.908999919891357
2026-02-03,4.906000137329102
2026-02-04,4.914999961853027
2026-02-05,4.861999988555908
2026-02-06,4.855000019073486
2026-02-09,4.8480000495910645
2026-02-10,4.788000106811523
2026-02-11,4.814000129699707
2026-02-12,4.730999946594238
2026-02-13,4.697999954223633
2026-02-17,4.683000087738037
2026-02-18,4.705999851226807
2026-02-19,4.703999996185303
2026-02-20,4.724999904632568
2026-02-23,4.696000099182129
2026-02-24,4.689000129699707
2026-02-25,4.693999767303467
2026-02-26,4.669000148773193
2026-02-27,4.632999897003174
2026-03-02,4.697999954223633
2026-03-03,4.702000141143799
2026-03-04,4.716000080108643
2026-03-05,4.751999855041504
2026-03-06,4.755000114440918
2026-03-09,4.739999771118164
2026-03-10,4.770999908447266
2026-03-11,4.85699987411499
2026-03-12,4.885000228881836
2026-03-13,4.9079999923706055
2026-03-16,4.859000205993652
2026-03-17,4.8520002365112305
2026-03-18,4.88100004196167
2026-03-19,4.8520002365112305
2026-03-20,4.960000038146973
2026-03-23,4.9120001792907715
2026-03-24,4.940999984741211
2026-03-25,4.896999835968018
2026-03-26,4.935999870300293
2026-03-27,4.98199987411499
2026-03-30,4.90500020980835
2026-03-31,4.890999794006348
2026-04-01,4.900000095367432
2026-04-02,4.889999866485596
2026-04-06,4.890999794006348
2026-04-07,4.921000003814697
2026-04-08,4.88700008392334
2026-04-09,4.896999835968018
2026-04-10,4.914000034332275
2026-04-13,4.900000095367432
2026-04-14,4.868000030517578
2026-04-15,4.890999794006348
2026-04-16,4.928999900817871
2026-04-17,4.885000228881836
2026-04-20,4.88100004196167
2026-04-21,4.8979997634887695
2026-04-22,4.9019999504089355
2026-04-23,4.918000221252441
2026-04-24,4.915999889373779
2026-04-27,4.941999912261963
2026-04-28,4.943999767303467
2026-04-29,4.986999988555908
2026-04-30,4.986999988555908
2026-05-01,4.966000080108643
2026-05-04,5.025000095367432
2026-05-05,4.984000205993652
2026-05-06,4.942999839782715
2026-05-07,4.968999862670898
2026-05-08,4.947000026702881
2026-05-11,4.986000061035156
2026-05-12,5.031000137329102
2026-05-13,5.046999931335449
2026-05-14,5.01200008392334
2026-05-15,5.127999782562256
2026-05-18,5.146999835968018
2026-05-19,5.181000232696533
2026-05-20,5.116000175476074
2026-05-21,5.111999988555908
2026-05-22,5.064000129699707
2026-05-26,5.026000022888184
2026-05-27,5.011000156402588
2026-05-28,4.985000133514404
2026-05-29,4.993000030517578
2026-06-01,4.991000175476074
2026-06-02,4.9670000076293945
2026-06-03,4.989999771118164
2026-06-04,4.978000164031982
2026-06-05,4.999000072479248
2026-06-08,5.02400016784668
2026-06-09,5.011000156402588
2026-06-10,5.025000095367432
2026-06-11,4.951000213623047
2026-06-12,4.974999904632568
2026-06-15,4.9710001945495605
2026-06-16,4.927999973297119
2026-06-17,4.926000118255615
2026-06-18,4.901000022888184
2026-06-22,4.947000026702881
2026-06-23,4.940000057220459
2026-06-24,4.855999946594238
2026-06-25,4.857999801635742
2026-06-26,4.863999843597412
2026-06-29,4.860000133514404
2026-06-30,4.9019999504089355
2026-07-01,4.966000080108643
2026-07-02,4.985000133514404
2026-07-06,4.993000030517578
2026-07-07,5.043000221252441
2026-07-08,5.065000057220459
2026-07-09,5.052999973297119
2026-07-10,5.071000099182129
2026-07-13,5.0980000495910645
2026-07-14,5.093999862670898
2026-07-15,5.083000183105469
2026-07-16,5.0980000495910645
2026-07-17,5.064000129699707
2026-07-20,5.118000030517578
2026-07-21,5.130000114440918
2026-07-22,5.146999835968018
2026-07-23,5.171000003814697
2026-07-24,5.1620001792907715
2026-07-27,5.125
2026-07-28,5.0960001945495605
2026-07-29,5.14300012588501
2026-07-30,5.208000183105469
2026-07-31,5.275000095367432
2026-08-03,5.230999946594238
2026-08-04,5.190000057220459
2026-08-05,5.173999786376953
2026-08-06,5.2129998207092285
2026-08-07,5.210999965667725
2026-08-10,5.243000030517578
2026-08-11,5.236000061035156
2026-08-12,5.247000217437744
2026-08-13,5.2129998207092285
2026-08-14,5.264999866485596
