date,close
1990-01-02,7.869999885559082
1990-01-03,7.920000076293945
1990-01-04,7.909999847412109
1990-01-05,7.920000076293945
1990-01-08,7.920000076293945
1990-01-09,7.920000076293945
1990-01-10,7.920000076293945
1990-01-11,7.940000057220459
1990-01-12,7.989999771118164
1990-01-16,8.109999656677246
1990-01-17,8.109999656677246
1990-01-18,8.270000457763672
1990-01-19,8.199999809265137
1990-01-22,8.1899995803833
1990-01-23,8.180000305175781
1990-01-24,8.279999732971191
1990-01-25,8.3100004196167
1990-01-26,8.380000114440918
1990-01-29,8.390000343322754
1990-01-30,8.430000305175781
1990-01-31,8.350000381469727
1990-02-01,8.350000381469727
1990-02-02,8.420000076293945
1990-02-05,8.4399995803833
1990-02-06,8.489999771118164
1990-02-07,8.510000228881836
1990-02-08,8.449999809265137
1990-02-09,8.289999961853027
1990-02-12,8.369999885559082
1990-02-13,8.289999961853027
1990-02-14,8.34000015258789
1990-02-15,8.399999618530273
1990-02-16,8.40999984741211
1990-02-20,8.579999923706055
1990-02-21,8.600000381469727
1990-02-22,8.479999542236328
1990-02-23,8.470000267028809
1990-02-26,8.399999618530273
1990-02-27,8.34000015258789
1990-02-28,8.4399995803833
1990-03-01,8.529999732971191
1990-03-02,8.5
1990-03-05,8.579999923706055
1990-03-06,8.569999694824219
1990-03-07,8.5600004196167
1990-03-08,8.569999694824219
1990-03-09,8.680000305175781
1990-03-12,8.670000076293945
1990-03-13,8.75
1990-03-14,8.670000076293945
1990-03-15,8.6899995803833
1990-03-16,8.609999656677246
1990-03-19,8.649999618530273
1990-03-20,8.609999656677246
1990-03-21,8.619999885559082
1990-03-22,8.5600004196167
1990-03-23,8.539999961853027
1990-03-26,8.520000457763672
1990-03-27,8.550000190734863
1990-03-28,8.529999732971191
1990-03-29,8.600000381469727
1990-03-30,8.649999618530273
1990-04-02,8.649999618530273
1990-04-03,8.640000343322754
1990-04-04,8.5600004196167
1990-04-05,8.569999694824219
1990-04-06,8.550000190734863
1990-04-09,8.579999923706055
1990-04-10,8.579999923706055
1990-04-11,8.600000381469727
1990-04-12,8.619999885559082
1990-04-16,8.649999618530273
1990-04-17,8.729999542236328
1990-04-18,8.84000015258789
1990-04-19,8.84000015258789
1990-04-20,8.880000114440918
1990-04-23,8.920000076293945
1990-04-24,8.960000038146973
1990-04-25,9.0
1990-04-26,9.09000015258789
1990-04-27,9.0600004196167
1990-04-30,9.039999961853027
1990-05-01,9.079999923706055
1990-05-02,9.100000381469727
1990-05-03,9.039999961853027
1990-05-04,8.800000190734863
1990-05-07,8.829999923706055
1990-05-08,8.789999961853027
1990-05-09,8.869999885559082
1990-05-10,8.800000190734863
1990-05-11,8.640000343322754
1990-05-14,8.600000381469727
1990-05-15,8.640000343322754
1990-05-16,8.65999984741211
1990-05-17,8.6899995803833
1990-05-18,8.739999771118164
1990-05-21,8.739999771118164
1990-05-22,8.65999984741211
1990-05-23,8.609999656677246
1990-05-24,8.579999923706055
1990-05-25,8.609999656677246
1990-05-29,8.59000015258789
1990-05-30,8.5600004196167
1990-05-31,8.5600004196167
1990-06-01,8.380000114440918
1990-06-04,8.390000343322754
1990-06-05,8.420000076293945
1990-06-06,8.430000305175781
1990-06-07,8.40999984741211
1990-06-08,8.420000076293945
1990-06-11,8.430000305175781
1990-06-12,8.4399995803833
1990-06-13,8.350000381469727
1990-06-14,8.319999694824219
1990-06-15,8.40999984741211
1990-06-18,8.449999809265137
1990-06-19,8.470000267028809
1990-06-20,8.510000228881836
1990-06-21,8.479999542236328
1990-06-22,8.460000038146973
1990-06-25,8.529999732971191
1990-06-26,8.510000228881836
1990-06-27,8.470000267028809
1990-06-28,8.40999984741211
1990-06-29,8.350000381469727
1990-07-02,8.350000381469727
1990-07-03,8.319999694824219
1990-07-05,8.34000015258789
1990-07-06,8.4399995803833
1990-07-09,8.489999771118164
1990-07-10,8.5
1990-07-11,8.489999771118164
1990-07-12,8.369999885559082
1990-07-13,8.319999694824219
1990-07-16,8.3100004196167
1990-07-17,8.300000190734863
1990-07-18,8.34000015258789
1990-07-19,8.329999923706055
1990-07-20,8.279999732971191
1990-07-23,8.279999732971191
1990-07-24,8.350000381469727
1990-07-25,8.3100004196167
1990-07-26,8.3100004196167
1990-07-27,8.25
1990-07-30,8.140000343322754
1990-07-31,8.130000114440918
1990-08-01,8.0600004196167
1990-08-02,8.149999618530273
1990-08-03,8.109999656677246
1990-08-06,8.289999961853027
1990-08-07,8.40999984741211
1990-08-08,8.430000305175781
1990-08-09,8.329999923706055
1990-08-10,8.350000381469727
1990-08-13,8.359999656677246
1990-08-14,8.34000015258789
1990-08-15,8.329999923706055
1990-08-16,8.449999809265137
1990-08-17,8.489999771118164
1990-08-20,8.5
1990-08-21,8.5600004196167
1990-08-22,8.619999885559082
1990-08-23,8.6899995803833
1990-08-24,8.75
1990-08-27,8.609999656677246
1990-08-28,8.670000076293945
1990-08-29,8.520000457763672
1990-08-30,8.520000457763672
1990-08-31,8.5
1990-09-04,8.529999732971191
1990-09-05,8.470000267028809
1990-09-06,8.470000267028809
1990-09-07,8.449999809265137
1990-09-10,8.5
1990-09-11,8.479999542236328
1990-09-12,8.449999809265137
1990-09-13,8.4399995803833
1990-09-14,8.479999542236328
1990-09-17,8.489999771118164
1990-09-18,8.479999542236328
1990-09-19,8.510000228881836
1990-09-20,8.529999732971191
1990-09-21,8.579999923706055
1990-09-24,8.640000343322754
1990-09-25,8.640000343322754
1990-09-26,8.630000114440918
1990-09-27,8.520000457763672
1990-09-28,8.470000267028809
1990-10-01,8.380000114440918
1990-10-02,8.350000381469727
1990-10-03,8.329999923706055
1990-10-04,8.300000190734863
1990-10-05,8.270000457763672
1990-10-09,8.430000305175781
1990-10-10,8.489999771118164
1990-10-11,8.510000228881836
1990-10-12,8.4399995803833
1990-10-15,8.390000343322754
1990-10-16,8.390000343322754
1990-10-17,8.369999885559082
1990-10-18,8.319999694824219
1990-10-19,8.25
1990-10-22,8.25
1990-10-23,8.25
1990-10-24,8.260000228881836
1990-10-25,8.210000038146973
1990-10-26,8.229999542236328
1990-10-29,8.270000457763672
1990-10-30,8.279999732971191
1990-10-31,8.239999771118164
1990-11-01,8.149999618530273
1990-11-02,8.15999984741211
1990-11-05,8.100000381469727
1990-11-06,8.109999656677246
1990-11-07,8.15999984741211
1990-11-08,8.180000305175781
1990-11-09,8.100000381469727
1990-11-13,8.010000228881836
1990-11-14,8.010000228881836
1990-11-15,8.010000228881836
1990-11-16,7.960000038146973
1990-11-19,8.010000228881836
1990-11-20,7.980000019073486
1990-11-21,7.920000076293945
1990-11-23,7.920000076293945
1990-11-26,7.920000076293945
1990-11-27,7.940000057220459
1990-11-28,7.940000057220459
1990-11-29,7.960000038146973
1990-11-30,7.909999847412109
1990-12-03,7.880000114440918
1990-12-04,7.829999923706055
1990-12-05,7.820000171661377
1990-12-06,7.820000171661377
1990-12-07,7.670000076293945
1990-12-10,7.630000114440918
1990-12-11,7.599999904632568
1990-12-12,7.590000152587891
1990-12-13,7.679999828338623
1990-12-14,7.739999771118164
1990-12-17,7.710000038146973
1990-12-18,7.670000076293945
1990-12-19,7.639999866485596
1990-12-20,7.670000076293945
1990-12-21,7.75
1990-12-24,7.840000152587891
1990-12-26,7.78000020980835
1990-12-27,7.75
1990-12-28,7.78000020980835
1990-12-31,7.679999828338623
1991-01-02,7.590000152587891
1991-01-03,7.559999942779541
1991-01-04,7.650000095367432
1991-01-07,7.75
1991-01-08,7.739999771118164
1991-01-09,7.809999942779541
1991-01-10,7.760000228881836
1991-01-11,7.789999961853027
1991-01-14,7.820000171661377
1991-01-15,7.789999961853027
1991-01-16,7.829999923706055
1991-01-17,7.710000038146973
1991-01-18,7.679999828338623
1991-01-22,7.699999809265137
1991-01-23,7.670000076293945
1991-01-24,7.610000133514404
1991-01-25,7.670000076293945
1991-01-28,7.670000076293945
1991-01-29,7.639999866485596
1991-01-30,7.639999866485596
1991-01-31,7.619999885559082
1991-02-01,7.449999809265137
1991-02-04,7.429999828338623
1991-02-05,7.400000095367432
1991-02-06,7.400000095367432
1991-02-07,7.420000076293945
1991-02-08,7.400000095367432
1991-02-11,7.389999866485596
1991-02-12,7.389999866485596
1991-02-13,7.389999866485596
1991-02-14,7.380000114440918
1991-02-15,7.409999847412109
1991-02-19,7.460000038146973
1991-02-20,7.489999771118164
1991-02-21,7.510000228881836
1991-02-22,7.570000171661377
1991-02-25,7.570000171661377
1991-02-26,7.619999885559082
1991-02-27,7.639999866485596
1991-02-28,7.659999847412109
1991-03-01,7.78000020980835
1991-03-04,7.769999980926514
1991-03-05,7.730000019073486
1991-03-06,7.769999980926514
1991-03-07,7.730000019073486
1991-03-08,7.769999980926514
1991-03-11,7.710000038146973
1991-03-12,7.739999771118164
1991-03-13,7.670000076293945
1991-03-14,7.639999866485596
1991-03-15,7.730000019073486
1991-03-18,7.789999961853027
1991-03-19,7.929999828338623
1991-03-20,7.880000114440918
1991-03-21,7.820000171661377
1991-03-22,7.820000171661377
1991-03-25,7.829999923706055
1991-03-26,7.840000152587891
1991-03-27,7.760000228881836
1991-03-28,7.730000019073486
1991-04-01,7.739999771118164
1991-04-02,7.679999828338623
1991-04-03,7.710000038146973
1991-04-04,7.670000076293945
1991-04-05,7.650000095367432
1991-04-08,7.630000114440918
1991-04-09,7.679999828338623
1991-04-10,7.75
1991-04-11,7.739999771118164
1991-04-12,7.639999866485596
1991-04-15,7.639999866485596
1991-04-16,7.659999847412109
1991-04-17,7.639999866485596
1991-04-18,7.739999771118164
1991-04-19,7.800000190734863
1991-04-22,7.829999923706055
1991-04-23,7.78000020980835
1991-04-24,7.730000019073486
1991-04-25,7.699999809265137
1991-04-26,7.679999828338623
1991-04-29,7.699999809265137
1991-04-30,7.630000114440918
1991-05-01,7.630000114440918
1991-05-02,7.590000152587891
1991-05-03,7.670000076293945
1991-05-06,7.670000076293945
1991-05-07,7.670000076293945
1991-05-08,7.679999828338623
1991-05-09,7.679999828338623
1991-05-10,7.760000228881836
1991-05-13,7.71999979019165
1991-05-14,7.78000020980835
1991-05-15,7.769999980926514
1991-05-16,7.769999980926514
1991-05-17,7.769999980926514
1991-05-20,7.78000020980835
1991-05-21,7.739999771118164
1991-05-22,7.71999979019165
1991-05-23,7.710000038146973
1991-05-24,7.679999828338623
1991-05-28,7.659999847412109
1991-05-29,7.659999847412109
1991-05-30,7.630000114440918
1991-05-31,7.690000057220459
1991-06-03,7.800000190734863
1991-06-04,7.800000190734863
1991-06-05,7.840000152587891
1991-06-06,7.889999866485596
1991-06-07,7.960000038146973
1991-06-10,7.949999809265137
1991-06-11,7.960000038146973
1991-06-12,8.020000457763672
1991-06-13,8.0
1991-06-14,7.940000057220459
1991-06-17,7.960000038146973
1991-06-18,7.96999979019165
1991-06-19,7.96999979019165
1991-06-20,7.909999847412109
1991-06-21,7.949999809265137
1991-06-24,7.980000019073486
1991-06-25,7.989999771118164
1991-06-26,7.980000019073486
1991-06-27,7.96999979019165
1991-06-28,7.900000095367432
1991-07-01,7.929999828338623
1991-07-02,7.949999809265137
1991-07-03,7.920000076293945
1991-07-05,8.010000228881836
1991-07-08,8.0
1991-07-09,8.020000457763672
1991-07-10,8.0
1991-07-11,7.949999809265137
1991-07-12,7.900000095367432
1991-07-15,7.900000095367432
1991-07-16,7.909999847412109
1991-07-17,7.940000057220459
1991-07-18,7.949999809265137
1991-07-19,7.909999847412109
1991-07-22,7.920000076293945
1991-07-23,7.960000038146973
1991-07-24,7.860000133514404
1991-07-25,7.809999942779541
1991-07-26,7.820000171661377
1991-07-29,7.809999942779541
1991-07-30,7.809999942779541
1991-07-31,7.769999980926514
1991-08-01,7.78000020980835
1991-08-02,7.619999885559082
1991-08-05,7.619999885559082
1991-08-06,7.539999961853027
1991-08-07,7.510000228881836
1991-08-08,7.53000020980835
1991-08-09,7.510000228881836
1991-08-12,7.489999771118164
1991-08-13,7.460000038146973
1991-08-14,7.369999885559082
1991-08-15,7.369999885559082
1991-08-16,7.329999923706055
1991-08-19,7.309999942779541
1991-08-20,7.239999771118164
1991-08-21,7.269999980926514
1991-08-22,7.25
1991-08-23,7.389999866485596
1991-08-26,7.440000057220459
1991-08-27,7.420000076293945
1991-08-28,7.320000171661377
1991-08-29,7.239999771118164
1991-08-30,7.340000152587891
1991-09-03,7.320000171661377
1991-09-04,7.309999942779541
1991-09-05,7.320000171661377
1991-09-06,7.239999771118164
1991-09-09,7.199999809265137
1991-09-10,7.199999809265137
1991-09-11,7.210000038146973
1991-09-12,7.150000095367432
1991-09-13,7.130000114440918
1991-09-16,7.110000133514404
1991-09-17,7.099999904632568
1991-09-18,7.099999904632568
1991-09-19,7.099999904632568
1991-09-20,7.090000152587891
1991-09-23,7.090000152587891
1991-09-24,7.090000152587891
1991-09-25,7.059999942779541
1991-09-26,7.03000020980835
1991-09-27,6.949999809265137
1991-09-30,6.920000076293945
1991-10-01,6.900000095367432
1991-10-02,6.900000095367432
1991-10-03,6.880000114440918
1991-10-04,6.809999942779541
1991-10-07,6.809999942779541
1991-10-08,6.820000171661377
1991-10-09,6.869999885559082
1991-10-10,6.929999828338623
1991-10-11,6.840000152587891
1991-10-15,6.809999942779541
1991-10-16,6.789999961853027
1991-10-17,6.900000095367432
1991-10-18,6.880000114440918
1991-10-21,6.949999809265137
1991-10-22,6.989999771118164
1991-10-23,7.0
1991-10-24,6.909999847412109
1991-10-25,6.960000038146973
1991-10-28,6.909999847412109
1991-10-29,6.800000190734863
1991-10-30,6.769999980926514
1991-10-31,6.739999771118164
1991-11-01,6.710000038146973
1991-11-04,6.739999771118164
1991-11-05,6.789999961853027
1991-11-06,6.71999979019165
1991-11-07,6.650000095367432
1991-11-08,6.659999847412109
1991-11-12,6.650000095367432
1991-11-13,6.690000057220459
1991-11-14,6.619999885559082
1991-11-15,6.579999923706055
1991-11-18,6.570000171661377
1991-11-19,6.550000190734863
1991-11-20,6.559999942779541
1991-11-21,6.539999961853027
1991-11-22,6.559999942779541
1991-11-25,6.610000133514404
1991-11-26,6.53000020980835
1991-11-27,6.53000020980835
1991-11-29,6.480000019073486
1991-12-02,6.429999828338623
1991-12-03,6.389999866485596
1991-12-04,6.269999980926514
1991-12-05,6.300000190734863
1991-12-06,6.309999942779541
1991-12-09,6.230000019073486
1991-12-10,6.25
1991-12-11,6.260000228881836
1991-12-12,6.230000019073486
1991-12-13,6.300000190734863
1991-12-16,6.28000020980835
1991-12-17,6.239999771118164
1991-12-18,6.300000190734863
1991-12-19,6.190000057220459
1991-12-20,6.019999980926514
1991-12-23,6.0
1991-12-24,6.010000228881836
1991-12-26,6.0
1991-12-27,6.0
1991-12-30,5.96999979019165
1991-12-31,5.929999828338623
1992-01-02,5.980000019073486
1992-01-03,6.050000190734863
1992-01-06,6.019999980926514
1992-01-07,5.940000057220459
1992-01-08,5.960000038146973
1992-01-09,6.019999980926514
1992-01-10,6.099999904632568
1992-01-13,6.210000038146973
1992-01-14,6.340000152587891
1992-01-15,6.369999885559082
1992-01-16,6.409999847412109
1992-01-17,6.360000133514404
1992-01-21,6.269999980926514
1992-01-22,6.28000020980835
1992-01-23,6.320000171661377
1992-01-24,6.400000095367432
1992-01-27,6.409999847412109
1992-01-28,6.320000171661377
1992-01-29,6.420000076293945
1992-01-30,6.480000019073486
1992-01-31,6.440000057220459
1992-02-03,6.519999980926514
1992-02-04,6.460000038146973
1992-02-05,6.400000095367432
1992-02-06,6.400000095367432
1992-02-07,6.400000095367432
1992-02-10,6.380000114440918
1992-02-11,6.400000095367432
1992-02-12,6.460000038146973
1992-02-13,6.610000133514404
1992-02-14,6.650000095367432
1992-02-18,6.690000057220459
1992-02-19,6.670000076293945
1992-02-20,6.670000076293945
1992-02-21,6.769999980926514
1992-02-24,6.809999942779541
1992-02-25,6.78000020980835
1992-02-26,6.659999847412109
1992-02-27,6.670000076293945
1992-02-28,6.579999923706055
1992-03-02,6.730000019073486
1992-03-03,6.760000228881836
1992-03-04,6.760000228881836
1992-03-05,6.869999885559082
1992-03-06,6.849999904632568
1992-03-09,6.769999980926514
1992-03-10,6.78000020980835
1992-03-11,6.860000133514404
1992-03-12,7.010000228881836
1992-03-13,7.139999866485596
1992-03-16,7.119999885559082
1992-03-17,7.059999942779541
1992-03-18,7.059999942779541
1992-03-19,7.03000020980835
1992-03-20,7.119999885559082
1992-03-23,7.099999904632568
1992-03-24,7.0
1992-03-25,6.960000038146973
1992-03-26,6.980000019073486
1992-03-27,6.96999979019165
1992-03-30,6.929999828338623
1992-03-31,6.940000057220459
1992-04-01,6.820000171661377
1992-04-02,6.849999904632568
1992-04-03,6.760000228881836
1992-04-06,6.739999771118164
1992-04-07,6.730000019073486
1992-04-08,6.760000228881836
1992-04-09,6.590000152587891
1992-04-10,6.619999885559082
1992-04-13,6.579999923706055
1992-04-14,6.599999904632568
1992-04-15,6.659999847412109
1992-04-16,6.760000228881836
1992-04-20,6.900000095367432
1992-04-21,6.889999866485596
1992-04-22,6.889999866485596
1992-04-23,6.909999847412109
1992-04-24,6.849999904632568
1992-04-27,6.900000095367432
1992-04-28,6.869999885559082
1992-04-29,6.880000114440918
1992-04-30,6.909999847412109
1992-05-01,6.820000171661377
1992-05-04,6.820000171661377
1992-05-05,6.800000190734863
1992-05-06,6.760000228881836
1992-05-07,6.800000190734863
1992-05-08,6.730000019073486
1992-05-11,6.710000038146973
1992-05-12,6.659999847412109
1992-05-13,6.639999866485596
1992-05-14,6.630000114440918
1992-05-15,6.599999904632568
1992-05-18,6.590000152587891
1992-05-19,6.46999979019165
1992-05-20,6.550000190734863
1992-05-21,6.769999980926514
1992-05-22,6.690000057220459
1992-05-26,6.789999961853027
1992-05-27,6.739999771118164
1992-05-28,6.670000076293945
1992-05-29,6.610000133514404
1992-06-01,6.690000057220459
1992-06-02,6.610000133514404
1992-06-03,6.599999904632568
1992-06-04,6.599999904632568
1992-06-05,6.550000190734863
1992-06-08,6.559999942779541
1992-06-09,6.590000152587891
1992-06-10,6.590000152587891
1992-06-11,6.559999942779541
1992-06-12,6.489999771118164
1992-06-15,6.489999771118164
1992-06-16,6.440000057220459
1992-06-17,6.440000057220459
1992-06-18,6.389999866485596
1992-06-19,6.449999809265137
1992-06-22,6.449999809265137
1992-06-23,6.5
1992-06-24,6.389999866485596
1992-06-25,6.320000171661377
1992-06-26,6.329999923706055
1992-06-29,6.289999961853027
1992-06-30,6.289999961853027
1992-07-01,6.269999980926514
1992-07-02,6.019999980926514
1992-07-06,5.96999979019165
1992-07-07,5.909999847412109
1992-07-08,5.929999828338623
1992-07-09,5.929999828338623
1992-07-10,5.920000076293945
1992-07-13,5.940000057220459
1992-07-14,5.900000095367432
1992-07-15,5.800000190734863
1992-07-16,5.800000190734863
1992-07-17,5.820000171661377
1992-07-20,5.820000171661377
1992-07-21,5.820000171661377
1992-07-22,5.769999980926514
1992-07-23,5.619999885559082
1992-07-24,5.659999847412109
1992-07-27,5.659999847412109
1992-07-28,5.630000114440918
1992-07-29,5.619999885559082
1992-07-30,5.760000228881836
1992-07-31,5.840000152587891
1992-08-03,5.820000171661377
1992-08-04,5.71999979019165
1992-08-05,5.690000057220459
1992-08-06,5.670000076293945
1992-08-07,5.559999942779541
1992-08-10,5.5
1992-08-11,5.5
1992-08-12,5.539999961853027
1992-08-13,5.570000171661377
1992-08-14,5.539999961853027
1992-08-17,5.550000190734863
1992-08-18,5.440000057220459
1992-08-19,5.429999828338623
1992-08-20,5.420000076293945
1992-08-21,5.539999961853027
1992-08-24,5.71999979019165
1992-08-25,5.760000228881836
1992-08-26,5.699999809265137
1992-08-27,5.650000095367432
1992-08-28,5.599999904632568
1992-08-31,5.599999904632568
1992-09-01,5.519999980926514
1992-09-02,5.5
1992-09-03,5.5
1992-09-04,5.300000190734863
1992-09-08,5.210000038146973
1992-09-09,5.25
1992-09-10,5.260000228881836
1992-09-11,5.329999923706055
1992-09-14,5.28000020980835
1992-09-15,5.369999885559082
1992-09-16,5.400000095367432
1992-09-17,5.409999847412109
1992-09-18,5.409999847412109
1992-09-21,5.460000038146973
1992-09-22,5.519999980926514
1992-09-23,5.539999961853027
1992-09-24,5.46999979019165
1992-09-25,5.329999923706055
1992-09-28,5.28000020980835
1992-09-29,5.309999942779541
1992-09-30,5.329999923706055
1992-10-01,5.179999828338623
1992-10-02,5.21999979019165
1992-10-05,5.179999828338623
1992-10-06,5.25
1992-10-07,5.429999828338623
1992-10-08,5.369999885559082
1992-10-09,5.5
1992-10-13,5.489999771118164
1992-10-14,5.510000228881836
1992-10-15,5.519999980926514
1992-10-16,5.570000171661377
1992-10-19,5.710000038146973
1992-10-20,5.900000095367432
1992-10-21,5.820000171661377
1992-10-22,5.789999961853027
1992-10-23,5.909999847412109
1992-10-26,5.920000076293945
1992-10-27,5.820000171661377
1992-10-28,5.829999923706055
1992-10-29,5.789999961853027
1992-10-30,5.900000095367432
1992-11-02,5.960000038146973
1992-11-03,5.940000057220459
1992-11-04,5.940000057220459
1992-11-05,5.929999828338623
1992-11-06,6.019999980926514
1992-11-09,6.090000152587891
1992-11-10,6.010000228881836
1992-11-12,5.889999866485596
1992-11-13,5.989999771118164
1992-11-16,6.110000133514404
1992-11-17,6.079999923706055
1992-11-18,5.96999979019165
1992-11-19,6.0
1992-11-20,6.079999923706055
1992-11-23,6.099999904632568
1992-11-24,6.039999961853027
1992-11-25,6.119999885559082
1992-11-27,6.21999979019165
1992-11-30,6.230000019073486
1992-12-01,6.239999771118164
1992-12-02,6.230000019073486
1992-12-03,6.199999809265137
1992-12-04,6.110000133514404
1992-12-07,6.050000190734863
1992-12-08,5.989999771118164
1992-12-09,6.010000228881836
1992-12-10,6.039999961853027
1992-12-11,6.099999904632568
1992-12-14,6.150000095367432
1992-12-15,6.119999885559082
1992-12-16,6.059999942779541
1992-12-17,6.079999923706055
1992-12-18,6.070000171661377
1992-12-21,6.050000190734863
1992-12-22,6.019999980926514
1992-12-23,6.010000228881836
1992-12-24,6.019999980926514
1992-12-28,6.059999942779541
1992-12-29,6.039999961853027
1992-12-30,5.980000019073486
1992-12-31,6.039999961853027
1993-01-04,5.900000095367432
1993-01-05,5.900000095367432
1993-01-06,5.940000057220459
1993-01-07,6.050000190734863
1993-01-08,5.96999979019165
1993-01-11,5.929999828338623
1993-01-12,5.949999809265137
1993-01-13,5.929999828338623
1993-01-14,5.880000114440918
1993-01-15,5.800000190734863
1993-01-19,5.820000171661377
1993-01-20,5.849999904632568
1993-01-21,5.829999923706055
1993-01-22,5.769999980926514
1993-01-25,5.710000038146973
1993-01-26,5.75
1993-01-27,5.679999828338623
1993-01-28,5.610000133514404
1993-01-29,5.570000171661377
1993-02-01,5.550000190734863
1993-02-02,5.630000114440918
1993-02-03,5.619999885559082
1993-02-04,5.53000020980835
1993-02-05,5.420000076293945
1993-02-08,5.489999771118164
1993-02-09,5.550000190734863
1993-02-10,5.630000114440918
1993-02-11,5.579999923706055
1993-02-12,5.570000171661377
1993-02-16,5.519999980926514
1993-02-17,5.429999828338623
1993-02-18,5.289999961853027
1993-02-19,5.300000190734863
1993-02-22,5.28000020980835
1993-02-23,5.119999885559082
1993-02-24,5.199999809265137
1993-02-25,5.230000019073486
1993-02-26,5.210000038146973
1993-03-01,5.119999885559082
1993-03-02,5.130000114440918
1993-03-03,5.050000190734863
1993-03-04,5.0
1993-03-05,5.139999866485596
1993-03-08,5.150000095367432
1993-03-09,5.210000038146973
1993-03-10,5.239999771118164
1993-03-11,5.230000019073486
1993-03-12,5.349999904632568
1993-03-15,5.389999866485596
1993-03-16,5.269999980926514
1993-03-17,5.210000038146973
1993-03-18,5.110000133514404
1993-03-19,5.170000076293945
1993-03-22,5.179999828338623
1993-03-23,5.139999866485596
1993-03-24,5.190000057220459
1993-03-25,5.190000057220459
1993-03-26,5.320000171661377
1993-03-29,5.25
1993-03-30,5.199999809265137
1993-03-31,5.239999771118164
1993-04-01,5.239999771118164
1993-04-02,5.309999942779541
1993-04-05,5.269999980926514
1993-04-06,5.21999979019165
1993-04-07,5.230000019073486
1993-04-08,5.130000114440918
1993-04-12,5.090000152587891
1993-04-13,5.099999904632568
1993-04-14,5.070000171661377
1993-04-15,5.059999942779541
1993-04-16,5.079999923706055
1993-04-19,5.070000171661377
1993-04-20,5.070000171661377
1993-04-21,5.050000190734863
1993-04-22,5.039999961853027
1993-04-23,5.059999942779541
1993-04-26,5.090000152587891
1993-04-27,5.190000057220459
1993-04-28,5.179999828338623
1993-04-29,5.099999904632568
1993-04-30,5.139999866485596
1993-05-03,5.059999942779541
1993-05-04,5.039999961853027
1993-05-05,5.070000171661377
1993-05-06,5.03000020980835
1993-05-07,5.039999961853027
1993-05-10,5.019999980926514
1993-05-11,5.03000020980835
1993-05-12,5.070000171661377
1993-05-13,5.150000095367432
1993-05-14,5.210000038146973
1993-05-17,5.269999980926514
1993-05-18,5.300000190734863
1993-05-19,5.260000228881836
1993-05-20,5.25
1993-05-21,5.340000152587891
1993-05-24,5.369999885559082
1993-05-25,5.380000114440918
1993-05-26,5.349999904632568
1993-05-27,5.349999904632568
1993-05-28,5.369999885559082
1993-06-01,5.28000020980835
1993-06-02,5.269999980926514
1993-06-03,5.230000019073486
1993-06-04,5.360000133514404
1993-06-07,5.340000152587891
1993-06-08,5.349999904632568
1993-06-09,5.329999923706055
1993-06-10,5.340000152587891
1993-06-11,5.21999979019165
1993-06-14,5.199999809265137
1993-06-15,5.190000057220459
1993-06-16,5.179999828338623
1993-06-17,5.170000076293945
1993-06-18,5.230000019073486
1993-06-21,5.199999809265137
1993-06-22,5.210000038146973
1993-06-23,5.199999809265137
1993-06-24,5.159999847412109
1993-06-25,5.130000114440918
1993-06-28,5.079999923706055
1993-06-29,5.050000190734863
1993-06-30,5.050000190734863
1993-07-01,5.039999961853027
1993-07-02,4.980000019073486
1993-07-06,5.039999961853027
1993-07-07,5.039999961853027
1993-07-08,5.019999980926514
1993-07-09,5.0
1993-07-12,5.0
1993-07-13,5.03000020980835
1993-07-14,4.980000019073486
1993-07-15,4.989999771118164
1993-07-16,4.989999771118164
1993-07-19,5.0
1993-07-20,5.079999923706055
1993-07-21,5.170000076293945
1993-07-22,5.239999771118164
1993-07-23,5.28000020980835
1993-07-26,5.25
1993-07-27,5.260000228881836
1993-07-28,5.230000019073486
1993-07-29,5.130000114440918
1993-07-30,5.159999847412109
1993-08-02,5.199999809265137
1993-08-03,5.190000057220459
1993-08-04,5.199999809265137
1993-08-05,5.179999828338623
1993-08-06,5.159999847412109
1993-08-09,5.119999885559082
1993-08-10,5.139999866485596
1993-08-11,5.130000114440918
1993-08-12,5.130000114440918
1993-08-13,5.079999923706055
1993-08-16,5.050000190734863
1993-08-17,5.070000171661377
1993-08-18,5.039999961853027
1993-08-19,4.96999979019165
1993-08-20,4.960000038146973
1993-08-23,4.980000019073486
1993-08-24,4.900000095367432
1993-08-25,4.860000133514404
1993-08-26,4.78000020980835
1993-08-27,4.829999923706055
1993-08-30,4.78000020980835
1993-08-31,4.800000190734863
1993-09-01,4.809999942779541
1993-09-02,4.760000228881836
1993-09-03,4.650000095367432
1993-09-07,4.599999904632568
1993-09-08,4.630000114440918
1993-09-09,4.739999771118164
1993-09-10,4.670000076293945
1993-09-13,4.659999847412109
1993-09-14,4.769999980926514
1993-09-15,4.75
1993-09-16,4.739999771118164
1993-09-17,4.75
1993-09-20,4.789999961853027
1993-09-21,4.800000190734863
1993-09-22,4.809999942779541
1993-09-23,4.800000190734863
1993-09-24,4.809999942779541
1993-09-27,4.690000057220459
1993-09-28,4.670000076293945
1993-09-29,4.739999771118164
1993-09-30,4.789999961853027
1993-10-01,4.71999979019165
1993-10-04,4.710000038146973
1993-10-05,4.71999979019165
1993-10-06,4.699999809265137
1993-10-07,4.690000057220459
1993-10-08,4.610000133514404
1993-10-12,4.639999866485596
1993-10-13,4.639999866485596
1993-10-14,4.610000133514404
1993-10-15,4.570000171661377
1993-10-18,4.659999847412109
1993-10-19,4.659999847412109
1993-10-20,4.639999866485596
1993-10-21,4.71999979019165
1993-10-22,4.760000228881836
1993-10-25,4.820000171661377
1993-10-26,4.789999961853027
1993-10-27,4.820000171661377
1993-10-28,4.829999923706055
1993-10-29,4.807000160217285
1993-11-01,4.960000038146973
1993-11-02,5.021999835968018
1993-11-03,5.0
1993-11-04,5.0289998054504395
1993-11-05,5.117000102996826
1993-11-08,5.0370001792907715
1993-11-09,5.000999927520752
1993-11-10,5.059000015258789
1993-11-12,5.008999824523926
1993-11-15,5.000999927520752
1993-11-16,4.9730000495910645
1993-11-17,4.965000152587891
1993-11-18,5.045000076293945
1993-11-19,5.15500020980835
1993-11-22,5.184999942779541
1993-11-23,5.11899995803833
1993-11-24,5.138999938964844
1993-11-26,5.081999778747559
1993-11-29,5.074999809265137
1993-11-30,5.145999908447266
1993-12-01,5.131999969482422
1993-12-02,5.145999908447266
1993-12-03,5.175000190734863
1993-12-06,5.073999881744385
1993-12-07,5.081999778747559
1993-12-08,5.073999881744385
1993-12-09,5.052999973297119
1993-12-10,5.110000133514404
1993-12-13,5.145999908447266
1993-12-14,5.168000221252441
1993-12-15,5.175000190734863
1993-12-16,5.182000160217285
1993-12-17,5.1529998779296875
1993-12-20,5.175000190734863
1993-12-21,5.203999996185303
1993-12-22,5.117000102996826
1993-12-23,5.0960001945495605
1993-12-27,5.089000225067139
1993-12-28,5.0960001945495605
1993-12-29,5.111000061035156
1993-12-30,5.203999996185303
1993-12-31,5.203999996185303
1994-01-03,5.2829999923706055
1994-01-04,5.26200008392334
1994-01-05,5.26200008392334
1994-01-06,5.197000026702881
1994-01-07,5.017000198364258
1994-01-10,4.994999885559082
1994-01-11,4.98799991607666
1994-01-12,4.938000202178955
1994-01-13,5.045000076293945
1994-01-14,5.103000164031982
1994-01-18,5.066999912261963
1994-01-19,5.059000015258789
1994-01-20,5.001999855041504
1994-01-21,5.03000020980835
1994-01-24,5.0370001792907715
1994-01-25,5.059000015258789
1994-01-26,5.065999984741211
1994-01-27,5.043000221252441
1994-01-28,4.986000061035156
1994-01-31,5.013999938964844
1994-02-01,5.0929999351501465
1994-02-02,5.099999904632568
1994-02-03,5.164999961853027
1994-02-04,5.309999942779541
1994-02-07,5.331999778747559
1994-02-08,5.36899995803833
1994-02-09,5.324999809265137
1994-02-10,5.3470001220703125
1994-02-11,5.317999839782715
1994-02-14,5.333000183105469
1994-02-15,5.326000213623047
1994-02-16,5.333000183105469
1994-02-17,5.435999870300293
1994-02-18,5.511000156402588
1994-02-22,5.48199987411499
1994-02-23,5.571000099182129
1994-02-24,5.623000144958496
1994-02-25,5.644999980926514
1994-02-28,5.593999862670898
1994-03-01,5.732999801635742
1994-03-02,5.732999801635742
1994-03-03,5.7769999504089355
1994-03-04,5.814000129699707
1994-03-07,5.763000011444092
1994-03-08,5.828999996185303
1994-03-09,5.836999893188477
1994-03-10,5.9039998054504395
1994-03-11,5.874000072479248
1994-03-14,5.9039998054504395
1994-03-15,5.9039998054504395
1994-03-16,5.8379998207092285
1994-03-17,5.860000133514404
1994-03-18,5.956999778747559
1994-03-21,6.017000198364258
1994-03-22,5.8979997634887695
1994-03-23,5.8979997634887695
1994-03-24,6.051000118255615
1994-03-25,6.072999954223633
1994-03-28,6.09499979019165
1994-03-29,6.177000045776367
1994-03-30,6.229000091552734
1994-03-31,6.24399995803833
1994-04-04,6.651000022888184
1994-04-05,6.453999996185303
1994-04-06,6.408999919891357
1994-04-07,6.372000217437744
1994-04-08,6.4629998207092285
1994-04-11,6.447999954223633
1994-04-12,6.388000011444092
1994-04-13,6.464000225067139
1994-04-14,6.49399995803833
1994-04-15,6.486999988555908
1994-04-18,6.685999870300293
1994-04-19,6.6479997634887695
1994-04-20,6.603000164031982
1994-04-21,6.4730000495910645
1994-04-22,6.504000186920166
1994-04-25,6.459000110626221
1994-04-26,6.443999767303467
1994-04-28,6.619999885559082
1994-04-29,6.633999824523926
1994-05-02,6.686999797821045
1994-05-03,6.723999977111816
1994-05-04,6.73199987411499
1994-05-05,6.693999767303467
1994-05-06,6.943999767303467
1994-05-09,7.081999778747559
1994-05-10,6.906000137329102
1994-05-11,7.00600004196167
1994-05-12,6.9679999351501465
1994-05-13,6.861000061035156
1994-05-16,6.839000225067139
1994-05-17,6.695000171661377
1994-05-18,6.604000091552734
1994-05-19,6.506999969482422
1994-05-20,6.581999778747559
1994-05-23,6.739999771118164
1994-05-24,6.7179999351501465
1994-05-25,6.703000068664551
1994-05-26,6.683000087738037
1994-05-27,6.71999979019165
1994-05-31,6.764999866485596
1994-06-01,6.735000133514404
1994-06-02,6.675000190734863
1994-06-03,6.578000068664551
1994-06-06,6.488999843597412
1994-06-07,6.51800012588501
1994-06-08,6.473999977111816
1994-06-09,6.526000022888184
1994-06-10,6.598999977111816
1994-06-13,6.6519999504089355
1994-06-14,6.561999797821045
1994-06-15,6.644000053405762
1994-06-16,6.636000156402588
1994-06-17,6.688000202178955
1994-06-20,6.718999862670898
1994-06-21,6.801000118255615
1994-06-22,6.7179999351501465
1994-06-23,6.697999954223633
1994-06-24,6.809999942779541
1994-06-27,6.78000020980835
1994-06-28,6.885000228881836
1994-06-29,6.861999988555908
1994-06-30,6.953000068664551
1994-07-01,6.945000171661377
1994-07-05,6.914999961853027
1994-07-06,6.9070000648498535
1994-07-07,6.876999855041504
1994-07-08,7.0289998054504395
1994-07-11,7.074999809265137
1994-07-12,7.020999908447266
1994-07-13,7.00600004196167
1994-07-14,6.831999778747559
1994-07-15,6.823999881744385
1994-07-18,6.770999908447266
1994-07-19,6.710999965667725
1994-07-20,6.816999912261963
1994-07-21,6.876999855041504
1994-07-22,6.900000095367432
1994-07-25,6.876999855041504
1994-07-26,6.885000228881836
1994-07-27,6.960999965667725
1994-07-28,6.934999942779541
1994-07-29,6.72599983215332
1994-08-01,6.748000144958496
1994-08-02,6.7179999351501465
1994-08-03,6.703000068664551
1994-08-04,6.710000038146973
1994-08-05,6.9120001792907715
1994-08-08,6.9120001792907715
1994-08-09,6.956999778747559
1994-08-10,6.934999942779541
1994-08-11,6.98799991607666
1994-08-12,6.927000045776367
1994-08-15,6.941999912261963
1994-08-16,6.859000205993652
1994-08-17,6.798999786376953
1994-08-18,6.919000148773193
1994-08-19,6.9039998054504395
1994-08-22,6.948999881744385
1994-08-23,6.927000045776367
1994-08-24,6.828000068664551
1994-08-25,6.9120001792907715
1994-08-26,6.868000030517578
1994-08-29,6.860000133514404
1994-08-30,6.822999954223633
1994-08-31,6.793000221252441
1994-09-01,6.800000190734863
1994-09-02,6.807000160217285
1994-09-06,6.881999969482422
1994-09-07,6.90500020980835
1994-09-08,6.896999835968018
1994-09-09,7.056000232696533
1994-09-12,7.063000202178955
1994-09-13,7.047999858856201
1994-09-14,7.010000228881836
1994-09-15,6.956999778747559
1994-09-16,7.117000102996826
1994-09-19,7.085999965667725
1994-09-20,7.139999866485596
1994-09-21,7.185999870300293
1994-09-22,7.171000003814697
1994-09-23,7.186999797821045
1994-09-26,7.193999767303467
1994-09-27,7.2179999351501465
1994-09-28,7.193999767303467
1994-09-29,7.283999919891357
1994-09-30,7.276000022888184
1994-10-03,7.34499979019165
1994-10-04,7.360000133514404
1994-10-05,7.414000034332275
1994-10-06,7.414000034332275
1994-10-07,7.329999923706055
1994-10-11,7.276000022888184
1994-10-12,7.329999923706055
1994-10-13,7.283999919891357
1994-10-14,7.245999813079834
1994-10-17,7.261000156402588
1994-10-18,7.269000053405762
1994-10-19,7.307000160217285
1994-10-20,7.446000099182129
1994-10-21,7.446000099182129
1994-10-24,7.5
1994-10-25,7.52400016784668
1994-10-26,7.515999794006348
1994-10-27,7.538000106811523
1994-10-28,7.46999979019165
1994-10-31,7.468999862670898
1994-11-01,7.567999839782715
1994-11-02,7.60699987411499
1994-11-03,7.63700008392334
1994-11-04,7.706999778747559
1994-11-07,7.7220001220703125
1994-11-08,7.683000087738037
1994-11-09,7.622000217437744
1994-11-10,7.676000118255615
1994-11-11,7.690999984741211
1994-11-14,7.659999847412109
1994-11-15,7.6529998779296875
1994-11-16,7.714000225067139
1994-11-17,7.7769999504089355
1994-11-18,7.7769999504089355
1994-11-21,7.808000087738037
1994-11-22,7.791999816894531
1994-11-23,7.64300012588501
1994-11-25,7.64300012588501
1994-11-28,7.757999897003174
1994-11-29,7.8420000076293945
1994-11-30,7.788000106811523
1994-12-01,7.788000106811523
1994-12-02,7.696000099182129
1994-12-05,7.764999866485596
1994-12-06,7.642000198364258
1994-12-07,7.718999862670898
1994-12-08,7.749000072479248
1994-12-09,7.72599983215332
1994-12-12,7.810999870300293
1994-12-13,7.817999839782715
1994-12-14,7.72599983215332
1994-12-15,7.710000038146973
1994-12-16,7.748000144958496
1994-12-19,7.75600004196167
1994-12-20,7.748000144958496
1994-12-21,7.732999801635742
1994-12-22,7.833000183105469
1994-12-23,7.8429999351501465
1994-12-27,7.781000137329102
1994-12-28,7.803999900817871
1994-12-29,7.827000141143799
1994-12-30,7.835000038146973
1995-01-03,7.88100004196167
1995-01-04,7.818999767303467
1995-01-05,7.866000175476074
1995-01-06,7.864999771118164
1995-01-09,7.895999908447266
1995-01-10,7.8420000076293945
1995-01-11,7.796000003814697
1995-01-12,7.796000003814697
1995-01-13,7.633999824523926
1995-01-16,7.633999824523926
1995-01-17,7.671999931335449
1995-01-18,7.703000068664551
1995-01-19,7.7179999351501465
1995-01-20,7.7870001792907715
1995-01-23,7.7870001792907715
1995-01-24,7.809999942779541
1995-01-25,7.741000175476074
1995-01-26,7.696000099182129
1995-01-27,7.559000015258789
1995-01-30,7.544000148773193
1995-01-31,7.5289998054504395
1995-02-01,7.566999912261963
1995-02-02,7.626999855041504
1995-02-03,7.376999855041504
1995-02-06,7.428999900817871
1995-02-07,7.428999900817871
1995-02-08,7.428999900817871
1995-02-09,7.48199987411499
1995-02-10,7.541999816894531
1995-02-13,7.533999919891357
1995-02-14,7.442999839782715
1995-02-15,7.359000205993652
1995-02-16,7.290999889373779
1995-02-17,7.320000171661377
1995-02-21,7.335000038146973
1995-02-22,7.183000087738037
1995-02-23,7.183000087738037
1995-02-24,7.163000106811523
1995-02-27,7.057000160217285
1995-02-28,7.050000190734863
1995-03-01,7.057000160217285
1995-03-02,7.146999835968018
1995-03-03,7.184999942779541
1995-03-06,7.23799991607666
1995-03-07,7.261000156402588
1995-03-08,7.192999839782715
1995-03-09,7.1020002365112305
1995-03-10,7.056000232696533
1995-03-13,7.002999782562256
1995-03-14,6.920000076293945
1995-03-15,6.9120001792907715
1995-03-16,6.881999969482422
1995-03-17,6.948999881744385
1995-03-20,6.964000225067139
1995-03-21,7.001999855041504
1995-03-22,7.0320000648498535
1995-03-23,7.046999931335449
1995-03-24,6.918000221252441
1995-03-27,6.888000011444092
1995-03-28,7.008999824523926
1995-03-29,7.000999927520752
1995-03-30,7.0329999923706055
1995-03-31,7.063000202178955
1995-04-03,6.98799991607666
1995-04-04,6.949999809265137
1995-04-05,6.949999809265137
1995-04-06,6.9120001792907715
1995-04-07,6.919000148773193
1995-04-10,6.927000045776367
1995-04-11,6.9039998054504395
1995-04-12,6.881999969482422
1995-04-13,6.790999889373779
1995-04-17,6.7829999923706055
1995-04-18,6.761000156402588
1995-04-19,6.797999858856201
1995-04-20,6.744999885559082
1995-04-21,6.744999885559082
1995-04-24,6.751999855041504
1995-04-25,6.775000095367432
1995-04-26,6.7820000648498535
1995-04-27,6.831999778747559
1995-04-28,6.861999988555908
1995-05-01,6.885000228881836
1995-05-02,6.824999809265137
1995-05-03,6.71999979019165
1995-05-04,6.623000144958496
1995-05-05,6.4079999923706055
1995-05-08,6.421999931335449
1995-05-09,6.334000110626221
1995-05-10,6.369999885559082
1995-05-11,6.443999767303467
1995-05-12,6.442999839782715
1995-05-15,6.406000137329102
1995-05-16,6.361000061035156
1995-05-17,6.3460001945495605
1995-05-18,6.420000076293945
1995-05-19,6.420000076293945
1995-05-22,6.448999881744385
1995-05-23,6.360000133514404
1995-05-24,6.218999862670898
1995-05-25,6.169000148773193
1995-05-26,6.169000148773193
1995-05-30,6.073999881744385
1995-05-31,6.065999984741211
1995-06-01,5.927999973297119
1995-06-02,5.803999900817871
1995-06-05,5.7820000648498535
1995-06-06,5.831999778747559
1995-06-07,5.947999954223633
1995-06-08,6.006999969482422
1995-06-09,6.190000057220459
1995-06-12,6.1529998779296875
1995-06-13,5.867000102996826
1995-06-14,5.860000133514404
1995-06-15,5.909999847412109
1995-06-16,5.946000099182129
1995-06-19,5.843999862670898
1995-06-20,5.9019999504089355
1995-06-21,5.88700008392334
1995-06-22,5.784999847412109
1995-06-23,5.813000202178955
1995-06-26,5.870999813079834
1995-06-27,5.922999858856201
1995-06-28,5.877999782562256
1995-06-29,6.051000118255615
1995-06-30,5.96999979019165
1995-07-03,5.9629998207092285
1995-07-05,5.947999954223633
1995-07-06,5.771999835968018
1995-07-07,5.728000164031982
1995-07-10,5.735000133514404
1995-07-11,5.794000148773193
1995-07-12,5.785999774932861
1995-07-13,5.794000148773193
1995-07-14,5.881999969482422
1995-07-17,5.947999954223633
1995-07-18,5.992000102996826
1995-07-19,6.140999794006348
1995-07-20,6.133999824523926
1995-07-21,6.223999977111816
1995-07-24,6.178999900817871
1995-07-25,6.171999931335449
1995-07-26,6.23199987411499
1995-07-27,6.1620001792907715
1995-07-28,6.205999851226807
1995-07-31,6.1539998054504395
1995-08-01,6.2129998207092285
1995-08-02,6.146999835968018
1995-08-03,6.228000164031982
1995-08-04,6.184000015258789
1995-08-07,6.169000148773193
1995-08-08,6.160999774932861
1995-08-09,6.190999984741211
1995-08-10,6.25
1995-08-11,6.355000019073486
1995-08-14,6.340000152587891
1995-08-15,6.361999988555908
1995-08-16,6.309999942779541
1995-08-17,6.36299991607666
1995-08-18,6.3480000495910645
1995-08-21,6.295000076293945
1995-08-22,6.3480000495910645
1995-08-23,6.36299991607666
1995-08-24,6.256999969482422
1995-08-25,6.139999866485596
1995-08-28,6.0879998207092285
1995-08-29,6.146999835968018
1995-08-30,6.0960001945495605
1995-08-31,6.059000015258789
1995-09-01,5.985000133514404
1995-09-05,5.955999851226807
1995-09-06,5.948999881744385
1995-09-07,5.999000072479248
1995-09-08,6.035999774932861
1995-09-11,6.020999908447266
1995-09-12,5.954999923706055
1995-09-13,5.984000205993652
1995-09-14,5.8520002365112305
1995-09-15,5.894999980926514
1995-09-18,5.960999965667725
1995-09-19,5.931000232696533
1995-09-20,5.908999919891357
1995-09-21,6.01200008392334
1995-09-22,6.047999858856201
1995-09-25,6.056000232696533
1995-09-26,6.10699987411499
1995-09-27,6.114999771118164
1995-09-28,6.0879998207092285
1995-09-29,5.986000061035156
1995-10-02,5.986000061035156
1995-10-03,5.948999881744385
1995-10-04,5.8979997634887695
1995-10-05,5.875999927520752
1995-10-06,5.881999969482422
1995-10-10,5.889999866485596
1995-10-11,5.9039998054504395
1995-10-12,5.867000102996826
1995-10-13,5.7789998054504395
1995-10-16,5.794000148773193
1995-10-17,5.785999774932861
1995-10-18,5.822000026702881
1995-10-19,5.808000087738037
1995-10-20,5.873000144958496
1995-10-23,5.9019999504089355
1995-10-24,5.835999965667725
1995-10-25,5.814000129699707
1995-10-26,5.822999954223633
1995-10-27,5.815999984741211
1995-10-30,5.801000118255615
1995-10-31,5.794000148773193
1995-11-01,5.7210001945495605
1995-11-02,5.670000076293945
1995-11-03,5.684000015258789
1995-11-06,5.71999979019165
1995-11-07,5.756999969482422
1995-11-08,5.677000045776367
1995-11-09,5.7129998207092285
1995-11-10,5.749000072479248
1995-11-13,5.7129998207092285
1995-11-14,5.697999954223633
1995-11-15,5.749000072479248
1995-11-16,5.660999774932861
1995-11-17,5.638999938964844
1995-11-20,5.645999908447266
1995-11-21,5.676000118255615
1995-11-22,5.711999893188477
1995-11-24,5.675000190734863
1995-11-27,5.6529998779296875
1995-11-28,5.659999847412109
1995-11-29,5.624000072479248
1995-11-30,5.515999794006348
1995-12-01,5.49399995803833
1995-12-04,5.414999961853027
1995-12-05,5.451000213623047
1995-12-06,5.480000019073486
1995-12-07,5.53000020980835
1995-12-08,5.559000015258789
1995-12-11,5.5229997634887695
1995-12-12,5.544000148773193
1995-12-13,5.551000118255615
1995-12-14,5.544000148773193
1995-12-15,5.551000118255615
1995-12-18,5.645999908447266
1995-12-19,5.514999866485596
1995-12-20,5.521999835968018
1995-12-21,5.558000087738037
1995-12-22,5.486000061035156
1995-12-26,5.478000164031982
1995-12-27,5.441999912261963
1995-12-28,5.421000003814697
1995-12-29,5.392000198364258
1996-01-02,5.383999824523926
1996-01-03,5.3480000495910645
1996-01-04,5.383999824523926
1996-01-05,5.420000076293945
1996-01-08,5.3979997634887695
1996-01-09,5.3979997634887695
1996-01-10,5.492000102996826
1996-01-11,5.448999881744385
1996-01-12,5.434000015258789
1996-01-16,5.354000091552734
1996-01-17,5.2820000648498535
1996-01-18,5.230999946594238
1996-01-19,5.251999855041504
1996-01-22,5.331999778747559
1996-01-23,5.361000061035156
1996-01-24,5.323999881744385
1996-01-25,5.38700008392334
1996-01-26,5.322000026702881
1996-01-29,5.364999771118164
1996-01-30,5.293000221252441
1996-01-31,5.236000061035156
1996-02-01,5.2210001945495605
1996-02-02,5.235000133514404
1996-02-05,5.2789998054504395
1996-02-06,5.263999938964844
1996-02-07,5.263999938964844
1996-02-08,5.256999969482422
1996-02-09,5.228000164031982
1996-02-12,5.156000137329102
1996-02-13,5.126999855041504
1996-02-14,5.1479997634887695
1996-02-15,5.228000164031982
1996-02-16,5.2779998779296875
1996-02-20,5.533999919891357
1996-02-21,5.541999816894531
1996-02-22,5.453999996185303
1996-02-23,5.513000011444092
1996-02-26,5.534999847412109
1996-02-27,5.617000102996826
1996-02-28,5.7129998207092285
1996-02-29,5.742000102996826
1996-03-01,5.5960001945495605
1996-03-04,5.508999824523926
1996-03-05,5.5879998207092285
1996-03-06,5.668000221252441
1996-03-07,5.704999923706055
1996-03-08,6.090000152587891
1996-03-11,5.978000164031982
1996-03-12,6.014999866485596
1996-03-13,6.0229997634887695
1996-03-14,6.0229997634887695
1996-03-15,6.173999786376953
1996-03-18,6.151000022888184
1996-03-19,6.136000156402588
1996-03-20,6.039000034332275
1996-03-21,5.99399995803833
1996-03-22,6.039999961853027
1996-03-25,5.9720001220703125
1996-03-26,5.980000019073486
1996-03-27,6.099999904632568
1996-03-28,6.184000015258789
1996-03-29,6.085999965667725
1996-04-01,6.078999996185303
1996-04-02,5.995999813079834
1996-04-03,6.033999919891357
1996-04-04,6.1020002365112305
1996-04-08,6.415999889373779
1996-04-09,6.361999988555908
1996-04-10,6.442999839782715
1996-04-11,6.494999885559082
1996-04-12,6.294000148773193
1996-04-15,6.249000072479248
1996-04-16,6.263999938964844
1996-04-17,6.315999984741211
1996-04-18,6.368000030517578
1996-04-19,6.308000087738037
1996-04-22,6.269999980926514
1996-04-23,6.284999847412109
1996-04-24,6.329999923706055
1996-04-25,6.302000045776367
1996-04-26,6.271999835968018
1996-04-29,6.323999881744385
1996-04-30,6.382999897003174
1996-05-01,6.375999927520752
1996-05-02,6.554999828338623
1996-05-03,6.5929999351501465
1996-05-06,6.554999828338623
1996-05-07,6.585000038146973
1996-05-08,6.547999858856201
1996-05-09,6.563000202178955
1996-05-10,6.466000080108643
1996-05-13,6.435999870300293
1996-05-14,6.382999897003174
1996-05-15,6.375999927520752
1996-05-16,6.435999870300293
1996-05-17,6.406000137329102
1996-05-20,6.368000030517578
1996-05-21,6.390999794006348
1996-05-22,6.375999927520752
1996-05-23,6.427999973297119
1996-05-24,6.3979997634887695
1996-05-28,6.421000003814697
1996-05-29,6.5269999504089355
1996-05-30,6.550000190734863
1996-05-31,6.626999855041504
1996-06-03,6.633999824523926
1996-06-04,6.61899995803833
1996-06-05,6.581999778747559
1996-06-06,6.506999969482422
1996-06-07,6.723999977111816
1996-06-10,6.755000114440918
1996-06-11,6.769999980926514
1996-06-12,6.791999816894531
1996-06-13,6.7769999504089355
1996-06-14,6.709000110626221
1996-06-17,6.664000034332275
1996-06-18,6.693999767303467
1996-06-19,6.739999771118164
1996-06-20,6.755000114440918
1996-06-21,6.724999904632568
1996-06-24,6.710000038146973
1996-06-25,6.679999828338623
1996-06-26,6.679999828338623
1996-06-27,6.579999923706055
1996-06-28,6.461999893188477
1996-07-01,6.484000205993652
1996-07-02,6.551000118255615
1996-07-03,6.50600004196167
1996-07-05,6.811999797821045
1996-07-08,6.804999828338623
1996-07-09,6.775000095367432
1996-07-10,6.691999912261963
1996-07-11,6.6539998054504395
1996-07-12,6.617000102996826
1996-07-15,6.6539998054504395
1996-07-16,6.564000129699707
1996-07-17,6.585999965667725
1996-07-18,6.473999977111816
1996-07-19,6.548999786376953
1996-07-22,6.60099983215332
1996-07-23,6.578999996185303
1996-07-24,6.63100004196167
1996-07-25,6.631999969482422
1996-07-26,6.610000133514404
1996-07-29,6.684999942779541
1996-07-30,6.639999866485596
1996-07-31,6.558000087738037
1996-08-01,6.4029998779296875
1996-08-02,6.248000144958496
1996-08-05,6.26200008392334
1996-08-06,6.283999919891357
1996-08-07,6.297999858856201
1996-08-08,6.290999889373779
1996-08-09,6.230999946594238
1996-08-12,6.223999977111816
1996-08-13,6.311999797821045
1996-08-14,6.318999767303467
1996-08-15,6.36299991607666
1996-08-16,6.296000003814697
1996-08-19,6.317999839782715
1996-08-20,6.317999839782715
1996-08-21,6.3470001220703125
1996-08-22,6.361999988555908
1996-08-23,6.466000080108643
1996-08-26,6.556000232696533
1996-08-27,6.5329999923706055
1996-08-28,6.547999858856201
1996-08-29,6.61899995803833
1996-08-30,6.723999977111816
1996-09-03,6.693999767303467
1996-09-04,6.73199987411499
1996-09-05,6.755000114440918
1996-09-06,6.702000141143799
1996-09-09,6.6570000648498535
1996-09-10,6.686999797821045
1996-09-11,6.686999797821045
1996-09-12,6.626999855041504
1996-09-13,6.461999893188477
1996-09-16,6.468999862670898
1996-09-17,6.573999881744385
1996-09-18,6.604000091552734
1996-09-19,6.626999855041504
1996-09-20,6.604000091552734
1996-09-23,6.589000225067139
1996-09-24,6.499000072479248
1996-09-25,6.446000099182129
1996-09-26,6.401000022888184
1996-09-27,6.434000015258789
1996-09-30,6.448999881744385
1996-10-01,6.375
1996-10-02,6.3379998207092285
1996-10-03,6.3379998207092285
1996-10-04,6.190000057220459
1996-10-07,6.241000175476074
1996-10-08,6.25600004196167
1996-10-09,6.300000190734863
1996-10-10,6.359000205993652
1996-10-11,6.284999847412109
1996-10-15,6.284999847412109
1996-10-16,6.291999816894531
1996-10-17,6.232999801635742
1996-10-18,6.224999904632568
1996-10-21,6.247000217437744
1996-10-22,6.298999786376953
1996-10-23,6.283999919891357
1996-10-24,6.28000020980835
1996-10-25,6.25
1996-10-28,6.271999835968018
1996-10-29,6.110000133514404
1996-10-30,6.110000133514404
1996-10-31,6.080999851226807
1996-11-01,6.09499979019165
1996-11-04,6.079999923706055
1996-11-05,6.035999774932861
1996-11-06,6.035999774932861
1996-11-07,6.006999969482422
1996-11-08,6.035999774932861
1996-11-12,5.961999893188477
1996-11-13,5.968999862670898
1996-11-14,5.918000221252441
1996-11-15,5.939000129699707
1996-11-18,5.953999996185303
1996-11-19,5.931000232696533
1996-11-20,5.894999980926514
1996-11-21,5.919000148773193
1996-11-22,5.926000118255615
1996-11-25,5.9120001792907715
1996-11-26,5.9039998054504395
1996-11-27,5.9039998054504395
1996-11-29,5.823999881744385
1996-12-02,5.839000225067139
1996-12-03,5.830999851226807
1996-12-04,5.881999969482422
1996-12-05,5.96999979019165
1996-12-06,6.0
1996-12-09,5.9629998207092285
1996-12-10,5.96999979019165
1996-12-11,6.0960001945495605
1996-12-12,6.125999927520752
1996-12-13,6.052000045776367
1996-12-16,6.111000061035156
1996-12-17,6.14900016784668
1996-12-18,6.193999767303467
1996-12-19,6.111999988555908
1996-12-20,6.110000133514404
1996-12-23,6.110000133514404
1996-12-24,6.118000030517578
1996-12-26,6.125
1996-12-27,6.073999881744385
1996-12-30,6.080999851226807
1996-12-31,6.198999881744385
1997-01-02,6.295000076293945
1997-01-03,6.264999866485596
1997-01-06,6.28000020980835
1997-01-07,6.309999942779541
1997-01-08,6.324999809265137
1997-01-09,6.264999866485596
1997-01-10,6.376999855041504
1997-01-13,6.376999855041504
1997-01-14,6.288000106811523
1997-01-15,6.288000106811523
1997-01-16,6.324999809265137
1997-01-17,6.295000076293945
1997-01-21,6.2729997634887695
1997-01-22,6.295000076293945
1997-01-23,6.340000152587891
1997-01-24,6.382999897003174
1997-01-27,6.420000076293945
1997-01-28,6.375999927520752
1997-01-29,6.368000030517578
1997-01-30,6.330999851226807
1997-01-31,6.25
1997-02-03,6.190999984741211
1997-02-04,6.183000087738037
1997-02-05,6.197999954223633
1997-02-06,6.2129998207092285
1997-02-07,6.145999908447266
1997-02-10,6.1529998779296875
1997-02-11,6.160999774932861
1997-02-12,6.168000221252441
1997-02-13,6.10099983215332
1997-02-14,6.048999786376953
1997-02-18,6.064000129699707
1997-02-19,6.078000068664551
1997-02-20,6.130000114440918
1997-02-21,6.144999980926514
1997-02-24,6.173999786376953
1997-02-25,6.182000160217285
1997-02-26,6.368000030517578
1997-02-27,6.382999897003174
1997-02-28,6.368000030517578
1997-03-03,6.390999794006348
1997-03-04,6.413000106811523
1997-03-05,6.406000137329102
1997-03-06,6.434999942779541
1997-03-07,6.382999897003174
1997-03-10,6.382999897003174
1997-03-11,6.390999794006348
1997-03-12,6.413000106811523
1997-03-13,6.540999889373779
1997-03-14,6.511000156402588
1997-03-17,6.533999919891357
1997-03-18,6.540999889373779
1997-03-19,6.564000129699707
1997-03-20,6.586999893188477
1997-03-21,6.59499979019165
1997-03-24,6.572000026702881
1997-03-25,6.625
1997-03-26,6.656000137329102
1997-03-27,6.751999855041504
1997-03-31,6.758999824523926
1997-04-01,6.7220001220703125
1997-04-02,6.714000225067139
1997-04-03,6.698999881744385
1997-04-04,6.758999824523926
1997-04-07,6.714000225067139
1997-04-08,6.751999855041504
1997-04-09,6.751999855041504
1997-04-10,6.767000198364258
1997-04-11,6.835000038146973
1997-04-14,6.8429999351501465
1997-04-15,6.751999855041504
1997-04-16,6.775000095367432
1997-04-17,6.729000091552734
1997-04-18,6.706999778747559
1997-04-21,6.74399995803833
1997-04-22,6.7220001220703125
1997-04-23,6.758999824523926
1997-04-24,6.811999797821045
1997-04-25,6.827000141143799
1997-04-28,6.796999931335449
1997-04-29,6.625
1997-04-30,6.565000057220459
1997-05-01,6.543000221252441
1997-05-02,6.534999847412109
1997-05-05,6.5279998779296875
1997-05-06,6.543000221252441
1997-05-07,6.617000102996826
1997-05-08,6.572000026702881
1997-05-09,6.505000114440918
1997-05-12,6.48199987411499
1997-05-13,6.557000160217285
1997-05-14,6.5269999504089355
1997-05-15,6.51200008392334
1997-05-16,6.533999919891357
1997-05-19,6.548999786376953
1997-05-20,6.526000022888184
1997-05-21,6.556000232696533
1997-05-22,6.571000099182129
1997-05-23,6.571000099182129
1997-05-27,6.616000175476074
1997-05-28,6.63100004196167
1997-05-29,6.60099983215332
1997-05-30,6.507999897003174
1997-06-02,6.493000030517578
1997-06-03,6.46999979019165
1997-06-04,6.46999979019165
1997-06-05,6.46999979019165
1997-06-06,6.366000175476074
1997-06-09,6.418000221252441
1997-06-10,6.440000057220459
1997-06-11,6.432000160217285
1997-06-12,6.328000068664551
1997-06-13,6.276000022888184
1997-06-16,6.261000156402588
1997-06-17,6.290999889373779
1997-06-18,6.26800012588501
1997-06-19,6.276000022888184
1997-06-20,6.252999782562256
1997-06-23,6.289999961853027
1997-06-24,6.289999961853027
1997-06-25,6.311999797821045
1997-06-26,6.3460001945495605
1997-06-27,6.323999881744385
1997-06-30,6.382999897003174
1997-07-01,6.315999984741211
1997-07-02,6.294000148773193
1997-07-03,6.183000087738037
1997-07-07,6.145999908447266
1997-07-08,6.160999774932861
1997-07-09,6.138999938964844
1997-07-10,6.13100004196167
1997-07-11,6.116000175476074
1997-07-14,6.144999980926514
1997-07-15,6.144999980926514
1997-07-16,6.093999862670898
1997-07-17,6.0929999351501465
1997-07-18,6.144999980926514
1997-07-21,6.159999847412109
1997-07-22,6.063000202178955
1997-07-23,6.040999889373779
1997-07-24,6.044000148773193
1997-07-25,6.065999984741211
1997-07-28,6.0370001792907715
1997-07-29,5.985000133514404
1997-07-30,5.940999984741211
1997-07-31,5.889999866485596
1997-08-01,6.072999954223633
1997-08-04,6.103000164031982
1997-08-05,6.118000030517578
1997-08-06,6.09499979019165
1997-08-07,6.118000030517578
1997-08-08,6.214000225067139
1997-08-11,6.191999912261963
1997-08-12,6.198999881744385
1997-08-13,6.177000045776367
1997-08-14,6.110000133514404
1997-08-15,6.0879998207092285
1997-08-18,6.035999774932861
1997-08-19,6.051000118255615
1997-08-20,6.079999923706055
1997-08-21,6.132999897003174
1997-08-22,6.191999912261963
1997-08-25,6.2220001220703125
1997-08-26,6.2230000495910645
1997-08-27,6.23799991607666
1997-08-28,6.176000118255615
1997-08-29,6.2129998207092285
1997-09-02,6.184000015258789
1997-09-03,6.197999954223633
1997-09-04,6.205999851226807
1997-09-05,6.228000164031982
1997-09-08,6.2129998207092285
1997-09-09,6.21999979019165
1997-09-10,6.242000102996826
1997-09-11,6.256999969482422
1997-09-12,6.159999847412109
1997-09-15,6.145999908447266
1997-09-16,5.982999801635742
1997-09-17,5.982999801635742
1997-09-18,5.998000144958496
1997-09-19,5.997000217437744
1997-09-22,5.9679999351501465
1997-09-23,6.004000186920166
1997-09-24,5.9670000076293945
1997-09-25,6.021999835968018
1997-09-26,5.978000164031982
1997-09-29,5.985000133514404
1997-09-30,5.992000102996826
1997-10-01,5.919000148773193
1997-10-02,5.896999835968018
1997-10-03,5.875
1997-10-06,5.830999851226807
1997-10-07,5.809000015258789
1997-10-08,5.947999954223633
1997-10-09,5.96999979019165
1997-10-10,6.021999835968018
1997-10-14,5.947999954223633
1997-10-15,5.985000133514404
1997-10-16,5.992000102996826
1997-10-17,6.066999912261963
1997-10-20,6.059000015258789
1997-10-21,6.059000015258789
1997-10-22,6.052000045776367
1997-10-23,5.933000087738037
1997-10-24,5.926000118255615
1997-10-27,5.769999980926514
1997-10-28,5.866000175476074
1997-10-29,5.814000129699707
1997-10-30,5.7210001945495605
1997-10-31,5.705999851226807
1997-11-03,5.771999835968018
1997-11-04,5.822999954223633
1997-11-05,5.822999954223633
1997-11-06,5.7789998054504395
1997-11-07,5.785999774932861
1997-11-10,5.815000057220459
1997-11-12,5.793000221252441
1997-11-13,5.7789998054504395
1997-11-14,5.7789998054504395
1997-11-17,5.770999908447266
1997-11-18,5.7789998054504395
1997-11-19,5.75600004196167
1997-11-20,5.785999774932861
1997-11-21,5.749000072479248
1997-11-24,5.793000221252441
1997-11-25,5.800000190734863
1997-11-26,5.801000118255615
1997-11-28,5.815999984741211
1997-12-01,5.815999984741211
1997-12-02,5.815999984741211
1997-12-03,5.794000148773193
1997-12-04,5.771999835968018
1997-12-05,5.8520002365112305
1997-12-08,5.9039998054504395
1997-12-09,5.9039998054504395
1997-12-10,5.829999923706055
1997-12-11,5.763999938964844
1997-12-12,5.690999984741211
1997-12-15,5.7270002365112305
1997-12-16,5.7270002365112305
1997-12-17,5.75600004196167
1997-12-18,5.7270002365112305
1997-12-19,5.683000087738037
1997-12-22,5.704999923706055
1997-12-23,5.704999923706055
1997-12-24,5.697999954223633
1997-12-26,5.704999923706055
1997-12-29,5.71999979019165
1997-12-30,5.75600004196167
1997-12-31,5.704999923706055
1998-01-02,5.625
1998-01-05,5.443999767303467
1998-01-06,5.4070000648498535
1998-01-07,5.435999870300293
1998-01-08,5.335000038146973
1998-01-09,5.2129998207092285
1998-01-12,5.21999979019165
1998-01-13,5.26200008392334
1998-01-14,5.313000202178955
1998-01-15,5.327000141143799
1998-01-16,5.390999794006348
1998-01-20,5.420000076293945
1998-01-21,5.3979997634887695
1998-01-22,5.375999927520752
1998-01-23,5.513999938964844
1998-01-26,5.46999979019165
1998-01-27,5.550000190734863
1998-01-28,5.550000190734863
1998-01-29,5.420000076293945
1998-01-30,5.376999855041504
1998-02-02,5.420000076293945
1998-02-03,5.406000137329102
1998-02-04,5.390999794006348
1998-02-05,5.441999912261963
1998-02-06,5.4629998207092285
1998-02-09,5.5
1998-02-10,5.478000164031982
1998-02-11,5.440999984741211
1998-02-12,5.455999851226807
1998-02-13,5.419000148773193
1998-02-17,5.389999866485596
1998-02-18,5.434000015258789
1998-02-19,5.447999954223633
1998-02-20,5.46999979019165
1998-02-23,5.520999908447266
1998-02-24,5.638999938964844
1998-02-25,5.586999893188477
1998-02-26,5.609000205993652
1998-02-27,5.586999893188477
1998-03-02,5.666999816894531
1998-03-03,5.703999996185303
1998-03-04,5.703999996185303
1998-03-05,5.703999996185303
1998-03-06,5.644999980926514
1998-03-09,5.6020002365112305
1998-03-10,5.593999862670898
1998-03-11,5.565000057220459
1998-03-12,5.506999969482422
1998-03-13,5.520999908447266
1998-03-16,5.499000072479248
1998-03-17,5.513999938964844
1998-03-18,5.535999774932861
1998-03-19,5.550000190734863
1998-03-20,5.543000221252441
1998-03-23,5.543000221252441
1998-03-24,5.550000190734863
1998-03-25,5.617000102996826
1998-03-26,5.644999980926514
1998-03-27,5.659999847412109
1998-03-30,5.696000099182129
1998-03-31,5.63100004196167
1998-04-01,5.586999893188477
1998-04-02,5.5289998054504395
1998-04-03,5.427000045776367
1998-04-06,5.478000164031982
1998-04-07,5.492000102996826
1998-04-08,5.5289998054504395
1998-04-09,5.543000221252441
1998-04-13,5.624000072479248
1998-04-14,5.586999893188477
1998-04-15,5.579999923706055
1998-04-16,5.558000087738037
1998-04-17,5.550000190734863
1998-04-20,5.6020002365112305
1998-04-21,5.638000011444092
1998-04-22,5.638000011444092
1998-04-23,5.6529998779296875
1998-04-24,5.63100004196167
1998-04-27,5.764999866485596
1998-04-28,5.764999866485596
1998-04-29,5.771999835968018
1998-04-30,5.633999824523926
1998-05-01,5.625999927520752
1998-05-04,5.625999927520752
1998-05-05,5.6479997634887695
1998-05-06,5.5970001220703125
1998-05-07,5.590000152587891
1998-05-08,5.632999897003174
1998-05-11,5.705999851226807
1998-05-12,5.625
1998-05-13,5.618000030517578
1998-05-14,5.6539998054504395
1998-05-15,5.6539998054504395
1998-05-18,5.617000102996826
1998-05-19,5.625
1998-05-20,5.5879998207092285
1998-05-21,5.645999908447266
1998-05-22,5.63100004196167
1998-05-26,5.586999893188477
1998-05-27,5.551000118255615
1998-05-28,5.586999893188477
1998-05-29,5.544000148773193
1998-06-01,5.521999835968018
1998-06-02,5.551000118255615
1998-06-03,5.558000087738037
1998-06-04,5.593999862670898
1998-06-05,5.593999862670898
1998-06-08,5.586999893188477
1998-06-09,5.6020002365112305
1998-06-10,5.543000221252441
1998-06-11,5.448999881744385
1998-06-12,5.419000148773193
1998-06-15,5.40500020980835
1998-06-16,5.4770002365112305
1998-06-17,5.565000057220459
1998-06-18,5.535999774932861
1998-06-19,5.50600004196167
1998-06-22,5.50600004196167
1998-06-23,5.499000072479248
1998-06-24,5.50600004196167
1998-06-25,5.491000175476074
1998-06-26,5.482999801635742
1998-06-29,5.482999801635742
1998-06-30,5.453999996185303
1998-07-01,5.425000190734863
1998-07-02,5.4039998054504395
1998-07-06,5.388999938964844
1998-07-07,5.418000221252441
1998-07-08,5.418000221252441
1998-07-09,5.388999938964844
1998-07-10,5.388999938964844
1998-07-13,5.440000057220459
1998-07-14,5.453999996185303
1998-07-15,5.453999996185303
1998-07-16,5.47599983215332
1998-07-17,5.47599983215332
1998-07-20,5.453999996185303
1998-07-21,5.447000026702881
1998-07-22,5.461999893188477
1998-07-23,5.447000026702881
1998-07-24,5.453999996185303
1998-07-27,5.468999862670898
1998-07-28,5.468999862670898
1998-07-29,5.50600004196167
1998-07-30,5.499000072479248
1998-07-31,5.499000072479248
1998-08-03,5.454999923706055
1998-08-04,5.432000160217285
1998-08-05,5.409999847412109
1998-08-06,5.409999847412109
1998-08-07,5.366000175476074
1998-08-10,5.374000072479248
1998-08-11,5.328999996185303
1998-08-12,5.336999893188477
1998-08-13,5.366000175476074
1998-08-14,5.336999893188477
1998-08-17,5.315000057220459
1998-08-18,5.343999862670898
1998-08-19,5.343999862670898
1998-08-20,5.315000057220459
1998-08-21,5.228000164031982
1998-08-24,5.177999973297119
1998-08-25,5.11299991607666
1998-08-26,5.054999828338623
1998-08-27,4.9629998207092285
1998-08-28,4.919000148773193
1998-08-31,4.890999794006348
1998-09-01,4.889999866485596
1998-09-02,4.947000026702881
1998-09-03,4.9039998054504395
1998-09-04,4.881999969482422
1998-09-08,4.881999969482422
1998-09-09,4.76800012588501
1998-09-10,4.547999858856201
1998-09-11,4.645999908447266
1998-09-14,4.645999908447266
1998-09-15,4.673999786376953
1998-09-16,4.658999919891357
1998-09-17,4.5879998207092285
1998-09-18,4.494999885559082
1998-09-21,4.48799991607666
1998-09-22,4.558000087738037
1998-09-23,4.459000110626221
1998-09-24,4.415999889373779
1998-09-25,4.38700008392334
1998-09-28,4.38700008392334
1998-09-29,4.386000156402588
1998-09-30,4.223999977111816
1998-10-01,4.085000038146973
1998-10-02,4.076000213623047
1998-10-05,3.944000005722046
1998-10-06,4.0329999923706055
1998-10-07,4.185999870300293
1998-10-08,4.26200008392334
1998-10-09,4.445000171661377
1998-10-13,4.3520002365112305
1998-10-14,4.2170000076293945
1998-10-15,4.210000038146973
1998-10-16,4.019000053405762
1998-10-19,4.0320000648498535
1998-10-20,4.109000205993652
1998-10-21,4.1570000648498535
1998-10-22,4.184999942779541
1998-10-23,4.254000186920166
1998-10-26,4.309999942779541
1998-10-27,4.203000068664551
1998-10-28,4.159999847412109
1998-10-29,4.118000030517578
1998-10-30,4.229000091552734
1998-11-02,4.377999782562256
1998-11-03,4.370999813079834
1998-11-04,4.4679999351501465
1998-11-05,4.460999965667725
1998-11-06,4.574999809265137
1998-11-09,4.5320000648498535
1998-11-10,4.497000217437744
1998-11-12,4.453999996185303
1998-11-13,4.504000186920166
1998-11-16,4.5320000648498535
1998-11-17,4.539999961853027
1998-11-18,4.567999839782715
1998-11-19,4.611000061035156
1998-11-20,4.590000152587891
1998-11-23,4.590000152587891
1998-11-24,4.61899995803833
1998-11-25,4.611999988555908
1998-11-27,4.584000110626221
1998-11-30,4.498000144958496
1998-12-01,4.413000106811523
1998-12-02,4.298999786376953
1998-12-03,4.291999816894531
1998-12-04,4.369999885559082
1998-12-07,4.4629998207092285
1998-12-08,4.392000198364258
1998-12-09,4.3420000076293945
1998-12-10,4.313000202178955
1998-12-11,4.377999782562256
1998-12-14,4.335000038146973
1998-12-15,4.392000198364258
1998-12-16,4.328000068664551
1998-12-17,4.335000038146973
1998-12-18,4.370999813079834
1998-12-21,4.449999809265137
1998-12-22,4.493000030517578
1998-12-23,4.63100004196167
1998-12-24,4.711999893188477
1998-12-28,4.646999835968018
1998-12-29,4.589000225067139
1998-12-30,4.53000020980835
1998-12-31,4.5229997634887695
1999-01-04,4.559999942779541
1999-01-05,4.611999988555908
1999-01-06,4.611999988555908
1999-01-07,4.611999988555908
1999-01-08,4.692999839782715
1999-01-11,4.730999946594238
1999-01-12,4.671999931335449
1999-01-13,4.576000213623047
1999-01-14,4.459000110626221
1999-01-15,4.547999858856201
1999-01-19,4.585000038146973
1999-01-20,4.636000156402588
1999-01-21,4.578000068664551
1999-01-22,4.526000022888184
1999-01-25,4.540999889373779
1999-01-26,4.564000129699707
1999-01-27,4.556000232696533
1999-01-28,4.548999786376953
1999-01-29,4.550000190734863
1999-02-01,4.63100004196167
1999-02-02,4.684000015258789
1999-02-03,4.7210001945495605
1999-02-04,4.803999900817871
1999-02-05,4.849999904632568
1999-02-08,4.8429999351501465
1999-02-09,4.820000171661377
1999-02-10,4.7779998779296875
1999-02-11,4.814000129699707
1999-02-12,4.956999778747559
1999-02-16,4.949999809265137
1999-02-17,4.9070000648498535
1999-02-18,4.942999839782715
1999-02-19,4.9720001220703125
1999-02-22,4.942999839782715
1999-02-23,5.014999866485596
1999-02-24,5.109000205993652
1999-02-25,5.218999862670898
1999-02-26,5.204999923706055
1999-03-01,5.308000087738037
1999-03-02,5.263999938964844
1999-03-03,5.2789998054504395
1999-03-04,5.301000118255615
1999-03-05,5.2210001945495605
1999-03-08,5.198999881744385
1999-03-09,5.0970001220703125
1999-03-10,5.111999988555908
1999-03-11,5.125999927520752
1999-03-12,5.060999870300293
1999-03-15,5.046000003814697
1999-03-16,5.017000198364258
1999-03-17,5.039000034332275
1999-03-18,5.010000228881836
1999-03-19,5.061999797821045
1999-03-22,5.11299991607666
1999-03-23,5.084000110626221
1999-03-24,5.047999858856201
1999-03-25,5.0920000076293945
1999-03-26,5.0920000076293945
1999-03-29,5.122000217437744
1999-03-30,5.056000232696533
1999-03-31,5.0929999351501465
1999-04-01,5.13700008392334
1999-04-05,5.041999816894531
1999-04-06,4.998000144958496
1999-04-07,5.019999980926514
1999-04-08,4.923999786376953
1999-04-09,4.947000026702881
1999-04-12,4.947000026702881
1999-04-13,5.00600004196167
1999-04-14,5.020999908447266
1999-04-15,5.050000190734863
1999-04-16,5.103000164031982
1999-04-19,5.058000087738037
1999-04-20,5.0289998054504395
1999-04-21,5.035999774932861
1999-04-22,5.11899995803833
1999-04-23,5.126999855041504
1999-04-26,5.104000091552734
1999-04-27,5.0970001220703125
1999-04-28,5.119999885559082
1999-04-29,5.066999912261963
1999-04-30,5.2179999351501465
1999-05-03,5.218999862670898
1999-05-04,5.263999938964844
1999-05-05,5.242000102996826
1999-05-06,5.341000080108643
1999-05-07,5.363999843597412
1999-05-10,5.3420000076293945
1999-05-11,5.410999774932861
1999-05-12,5.373000144958496
1999-05-13,5.271999835968018
1999-05-14,5.473999977111816
1999-05-17,5.525000095367432
1999-05-18,5.568999767303467
1999-05-19,5.5329999923706055
1999-05-20,5.526000022888184
1999-05-21,5.438000202178955
1999-05-24,5.423999786376953
1999-05-25,5.423999786376953
1999-05-26,5.48199987411499
1999-05-27,5.586999893188477
1999-05-28,5.571000099182129
1999-06-01,5.72599983215332
1999-06-02,5.72599983215332
1999-06-03,5.734000205993652
1999-06-04,5.735000133514404
1999-06-07,5.71999979019165
1999-06-08,5.728000164031982
1999-06-09,5.764999866485596
1999-06-10,5.833000183105469
1999-06-11,5.886000156402588
1999-06-14,5.863999843597412
1999-06-15,5.841000080108643
1999-06-16,5.818999767303467
1999-06-17,5.6620001792907715
1999-06-18,5.715000152587891
1999-06-21,5.7829999923706055
1999-06-22,5.821000099182129
1999-06-23,5.888999938964844
1999-06-24,5.9120001792907715
1999-06-25,5.889999866485596
1999-06-28,5.841000080108643
1999-06-29,5.815000057220459
1999-06-30,5.6570000648498535
1999-07-01,5.710000038146973
1999-07-02,5.688000202178955
1999-07-06,5.748000144958496
1999-07-07,5.763999938964844
1999-07-08,5.696000099182129
1999-07-09,5.689000129699707
1999-07-12,5.591000080108643
1999-07-13,5.576000213623047
1999-07-14,5.613999843597412
1999-07-15,5.598999977111816
1999-07-16,5.553999900817871
1999-07-19,5.5320000648498535
1999-07-20,5.510000228881836
1999-07-21,5.510000228881836
1999-07-22,5.638000011444092
1999-07-23,5.684000015258789
1999-07-26,5.706999778747559
1999-07-27,5.670000076293945
1999-07-28,5.670000076293945
1999-07-29,5.761000156402588
1999-07-30,5.793000221252441
1999-08-02,5.801000118255615
1999-08-03,5.823999881744385
1999-08-04,5.823999881744385
1999-08-05,5.739999771118164
1999-08-06,5.880000114440918
1999-08-09,5.995999813079834
1999-08-10,6.019999980926514
1999-08-11,5.9629998207092285
1999-08-12,5.955999851226807
1999-08-13,5.861000061035156
1999-08-16,5.861000061035156
1999-08-17,5.802999973297119
1999-08-18,5.781000137329102
1999-08-19,5.795000076293945
1999-08-20,5.781000137329102
1999-08-23,5.788000106811523
1999-08-24,5.7230000495910645
1999-08-25,5.61299991607666
1999-08-26,5.64900016784668
1999-08-27,5.750999927520752
1999-08-30,5.854000091552734
1999-08-31,5.875
1999-09-01,5.868000030517578
1999-09-02,5.889999866485596
1999-09-03,5.77400016784668
1999-09-07,5.816999912261963
1999-09-08,5.791999816894531
1999-09-09,5.835999965667725
1999-09-10,5.763000011444092
1999-09-13,5.784999847412109
1999-09-14,5.822000026702881
1999-09-15,5.791999816894531
1999-09-16,5.749000072479248
1999-09-17,5.734000205993652
1999-09-20,5.790999889373779
1999-09-21,5.804999828338623
1999-09-22,5.797999858856201
1999-09-23,5.738999843597412
1999-09-24,5.635000228881836
1999-09-27,5.709000110626221
1999-09-28,5.752999782562256
1999-09-29,5.834000110626221
1999-09-30,5.760000228881836
1999-10-01,5.870999813079834
1999-10-04,5.826000213623047
1999-10-05,5.938000202178955
1999-10-06,5.960000038146973
1999-10-07,5.960000038146973
1999-10-08,5.938000202178955
1999-10-12,5.9679999351501465
1999-10-13,6.019999980926514
1999-10-14,6.058000087738037
1999-10-15,5.974999904632568
1999-10-18,6.005000114440918
1999-10-19,6.058000087738037
1999-10-20,6.080999851226807
1999-10-21,6.080999851226807
1999-10-22,6.0960001945495605
1999-10-25,6.11899995803833
1999-10-26,6.133999824523926
1999-10-27,6.089000225067139
1999-10-28,6.019999980926514
1999-10-29,5.936999797821045
1999-11-01,5.974999904632568
1999-11-02,5.952000141143799
1999-11-03,5.928999900817871
1999-11-04,5.882999897003174
1999-11-05,5.8379998207092285
1999-11-08,5.868000030517578
1999-11-09,5.875999927520752
1999-11-10,5.9039998054504395
1999-11-12,5.839000225067139
1999-11-15,5.853000164031982
1999-11-16,5.9039998054504395
1999-11-17,5.9629998207092285
1999-11-18,5.9770002365112305
1999-11-19,5.985000133514404
1999-11-22,6.013999938964844
1999-11-23,6.013999938964844
1999-11-24,6.013999938964844
1999-11-26,6.044000148773193
1999-11-29,6.125999927520752
1999-11-30,6.0960001945495605
1999-12-01,6.125999927520752
1999-12-02,6.14900016784668
1999-12-03,6.059000015258789
1999-12-06,6.059000015258789
1999-12-07,6.014999866485596
1999-12-08,6.044000148773193
1999-12-09,6.021999835968018
1999-12-10,5.978000164031982
1999-12-13,5.992000102996826
1999-12-14,6.0970001220703125
1999-12-15,6.126999855041504
1999-12-16,6.186999797821045
1999-12-17,6.195000171661377
1999-12-20,6.263000011444092
1999-12-21,6.270999908447266
1999-12-22,6.294000148773193
1999-12-23,6.302000045776367
1999-12-27,6.295000076293945
1999-12-28,6.326000213623047
1999-12-29,6.295000076293945
1999-12-30,6.28000020980835
1999-12-31,6.3420000076293945
2000-01-03,6.456999778747559
2000-01-04,6.395999908447266
2000-01-05,6.488999843597412
2000-01-06,6.449999809265137
2000-01-07,6.396999835968018
2000-01-10,6.459000110626221
2000-01-11,6.567999839782715
2000-01-12,6.60699987411499
2000-01-13,6.513999938964844
2000-01-14,6.568999767303467
2000-01-18,6.625
2000-01-19,6.593999862670898
2000-01-20,6.632999897003174
2000-01-21,6.650000095367432
2000-01-24,6.572000026702881
2000-01-25,6.579999923706055
2000-01-26,6.611999988555908
2000-01-27,6.651000022888184
2000-01-28,6.659999847412109
2000-01-31,6.691999912261963
2000-02-01,6.660999774932861
2000-02-02,6.677000045776367
2000-02-03,6.552000045776367
2000-02-04,6.631999969482422
2000-02-07,6.735000133514404
2000-02-08,6.7270002365112305
2000-02-09,6.74399995803833
2000-02-10,6.760000228881836
2000-02-11,6.736999988555908
2000-02-14,6.6579999923706055
2000-02-15,6.705999851226807
2000-02-16,6.698999881744385
2000-02-17,6.747000217437744
2000-02-18,6.677000045776367
2000-02-22,6.541999816894531
2000-02-23,6.638000011444092
2000-02-24,6.5269999504089355
2000-02-25,6.480999946594238
2000-02-28,6.567999839782715
2000-02-29,6.5929999351501465
2000-03-01,6.560999870300293
2000-03-02,6.60099983215332
2000-03-03,6.578999996185303
2000-03-06,6.626999855041504
2000-03-07,6.586999893188477
2000-03-08,6.579999923706055
2000-03-09,6.547999858856201
2000-03-10,6.5970001220703125
2000-03-13,6.565999984741211
2000-03-14,6.501999855041504
2000-03-15,6.49399995803833
2000-03-16,6.454999923706055
2000-03-17,6.440000057220459
2000-03-20,6.447999954223633
2000-03-21,6.432000160217285
2000-03-22,6.408999919891357
2000-03-23,6.376999855041504
2000-03-24,6.489999771118164
2000-03-27,6.50600004196167
2000-03-28,6.474999904632568
2000-03-29,6.427000045776367
2000-03-30,6.355000019073486
2000-03-31,6.331999778747559
2000-04-03,6.283999919891357
2000-04-04,6.093999862670898
2000-04-05,6.1570000648498535
2000-04-06,6.2129998207092285
2000-04-07,6.182000160217285
2000-04-10,6.103000164031982
2000-04-11,6.173999786376953
2000-04-12,6.26200008392334
2000-04-13,6.206999778747559
2000-04-14,6.166999816894531
2000-04-17,6.216000080108643
2000-04-18,6.25600004196167
2000-04-19,6.223999977111816
2000-04-20,6.23199987411499
2000-04-24,6.224999904632568
2000-04-25,6.36299991607666
2000-04-26,6.395999908447266
2000-04-27,6.526000022888184
2000-04-28,6.552000045776367
2000-05-01,6.559999942779541
2000-05-02,6.6020002365112305
2000-05-03,6.659999847412109
2000-05-04,6.693999767303467
2000-05-05,6.769999980926514
2000-05-08,6.811999797821045
2000-05-09,6.78000020980835
2000-05-10,6.668000221252441
2000-05-11,6.6529998779296875
2000-05-12,6.75
2000-05-15,6.71999979019165
2000-05-16,6.704999923706055
2000-05-17,6.7270002365112305
2000-05-18,6.78000020980835
2000-05-19,6.71999979019165
2000-05-22,6.63700008392334
2000-05-23,6.675000190734863
2000-05-24,6.689000129699707
2000-05-25,6.614999771118164
2000-05-26,6.570000171661377
2000-05-30,6.60699987411499
2000-05-31,6.5320000648498535
2000-06-01,6.434999942779541
2000-06-02,6.368000030517578
2000-06-05,6.322999954223633
2000-06-06,6.34499979019165
2000-06-07,6.3379998207092285
2000-06-08,6.336999893188477
2000-06-09,6.35099983215332
2000-06-12,6.314000129699707
2000-06-13,6.306000232696533
2000-06-14,6.247000217437744
2000-06-15,6.247000217437744
2000-06-16,6.171999931335449
2000-06-19,6.201000213623047
2000-06-20,6.216000080108643
2000-06-21,6.296999931335449
2000-06-22,6.311999797821045
2000-06-23,6.36299991607666
2000-06-26,6.296000003814697
2000-06-27,6.2729997634887695
2000-06-28,6.28000020980835
2000-06-29,6.205999851226807
2000-06-30,6.175000190734863
2000-07-03,6.116000175476074
2000-07-05,6.10699987411499
2000-07-06,6.1519999504089355
2000-07-07,6.091000080108643
2000-07-10,6.120999813079834
2000-07-11,6.14300012588501
2000-07-12,6.179999828338623
2000-07-13,6.135000228881836
2000-07-14,6.23799991607666
2000-07-17,6.297999858856201
2000-07-18,6.289999961853027
2000-07-19,6.289999961853027
2000-07-20,6.146999835968018
2000-07-21,6.13100004196167
2000-07-24,6.169000148773193
2000-07-25,6.160999774932861
2000-07-26,6.1529998779296875
2000-07-27,6.130000114440918
2000-07-28,6.144000053405762
2000-07-31,6.144000053405762
2000-08-01,6.105999946594238
2000-08-02,6.076000213623047
2000-08-03,6.067999839782715
2000-08-04,6.013999938964844
2000-08-07,6.059000015258789
2000-08-08,6.013999938964844
2000-08-09,6.0279998779296875
2000-08-10,5.989999771118164
2000-08-11,6.057000160217285
2000-08-14,6.057000160217285
2000-08-15,6.093999862670898
2000-08-16,6.116000175476074
2000-08-17,6.109000205993652
2000-08-18,6.083000183105469
2000-08-21,6.085000038146973
2000-08-22,6.061999797821045
2000-08-23,6.015999794006348
2000-08-24,5.993000030517578
2000-08-25,5.992000102996826
2000-08-28,6.0370001792907715
2000-08-29,6.066999912261963
2000-08-30,6.059000015258789
2000-08-31,5.974999904632568
2000-09-01,5.890999794006348
2000-09-05,5.90500020980835
2000-09-06,5.927000045776367
2000-09-07,5.956999778747559
2000-09-08,5.926000118255615
2000-09-11,5.9629998207092285
2000-09-12,5.9629998207092285
2000-09-13,5.916999816894531
2000-09-14,5.932000160217285
2000-09-15,5.915999889373779
2000-09-18,5.900000095367432
2000-09-19,5.9070000648498535
2000-09-20,5.953000068664551
2000-09-21,5.945000171661377
2000-09-22,5.90500020980835
2000-09-25,5.9120001792907715
2000-09-26,5.874000072479248
2000-09-27,5.873000144958496
2000-09-28,5.88100004196167
2000-09-29,5.833000183105469
2000-10-02,5.841000080108643
2000-10-03,5.886000156402588
2000-10-04,5.908999919891357
2000-10-05,5.877999782562256
2000-10-06,5.861000061035156
2000-10-09,5.861000061035156
2000-10-10,5.84499979019165
2000-10-11,5.797999858856201
2000-10-12,5.714000225067139
2000-10-13,5.704999923706055
2000-10-16,5.75
2000-10-17,5.6579999923706055
2000-10-18,5.6570000648498535
2000-10-19,5.664000034332275
2000-10-20,5.671000003814697
2000-10-23,5.631999969482422
2000-10-24,5.670000076293945
2000-10-25,5.73799991607666
2000-10-26,5.730000019073486
2000-10-27,5.7829999923706055
2000-10-30,5.806000232696533
2000-10-31,5.813000202178955
2000-11-01,5.77400016784668
2000-11-02,5.7729997634887695
2000-11-03,5.849999904632568
2000-11-06,5.888000011444092
2000-11-07,5.895999908447266
2000-11-08,5.822000026702881
2000-11-09,5.763999938964844
2000-11-10,5.75
2000-11-13,5.714000225067139
2000-11-14,5.714000225067139
2000-11-15,5.677000045776367
2000-11-16,5.6479997634887695
2000-11-17,5.6620001792907715
2000-11-20,5.632999897003174
2000-11-21,5.639999866485596
2000-11-22,5.574999809265137
2000-11-24,5.574999809265137
2000-11-27,5.618000030517578
2000-11-28,5.566999912261963
2000-11-29,5.501999855041504
2000-11-30,5.39300012588501
2000-12-01,5.456999778747559
2000-12-04,5.442999839782715
2000-12-05,5.348999977111816
2000-12-06,5.255000114440918
2000-12-07,5.255000114440918
2000-12-08,5.303999900817871
2000-12-11,5.317999839782715
2000-12-12,5.317999839782715
2000-12-13,5.238999843597412
2000-12-14,5.166999816894531
2000-12-15,5.130000114440918
2000-12-18,5.093999862670898
2000-12-19,5.114999771118164
2000-12-20,5.0
2000-12-21,4.927999973297119
2000-12-22,4.892000198364258
2000-12-26,4.890999794006348
2000-12-27,4.982999801635742
2000-12-28,5.004000186920166
2000-12-29,4.980999946594238
2001-01-02,4.751999855041504
2001-01-03,4.922999858856201
2001-01-04,4.808000087738037
2001-01-05,4.671999931335449
2001-01-08,4.60099983215332
2001-01-09,4.705999851226807
2001-01-10,4.811999797821045
2001-01-11,4.826000213623047
2001-01-12,4.947000026702881
2001-01-16,4.932000160217285
2001-01-17,4.8379998207092285
2001-01-18,4.730000019073486
2001-01-19,4.824999809265137
2001-01-22,4.8429999351501465
2001-01-23,4.928999900817871
2001-01-24,4.949999809265137
2001-01-25,4.927999973297119
2001-01-26,4.889999866485596
2001-01-29,4.933000087738037
2001-01-30,4.881999969482422
2001-01-31,4.8379998207092285
2001-02-01,4.7230000495910645
2001-02-02,4.828999996185303
2001-02-05,4.8429999351501465
2001-02-06,4.894000053405762
2001-02-07,4.886000156402588
2001-02-08,4.89300012588501
2001-02-09,4.818999767303467
2001-02-12,4.840000152587891
2001-02-13,4.882999897003174
2001-02-14,4.9629998207092285
2001-02-15,5.035999774932861
2001-02-16,4.9029998779296875
2001-02-20,4.909999847412109
2001-02-21,4.916999816894531
2001-02-22,4.915999889373779
2001-02-23,4.811999797821045
2001-02-26,4.775000095367432
2001-02-27,4.716000080108643
2001-02-28,4.650000095367432
2001-03-01,4.627999782562256
2001-03-02,4.714000225067139
2001-03-05,4.728000164031982
2001-03-06,4.7270002365112305
2001-03-07,4.676000118255615
2001-03-08,4.6529998779296875
2001-03-09,4.710000038146973
2001-03-12,4.695000171661377
2001-03-13,4.686999797821045
2001-03-14,4.584000110626221
2001-03-15,4.510000228881836
2001-03-16,4.4720001220703125
2001-03-19,4.53000020980835
2001-03-20,4.493000030517578
2001-03-21,4.440999984741211
2001-03-22,4.381999969482422
2001-03-23,4.480000019073486
2001-03-26,4.511000156402588
2001-03-27,4.664999961853027
2001-03-28,4.635000228881836
2001-03-29,4.605000019073486
2001-03-30,4.544000148773193
2001-04-02,4.59499979019165
2001-04-03,4.543000221252441
2001-04-04,4.505000114440918
2001-04-05,4.556000232696533
2001-04-06,4.451000213623047
2001-04-09,4.4730000495910645
2001-04-10,4.619999885559082
2001-04-11,4.678999900817871
2001-04-12,4.73799991607666
2001-04-16,4.886000156402588
2001-04-17,4.788000106811523
2001-04-18,4.659999847412109
2001-04-19,4.756999969482422
2001-04-20,4.7779998779296875
2001-04-23,4.695000171661377
2001-04-24,4.686999797821045
2001-04-25,4.7769999504089355
2001-04-26,4.716000080108643
2001-04-27,4.835000038146973
2001-04-30,4.888000011444092
2001-05-01,4.849999904632568
2001-05-02,4.85699987411499
2001-05-03,4.795000076293945
2001-05-04,4.741000175476074
2001-05-07,4.739999771118164
2001-05-08,4.7170000076293945
2001-05-09,4.638999938964844
2001-05-10,4.73799991607666
2001-05-11,4.98199987411499
2001-05-14,4.909999847412109
2001-05-15,4.946000099182129
2001-05-16,4.946000099182129
2001-05-17,5.004000186920166
2001-05-18,4.982999801635742
2001-05-21,4.989999771118164
2001-05-22,4.960999965667725
2001-05-23,4.940000057220459
2001-05-24,5.033999919891357
2001-05-25,5.013000011444092
2001-05-29,5.0279998779296875
2001-05-30,5.0279998779296875
2001-05-31,4.940999984741211
2001-06-01,4.9120001792907715
2001-06-04,4.890999794006348
2001-06-05,4.817999839782715
2001-06-06,4.833000183105469
2001-06-07,4.840000152587891
2001-06-08,4.876999855041504
2001-06-11,4.840000152587891
2001-06-12,4.789999961853027
2001-06-13,4.789999961853027
2001-06-14,4.7179999351501465
2001-06-15,4.696000099182129
2001-06-18,4.696000099182129
2001-06-19,4.696000099182129
2001-06-20,4.666999816894531
2001-06-21,4.659999847412109
2001-06-22,4.610000133514404
2001-06-25,4.609000205993652
2001-06-26,4.710999965667725
2001-06-27,4.776000022888184
2001-06-28,4.89300012588501
2001-06-29,4.929999828338623
2001-07-02,4.835000038146973
2001-07-03,4.85699987411499
2001-07-05,4.901000022888184
2001-07-06,4.864999771118164
2001-07-09,4.821000099182129
2001-07-10,4.739999771118164
2001-07-11,4.769999980926514
2001-07-12,4.732999801635742
2001-07-13,4.763000011444092
2001-07-16,4.710999965667725
2001-07-17,4.718999862670898
2001-07-18,4.609000205993652
2001-07-19,4.638000011444092
2001-07-20,4.63100004196167
2001-07-23,4.638000011444092
2001-07-24,4.609000205993652
2001-07-25,4.668000221252441
2001-07-26,4.6529998779296875
2001-07-27,4.586999893188477
2001-07-30,4.572000026702881
2001-07-31,4.50600004196167
2001-08-01,4.550000190734863
2001-08-02,4.609000205993652
2001-08-03,4.6529998779296875
2001-08-06,4.638000011444092
2001-08-07,4.645999908447266
2001-08-08,4.534999847412109
2001-08-09,4.572000026702881
2001-08-10,4.550000190734863
2001-08-13,4.482999801635742
2001-08-14,4.505000114440918
2001-08-15,4.550000190734863
2001-08-16,4.491000175476074
2001-08-17,4.408999919891357
2001-08-20,4.4679999351501465
2001-08-21,4.446000099182129
2001-08-22,4.453000068664551
2001-08-23,4.431000232696533
2001-08-24,4.4679999351501465
2001-08-27,4.48199987411499
2001-08-28,4.401000022888184
2001-08-29,4.348999977111816
2001-08-30,4.335000038146973
2001-08-31,4.355999946594238
2001-09-04,4.548999786376953
2001-09-05,4.519000053405762
2001-09-06,4.400000095367432
2001-09-07,4.296000003814697
2001-09-10,4.317999839782715
2001-09-17,3.86899995803833
2001-09-18,3.927000045776367
2001-09-19,3.802999973297119
2001-09-20,3.825000047683716
2001-09-21,3.809000015258789
2001-09-24,3.8450000286102295
2001-09-25,3.815000057220459
2001-09-26,3.7709999084472656
2001-09-27,3.734999895095825
2001-09-28,3.7699999809265137
2001-10-01,3.7690000534057617
2001-10-02,3.746999979019165
2001-10-03,3.7100000381469727
2001-10-04,3.7239999771118164
2001-10-05,3.7149999141693115
2001-10-08,3.7149999141693115
2001-10-09,3.7799999713897705
2001-10-10,3.809000015258789
2001-10-11,3.881999969482422
2001-10-12,3.8589999675750732
2001-10-15,3.7920000553131104
2001-10-16,3.7699999809265137
2001-10-17,3.7839999198913574
2001-10-18,3.76200008392334
2001-10-19,3.7899999618530273
2001-10-22,3.812000036239624
2001-10-23,3.8329999446868896
2001-10-24,3.7890000343322754
2001-10-25,3.7219998836517334
2001-10-26,3.7200000286102295
2001-10-29,3.6540000438690186
2001-10-30,3.6019999980926514
2001-10-31,3.50600004196167
2001-11-01,3.505000114440918
2001-11-02,3.5920000076293945
2001-11-05,3.546999931335449
2001-11-06,3.48799991607666
2001-11-07,3.4769999980926514
2001-11-08,3.5910000801086426
2001-11-09,3.621000051498413
2001-11-12,3.628999948501587
2001-11-13,3.697999954223633
2001-11-14,3.874000072479248
2001-11-15,4.122000217437744
2001-11-16,4.320000171661377
2001-11-19,4.15500020980835
2001-11-20,4.179999828338623
2001-11-21,4.315999984741211
2001-11-23,4.361000061035156
2001-11-26,4.390999794006348
2001-11-27,4.318999767303467
2001-11-28,4.311999797821045
2001-11-29,4.083000183105469
2001-11-30,4.054999828338623
2001-12-03,3.997999906539917
2001-12-04,3.9560000896453857
2001-12-05,4.228000164031982
2001-12-06,4.343999862670898
2001-12-07,4.447000026702881
2001-12-10,4.419000148773193
2001-12-11,4.339000225067139
2001-12-12,4.251999855041504
2001-12-13,4.361999988555908
2001-12-14,4.442999839782715
2001-12-17,4.553999900817871
2001-12-18,4.421999931335449
2001-12-19,4.35699987411499
2001-12-20,4.394000053405762
2001-12-21,4.409999847412109
2001-12-24,4.454999923706055
2001-12-26,4.506999969482422
2001-12-27,4.419000148773193
2001-12-28,4.421000003814697
2001-12-31,4.333000183105469
2002-01-02,4.466000080108643
2002-01-03,4.436999797821045
2002-01-04,4.439000129699707
2002-01-07,4.335999965667725
2002-01-08,4.328999996185303
2002-01-09,4.328999996185303
2002-01-10,4.204999923706055
2002-01-11,4.066999912261963
2002-01-14,4.081999778747559
2002-01-15,4.081999778747559
2002-01-16,4.090000152587891
2002-01-17,4.206999778747559
2002-01-18,4.164000034332275
2002-01-22,4.186999797821045
2002-01-23,4.2829999923706055
2002-01-24,4.35099983215332
2002-01-25,4.4120001792907715
2002-01-28,4.420000076293945
2002-01-29,4.285999774932861
2002-01-30,4.270999908447266
2002-01-31,4.36899995803833
2002-02-01,4.295000076293945
2002-02-04,4.214000225067139
2002-02-05,4.236999988555908
2002-02-06,4.24399995803833
2002-02-07,4.251999855041504
2002-02-08,4.171999931335449
2002-02-11,4.193999767303467
2002-02-12,4.269000053405762
2002-02-13,4.300000190734863
2002-02-14,4.2779998779296875
2002-02-15,4.182000160217285
2002-02-19,4.190000057220459
2002-02-20,4.183000087738037
2002-02-21,4.183000087738037
2002-02-22,4.131999969482422
2002-02-25,4.15500020980835
2002-02-26,4.236999988555908
2002-02-27,4.15500020980835
2002-02-28,4.177999973297119
2002-03-01,4.291999816894531
2002-03-04,4.330999851226807
2002-03-05,4.339000225067139
2002-03-06,4.354000091552734
2002-03-07,4.5
2002-03-08,4.693999767303467
2002-03-11,4.695000171661377
2002-03-12,4.6570000648498535
2002-03-13,4.59499979019165
2002-03-14,4.743000030517578
2002-03-15,4.730000019073486
2002-03-18,4.698999881744385
2002-03-19,4.715000152587891
2002-03-20,4.785999774932861
2002-03-21,4.795000076293945
2002-03-22,4.813000202178955
2002-03-25,4.836999893188477
2002-03-26,4.758999824523926
2002-03-27,4.736999988555908
2002-03-28,4.808000087738037
2002-04-01,4.834000110626221
2002-04-02,4.749000072479248
2002-04-03,4.671000003814697
2002-04-04,4.671999931335449
2002-04-05,4.59499979019165
2002-04-08,4.5960001945495605
2002-04-09,4.580999851226807
2002-04-10,4.573999881744385
2002-04-11,4.551000118255615
2002-04-12,4.498000144958496
2002-04-15,4.4670000076293945
2002-04-16,4.506999969482422
2002-04-17,4.531000137329102
2002-04-18,4.515999794006348
2002-04-19,4.501999855041504
2002-04-22,4.494999885559082
2002-04-23,4.511000156402588
2002-04-24,4.416999816894531
2002-04-25,4.409999847412109
2002-04-26,4.373000144958496
2002-04-29,4.4120001792907715
2002-04-30,4.413000106811523
2002-05-01,4.357999801635742
2002-05-02,4.406000137329102
2002-05-03,4.353000164031982
2002-05-06,4.380000114440918
2002-05-07,4.343999862670898
2002-05-08,4.589000225067139
2002-05-09,4.535999774932861
2002-05-10,4.456999778747559
2002-05-13,4.5370001792907715
2002-05-14,4.635000228881836
2002-05-15,4.586999893188477
2002-05-16,4.519999980926514
2002-05-17,4.584000110626221
2002-05-20,4.5229997634887695
2002-05-21,4.47599983215332
2002-05-22,4.421000003814697
2002-05-23,4.455999851226807
2002-05-24,4.453000068664551
2002-05-28,4.447000026702881
2002-05-29,4.38700008392334
2002-05-30,4.341000080108643
2002-05-31,4.359000205993652
2002-06-03,4.3429999351501465
2002-06-04,4.300000190734863
2002-06-05,4.322000026702881
2002-06-06,4.2769999504089355
2002-06-07,4.318999767303467
2002-06-10,4.315999984741211
2002-06-11,4.26200008392334
2002-06-12,4.2230000495910645
2002-06-13,4.178999900817871
2002-06-14,4.071000099182129
2002-06-17,4.117000102996826
2002-06-18,4.1020002365112305
2002-06-19,3.9769999980926514
2002-06-20,4.086999893188477
2002-06-21,4.02400016784668
2002-06-24,4.0980000495910645
2002-06-25,4.09499979019165
2002-06-26,3.9560000896453857
2002-06-27,4.052999973297119
2002-06-28,4.058000087738037
2002-07-01,4.040999889373779
2002-07-02,3.9539999961853027
2002-07-03,3.9519999027252197
2002-07-05,4.086999893188477
2002-07-08,4.0269999504089355
2002-07-09,3.933000087738037
2002-07-10,3.815999984741211
2002-07-11,3.796999931335449
2002-07-12,3.7679998874664307
2002-07-15,3.7820000648498535
2002-07-16,3.888000011444092
2002-07-17,3.819999933242798
2002-07-18,3.750999927520752
2002-07-19,3.694999933242798
2002-07-22,3.5810000896453857
2002-07-23,3.510999917984009
2002-07-24,3.4749999046325684
2002-07-25,3.437999963760376
2002-07-26,3.375
2002-07-29,3.562000036239624
2002-07-30,3.61299991607666
2002-07-31,3.4579999446868896
2002-08-01,3.3580000400543213
2002-08-02,3.190999984741211
2002-08-05,3.1410000324249268
2002-08-06,3.302999973297119
2002-08-07,3.252000093460083
2002-08-08,3.367000102996826
2002-08-09,3.265000104904175
2002-08-12,3.2320001125335693
2002-08-13,3.138000011444092
2002-08-14,3.181999921798706
2002-08-15,3.2750000953674316
2002-08-16,3.4110000133514404
2002-08-19,3.4030001163482666
2002-08-20,3.24399995803833
2002-08-21,3.2639999389648438
2002-08-22,3.36299991607666
2002-08-23,3.2960000038146973
2002-08-26,3.2739999294281006
2002-08-27,3.3499999046325684
2002-08-28,3.306999921798706
2002-08-29,3.2290000915527344
2002-08-30,3.2079999446868896
2002-09-03,3.0239999294281006
2002-09-04,2.994999885559082
2002-09-05,2.927000045776367
2002-09-06,3.069000005722046
2002-09-09,3.0989999771118164
2002-09-10,3.049999952316284
2002-09-11,3.128999948501587
2002-09-12,3.0350000858306885
2002-09-13,2.9660000801086426
2002-09-16,2.9539999961853027
2002-09-17,2.940000057220459
2002-09-18,2.927999973297119
2002-09-19,2.8440001010894775
2002-09-20,2.828000068664551
2002-09-23,2.7309999465942383
2002-09-24,2.6989998817443848
2002-09-25,2.802000045776367
2002-09-26,2.812000036239624
2002-09-27,2.7130000591278076
2002-09-30,2.578000068664551
2002-10-01,2.694999933242798
2002-10-02,2.7079999446868896
2002-10-03,2.690000057220459
2002-10-04,2.690000057220459
2002-10-07,2.634000062942505
2002-10-08,2.6610000133514404
2002-10-09,2.5769999027252197
2002-10-10,2.627000093460083
2002-10-11,2.7799999713897705
2002-10-14,2.7750000953674316
2002-10-15,3.002000093460083
2002-10-16,3.0369999408721924
2002-10-17,3.1389999389648438
2002-10-18,3.125999927520752
2002-10-21,3.2109999656677246
2002-10-22,3.2260000705718994
2002-10-23,3.2139999866485596
2002-10-24,3.121000051498413
2002-10-25,3.0269999504089355
2002-10-28,2.9679999351501465
2002-10-29,2.7990000247955322
2002-10-30,2.805000066757202
2002-10-31,2.743000030517578
2002-11-01,2.8340001106262207
2002-11-04,2.9210000038146973
2002-11-05,2.937000036239624
2002-11-06,3.0
2002-11-07,2.865000009536743
2002-11-08,2.865999937057495
2002-11-11,2.865999937057495
2002-11-12,2.8420000076293945
2002-11-13,2.828000068664551
2002-11-14,3.003000020980835
2002-11-15,3.0490000247955322
2002-11-18,3.0239999294281006
2002-11-19,3.006999969482422
2002-11-20,3.128000020980835
2002-11-21,3.197999954223633
2002-11-22,3.243000030517578
2002-11-25,3.2330000400543213
2002-11-26,3.128000020980835
2002-11-27,3.322999954223633
2002-11-29,3.260999917984009
2002-12-02,3.296999931335449
2002-12-03,3.306999921798706
2002-12-04,3.2239999771118164
2002-12-05,3.1649999618530273
2002-12-06,3.0950000286102295
2002-12-09,3.0460000038146973
2002-12-10,3.0439999103546143
2002-12-11,2.9839999675750732
2002-12-12,2.999000072479248
2002-12-13,3.0380001068115234
2002-12-16,3.1010000705718994
2002-12-17,3.066999912261963
2002-12-18,2.9860000610351562
2002-12-19,2.88100004196167
2002-12-20,2.884000062942505
2002-12-23,2.9100000858306885
2002-12-24,2.88700008392334
2002-12-26,2.8499999046325684
2002-12-27,2.743000030517578
2002-12-30,2.7019999027252197
2002-12-31,2.7300000190734863
2003-01-02,2.9790000915527344
2003-01-03,2.989000082015991
2003-01-06,3.0429999828338623
2003-01-07,2.990999937057495
2003-01-08,2.947000026702881
2003-01-09,3.1440000534057617
2003-01-10,3.1459999084472656
2003-01-13,3.1029999256134033
2003-01-14,3.0429999828338623
2003-01-15,3.0390000343322754
2003-01-16,3.0339999198913574
2003-01-17,2.9700000286102295
2003-01-21,2.936000108718872
2003-01-22,2.865999937057495
2003-01-23,2.8910000324249268
2003-01-24,2.8429999351501465
2003-01-27,2.8980000019073486
2003-01-28,2.9189999103546143
2003-01-29,2.9830000400543213
2003-01-30,2.9519999027252197
2003-01-31,2.9570000171661377
2003-02-03,2.9800000190734863
2003-02-04,2.9079999923706055
2003-02-05,2.986999988555908
2003-02-06,2.934000015258789
2003-02-07,2.8889999389648438
2003-02-10,2.947999954223633
2003-02-11,2.9170000553131104
2003-02-12,2.924999952316284
2003-02-13,2.8359999656677246
2003-02-14,2.9149999618530273
2003-02-18,2.9200000762939453
2003-02-19,2.8589999675750732
2003-02-20,2.809000015258789
2003-02-21,2.8510000705718994
2003-02-24,2.806999921798706
2003-02-25,2.7639999389648438
2003-02-26,2.739000082015991
2003-02-27,2.7330000400543213
2003-02-28,2.6659998893737793
2003-03-03,2.6410000324249268
2003-03-04,2.6070001125335693
2003-03-05,2.562999963760376
2003-03-06,2.5969998836517334
2003-03-07,2.546999931335449
2003-03-10,2.484999895095825
2003-03-11,2.51200008392334
2003-03-12,2.5480000972747803
2003-03-13,2.7190001010894775
2003-03-14,2.687000036239624
2003-03-17,2.7890000343322754
2003-03-18,2.8989999294281006
2003-03-19,2.947999954223633
2003-03-20,2.9719998836517334
2003-03-21,3.0820000171661377
2003-03-24,2.947999954223633
2003-03-25,2.930999994277954
2003-03-26,2.9010000228881836
2003-03-27,2.869999885559082
2003-03-28,2.815000057220459
2003-03-31,2.73799991607666
2003-04-01,2.7320001125335693
2003-04-02,2.8489999771118164
2003-04-03,2.818000078201294
2003-04-04,2.8329999446868896
2003-04-07,2.931999921798706
2003-04-08,2.8519999980926514
2003-04-09,2.809000015258789
2003-04-10,2.8440001010894775
2003-04-11,2.8980000019073486
2003-04-14,2.9560000896453857
2003-04-15,2.9140000343322754
2003-04-16,2.8910000324249268
2003-04-17,2.928999900817871
2003-04-21,2.9539999961853027
2003-04-22,2.943000078201294
2003-04-23,2.9539999961853027
2003-04-24,2.8540000915527344
2003-04-25,2.811000108718872
2003-04-28,2.8289999961853027
2003-04-29,2.864000082015991
2003-04-30,2.7679998874664307
2003-05-01,2.746999979019165
2003-05-02,2.821000099182129
2003-05-05,2.7939999103546143
2003-05-06,2.6740000247955322
2003-05-07,2.549999952316284
2003-05-08,2.6080000400543213
2003-05-09,2.6089999675750732
2003-05-12,2.5810000896453857
2003-05-13,2.568000078201294
2003-05-14,2.490000009536743
2003-05-15,2.5329999923706055
2003-05-16,2.433000087738037
2003-05-19,2.4000000953674316
2003-05-20,2.316999912261963
2003-05-21,2.371000051498413
2003-05-22,2.318000078201294
2003-05-23,2.319999933242798
2003-05-27,2.318000078201294
2003-05-28,2.3359999656677246
2003-05-29,2.259000062942505
2003-05-30,2.2709999084472656
2003-06-02,2.3420000076293945
2003-06-03,2.242000102996826
2003-06-04,2.178999900817871
2003-06-05,2.2339999675750732
2003-06-06,2.2739999294281006
2003-06-09,2.184999942779541
2003-06-10,2.0850000381469727
2003-06-11,2.1089999675750732
2003-06-12,2.0759999752044678
2003-06-13,2.0190000534057617
2003-06-16,2.1110000610351562
2003-06-17,2.2209999561309814
2003-06-18,2.302999973297119
2003-06-19,2.242000102996826
2003-06-20,2.2950000762939453
2003-06-23,2.2090001106262207
2003-06-24,2.1579999923706055
2003-06-25,2.2739999294281006
2003-06-26,2.4489998817443848
2003-06-27,2.493000030517578
2003-06-30,2.4230000972747803
2003-07-01,2.434999942779541
2003-07-02,2.4089999198913574
2003-07-03,2.489000082015991
2003-07-07,2.555999994277954
2003-07-08,2.5940001010894775
2003-07-09,2.568000078201294
2003-07-10,2.5280001163482666
2003-07-11,2.4630000591278076
2003-07-14,2.5399999618530273
2003-07-15,2.7339999675750732
2003-07-16,2.7880001068115234
2003-07-17,2.803999900817871
2003-07-18,2.825000047683716
2003-07-21,3.0230000019073486
2003-07-22,3.0
2003-07-23,2.944999933242798
2003-07-24,2.9830000400543213
2003-07-25,2.992000102996826
2003-07-28,3.114000082015991
2003-07-29,3.2360000610351562
2003-07-30,3.1579999923706055
2003-07-31,3.2909998893737793
2003-08-01,3.2679998874664307
2003-08-04,3.134999990463257
2003-08-05,3.2799999713897705
2003-08-06,3.1500000953674316
2003-08-07,3.2039999961853027
2003-08-08,3.197999954223633
2003-08-11,3.255000114440918
2003-08-12,3.2090001106262207
2003-08-13,3.4189999103546143
2003-08-14,3.4539999961853027
2003-08-15,3.3980000019073486
2003-08-18,3.3589999675750732
2003-08-19,3.2690000534057617
2003-08-20,3.3410000801086426
2003-08-21,3.489000082015991
2003-08-22,3.436000108718872
2003-08-25,3.506999969482422
2003-08-26,3.4630000591278076
2003-08-27,3.5369999408721924
2003-08-28,3.4070000648498535
2003-08-29,3.447000026702881
2003-09-02,3.61299991607666
2003-09-03,3.5959999561309814
2003-09-04,3.4790000915527344
2003-09-05,3.255000114440918
2003-09-08,3.2929999828338623
2003-09-09,3.256999969482422
2003-09-10,3.138000011444092
2003-09-11,3.244999885559082
2003-09-12,3.1559998989105225
2003-09-15,3.1059999465942383
2003-09-16,3.130000114440918
2003-09-17,3.063999891281128
2003-09-18,3.0850000381469727
2003-09-19,3.0989999771118164
2003-09-22,3.1470000743865967
2003-09-23,3.11299991607666
2003-09-24,3.053999900817871
2003-09-25,3.0309998989105225
2003-09-26,2.936000108718872
2003-09-29,2.9749999046325684
2003-09-30,2.822999954223633
2003-10-01,2.812000036239624
2003-10-02,2.88100004196167
2003-10-03,3.0920000076293945
2003-10-06,3.0320000648498535
2003-10-07,3.11299991607666
2003-10-08,3.0950000286102295
2003-10-09,3.184999942779541
2003-10-10,3.134999990463257
2003-10-13,3.134000062942505
2003-10-14,3.2269999980926514
2003-10-15,3.2929999828338623
2003-10-16,3.4019999504089355
2003-10-17,3.325000047683716
2003-10-20,3.319999933242798
2003-10-21,3.308000087738037
2003-10-22,3.2019999027252197
2003-10-23,3.2309999465942383
2003-10-24,3.127000093460083
2003-10-27,3.187999963760376
2003-10-28,3.0859999656677246
2003-10-29,3.180999994277954
2003-10-30,3.2829999923706055
2003-10-31,3.246999979019165
2003-11-03,3.325000047683716
2003-11-04,3.259000062942505
2003-11-05,3.3269999027252197
2003-11-06,3.4000000953674316
2003-11-07,3.446000099182129
2003-11-10,3.4609999656677246
2003-11-12,3.4130001068115234
2003-11-13,3.2809998989105225
2003-11-14,3.2009999752044678
2003-11-17,3.1419999599456787
2003-11-18,3.134999990463257
2003-11-19,3.2090001106262207
2003-11-20,3.132999897003174
2003-11-21,3.134000062942505
2003-11-24,3.2239999771118164
2003-11-25,3.180999994277954
2003-11-26,3.25600004196167
2003-11-28,3.3510000705718994
2003-12-01,3.438999891281128
2003-12-02,3.4110000133514404
2003-12-03,3.438999891281128
2003-12-04,3.390000104904175
2003-12-05,3.2009999752044678
2003-12-08,3.256999969482422
2003-12-09,3.3410000801086426
2003-12-10,3.2880001068115234
2003-12-11,3.2100000381469727
2003-12-12,3.2200000286102295
2003-12-15,3.257999897003174
2003-12-16,3.2100000381469727
2003-12-17,3.180000066757202
2003-12-18,3.1649999618530273
2003-12-19,3.1510000228881836
2003-12-22,3.177000045776367
2003-12-23,3.2950000762939453
2003-12-24,3.187000036239624
2003-12-26,3.1510000228881836
2003-12-29,3.2170000076293945
2003-12-30,3.250999927520752
2003-12-31,3.2179999351501465
2004-01-02,3.3469998836517334
2004-01-05,3.3589999675750732
2004-01-06,3.240000009536743
2004-01-07,3.2100000381469727
2004-01-08,3.246999979019165
2004-01-09,3.049999952316284
2004-01-12,3.0399999618530273
2004-01-13,2.9690001010894775
2004-01-14,2.9509999752044678
2004-01-15,2.9670000076293945
2004-01-16,3.015000104904175
2004-01-20,3.046999931335449
2004-01-21,3.0220000743865967
2004-01-22,2.9560000896453857
2004-01-23,3.056999921798706
2004-01-26,3.118000030517578
2004-01-27,3.059999942779541
2004-01-28,3.2070000171661377
2004-01-29,3.2100000381469727
2004-01-30,3.1500000953674316
2004-02-02,3.1589999198913574
2004-02-03,3.0969998836517334
2004-02-04,3.11899995803833
2004-02-05,3.190999984741211
2004-02-06,3.0910000801086426
2004-02-09,3.059999942779541
2004-02-10,3.1040000915527344
2004-02-11,2.99399995803833
2004-02-12,3.065999984741211
2004-02-13,3.009000062942505
2004-02-17,3.0169999599456787
2004-02-18,3.0199999809265137
2004-02-19,3.015000104904175
2004-02-20,3.072999954223633
2004-02-23,3.0179998874664307
2004-02-24,2.990999937057495
2004-02-25,2.9730000495910645
2004-02-26,3.0
2004-02-27,2.944999933242798
2004-03-01,2.9609999656677246
2004-03-02,3.0220000743865967
2004-03-03,3.0369999408721924
2004-03-04,3.000999927520752
2004-03-05,2.7829999923706055
2004-03-08,2.7139999866485596
2004-03-09,2.6540000438690186
2004-03-10,2.6730000972747803
2004-03-11,2.7149999141693115
2004-03-12,2.7230000495910645
2004-03-15,2.7360000610351562
2004-03-16,2.6449999809265137
2004-03-17,2.640000104904175
2004-03-18,2.7130000591278076
2004-03-19,2.747999906539917
2004-03-22,2.680999994277954
2004-03-23,2.6740000247955322
2004-03-24,2.6649999618530273
2004-03-25,2.684999942779541
2004-03-26,2.7960000038146973
2004-03-29,2.8459999561309814
2004-03-30,2.8529999256134033
2004-03-31,2.7809998989105225
2004-04-01,2.8529999256134033
2004-04-02,3.131999969482422
2004-04-05,3.2139999866485596
2004-04-06,3.1570000648498535
2004-04-07,3.194000005722046
2004-04-08,3.2209999561309814
2004-04-12,3.253999948501587
2004-04-13,3.372999906539917
2004-04-14,3.434999942779541
2004-04-15,3.4519999027252197
2004-04-16,3.378999948501587
2004-04-19,3.4149999618530273
2004-04-20,3.4600000381469727
2004-04-21,3.50600004196167
2004-04-22,3.447000026702881
2004-04-23,3.559000015258789
2004-04-26,3.5510001182556152
2004-04-27,3.506999969482422
2004-04-28,3.5829999446868896
2004-04-29,3.6530001163482666
2004-04-30,3.611999988555908
2004-05-03,3.615000009536743
2004-05-04,3.6389999389648438
2004-05-05,3.6740000247955322
2004-05-06,3.7079999446868896
2004-05-07,3.937000036239624
2004-05-10,3.927999973297119
2004-05-11,3.9179999828338623
2004-05-12,3.921999931335449
2004-05-13,4.006999969482422
2004-05-14,3.9179999828338623
2004-05-17,3.815000057220459
2004-05-18,3.86299991607666
2004-05-19,3.928999900817871
2004-05-20,3.8489999771118164
2004-05-21,3.9059998989105225
2004-05-24,3.884999990463257
2004-05-25,3.878000020980835
2004-05-26,3.803999900817871
2004-05-27,3.7170000076293945
2004-05-28,3.799999952316284
2004-06-01,3.8380000591278076
2004-06-02,3.881999969482422
2004-06-03,3.871999979019165
2004-06-04,3.953000068664551
2004-06-07,3.9230000972747803
2004-06-08,3.931999921798706
2004-06-09,3.9809999465942383
2004-06-10,3.996999979019165
2004-06-14,4.0960001945495605
2004-06-15,3.9030001163482666
2004-06-16,3.950000047683716
2004-06-17,3.921999931335449
2004-06-18,3.934999942779541
2004-06-21,3.9059998989105225
2004-06-22,3.9130001068115234
2004-06-23,3.9019999504089355
2004-06-24,3.8410000801086426
2004-06-25,3.8399999141693115
2004-06-28,3.9539999961853027
2004-06-29,3.9079999923706055
2004-06-30,3.808000087738037
2004-07-01,3.7260000705718994
2004-07-02,3.5989999771118164
2004-07-06,3.631999969482422
2004-07-07,3.628999948501587
2004-07-08,3.6429998874664307
2004-07-09,3.6389999389648438
2004-07-12,3.619999885559082
2004-07-13,3.6579999923706055
2004-07-14,3.674999952316284
2004-07-15,3.687000036239624
2004-07-16,3.552999973297119
2004-07-19,3.561000108718872
2004-07-20,3.6710000038146973
2004-07-21,3.7219998836517334
2004-07-22,3.696000099182129
2004-07-23,3.674999952316284
2004-07-26,3.7190001010894775
2004-07-27,3.8289999961853027
2004-07-28,3.805999994277954
2004-07-29,3.7829999923706055
2004-07-30,3.690000057220459
2004-08-02,3.6649999618530273
2004-08-03,3.6419999599456787
2004-08-04,3.6449999809265137
2004-08-05,3.618000030517578
2004-08-06,3.380000114440918
2004-08-09,3.4200000762939453
2004-08-10,3.490999937057495
2004-08-11,3.4769999980926514
2004-08-12,3.4660000801086426
2004-08-13,3.4089999198913574
2004-08-16,3.440999984741211
2004-08-17,3.381999969482422
2004-08-18,3.4019999504089355
2004-08-19,3.375
2004-08-20,3.4159998893737793
2004-08-23,3.4590001106262207
2004-08-24,3.4560000896453857
2004-08-25,3.4519999027252197
2004-08-26,3.421999931335449
2004-08-27,3.427000045776367
2004-08-30,3.3889999389648438
2004-08-31,3.3239998817443848
2004-09-01,3.305999994277954
2004-09-02,3.371999979019165
2004-09-03,3.497999906539917
2004-09-07,3.4579999446868896
2004-09-08,3.3610000610351562
2004-09-09,3.4130001068115234
2004-09-10,3.3919999599456787
2004-09-13,3.375
2004-09-14,3.3429999351501465
2004-09-15,3.381999969482422
2004-09-16,3.2760000228881836
2004-09-17,3.3489999771118164
2004-09-20,3.2669999599456787
2004-09-21,3.2820000648498535
2004-09-22,3.250999927520752
2004-09-23,3.311000108718872
2004-09-24,3.322999954223633
2004-09-27,3.2820000648498535
2004-09-28,3.2750000953674316
2004-09-29,3.3580000400543213
2004-09-30,3.369999885559082
2004-10-01,3.427999973297119
2004-10-04,3.4230000972747803
2004-10-05,3.4210000038146973
2004-10-06,3.4790000915527344
2004-10-07,3.5239999294281006
2004-10-08,3.3940000534057617
2004-10-11,3.3959999084472656
2004-10-12,3.3540000915527344
2004-10-13,3.319000005722046
2004-10-14,3.249000072479248
2004-10-15,3.308000087738037
2004-10-18,3.302000045776367
2004-10-19,3.308000087738037
2004-10-20,3.256999969482422
2004-10-21,3.2739999294281006
2004-10-22,3.256999969482422
2004-10-25,3.239000082015991
2004-10-26,3.250999927520752
2004-10-27,3.3540000915527344
2004-10-28,3.3329999446868896
2004-10-29,3.2899999618530273
2004-11-01,3.3489999771118164
2004-11-02,3.3320000171661377
2004-11-03,3.325000047683716
2004-11-04,3.3420000076293945
2004-11-05,3.489000082015991
2004-11-08,3.5190000534057617
2004-11-09,3.5139999389648438
2004-11-10,3.571000099182129
2004-11-11,3.559999942779541
2004-11-12,3.5290000438690186
2004-11-15,3.5309998989105225
2004-11-16,3.556999921798706
2004-11-17,3.4809999465942383
2004-11-18,3.4760000705718994
2004-11-19,3.563999891281128
2004-11-22,3.552000045776367
2004-11-23,3.572000026702881
2004-11-24,3.5999999046325684
2004-11-26,3.635999917984009
2004-11-29,3.7139999866485596
2004-11-30,3.7009999752044678
2004-12-01,3.7119998931884766
2004-12-02,3.740000009536743
2004-12-03,3.61299991607666
2004-12-06,3.5829999446868896
2004-12-07,3.5880000591278076
2004-12-08,3.500999927520752
2004-12-09,3.5399999618530273
2004-12-10,3.5329999923706055
2004-12-13,3.5380001068115234
2004-12-14,3.5220000743865967
2004-12-15,3.4779999256134033
2004-12-16,3.571000099182129
2004-12-17,3.5859999656677246
2004-12-20,3.5859999656677246
2004-12-21,3.563999891281128
2004-12-22,3.566999912261963
2004-12-23,3.578000068664551
2004-12-27,3.6419999599456787
2004-12-28,3.6489999294281006
2004-12-29,3.686000108718872
2004-12-30,3.634999990463257
2004-12-31,3.6070001125335693
2005-01-03,3.628000020980835
2005-01-04,3.7049999237060547
2005-01-05,3.7109999656677246
2005-01-06,3.694999933242798
2005-01-07,3.7249999046325684
2005-01-10,3.7339999675750732
2005-01-11,3.7109999656677246
2005-01-12,3.703000068664551
2005-01-13,3.6730000972747803
2005-01-14,3.7109999656677246
2005-01-18,3.7170000076293945
2005-01-19,3.7170000076293945
2005-01-20,3.677000045776367
2005-01-21,3.6389999389648438
2005-01-24,3.6459999084472656
2005-01-25,3.703000068664551
2005-01-26,3.7190001010894775
2005-01-27,3.740999937057495
2005-01-28,3.684000015258789
2005-01-31,3.694000005722046
2005-02-01,3.6989998817443848
2005-02-02,3.7139999866485596
2005-02-03,3.753999948501587
2005-02-04,3.6679999828338623
2005-02-07,3.6630001068115234
2005-02-08,3.674999952316284
2005-02-09,3.5739998817443848
2005-02-10,3.6459999084472656
2005-02-11,3.694999933242798
2005-02-14,3.691999912261963
2005-02-15,3.7090001106262207
2005-02-16,3.7820000648498535
2005-02-17,3.7769999504089355
2005-02-18,3.8550000190734863
2005-02-22,3.871000051498413
2005-02-23,3.861999988555908
2005-02-24,3.8949999809265137
2005-02-25,3.9010000228881836
2005-02-28,3.994999885559082
2005-03-01,4.007999897003174
2005-03-02,3.99399995803833
2005-03-03,4.006999969482422
2005-03-04,3.9560000896453857
2005-03-07,3.9739999771118164
2005-03-08,4.0370001792907715
2005-03-09,4.140999794006348
2005-03-10,4.125999927520752
2005-03-11,4.214000225067139
2005-03-14,4.198999881744385
2005-03-15,4.2170000076293945
2005-03-16,4.184000015258789
2005-03-17,4.136000156402588
2005-03-18,4.170000076293945
2005-03-21,4.177000045776367
2005-03-22,4.276000022888184
2005-03-23,4.294000148773193
2005-03-24,4.289000034332275
2005-03-28,4.322999954223633
2005-03-29,4.285999774932861
2005-03-30,4.256999969482422
2005-03-31,4.173999786376953
2005-04-01,4.125
2005-04-04,4.117000102996826
2005-04-05,4.130000114440918
2005-04-06,4.089000225067139
2005-04-07,4.119999885559082
2005-04-08,4.1529998779296875
2005-04-11,4.118000030517578
2005-04-12,4.038000106811523
2005-04-13,4.026000022888184
2005-04-14,3.99399995803833
2005-04-15,3.9149999618530273
2005-04-18,3.8959999084472656
2005-04-19,3.8450000286102295
2005-04-20,3.8540000915527344
2005-04-21,3.9600000381469727
2005-04-22,3.9210000038146973
2005-04-25,3.937000036239624
2005-04-26,3.9539999961853027
2005-04-27,3.9210000038146973
2005-04-28,3.8440001010894775
2005-04-29,3.8959999084472656
2005-05-02,3.878999948501587
2005-05-03,3.888000011444092
2005-05-04,3.861999988555908
2005-05-05,3.806999921798706
2005-05-06,3.9539999961853027
2005-05-09,3.9830000400543213
2005-05-10,3.9179999828338623
2005-05-11,3.9030001163482666
2005-05-12,3.872999906539917
2005-05-13,3.821000099182129
2005-05-16,3.819999933242798
2005-05-17,3.811000108718872
2005-05-18,3.7709999084472656
2005-05-19,3.8369998931884766
2005-05-20,3.871000051498413
2005-05-23,3.8239998817443848
2005-05-24,3.7820000648498535
2005-05-25,3.802000045776367
2005-05-26,3.819000005722046
2005-05-27,3.813999891281128
2005-05-31,3.753000020980835
2005-06-01,3.634999990463257
2005-06-02,3.6419999599456787
2005-06-03,3.7309999465942383
2005-06-06,3.7269999980926514
2005-06-07,3.687999963760376
2005-06-08,3.7239999771118164
2005-06-09,3.756999969482422
2005-06-10,3.8359999656677246
2005-06-13,3.864000082015991
2005-06-14,3.874000072479248
2005-06-15,3.890000104904175
2005-06-16,3.8570001125335693
2005-06-17,3.867000102996826
2005-06-20,3.884999990463257
2005-06-21,3.8399999141693115
2005-06-22,3.7209999561309814
2005-06-23,3.74399995803833
2005-06-24,3.694000005722046
2005-06-27,3.680999994277954
2005-06-28,3.753000020980835
2005-06-29,3.7690000534057617
2005-06-30,3.7249999046325684
2005-07-01,3.825000047683716
2005-07-05,3.8989999294281006
2005-07-06,3.86299991607666
2005-07-07,3.8289999961853027
2005-07-08,3.8989999294281006
2005-07-11,3.9010000228881836
2005-07-12,3.937000036239624
2005-07-13,3.9590001106262207
2005-07-14,3.9760000705718994
2005-07-15,3.9769999980926514
2005-07-18,4.01800012588501
2005-07-19,3.989000082015991
2005-07-20,3.9839999675750732
2005-07-21,4.081999778747559
2005-07-22,4.038000106811523
2005-07-25,4.065999984741211
2005-07-26,4.065000057220459
2005-07-27,4.0970001220703125
2005-07-28,4.044000148773193
2005-07-29,4.125
2005-08-01,4.1570000648498535
2005-08-02,4.163000106811523
2005-08-03,4.126999855041504
2005-08-04,4.14900016784668
2005-08-05,4.235000133514404
2005-08-08,4.269000053405762
2005-08-09,4.24399995803833
2005-08-10,4.236999988555908
2005-08-11,4.203999996185303
2005-08-12,4.109000205993652
2005-08-15,4.144999980926514
2005-08-16,4.0960001945495605
2005-08-17,4.142000198364258
2005-08-18,4.077000141143799
2005-08-19,4.078999996185303
2005-08-22,4.074999809265137
2005-08-23,4.048999786376953
2005-08-24,4.045000076293945
2005-08-25,4.038000106811523
2005-08-26,4.084000110626221
2005-08-29,4.078000068664551
2005-08-30,3.9630000591278076
2005-08-31,3.86899995803833
2005-09-01,3.822000026702881
2005-09-02,3.8389999866485596
2005-09-06,3.8889999389648438
2005-09-07,3.936000108718872
2005-09-08,3.943000078201294
2005-09-09,3.933000087738037
2005-09-12,3.9739999771118164
2005-09-13,3.930999994277954
2005-09-14,3.9579999446868896
2005-09-15,3.99399995803833
2005-09-16,4.046000003814697
2005-09-19,4.020999908447266
2005-09-20,4.050000190734863
2005-09-21,4.006999969482422
2005-09-22,3.9860000610351562
2005-09-23,4.072999954223633
2005-09-26,4.11299991607666
2005-09-27,4.126999855041504
2005-09-28,4.111000061035156
2005-09-29,4.140999794006348
2005-09-30,4.195000171661377
2005-10-03,4.244999885559082
2005-10-04,4.238999843597412
2005-10-05,4.23199987411499
2005-10-06,4.229000091552734
2005-10-07,4.235000133514404
2005-10-11,4.26200008392334
2005-10-12,4.309999942779541
2005-10-13,4.327000141143799
2005-10-14,4.34499979019165
2005-10-17,4.3480000495910645
2005-10-18,4.335999965667725
2005-10-19,4.317999839782715
2005-10-20,4.324999809265137
2005-10-21,4.258999824523926
2005-10-24,4.315000057220459
2005-10-25,4.379000186920166
2005-10-26,4.460000038146973
2005-10-27,4.429999828338623
2005-10-28,4.449999809265137
2005-10-31,4.447000026702881
2005-11-01,4.466000080108643
2005-11-02,4.497000217437744
2005-11-03,4.541999816894531
2005-11-04,4.554999828338623
2005-11-07,4.547999858856201
2005-11-08,4.480999946594238
2005-11-09,4.552999973297119
2005-11-10,4.484000205993652
2005-11-14,4.540999889373779
2005-11-15,4.501999855041504
2005-11-16,4.429999828338623
2005-11-17,4.390999794006348
2005-11-18,4.431000232696533
2005-11-21,4.388999938964844
2005-11-22,4.334000110626221
2005-11-23,4.375999927520752
2005-11-25,4.335000038146973
2005-11-28,4.321000099182129
2005-11-29,4.4019999504089355
2005-11-30,4.425000190734863
2005-12-01,4.449999809265137
2005-12-02,4.446000099182129
2005-12-05,4.492000102996826
2005-12-06,4.421000003814697
2005-12-07,4.443999767303467
2005-12-08,4.363999843597412
2005-12-09,4.440000057220459
2005-12-12,4.455999851226807
2005-12-13,4.436999797821045
2005-12-14,4.36299991607666
2005-12-15,4.376999855041504
2005-12-16,4.359000205993652
2005-12-19,4.363999843597412
2005-12-20,4.3979997634887695
2005-12-21,4.421000003814697
2005-12-22,4.370999813079834
2005-12-23,4.322000026702881
2005-12-27,4.288000106811523
2005-12-28,4.322999954223633
2005-12-29,4.331999778747559
2005-12-30,4.355000019073486
2006-01-03,4.307000160217285
2006-01-04,4.285999774932861
2006-01-05,4.285999774932861
2006-01-06,4.318999767303467
2006-01-09,4.311999797821045
2006-01-10,4.360000133514404
2006-01-11,4.395999908447266
2006-01-12,4.341000080108643
2006-01-13,4.2820000648498535
2006-01-17,4.269000053405762
2006-01-18,4.27400016784668
2006-01-19,4.315000057220459
2006-01-20,4.298999786376953
2006-01-23,4.289999961853027
2006-01-24,4.315000057220459
2006-01-25,4.40500020980835
2006-01-26,4.442999839782715
2006-01-27,4.434000015258789
2006-01-30,4.460999965667725
2006-01-31,4.4629998207092285
2006-02-01,4.50600004196167
2006-02-02,4.501999855041504
2006-02-03,4.494999885559082
2006-02-06,4.510000228881836
2006-02-07,4.517000198364258
2006-02-08,4.551000118255615
2006-02-09,4.540999889373779
2006-02-10,4.580999851226807
2006-02-13,4.573999881744385
2006-02-14,4.60099983215332
2006-02-15,4.605000019073486
2006-02-16,4.593999862670898
2006-02-17,4.548999786376953
2006-02-21,4.584000110626221
2006-02-22,4.567999839782715
2006-02-23,4.624000072479248
2006-02-24,4.629000186920166
2006-02-27,4.6519999504089355
2006-02-28,4.60099983215332
2006-03-01,4.63100004196167
2006-03-02,4.670000076293945
2006-03-03,4.710000038146973
2006-03-06,4.754000186920166
2006-03-07,4.754000186920166
2006-03-08,4.745999813079834
2006-03-09,4.745999813079834
2006-03-10,4.765999794006348
2006-03-13,4.775000095367432
2006-03-14,4.679999828338623
2006-03-15,4.690999984741211
2006-03-16,4.593999862670898
2006-03-17,4.620999813079834
2006-03-20,4.60699987411499
2006-03-21,4.686999797821045
2006-03-22,4.690999984741211
2006-03-23,4.729000091552734
2006-03-24,4.6620001792907715
2006-03-27,4.688000202178955
2006-03-28,4.7729997634887695
2006-03-29,4.800000190734863
2006-03-30,4.826000213623047
2006-03-31,4.814000129699707
2006-04-03,4.8420000076293945
2006-04-04,4.824999809265137
2006-04-05,4.789000034332275
2006-04-06,4.829999923706055
2006-04-07,4.89300012588501
2006-04-10,4.888999938964844
2006-04-11,4.861999988555908
2006-04-12,4.90500020980835
2006-04-13,4.955999851226807
2006-04-17,4.918000221252441
2006-04-18,4.866000175476074
2006-04-19,4.900000095367432
2006-04-20,4.919000148773193
2006-04-21,4.919000148773193
2006-04-24,4.894999980926514
2006-04-25,4.9710001945495605
2006-04-26,5.014999866485596
2006-04-27,4.960999965667725
2006-04-28,4.920000076293945
2006-05-01,4.988999843597412
2006-05-02,4.9770002365112305
2006-05-03,5.005000114440918
2006-05-04,5.0269999504089355
2006-05-05,4.986000061035156
2006-05-08,5.00600004196167
2006-05-09,5.008999824523926
2006-05-10,5.02400016784668
2006-05-11,5.034999847412109
2006-05-12,5.072999954223633
2006-05-15,5.034999847412109
2006-05-16,4.98799991607666
2006-05-17,5.026000022888184
2006-05-18,4.954999923706055
2006-05-19,4.959000110626221
2006-05-22,4.934000015258789
2006-05-23,4.9679999351501465
2006-05-24,4.934000015258789
2006-05-25,4.973999977111816
2006-05-26,4.940999984741211
2006-05-30,4.980000019073486
2006-05-31,5.03000020980835
2006-06-01,5.025000095367432
2006-06-02,4.8979997634887695
2006-06-05,4.945000171661377
2006-06-06,4.942999839782715
2006-06-07,4.96999979019165
2006-06-08,4.940999984741211
2006-06-09,4.942999839782715
2006-06-12,4.953999996185303
2006-06-13,4.925000190734863
2006-06-14,5.026000022888184
2006-06-15,5.071000099182129
2006-06-16,5.0980000495910645
2006-06-19,5.118000030517578
2006-06-20,5.132999897003174
2006-06-21,5.135000228881836
2006-06-22,5.181000232696533
2006-06-23,5.206999778747559
2006-06-26,5.216000080108643
2006-06-27,5.191999912261963
2006-06-28,5.2270002365112305
2006-06-29,5.158999919891357
2006-06-30,5.0980000495910645
2006-07-03,5.109000205993652
2006-07-05,5.185999870300293
2006-07-06,5.1479997634887695
2006-07-07,5.098999977111816
2006-07-10,5.0980000495910645
2006-07-11,5.072000026702881
2006-07-12,5.076000213623047
2006-07-13,5.038000106811523
2006-07-14,5.01800012588501
2006-07-17,5.035999774932861
2006-07-18,5.103000164031982
2006-07-19,5.020999908447266
2006-07-20,4.978000164031982
2006-07-21,4.988999843597412
2006-07-24,4.99399995803833
2006-07-25,5.019000053405762
2006-07-26,4.985000133514404
2006-07-27,4.982999801635742
2006-07-28,4.9120001792907715
2006-07-31,4.90500020980835
2006-08-01,4.900000095367432
2006-08-02,4.883999824523926
2006-08-03,4.89300012588501
2006-08-04,4.831999778747559
2006-08-07,4.861999988555908
2006-08-08,4.843999862670898
2006-08-09,4.853000164031982
2006-08-10,4.859000205993652
2006-08-11,4.90500020980835
2006-08-14,4.946000099182129
2006-08-15,4.870999813079834
2006-08-16,4.806000232696533
2006-08-17,4.811999797821045
2006-08-18,4.7789998054504395
2006-08-21,4.767000198364258
2006-08-22,4.763000011444092
2006-08-23,4.7769999504089355
2006-08-24,4.769999980926514
2006-08-25,4.754000186920166
2006-08-28,4.769999980926514
2006-08-29,4.756999969482422
2006-08-30,4.735000133514404
2006-08-31,4.691999912261963
2006-09-01,4.679999828338623
2006-09-05,4.72599983215332
2006-09-06,4.745999813079834
2006-09-07,4.735000133514404
2006-09-08,4.703000068664551
2006-09-11,4.732999801635742
2006-09-12,4.708000183105469
2006-09-13,4.697999954223633
2006-09-14,4.736999988555908
2006-09-15,4.755000114440918
2006-09-18,4.7729997634887695
2006-09-19,4.691999912261963
2006-09-20,4.691999912261963
2006-09-21,4.5980000495910645
2006-09-22,4.546999931335449
2006-09-25,4.513999938964844
2006-09-26,4.552999973297119
2006-09-27,4.558000087738037
2006-09-28,4.578000068664551
2006-09-29,4.586999893188477
2006-10-02,4.558000087738037
2006-10-03,4.558000087738037
2006-10-04,4.494999885559082
2006-10-05,4.546000003814697
2006-10-06,4.644000053405762
2006-10-10,4.704999923706055
2006-10-11,4.749000072479248
2006-10-12,4.742000102996826
2006-10-13,4.76800012588501
2006-10-16,4.75
2006-10-17,4.736999988555908
2006-10-18,4.730000019073486
2006-10-19,4.751999855041504
2006-10-20,4.75600004196167
2006-10-23,4.797999858856201
2006-10-24,4.801000118255615
2006-10-25,4.750999927520752
2006-10-26,4.692999839782715
2006-10-27,4.631999969482422
2006-10-30,4.63700008392334
2006-10-31,4.567999839782715
2006-11-01,4.517000198364258
2006-11-02,4.548999786376953
2006-11-03,4.689000129699707
2006-11-06,4.684999942779541
2006-11-07,4.631999969482422
2006-11-08,4.6020002365112305
2006-11-09,4.599999904632568
2006-11-10,4.565999984741211
2006-11-13,4.5929999351501465
2006-11-14,4.559000015258789
2006-11-15,4.625
2006-11-16,4.669000148773193
2006-11-17,4.603000164031982
2006-11-20,4.593999862670898
2006-11-21,4.579999923706055
2006-11-22,4.566999912261963
2006-11-24,4.548999786376953
2006-11-27,4.5370001792907715
2006-11-28,4.502999782562256
2006-11-29,4.514999866485596
2006-11-30,4.441999912261963
2006-12-01,4.380000114440918
2006-12-04,4.385000228881836
2006-12-05,4.38700008392334
2006-12-06,4.442999839782715
2006-12-07,4.442999839782715
2006-12-08,4.52400016784668
2006-12-11,4.49399995803833
2006-12-12,4.452000141143799
2006-12-13,4.546000003814697
2006-12-14,4.568999767303467
2006-12-15,4.568999767303467
2006-12-18,4.561999797821045
2006-12-19,4.566999912261963
2006-12-20,4.565000057220459
2006-12-21,4.513999938964844
2006-12-22,4.591000080108643
2006-12-26,4.579999923706055
2006-12-27,4.64300012588501
2006-12-28,4.682000160217285
2006-12-29,4.701000213623047
2007-01-03,4.6570000648498535
2007-01-04,4.605000019073486
2007-01-05,4.644000053405762
2007-01-08,4.6579999923706055
2007-01-09,4.65500020980835
2007-01-10,4.671000003814697
2007-01-11,4.723999977111816
2007-01-12,4.758999824523926
2007-01-16,4.736999988555908
2007-01-17,4.7779998779296875
2007-01-18,4.75
2007-01-19,4.7769999504089355
2007-01-22,4.765999794006348
2007-01-23,4.800000190734863
2007-01-24,4.806000232696533
2007-01-25,4.863999843597412
2007-01-26,4.867000102996826
2007-01-29,4.880000114440918
2007-01-30,4.860000133514404
2007-01-31,4.818999767303467
2007-02-01,4.834000110626221
2007-02-02,4.817999839782715
2007-02-05,4.796000003814697
2007-02-06,4.755000114440918
2007-02-07,4.7270002365112305
2007-02-08,4.724999904632568
2007-02-09,4.7779998779296875
2007-02-12,4.796000003814697
2007-02-13,4.807000160217285
2007-02-14,4.716000080108643
2007-02-15,4.686999797821045
2007-02-16,4.676000118255615
2007-02-20,4.664999961853027
2007-02-21,4.681000232696533
2007-02-22,4.72599983215332
2007-02-23,4.659999847412109
2007-02-26,4.613999843597412
2007-02-27,4.474999904632568
2007-02-28,4.502999782562256
2007-03-01,4.5
2007-03-02,4.449999809265137
2007-03-05,4.459000110626221
2007-03-06,4.478000164031982
2007-03-07,4.442999839782715
2007-03-08,4.447999954223633
2007-03-09,4.546999931335449
2007-03-12,4.500999927520752
2007-03-13,4.414000034332275
2007-03-14,4.433000087738037
2007-03-15,4.455999851226807
2007-03-16,4.46999979019165
2007-03-19,4.498000144958496
2007-03-20,4.46999979019165
2007-03-21,4.414999961853027
2007-03-22,4.48199987411499
2007-03-23,4.510000228881836
2007-03-26,4.478000164031982
2007-03-27,4.497000217437744
2007-03-28,4.489999771118164
2007-03-29,4.519999980926514
2007-03-30,4.5370001792907715
2007-04-02,4.5329999923706055
2007-04-03,4.561999797821045
2007-04-04,4.541999816894531
2007-04-05,4.564000129699707
2007-04-09,4.659999847412109
2007-04-10,4.63100004196167
2007-04-11,4.64900016784668
2007-04-12,4.6529998779296875
2007-04-13,4.683000087738037
2007-04-16,4.664999961853027
2007-04-17,4.605999946594238
2007-04-18,4.565000057220459
2007-04-19,4.568999767303467
2007-04-20,4.568999767303467
2007-04-23,4.544000148773193
2007-04-24,4.51200008392334
2007-04-25,4.539999961853027
2007-04-26,4.585000038146973
2007-04-27,4.5920000076293945
2007-04-30,4.515999794006348
2007-05-01,4.539000034332275
2007-05-02,4.547999858856201
2007-05-03,4.5879998207092285
2007-05-04,4.548999786376953
2007-05-07,4.547999858856201
2007-05-08,4.539000034332275
2007-05-09,4.5879998207092285
2007-05-10,4.556000232696533
2007-05-11,4.580999851226807
2007-05-14,4.605000019073486
2007-05-15,4.627999782562256
2007-05-16,4.624000072479248
2007-05-17,4.676000118255615
2007-05-18,4.724999904632568
2007-05-21,4.714000225067139
2007-05-22,4.758999824523926
2007-05-23,4.781000137329102
2007-05-24,4.784999847412109
2007-05-25,4.796000003814697
2007-05-29,4.827000141143799
2007-05-30,4.833000183105469
2007-05-31,4.853000164031982
2007-06-01,4.919000148773193
2007-06-04,4.90500020980835
2007-06-05,4.953999996185303
2007-06-06,4.932000160217285
2007-06-07,5.041999816894531
2007-06-08,5.052999973297119
2007-06-11,5.057000160217285
2007-06-12,5.1539998054504395
2007-06-13,5.133999824523926
2007-06-14,5.1539998054504395
2007-06-15,5.099999904632568
2007-06-18,5.063000202178955
2007-06-19,5.001999855041504
2007-06-20,5.039999961853027
2007-06-21,5.059999942779541
2007-06-22,5.019999980926514
2007-06-25,4.956999778747559
2007-06-26,4.984000205993652
2007-06-27,4.947999954223633
2007-06-28,5.015999794006348
2007-06-29,4.935999870300293
2007-07-02,4.895999908447266
2007-07-03,4.947999954223633
2007-07-05,5.048999786376953
2007-07-06,5.098999977111816
2007-07-09,5.066999912261963
2007-07-10,4.935999870300293
2007-07-11,4.964000225067139
2007-07-12,5.01800012588501
2007-07-13,5.011000156402588
2007-07-16,4.946000099182129
2007-07-17,4.984000205993652
2007-07-18,4.9070000648498535
2007-07-19,4.927000045776367
2007-07-20,4.848999977111816
2007-07-23,4.857999801635742
2007-07-24,4.826000213623047
2007-07-25,4.7789998054504395
2007-07-26,4.619999885559082
2007-07-27,4.613999843597412
2007-07-30,4.626999855041504
2007-07-31,4.6020002365112305
2007-08-01,4.5929999351501465
2007-08-02,4.599999904632568
2007-08-03,4.51200008392334
2007-08-06,4.546999931335449
2007-08-07,4.574999809265137
2007-08-08,4.691999912261963
2007-08-09,4.584000110626221
2007-08-10,4.565999984741211
2007-08-13,4.564000129699707
2007-08-14,4.501999855041504
2007-08-15,4.433000087738037
2007-08-16,4.261000156402588
2007-08-17,4.336999893188477
2007-08-20,4.302000045776367
2007-08-21,4.252999782562256
2007-08-22,4.322999954223633
2007-08-23,4.355999946594238
2007-08-24,4.427999973297119
2007-08-27,4.383999824523926
2007-08-28,4.248000144958496
2007-08-29,4.2829999923706055
2007-08-30,4.216000080108643
2007-08-31,4.250999927520752
2007-09-04,4.26200008392334
2007-09-05,4.15500020980835
2007-09-06,4.192999839782715
2007-09-07,4.019999980926514
2007-09-10,3.9830000400543213
2007-09-11,4.054999828338623
2007-09-12,4.099999904632568
2007-09-13,4.192999839782715
2007-09-14,4.177000045776367
2007-09-17,4.202000141143799
2007-09-18,4.1620001792907715
2007-09-19,4.191999912261963
2007-09-20,4.334000110626221
2007-09-21,4.302000045776367
2007-09-24,4.297999858856201
2007-09-25,4.258999824523926
2007-09-26,4.25600004196167
2007-09-27,4.2170000076293945
2007-09-28,4.229000091552734
2007-10-01,4.236000061035156
2007-10-02,4.203000068664551
2007-10-03,4.223999977111816
2007-10-04,4.208000183105469
2007-10-05,4.335999965667725
2007-10-08,4.3379998207092285
2007-10-09,4.368000030517578
2007-10-10,4.368000030517578
2007-10-11,4.372000217437744
2007-10-12,4.413000106811523
2007-10-15,4.389999866485596
2007-10-16,4.3420000076293945
2007-10-17,4.210999965667725
2007-10-18,4.1529998779296875
2007-10-19,4.041999816894531
2007-10-22,4.059000015258789
2007-10-23,4.057000160217285
2007-10-24,3.9679999351501465
2007-10-25,3.996999979019165
2007-10-26,4.034999847412109
2007-10-29,4.046999931335449
2007-10-30,4.052999973297119
2007-10-31,4.166999816894531
2007-11-01,4.0320000648498535
2007-11-02,3.9170000553131104
2007-11-05,3.944999933242798
2007-11-06,3.9730000495910645
2007-11-07,3.9010000228881836
2007-11-08,3.802000045776367
2007-11-09,3.75600004196167
2007-11-12,3.750999927520752
2007-11-13,3.828000068664551
2007-11-14,3.8499999046325684
2007-11-15,3.7009999752044678
2007-11-16,3.6760001182556152
2007-11-19,3.569000005722046
2007-11-20,3.494999885559082
2007-11-21,3.365999937057495
2007-11-23,3.4089999198913574
2007-11-26,3.244999885559082
2007-11-27,3.365999937057495
2007-11-28,3.4839999675750732
2007-11-29,3.4070000648498535
2007-11-30,3.4179999828338623
2007-12-03,3.2880001068115234
2007-12-04,3.2769999504089355
2007-12-05,3.2760000228881836
2007-12-06,3.36299991607666
2007-12-07,3.507999897003174
2007-12-10,3.5390000343322754
2007-12-11,3.3369998931884766
2007-12-12,3.4519999027252197
2007-12-13,3.5269999504089355
2007-12-14,3.621000051498413
2007-12-17,3.578000068664551
2007-12-18,3.509999990463257
2007-12-19,3.4730000495910645
2007-12-20,3.424999952316284
2007-12-21,3.5840001106262207
2007-12-24,3.632999897003174
2007-12-26,3.7070000171661377
2007-12-27,3.617000102996826
2007-12-28,3.5220000743865967
2007-12-31,3.4549999237060547
2008-01-02,3.2709999084472656
2008-01-03,3.2639999389648438
2008-01-04,3.1689999103546143
2008-01-07,3.1570000648498535
2008-01-08,3.1570000648498535
2008-01-09,3.0889999866485596
2008-01-10,3.1579999923706055
2008-01-11,3.071000099182129
2008-01-14,3.063999891281128
2008-01-15,2.996000051498413
2008-01-16,2.9790000915527344
2008-01-17,2.9019999504089355
2008-01-18,2.8499999046325684
2008-01-22,2.622999906539917
2008-01-23,2.565999984741211
2008-01-24,2.8269999027252197
2008-01-25,2.7890000343322754
2008-01-28,2.7780001163482666
2008-01-29,2.8570001125335693
2008-01-30,2.937999963760376
2008-01-31,2.8259999752044678
2008-02-01,2.744999885559082
2008-02-04,2.7720000743865967
2008-02-05,2.6640000343322754
2008-02-06,2.6740000247955322
2008-02-07,2.7750000953674316
2008-02-08,2.696000099182129
2008-02-11,2.6570000648498535
2008-02-12,2.7209999561309814
2008-02-13,2.691999912261963
2008-02-14,2.7699999809265137
2008-02-15,2.7639999389648438
2008-02-19,2.9000000953674316
2008-02-20,2.993000030517578
2008-02-21,2.806999921798706
2008-02-22,2.8010001182556152
2008-02-25,2.947000026702881
2008-02-26,2.888000011444092
2008-02-27,2.875
2008-02-28,2.7230000495910645
2008-02-29,2.509000062942505
2008-03-03,2.4790000915527344
2008-03-04,2.492000102996826
2008-03-05,2.5940001010894775
2008-03-06,2.513000011444092
2008-03-07,2.430999994277954
2008-03-10,2.3529999256134033
2008-03-11,2.61299991607666
2008-03-12,2.49399995803833
2008-03-13,2.509000062942505
2008-03-14,2.3399999141693115
2008-03-17,2.2019999027252197
2008-03-18,2.4059998989105225
2008-03-19,2.3429999351501465
2008-03-20,2.3399999141693115
2008-03-24,2.5999999046325684
2008-03-25,2.5929999351501465
2008-03-26,2.5429999828338623
2008-03-27,2.5759999752044678
2008-03-28,2.5350000858306885
2008-03-31,2.4670000076293945
2008-04-01,2.6389999389648438
2008-04-02,2.7239999771118164
2008-04-03,2.753000020980835
2008-04-04,2.632999897003174
2008-04-07,2.743000030517578
2008-04-08,2.7179999351501465
2008-04-09,2.5820000171661377
2008-04-10,2.6589999198913574
2008-04-11,2.5739998817443848
2008-04-14,2.5859999656677246
2008-04-15,2.6640000343322754
2008-04-16,2.819999933242798
2008-04-17,2.8970000743865967
2008-04-18,2.947999954223633
2008-04-21,2.9260001182556152
2008-04-22,2.9570000171661377
2008-04-23,2.9549999237060547
2008-04-24,3.1040000915527344
2008-04-25,3.1760001182556152
2008-04-28,3.134999990463257
2008-04-29,3.1080000400543213
2008-04-30,3.0329999923706055
2008-05-01,3.063999891281128
2008-05-02,3.1589999198913574
2008-05-05,3.134999990463257
2008-05-06,3.1449999809265137
2008-05-07,3.1010000705718994
2008-05-08,3.003999948501587
2008-05-09,2.9609999656677246
2008-05-12,2.9800000190734863
2008-05-13,3.1689999103546143
2008-05-14,3.2279999256134033
2008-05-15,3.1110000610351562
2008-05-16,3.115999937057495
2008-05-19,3.0899999141693115
2008-05-20,3.007999897003174
2008-05-21,3.0850000381469727
2008-05-22,3.2320001125335693
2008-05-23,3.121000051498413
2008-05-27,3.2200000286102295
2008-05-28,3.3340001106262207
2008-05-29,3.4130001068115234
2008-05-30,3.4070000648498535
2008-06-02,3.2809998989105225
2008-06-03,3.190999984741211
2008-06-04,3.2130000591278076
2008-06-05,3.2980000972747803
2008-06-06,3.197000026702881
2008-06-09,3.388000011444092
2008-06-10,3.5409998893737793
2008-06-11,3.4690001010894775
2008-06-12,3.6630001068115234
2008-06-13,3.7279999256134033
2008-06-16,3.7190001010894775
2008-06-17,3.6649999618530273
2008-06-18,3.563999891281128
2008-06-19,3.6510000228881836
2008-06-20,3.5480000972747803
2008-06-23,3.619999885559082
2008-06-24,3.5360000133514404
2008-06-25,3.5409998893737793
2008-06-26,3.3989999294281006
2008-06-27,3.375
2008-06-30,3.3410000801086426
2008-07-01,3.3410000801086426
2008-07-02,3.2929999828338623
2008-07-03,3.2699999809265137
2008-07-07,3.2190001010894775
2008-07-08,3.1710000038146973
2008-07-09,3.1070001125335693
2008-07-10,3.0910000801086426
2008-07-11,3.2750000953674316
2008-07-14,3.184000015258789
2008-07-15,3.1089999675750732
2008-07-16,3.186000108718872
2008-07-17,3.3320000171661377
2008-07-18,3.3970000743865967
2008-07-21,3.4010000228881836
2008-07-22,3.4489998817443848
2008-07-23,3.5350000858306885
2008-07-24,3.3540000915527344
2008-07-25,3.4489998817443848
2008-07-28,3.3320000171661377
2008-07-29,3.369999885559082
2008-07-30,3.375
2008-07-31,3.2660000324249268
2008-08-01,3.2279999256134033
2008-08-04,3.253999948501587
2008-08-05,3.2809998989105225
2008-08-06,3.315000057220459
2008-08-07,3.1700000762939453
2008-08-08,3.2170000076293945
2008-08-11,3.2679998874664307
2008-08-12,3.1640000343322754
2008-08-13,3.2079999446868896
2008-08-14,3.1500000953674316
2008-08-15,3.1089999675750732
2008-08-18,3.065999984741211
2008-08-19,3.071000099182129
2008-08-20,3.01200008392334
2008-08-21,3.066999912261963
2008-08-22,3.131999969482422
2008-08-25,3.0399999618530273
2008-08-26,3.0480000972747803
2008-08-27,3.0260000228881836
2008-08-28,3.069999933242798
2008-08-29,3.0889999866485596
2008-09-02,2.996000051498413
2008-09-03,2.940000057220459
2008-09-04,2.875999927520752
2008-09-05,2.9189999103546143
2008-09-08,2.9600000381469727
2008-09-09,2.881999969482422
2008-09-10,2.9170000553131104
2008-09-11,2.884999990463257
2008-09-12,2.9560000896453857
2008-09-15,2.6010000705718994
2008-09-16,2.6710000038146973
2008-09-17,2.489000082015991
2008-09-18,2.506999969482422
2008-09-19,2.993000030517578
2008-09-22,3.0369999408721924
2008-09-23,3.0230000019073486
2008-09-24,2.8889999389648438
2008-09-25,3.0420000553131104
2008-09-26,3.0199999809265137
2008-09-29,2.7230000495910645
2008-09-30,2.9860000610351562
2008-10-01,2.888000011444092
2008-10-02,2.7009999752044678
2008-10-03,2.680000066757202
2008-10-06,2.3949999809265137
2008-10-07,2.4790000915527344
2008-10-08,2.7060000896453857
2008-10-09,2.822999954223633
2008-10-10,2.76200008392334
2008-10-13,2.76200008392334
2008-10-14,2.9630000591278076
2008-10-15,2.888000011444092
2008-10-16,2.812000036239624
2008-10-17,2.8329999446868896
2008-10-20,2.819999933242798
2008-10-21,2.6019999980926514
2008-10-22,2.552000045776367
2008-10-23,2.5230000019073486
2008-10-24,2.6029999256134033
2008-10-27,2.6510000228881836
2008-10-28,2.7290000915527344
2008-10-29,2.744999885559082
2008-10-30,2.7920000553131104
2008-10-31,2.821000099182129
2008-11-03,2.7060000896453857
2008-11-04,2.563999891281128
2008-11-05,2.51200008392334
2008-11-06,2.486999988555908
2008-11-07,2.558000087738037
2008-11-10,2.503999948501587
2008-11-11,2.503000020980835
2008-11-12,2.364000082015991
2008-11-13,2.38700008392334
2008-11-14,2.3469998836517334
2008-11-17,2.305000066757202
2008-11-18,2.194999933242798
2008-11-19,2.0910000801086426
2008-11-20,1.937000036239624
2008-11-21,1.9900000095367432
2008-11-24,2.2049999237060547
2008-11-25,2.003999948501587
2008-11-26,2.0179998874664307
2008-11-28,1.944000005722046
2008-12-01,1.7230000495910645
2008-12-02,1.6720000505447388
2008-12-03,1.6319999694824219
2008-12-04,1.534000039100647
2008-12-05,1.6670000553131104
2008-12-08,1.7300000190734863
2008-12-09,1.61899995803833
2008-12-10,1.628999948501587
2008-12-11,1.562000036239624
2008-12-12,1.5529999732971191
2008-12-15,1.4880000352859497
2008-12-16,1.347000002861023
2008-12-17,1.3519999980926514
2008-12-18,1.2660000324249268
2008-12-19,1.3519999980926514
2008-12-22,1.3869999647140503
2008-12-23,1.4129999876022339
2008-12-24,1.5019999742507935
2008-12-26,1.496999979019165
2008-12-29,1.4539999961853027
2008-12-30,1.4630000591278076
2008-12-31,1.5509999990463257
2009-01-02,1.7269999980926514
2009-01-05,1.694000005722046
2009-01-06,1.7039999961853027
2009-01-07,1.6610000133514404
2009-01-08,1.5920000076293945
2009-01-09,1.524999976158142
2009-01-12,1.440999984741211
2009-01-13,1.4279999732971191
2009-01-14,1.3609999418258667
2009-01-15,1.3630000352859497
2009-01-16,1.4509999752044678
2009-01-20,1.4539999961853027
2009-01-21,1.5989999771118164
2009-01-22,1.6160000562667847
2009-01-23,1.6319999694824219
2009-01-26,1.6510000228881836
2009-01-27,1.5579999685287476
2009-01-28,1.680999994277954
2009-01-29,1.809999942779541
2009-01-30,1.8730000257492065
2009-02-02,1.7480000257492065
2009-02-03,1.8619999885559082
2009-02-04,1.9179999828338623
2009-02-05,1.8849999904632568
2009-02-06,1.9450000524520874
2009-02-09,1.9919999837875366
2009-02-10,1.7910000085830688
2009-02-11,1.7649999856948853
2009-02-12,1.7170000076293945
2009-02-13,1.8639999628067017
2009-02-17,1.6740000247955322
2009-02-18,1.7829999923706055
2009-02-19,1.88100004196167
2009-02-20,1.7979999780654907
2009-02-23,1.8329999446868896
2009-02-24,1.8819999694824219
2009-02-25,2.0160000324249268
2009-02-26,2.072000026702881
2009-02-27,2.0199999809265137
2009-03-02,1.8600000143051147
2009-03-03,1.8930000066757202
2009-03-04,1.968999981880188
2009-03-05,1.8070000410079956
2009-03-06,1.8389999866485596
2009-03-09,1.8910000324249268
2009-03-10,1.9839999675750732
2009-03-11,1.9509999752044678
2009-03-12,1.9129999876022339
2009-03-13,1.871999979019165
2009-03-16,1.9129999876022339
2009-03-17,1.9730000495910645
2009-03-18,1.5149999856948853
2009-03-19,1.6360000371932983
2009-03-20,1.6380000114440918
2009-03-23,1.680999994277954
2009-03-24,1.6929999589920044
2009-03-25,1.8049999475479126
2009-03-26,1.7829999923706055
2009-03-27,1.7990000247955322
2009-03-30,1.7269999980926514
2009-03-31,1.6749999523162842
2009-04-01,1.6519999504089355
2009-04-02,1.7400000095367432
2009-04-03,1.8849999904632568
2009-04-06,1.8990000486373901
2009-04-07,1.8609999418258667
2009-04-08,1.8279999494552612
2009-04-09,1.8860000371932983
2009-04-13,1.7910000085830688
2009-04-14,1.7170000076293945
2009-04-15,1.6950000524520874
2009-04-16,1.7660000324249268
2009-04-17,1.878000020980835
2009-04-20,1.7949999570846558
2009-04-21,1.8580000400543213
2009-04-22,1.9110000133514404
2009-04-23,1.8880000114440918
2009-04-24,1.940000057220459
2009-04-27,1.847000002861023
2009-04-28,1.9270000457763672
2009-04-29,2.0190000534057617
2009-04-30,2.0169999599456787
2009-05-01,2.0309998989105225
2009-05-04,2.0309998989105225
2009-05-05,2.0439999103546143
2009-05-06,2.0409998893737793
2009-05-07,2.1459999084472656
2009-05-08,2.1449999809265137
2009-05-11,2.0280001163482666
2009-05-12,2.013000011444092
2009-05-13,1.9579999446868896
2009-05-14,1.965999960899353
2009-05-15,1.9830000400543213
2009-05-18,2.0789999961853027
2009-05-19,2.1019999980926514
2009-05-20,2.0350000858306885
2009-05-21,2.138000011444092
2009-05-22,2.2039999961853027
2009-05-26,2.260999917984009
2009-05-27,2.3940000534057617
2009-05-28,2.4839999675750732
2009-05-29,2.3469998836517334
2009-06-01,2.5429999828338623
2009-06-02,2.513000011444092
2009-06-03,2.437000036239624
2009-06-04,2.561000108718872
2009-06-05,2.8529999256134033
2009-06-08,2.928999900817871
2009-06-09,2.8540000915527344
2009-06-10,2.9159998893737793
2009-06-11,2.8480000495910645
2009-06-12,2.7850000858306885
2009-06-15,2.7200000286102295
2009-06-16,2.690999984741211
2009-06-17,2.6579999923706055
2009-06-18,2.8380000591278076
2009-06-19,2.803999900817871
2009-06-22,2.7090001106262207
2009-06-23,2.684999942779541
2009-06-24,2.7009999752044678
2009-06-25,2.5980000495910645
2009-06-26,2.5329999923706055
2009-06-29,2.5280001163482666
2009-06-30,2.558000087738037
2009-07-01,2.5179998874664307
2009-07-02,2.4240000247955322
2009-07-06,2.3940000534057617
2009-07-07,2.3570001125335693
2009-07-08,2.2170000076293945
2009-07-09,2.321000099182129
2009-07-10,2.2109999656677246
2009-07-13,2.255000114440918
2009-07-14,2.3310000896453857
2009-07-15,2.496999979019165
2009-07-16,2.444999933242798
2009-07-17,2.513000011444092
2009-07-20,2.433000087738037
2009-07-21,2.3320000171661377
2009-07-22,2.4040000438690186
2009-07-23,2.5759999752044678
2009-07-24,2.546999931335449
2009-07-27,2.5739998817443848
2009-07-28,2.5989999771118164
2009-07-29,2.6449999809265137
2009-07-30,2.6700000762939453
2009-07-31,2.5329999923706055
2009-08-03,2.6689999103546143
2009-08-04,2.687000036239624
2009-08-05,2.734999895095825
2009-08-06,2.7109999656677246
2009-08-07,2.825000047683716
2009-08-10,2.7309999465942383
2009-08-11,2.688999891281128
2009-08-12,2.6589999198913574
2009-08-13,2.556999921798706
2009-08-14,2.497999906539917
2009-08-17,2.4189999103546143
2009-08-18,2.4709999561309814
2009-08-19,2.4179999828338623
2009-08-20,2.4140000343322754
2009-08-21,2.549999952316284
2009-08-24,2.48799991607666
2009-08-25,2.4570000171661377
2009-08-26,2.447000026702881
2009-08-27,2.484999895095825
2009-08-28,2.4570000171661377
2009-08-31,2.390000104904175
2009-09-01,2.328000068664551
2009-09-02,2.259999990463257
2009-09-03,2.2799999713897705
2009-09-04,2.3550000190734863
2009-09-08,2.371999979019165
2009-09-09,2.375
2009-09-10,2.2809998989105225
2009-09-11,2.2880001068115234
2009-09-14,2.3499999046325684
2009-09-15,2.3919999599456787
2009-09-16,2.437000036239624
2009-09-17,2.378000020980835
2009-09-18,2.4609999656677246
2009-09-21,2.4609999656677246
2009-09-22,2.424999952316284
2009-09-23,2.375
2009-09-24,2.377000093460083
2009-09-25,2.371999979019165
2009-09-28,2.3450000286102295
2009-09-29,2.3420000076293945
2009-09-30,2.318000078201294
2009-10-01,2.194000005722046
2009-10-02,2.2049999237060547
2009-10-05,2.2149999141693115
2009-10-06,2.236999988555908
2009-10-07,2.1619999408721924
2009-10-08,2.2249999046325684
2009-10-09,2.3459999561309814
2009-10-12,2.3480000495910645
2009-10-13,2.260999917984009
2009-10-14,2.3410000801086426
2009-10-15,2.38700008392334
2009-10-16,2.3559999465942383
2009-10-19,2.3459999561309814
2009-10-20,2.2820000648498535
2009-10-21,2.365000009536743
2009-10-22,2.359999895095825
2009-10-23,2.427000045776367
2009-10-26,2.494999885559082
2009-10-27,2.382999897003174
2009-10-28,2.3340001106262207
2009-10-29,2.444999933242798
2009-10-30,2.322000026702881
2009-11-02,2.3320000171661377
2009-11-03,2.3580000400543213
2009-11-04,2.378000020980835
2009-11-05,2.3429999351501465
2009-11-06,2.302999973297119
2009-11-09,2.2960000038146973
2009-11-10,2.2960000038146973
2009-11-11,2.2899999618530273
2009-11-12,2.257999897003174
2009-11-13,2.263000011444092
2009-11-16,2.178999900817871
2009-11-17,2.1689999103546143
2009-11-18,2.196000099182129
2009-11-19,2.1610000133514404
2009-11-20,2.1700000762939453
2009-11-23,2.1730000972747803
2009-11-24,2.1070001125335693
2009-11-25,2.117000102996826
2009-11-27,2.046999931335449
2009-11-30,2.00600004196167
2009-12-01,2.0309998989105225
2009-12-02,2.0889999866485596
2009-12-03,2.128000020980835
2009-12-04,2.247999906539917
2009-12-07,2.187999963760376
2009-12-08,2.1080000400543213
2009-12-09,2.132999897003174
2009-12-10,2.177999973297119
2009-12-11,2.242000102996826
2009-12-14,2.2860000133514404
2009-12-15,2.3499999046325684
2009-12-16,2.3350000381469727
2009-12-17,2.2249999046325684
2009-12-18,2.2790000438690186
2009-12-21,2.4030001163482666
2009-12-22,2.453000068664551
2009-12-23,2.4779999256134033
2009-12-24,2.5369999408721924
2009-12-28,2.5889999866485596
2009-12-29,2.5789999961853027
2009-12-30,2.609999895095825
2009-12-31,2.686000108718872
2010-01-04,2.6519999504089355
2010-01-05,2.558000087738037
2010-01-06,2.572999954223633
2010-01-07,2.5999999046325684
2010-01-08,2.565999984741211
2010-01-11,2.555999994277954
2010-01-12,2.4820001125335693
2010-01-13,2.5320000648498535
2010-01-14,2.484999895095825
2010-01-15,2.4189999103546143
2010-01-19,2.4560000896453857
2010-01-20,2.4210000038146973
2010-01-21,2.361999988555908
2010-01-22,2.3399999141693115
2010-01-25,2.3610000610351562
2010-01-26,2.3529999256134033
2010-01-27,2.382999897003174
2010-01-28,2.4089999198913574
2010-01-29,2.3480000495910645
2010-02-01,2.375
2010-02-02,2.3570001125335693
2010-02-03,2.4019999504089355
2010-02-04,2.305000066757202
2010-02-05,2.2149999141693115
2010-02-08,2.263000011444092
2010-02-09,2.306999921798706
2010-02-10,2.36899995803833
2010-02-11,2.374000072479248
2010-02-12,2.3340001106262207
2010-02-16,2.299999952316284
2010-02-17,2.388000011444092
2010-02-18,2.444000005722046
2010-02-19,2.4630000591278076
2010-02-22,2.447999954223633
2010-02-23,2.3529999256134033
2010-02-24,2.359999895095825
2010-02-25,2.3380000591278076
2010-02-26,2.2839999198913574
2010-03-01,2.2829999923706055
2010-03-02,2.2730000019073486
2010-03-03,2.2699999809265137
2010-03-04,2.2750000953674316
2010-03-05,2.3429999351501465
2010-03-08,2.3550000190734863
2010-03-09,2.3380000591278076
2010-03-10,2.378000020980835
2010-03-11,2.4100000858306885
2010-03-12,2.4170000553131104
2010-03-15,2.4049999713897705
2010-03-16,2.3480000495910645
2010-03-17,2.365999937057495
2010-03-18,2.4140000343322754
2010-03-19,2.4509999752044678
2010-03-22,2.4140000343322754
2010-03-23,2.4119999408721924
2010-03-24,2.569999933242798
2010-03-25,2.6610000133514404
2010-03-26,2.6040000915527344
2010-03-29,2.5989999771118164
2010-03-30,2.6040000915527344
2010-03-31,2.559999942779541
2010-04-01,2.5810000896453857
2010-04-05,2.740999937057495
2010-04-06,2.7130000591278076
2010-04-07,2.6110000610351562
2010-04-08,2.635999917984009
2010-04-09,2.638000011444092
2010-04-12,2.5929999351501465
2010-04-13,2.563999891281128
2010-04-14,2.5959999561309814
2010-04-15,2.562000036239624
2010-04-16,2.4709999561309814
2010-04-19,2.5230000019073486
2010-04-20,2.5439999103546143
2010-04-21,2.494999885559082
2010-04-22,2.5399999618530273
2010-04-23,2.5929999351501465
2010-04-26,2.575000047683716
2010-04-27,2.434000015258789
2010-04-28,2.5169999599456787
2010-04-29,2.486999988555908
2010-04-30,2.4200000762939453
2010-05-03,2.4779999256134033
2010-05-04,2.390000104904175
2010-05-05,2.302999973297119
2010-05-06,2.1440000534057617
2010-05-07,2.171999931335449
2010-05-10,2.257999897003174
2010-05-11,2.247999906539917
2010-05-12,2.2760000228881836
2010-05-13,2.2720000743865967
2010-05-14,2.1489999294281006
2010-05-17,2.178999900817871
2010-05-18,2.0910000801086426
2010-05-19,2.109999895095825
2010-05-20,2.0260000228881836
2010-05-21,1.99399995803833
2010-05-24,2.0179998874664307
2010-05-25,1.9730000495910645
2010-05-26,2.055999994277954
2010-05-27,2.184999942779541
2010-05-28,2.0969998836517334
2010-06-01,2.0950000286102295
2010-06-02,2.131999969482422
2010-06-03,2.1579999923706055
2010-06-04,1.9789999723434448
2010-06-07,1.968000054359436
2010-06-08,1.9609999656677246
2010-06-09,1.9819999933242798
2010-06-10,2.1080000400543213
2010-06-11,2.009999990463257
2010-06-14,2.052000045776367
2010-06-15,2.0829999446868896
2010-06-16,2.065000057220459
2010-06-17,1.9880000352859497
2010-06-18,2.0160000324249268
2010-06-21,2.0280001163482666
2010-06-22,1.965999960899353
2010-06-23,1.9149999618530273
2010-06-24,1.940999984741211
2010-06-25,1.9110000133514404
2010-06-28,1.8339999914169312
2010-06-29,1.7860000133514404
2010-06-30,1.7949999570846558
2010-07-01,1.7949999570846558
2010-07-02,1.812000036239624
2010-07-06,1.7599999904632568
2010-07-07,1.7760000228881836
2010-07-08,1.8009999990463257
2010-07-09,1.8389999866485596
2010-07-12,1.8289999961853027
2010-07-13,1.8869999647140503
2010-07-14,1.8140000104904175
2010-07-15,1.7410000562667847
2010-07-16,1.690000057220459
2010-07-19,1.7059999704360962
2010-07-20,1.6749999523162842
2010-07-21,1.6469999551773071
2010-07-22,1.6710000038146973
2010-07-23,1.7289999723434448
2010-07-26,1.7319999933242798
2010-07-27,1.7869999408721924
2010-07-28,1.7070000171661377
2010-07-29,1.7009999752044678
2010-07-30,1.5980000495910645
2010-08-02,1.6399999856948853
2010-08-03,1.5540000200271606
2010-08-04,1.6160000562667847
2010-08-05,1.5770000219345093
2010-08-06,1.50600004196167
2010-08-09,1.5260000228881836
2010-08-10,1.4819999933242798
2010-08-11,1.4259999990463257
2010-08-12,1.4630000591278076
2010-08-13,1.4600000381469727
2010-08-16,1.3830000162124634
2010-08-17,1.4299999475479126
2010-08-18,1.4429999589920044
2010-08-19,1.3919999599456787
2010-08-20,1.4490000009536743
2010-08-23,1.4229999780654907
2010-08-24,1.3309999704360962
2010-08-25,1.3830000162124634
2010-08-26,1.3860000371932983
2010-08-27,1.496000051498413
2010-08-30,1.3930000066757202
2010-08-31,1.3420000076293945
2010-09-01,1.409000039100647
2010-09-02,1.4240000247955322
2010-09-03,1.4850000143051147
2010-09-07,1.406999945640564
2010-09-08,1.4539999961853027
2010-09-09,1.565999984741211
2010-09-10,1.5829999446868896
2010-09-13,1.5069999694824219
2010-09-14,1.4279999732971191
2010-09-15,1.4429999589920044
2010-09-16,1.4620000123977661
2010-09-17,1.440000057220459
2010-09-20,1.4170000553131104
2010-09-21,1.3109999895095825
2010-09-22,1.3109999895095825
2010-09-23,1.3209999799728394
2010-09-24,1.3519999980926514
2010-09-27,1.281000018119812
2010-09-28,1.225000023841858
2010-09-29,1.2869999408721924
2010-09-30,1.281000018119812
2010-10-01,1.2710000276565552
2010-10-04,1.2269999980926514
2010-10-05,1.2059999704360962
2010-10-06,1.1640000343322754
2010-10-07,1.1399999856948853
2010-10-08,1.1009999513626099
2010-10-12,1.1360000371932983
2010-10-13,1.1200000047683716
2010-10-14,1.1749999523162842
2010-10-15,1.1859999895095825
2010-10-18,1.1180000305175781
2010-10-19,1.097000002861023
2010-10-20,1.090000033378601
2010-10-21,1.1260000467300415
2010-10-22,1.1449999809265137
2010-10-25,1.1729999780654907
2010-10-26,1.246999979019165
2010-10-27,1.3040000200271606
2010-10-28,1.2369999885559082
2010-10-29,1.1790000200271606
2010-11-01,1.1629999876022339
2010-11-02,1.152999997138977
2010-11-03,1.121000051498413
2010-11-04,1.031000018119812
2010-11-05,1.0950000286102295
2010-11-08,1.1299999952316284
2010-11-09,1.2549999952316284
2010-11-10,1.2079999446868896
2010-11-11,1.2079999446868896
2010-11-12,1.3480000495910645
2010-11-15,1.4930000305175781
2010-11-16,1.4670000076293945
2010-11-17,1.4570000171661377
2010-11-18,1.4880000352859497
2010-11-19,1.5119999647140503
2010-11-22,1.4329999685287476
2010-11-23,1.3860000371932983
2010-11-24,1.5579999685287476
2010-11-26,1.527999997138977
2010-11-29,1.496999979019165
2010-11-30,1.4639999866485596
2010-12-01,1.621999979019165
2010-12-02,1.6749999523162842
2010-12-03,1.61899995803833
2010-12-06,1.5219999551773071
2010-12-07,1.7519999742507935
2010-12-08,1.8519999980926514
2010-12-09,1.8990000486373901
2010-12-10,1.9539999961853027
2010-12-13,1.8919999599456787
2010-12-14,2.0439999103546143
2010-12-15,2.0989999771118164
2010-12-16,2.066999912261963
2010-12-17,1.9529999494552612
2010-12-20,1.9529999494552612
2010-12-21,1.9620000123977661
2010-12-22,2.000999927520752
2010-12-23,2.052000045776367
2010-12-27,2.0490000247955322
2010-12-28,2.1500000953674316
2010-12-29,2.0290000438690186
2010-12-30,2.069999933242798
2010-12-31,2.0160000324249268
2011-01-03,2.0209999084472656
2011-01-04,2.0169999599456787
2011-01-05,2.1579999923706055
2011-01-06,2.0829999446868896
2011-01-07,1.9559999704360962
2011-01-10,1.9279999732971191
2011-01-11,1.9620000123977661
2011-01-12,1.968999981880188
2011-01-13,1.906000018119812
2011-01-14,1.9290000200271606
2011-01-18,1.9520000219345093
2011-01-19,1.9320000410079956
2011-01-20,2.0510001182556152
2011-01-21,2.0199999809265137
2011-01-24,2.010999917984009
2011-01-25,1.9329999685287476
2011-01-26,2.000999927520752
2011-01-27,1.9819999933242798
2011-01-28,1.9259999990463257
2011-01-31,1.9520000219345093
2011-02-01,2.0209999084472656
2011-02-02,2.0989999771118164
2011-02-03,2.1589999198913574
2011-02-04,2.2769999504089355
2011-02-07,2.2750000953674316
2011-02-08,2.384999990463257
2011-02-09,2.315999984741211
2011-02-10,2.3970000743865967
2011-02-11,2.364000082015991
2011-02-14,2.3510000705718994
2011-02-15,2.3369998931884766
2011-02-16,2.3489999771118164
2011-02-17,2.2820000648498535
2011-02-18,2.2739999294281006
2011-02-22,2.135999917984009
2011-02-23,2.1730000972747803
2011-02-24,2.186000108718872
2011-02-25,2.1710000038146973
2011-02-28,2.13700008392334
2011-03-01,2.118000030517578
2011-03-02,2.1600000858306885
2011-03-03,2.299999952316284
2011-03-04,2.174999952316284
2011-03-07,2.180000066757202
2011-03-08,2.2119998931884766
2011-03-09,2.1470000743865967
2011-03-10,2.058000087738037
2011-03-11,2.0429999828338623
2011-03-14,1.972000002861023
2011-03-15,1.9700000286102295
2011-03-16,1.8630000352859497
2011-03-17,1.9019999504089355
2011-03-18,1.9429999589920044
2011-03-21,2.0209999084472656
2011-03-22,2.0380001068115234
2011-03-23,2.0460000038146973
2011-03-24,2.11299991607666
2011-03-25,2.1689999103546143
2011-03-28,2.196000099182129
2011-03-29,2.2290000915527344
2011-03-30,2.2170000076293945
2011-03-31,2.2249999046325684
2011-04-01,2.247999906539917
2011-04-04,2.197000026702881
2011-04-05,2.2720000743865967
2011-04-06,2.312999963760376
2011-04-07,2.2820000648498535
2011-04-08,2.299999952316284
2011-04-11,2.2980000972747803
2011-04-12,2.2100000381469727
2011-04-13,2.1710000038146973
2011-04-14,2.2109999656677246
2011-04-15,2.122999906539917
2011-04-18,2.055000066757202
2011-04-19,2.058000087738037
2011-04-20,2.1110000610351562
2011-04-21,2.114000082015991
2011-04-25,2.065999984741211
2011-04-26,2.0239999294281006
2011-04-27,2.0390000343322754
2011-04-28,2.0
2011-04-29,1.975000023841858
2011-05-02,1.9670000076293945
2011-05-03,1.9490000009536743
2011-05-04,1.937000036239624
2011-05-05,1.8910000324249268
2011-05-06,1.8630000352859497
2011-05-09,1.8359999656677246
2011-05-10,1.8940000534057617
2011-05-11,1.8489999771118164
2011-05-12,1.8819999694824219
2011-05-13,1.8480000495910645
2011-05-16,1.8049999475479126
2011-05-17,1.7860000133514404
2011-05-18,1.8420000076293945
2011-05-19,1.8220000267028809
2011-05-20,1.7990000247955322
2011-05-23,1.7860000133514404
2011-05-24,1.784000039100647
2011-05-25,1.7660000324249268
2011-05-26,1.7269999980926514
2011-05-27,1.7089999914169312
2011-05-31,1.687999963760376
2011-06-01,1.6089999675750732
2011-06-02,1.649999976158142
2011-06-03,1.6080000400543213
2011-06-06,1.5980000495910645
2011-06-07,1.590999960899353
2011-06-08,1.5190000534057617
2011-06-09,1.5859999656677246
2011-06-10,1.565999984741211
2011-06-13,1.5889999866485596
2011-06-14,1.687000036239624
2011-06-15,1.5479999780654907
2011-06-16,1.4989999532699585
2011-06-17,1.5240000486373901
2011-06-20,1.5420000553131104
2011-06-21,1.5499999523162842
2011-06-22,1.5449999570846558
2011-06-23,1.4520000219345093
2011-06-24,1.3910000324249268
2011-06-27,1.4450000524520874
2011-06-28,1.5989999771118164
2011-06-29,1.6929999589920044
2011-06-30,1.753999948501587
2011-07-01,1.7990000247955322
2011-07-05,1.6950000524520874
2011-07-06,1.6480000019073486
2011-07-07,1.7380000352859497
2011-07-08,1.5700000524520874
2011-07-11,1.4739999771118164
2011-07-12,1.4639999866485596
2011-07-13,1.4479999542236328
2011-07-14,1.4880000352859497
2011-07-15,1.4390000104904175
2011-07-18,1.4259999990463257
2011-07-19,1.4420000314712524
2011-07-20,1.4700000286102295
2011-07-21,1.5410000085830688
2011-07-22,1.5080000162124634
2011-07-25,1.5260000228881836
2011-07-26,1.4780000448226929
2011-07-27,1.5210000276565552
2011-07-28,1.527999997138977
2011-07-29,1.3730000257492065
2011-08-01,1.3140000104904175
2011-08-02,1.2280000448226929
2011-08-03,1.2389999628067017
2011-08-04,1.1319999694824219
2011-08-05,1.253000020980835
2011-08-08,1.0920000076293945
2011-08-09,0.9340000152587891
2011-08-10,0.9290000200271606
2011-08-11,0.9879999756813049
2011-08-12,0.9440000057220459
2011-08-15,0.9769999980926514
2011-08-16,0.9269999861717224
2011-08-17,0.9100000262260437
2011-08-18,0.8930000066757202
2011-08-19,0.8999999761581421
2011-08-22,0.9259999990463257
2011-08-23,0.9380000233650208
2011-08-24,1.0049999952316284
2011-08-25,0.9810000061988831
2011-08-26,0.9409999847412109
2011-08-29,0.9919999837875366
2011-08-30,0.9279999732971191
2011-08-31,0.9520000219345093
2011-09-01,0.9070000052452087
2011-09-02,0.8700000047683716
2011-09-06,0.8830000162124634
2011-09-07,0.9079999923706055
2011-09-08,0.8669999837875366
2011-09-09,0.8050000071525574
2011-09-12,0.8529999852180481
2011-09-13,0.8870000243186951
2011-09-14,0.9049999713897705
2011-09-15,0.9470000267028809
2011-09-16,0.9300000071525574
2011-09-19,0.8299999833106995
2011-09-20,0.8450000286102295
2011-09-21,0.8560000061988831
2011-09-22,0.7720000147819519
2011-09-23,0.8489999771118164
2011-09-26,0.906000018119812
2011-09-27,0.9710000157356262
2011-09-28,0.9580000042915344
2011-09-29,0.9710000157356262
2011-09-30,0.9649999737739563
2011-10-03,0.875
2011-10-04,0.8889999985694885
2011-10-05,0.9599999785423279
2011-10-06,1.00600004196167
2011-10-07,1.0729999542236328
2011-10-10,1.0809999704360962
2011-10-11,1.1349999904632568
2011-10-12,1.1610000133514404
2011-10-13,1.090999960899353
2011-10-14,1.1039999723434448
2011-10-17,1.0570000410079956
2011-10-18,1.0369999408721924
2011-10-19,1.0410000085830688
2011-10-20,1.0570000410079956
2011-10-21,1.0549999475479126
2011-10-24,1.0859999656677246
2011-10-25,1.0
2011-10-26,1.062000036239624
2011-10-27,1.2020000219345093
2011-10-28,1.11899995803833
2011-10-31,1.0110000371932983
2011-11-01,0.9089999794960022
2011-11-02,0.8939999938011169
2011-11-03,0.9129999876022339
2011-11-04,0.8880000114440918
2011-11-07,0.8709999918937683
2011-11-08,0.9160000085830688
2011-11-09,0.8619999885559082
2011-11-10,0.906000018119812
2011-11-11,0.9049999713897705
2011-11-14,0.8980000019073486
2011-11-15,0.9079999923706055
2011-11-16,0.8970000147819519
2011-11-17,0.8690000176429749
2011-11-18,0.921999990940094
2011-11-21,0.906000018119812
2011-11-22,0.8849999904632568
2011-11-23,0.878000020980835
2011-11-25,0.9380000233650208
2011-11-28,0.9150000214576721
2011-11-29,0.9279999732971191
2011-11-30,0.9520000219345093
2011-12-01,0.9710000157356262
2011-12-02,0.9229999780654907
2011-12-05,0.9359999895095825
2011-12-06,0.9440000057220459
2011-12-07,0.878000020980835
2011-12-08,0.8399999737739563
2011-12-09,0.8809999823570251
2011-12-12,0.859000027179718
2011-12-13,0.8489999771118164
2011-12-14,0.8479999899864197
2011-12-15,0.8539999723434448
2011-12-16,0.8149999976158142
2011-12-19,0.8059999942779541
2011-12-20,0.859000027179718
2011-12-21,0.9169999957084656
2011-12-22,0.9169999957084656
2011-12-23,0.984000027179718
2011-12-27,0.9679999947547913
2011-12-28,0.9020000100135803
2011-12-29,0.875
2011-12-30,0.8299999833106995
2012-01-03,0.8859999775886536
2012-01-04,0.8889999985694885
2012-01-05,0.878000020980835
2012-01-06,0.8560000061988831
2012-01-09,0.8410000205039978
2012-01-10,0.8539999723434448
2012-01-11,0.8190000057220459
2012-01-12,0.8349999785423279
2012-01-13,0.7820000052452087
2012-01-17,0.777999997138977
2012-01-18,0.8040000200271606
2012-01-19,0.8510000109672546
2012-01-20,0.890999972820282
2012-01-23,0.9110000133514404
2012-01-24,0.9010000228881836
2012-01-25,0.8040000200271606
2012-01-26,0.7699999809265137
2012-01-27,0.7519999742507935
2012-01-30,0.7319999933242798
2012-01-31,0.7110000252723694
2012-02-01,0.7250000238418579
2012-02-02,0.7110000252723694
2012-02-03,0.7850000262260437
2012-02-06,0.753000020980835
2012-02-07,0.8059999942779541
2012-02-08,0.8199999928474426
2012-02-09,0.859000027179718
2012-02-10,0.8040000200271606
2012-02-13,0.8399999737739563
2012-02-14,0.8059999942779541
2012-02-15,0.7900000214576721
2012-02-16,0.8640000224113464
2012-02-17,0.8650000095367432
2012-02-21,0.9010000228881836
2012-02-22,0.8600000143051147
2012-02-23,0.8799999952316284
2012-02-24,0.8939999938011169
2012-02-27,0.8450000286102295
2012-02-28,0.8349999785423279
2012-02-29,0.875
2012-03-01,0.8989999890327454
2012-03-02,0.8460000157356262
2012-03-05,0.8730000257492065
2012-03-06,0.8220000267028809
2012-03-07,0.8489999771118164
2012-03-08,0.878000020980835
2012-03-09,0.9039999842643738
2012-03-12,0.906000018119812
2012-03-13,0.9700000286102295
2012-03-14,1.1100000143051147
2012-03-15,1.093000054359436
2012-03-16,1.1160000562667847
2012-03-19,1.190999984741211
2012-03-20,1.2000000476837158
2012-03-21,1.1380000114440918
2012-03-22,1.1130000352859497
2012-03-23,1.0839999914169312
2012-03-26,1.0809999704360962
2012-03-27,1.0199999809265137
2012-03-28,1.027999997138977
2012-03-29,1.0140000581741333
2012-03-30,1.0429999828338623
2012-04-02,1.0210000276565552
2012-04-03,1.1050000190734863
2012-04-04,1.0499999523162842
2012-04-05,1.00600004196167
2012-04-09,0.9020000100135803
2012-04-10,0.8539999723434448
2012-04-11,0.878000020980835
2012-04-12,0.8899999856948853
2012-04-13,0.8550000190734863
2012-04-16,0.8389999866485596
2012-04-17,0.8629999756813049
2012-04-18,0.8479999899864197
2012-04-19,0.8339999914169312
2012-04-20,0.8460000157356262
2012-04-23,0.8149999976158142
2012-04-24,0.8379999995231628
2012-04-25,0.8410000205039978
2012-04-26,0.8379999995231628
2012-04-27,0.8220000267028809
2012-04-30,0.8109999895095825
2012-05-01,0.8349999785423279
2012-05-02,0.8190000057220459
2012-05-03,0.8169999718666077
2012-05-04,0.7839999794960022
2012-05-07,0.7820000052452087
2012-05-08,0.7630000114440918
2012-05-09,0.7599999904632568
2012-05-10,0.7739999890327454
2012-05-11,0.7480000257492065
2012-05-14,0.7210000157356262
2012-05-15,0.7329999804496765
2012-05-16,0.7400000095367432
2012-05-17,0.7300000190734863
2012-05-18,0.7300000190734863
2012-05-21,0.7409999966621399
2012-05-22,0.7699999809265137
2012-05-23,0.7279999852180481
2012-05-24,0.7730000019073486
2012-05-25,0.7620000243186951
2012-05-29,0.7639999985694885
2012-05-30,0.6899999976158142
2012-05-31,0.6710000038146973
2012-06-01,0.6200000047683716
2012-06-04,0.6809999942779541
2012-06-05,0.6700000166893005
2012-06-06,0.7260000109672546
2012-06-07,0.7149999737739563
2012-06-08,0.7120000123977661
2012-06-11,0.6909999847412109
2012-06-12,0.746999979019165
2012-06-13,0.7080000042915344
2012-06-14,0.7200000286102295
2012-06-15,0.6779999732971191
2012-06-18,0.6850000023841858
2012-06-19,0.7009999752044678
2012-06-20,0.7440000176429749
2012-06-21,0.7250000238418579
2012-06-22,0.7509999871253967
2012-06-25,0.7089999914169312
2012-06-26,0.7239999771118164
2012-06-27,0.718999981880188
2012-06-28,0.6930000185966492
2012-06-29,0.7289999723434448
2012-07-02,0.6690000295639038
2012-07-03,0.6970000267028809
2012-07-05,0.6729999780654907
2012-07-06,0.6399999856948853
2012-07-09,0.6240000128746033
2012-07-10,0.6190000176429749
2012-07-11,0.628000020980835
2012-07-12,0.6269999742507935
2012-07-13,0.6299999952316284
2012-07-16,0.5950000286102295
2012-07-17,0.6179999709129333
2012-07-18,0.593999981880188
2012-07-19,0.6150000095367432
2012-07-20,0.5799999833106995
2012-07-23,0.5619999766349792
2012-07-24,0.5509999990463257
2012-07-25,0.5550000071525574
2012-07-26,0.5830000042915344
2012-07-27,0.6610000133514404
2012-07-30,0.6179999709129333
2012-07-31,0.5989999771118164
2012-08-01,0.6430000066757202
2012-08-02,0.6110000014305115
2012-08-03,0.6740000247955322
2012-08-06,0.6470000147819519
2012-08-07,0.703000009059906
2012-08-08,0.718999981880188
2012-08-09,0.7279999852180481
2012-08-10,0.6959999799728394
2012-08-13,0.7020000219345093
2012-08-14,0.7459999918937683
2012-08-15,0.7950000166893005
2012-08-16,0.8159999847412109
2012-08-17,0.7990000247955322
2012-08-20,0.7919999957084656
2012-08-21,0.7919999957084656
2012-08-22,0.7129999995231628
2012-08-23,0.6869999766349792
2012-08-24,0.7039999961853027
2012-08-27,0.6830000281333923
2012-08-28,0.675000011920929
2012-08-29,0.6830000281333923
2012-08-30,0.6579999923706055
2012-08-31,0.5960000157356262
2012-09-04,0.621999979019165
2012-09-05,0.6200000047683716
2012-09-06,0.6759999990463257
2012-09-07,0.6380000114440918
2012-09-10,0.6570000052452087
2012-09-11,0.6629999876022339
2012-09-12,0.6959999799728394
2012-09-13,0.6539999842643738
2012-09-14,0.7149999737739563
2012-09-17,0.7170000076293945
2012-09-18,0.6990000009536743
2012-09-19,0.6890000104904175
2012-09-20,0.6930000185966492
2012-09-21,0.671999990940094
2012-09-24,0.6589999794960022
2012-09-25,0.6489999890327454
2012-09-26,0.6119999885559082
2012-09-27,0.6380000114440918
2012-09-28,0.6299999952316284
2012-10-01,0.6200000047683716
2012-10-02,0.6140000224113464
2012-10-03,0.6039999723434448
2012-10-04,0.6230000257492065
2012-10-05,0.6669999957084656
2012-10-08,0.6759999990463257
2012-10-09,0.6629999876022339
2012-10-10,0.6600000262260437
2012-10-11,0.6629999876022339
2012-10-12,0.6629999876022339
2012-10-15,0.6600000262260437
2012-10-16,0.6919999718666077
2012-10-17,0.7720000147819519
2012-10-18,0.7799999713897705
2012-10-19,0.7509999871253967
2012-10-22,0.7789999842643738
2012-10-23,0.7580000162124634
2012-10-24,0.7480000257492065
2012-10-25,0.8190000057220459
2012-10-26,0.7609999775886536
2012-10-31,0.7149999737739563
2012-11-01,0.7279999852180481
2012-11-02,0.7279999852180481
2012-11-05,0.6990000009536743
2012-11-06,0.7440000176429749
2012-11-07,0.6620000004768372
2012-11-08,0.6430000066757202
2012-11-09,0.6389999985694885
2012-11-12,0.6430000066757202
2012-11-13,0.6200000047683716
2012-11-14,0.621999979019165
2012-11-15,0.6200000047683716
2012-11-16,0.6069999933242798
2012-11-19,0.6309999823570251
2012-11-20,0.6570000052452087
2012-11-21,0.6819999814033508
2012-11-23,0.6899999976158142
2012-11-26,0.6660000085830688
2012-11-27,0.6499999761581421
2012-11-28,0.6240000128746033
2012-11-29,0.6309999823570251
2012-11-30,0.6140000224113464
2012-12-03,0.628000020980835
2012-12-04,0.6230000257492065
2012-12-05,0.6060000061988831
2012-12-06,0.6010000109672546
2012-12-07,0.621999979019165
2012-12-10,0.6140000224113464
2012-12-11,0.6330000162124634
2012-12-12,0.6489999890327454
2012-12-13,0.6890000104904175
2012-12-14,0.6880000233650208
2012-12-17,0.7260000109672546
2012-12-18,0.7649999856948853
2012-12-19,0.7689999938011169
2012-12-20,0.7720000147819519
2012-12-21,0.753000020980835
2012-12-24,0.7739999890327454
2012-12-26,0.7630000114440918
2012-12-27,0.7200000286102295
2012-12-28,0.7170000076293945
2012-12-31,0.7250000238418579
2013-01-02,0.7630000114440918
2013-01-03,0.8080000281333923
2013-01-04,0.8190000057220459
2013-01-07,0.8130000233650208
2013-01-08,0.7850000262260437
2013-01-09,0.7609999775886536
2013-01-10,0.7929999828338623
2013-01-11,0.7820000052452087
2013-01-14,0.7680000066757202
2013-01-15,0.7450000047683716
2013-01-16,0.7419999837875366
2013-01-17,0.7870000004768372
2013-01-18,0.7630000114440918
2013-01-22,0.7519999742507935
2013-01-23,0.75
2013-01-24,0.7599999904632568
2013-01-25,0.847000002861023
2013-01-28,0.875
2013-01-29,0.871999979019165
2013-01-30,0.8889999985694885
2013-01-31,0.8809999823570251
2013-02-01,0.8769999742507935
2013-02-04,0.8460000157356262
2013-02-05,0.875
2013-02-06,0.8370000123977661
2013-02-07,0.824999988079071
2013-02-08,0.828000009059906
2013-02-11,0.8379999995231628
2013-02-12,0.8690000176429749
2013-02-13,0.9010000228881836
2013-02-14,0.8569999933242798
2013-02-15,0.8650000095367432
2013-02-19,0.8809999823570251
2013-02-20,0.8690000176429749
2013-02-21,0.8360000252723694
2013-02-22,0.828000009059906
2013-02-25,0.7760000228881836
2013-02-26,0.7620000243186951
2013-02-27,0.7820000052452087
2013-02-28,0.7689999938011169
2013-03-01,0.7480000257492065
2013-03-04,0.7599999904632568
2013-03-05,0.7720000147819519
2013-03-06,0.8040000200271606
2013-03-07,0.8510000109672546
2013-03-08,0.8970000147819519
2013-03-11,0.8970000147819519
2013-03-12,0.8709999918937683
2013-03-13,0.8769999742507935
2013-03-14,0.8769999742507935
2013-03-15,0.8339999914169312
2013-03-18,0.8100000023841858
2013-03-19,0.7770000100135803
2013-03-20,0.7919999957084656
2013-03-21,0.7979999780654907
2013-03-22,0.7900000214576721
2013-03-25,0.7870000004768372
2013-03-26,0.7760000228881836
2013-03-27,0.7369999885559082
2013-03-28,0.7689999938011169
2013-04-01,0.7580000162124634
2013-04-02,0.7710000276565552
2013-04-03,0.7260000109672546
2013-04-04,0.6909999847412109
2013-04-05,0.675000011920929
2013-04-08,0.6990000009536743
2013-04-09,0.6990000009536743
2013-04-10,0.7360000014305115
2013-04-11,0.7279999852180481
2013-04-12,0.6940000057220459
2013-04-15,0.6909999847412109
2013-04-16,0.7020000219345093
2013-04-17,0.6970000267028809
2013-04-18,0.6970000267028809
2013-04-19,0.7070000171661377
2013-04-22,0.6940000057220459
2013-04-23,0.6949999928474426
2013-04-24,0.6890000104904175
2013-04-25,0.7129999995231628
2013-04-26,0.6809999942779541
2013-04-29,0.6769999861717224
2013-04-30,0.6779999732971191
2013-05-01,0.6549999713897705
2013-05-02,0.6489999890327454
2013-05-03,0.7319999933242798
2013-05-06,0.7450000047683716
2013-05-07,0.75
2013-05-08,0.7419999837875366
2013-05-09,0.746999979019165
2013-05-10,0.8169999718666077
2013-05-13,0.8230000138282776
2013-05-14,0.8429999947547913
2013-05-15,0.8309999704360962
2013-05-16,0.7730000019073486
2013-05-17,0.8299999833106995
2013-05-20,0.8349999785423279
2013-05-21,0.8259999752044678
2013-05-22,0.890999972820282
2013-05-23,0.8939999938011169
2013-05-24,0.8880000114440918
2013-05-28,0.9940000176429749
2013-05-29,0.9990000128746033
2013-05-30,1.0140000581741333
2013-05-31,1.0529999732971191
2013-06-03,1.031999945640564
2013-06-04,1.0449999570846558
2013-06-05,1.0230000019073486
2013-06-06,1.00600004196167
2013-06-07,1.0859999656677246
2013-06-10,1.125
2013-06-11,1.1119999885559082
2013-06-12,1.1410000324249268
2013-06-13,1.097000002861023
2013-06-14,1.0210000276565552
2013-06-17,1.0449999570846558
2013-06-18,1.0520000457763672
2013-06-19,1.2269999980926514
2013-06-20,1.312999963760376
2013-06-21,1.406000018119812
2013-06-24,1.4450000524520874
2013-06-25,1.4700000286102295
2013-06-26,1.4270000457763672
2013-06-27,1.3899999856948853
2013-06-28,1.3849999904632568
2013-07-01,1.3960000276565552
2013-07-02,1.378000020980835
2013-07-03,1.4119999408721924
2013-07-05,1.5959999561309814
2013-07-08,1.5080000162124634
2013-07-09,1.4880000352859497
2013-07-10,1.5190000534057617
2013-07-11,1.3960000276565552
2013-07-12,1.434000015258789
2013-07-15,1.3930000066757202
2013-07-16,1.3700000047683716
2013-07-17,1.315999984741211
2013-07-18,1.3359999656677246
2013-07-19,1.3029999732971191
2013-07-22,1.3040000200271606
2013-07-23,1.3170000314712524
2013-07-24,1.378000020980835
2013-07-25,1.4210000038146973
2013-07-26,1.3619999885559082
2013-07-29,1.375
2013-07-30,1.3880000114440918
2013-07-31,1.3910000324249268
2013-08-01,1.5
2013-08-02,1.3589999675750732
2013-08-05,1.3899999856948853
2013-08-06,1.3880000114440918
2013-08-07,1.3669999837875366
2013-08-08,1.3569999933242798
2013-08-09,1.3569999933242798
2013-08-12,1.371999979019165
2013-08-13,1.475000023841858
2013-08-14,1.468000054359436
2013-08-15,1.5130000114440918
2013-08-16,1.569000005722046
2013-08-19,1.6109999418258667
2013-08-20,1.5429999828338623
2013-08-21,1.6059999465942383
2013-08-22,1.6859999895095825
2013-08-23,1.6330000162124634
2013-08-26,1.6050000190734863
2013-08-27,1.531999945640564
2013-08-28,1.5889999866485596
2013-08-29,1.5980000495910645
2013-08-30,1.6009999513626099
2013-09-03,1.6720000505447388
2013-09-04,1.7410000562667847
2013-09-05,1.8359999656677246
2013-09-06,1.7680000066757202
2013-09-09,1.7039999961853027
2013-09-10,1.7619999647140503
2013-09-11,1.7079999446868896
2013-09-12,1.7059999704360962
2013-09-13,1.7050000429153442
2013-09-16,1.6349999904632568
2013-09-17,1.6100000143051147
2013-09-18,1.4359999895095825
2013-09-19,1.4789999723434448
2013-09-20,1.4739999771118164
2013-09-23,1.4620000123977661
2013-09-24,1.4179999828338623
2013-09-25,1.38100004196167
2013-09-26,1.4299999475479126
2013-09-27,1.3960000276565552
2013-09-30,1.3880000114440918
2013-10-01,1.4220000505447388
2013-10-02,1.3899999856948853
2013-10-03,1.3639999628067017
2013-10-04,1.409000039100647
2013-10-07,1.406000018119812
2013-10-08,1.4210000038146973
2013-10-09,1.4129999876022339
2013-10-10,1.434000015258789
2013-10-11,1.4129999876022339
2013-10-14,1.4190000295639038
2013-10-15,1.430999994277954
2013-10-16,1.3949999809265137
2013-10-17,1.3240000009536743
2013-10-18,1.3370000123977661
2013-10-21,1.3569999933242798
2013-10-22,1.2829999923706055
2013-10-23,1.2730000019073486
2013-10-24,1.3040000200271606
2013-10-25,1.277999997138977
2013-10-28,1.2799999713897705
2013-10-29,1.2660000324249268
2013-10-30,1.3079999685287476
2013-10-31,1.315000057220459
2013-11-01,1.3730000257492065
2013-11-04,1.3509999513626099
2013-11-05,1.3799999952316284
2013-11-06,1.3350000381469727
2013-11-07,1.312999963760376
2013-11-08,1.4170000553131104
2013-11-11,1.4149999618530273
2013-11-12,1.4500000476837158
2013-11-13,1.3969999551773071
2013-11-14,1.3370000123977661
2013-11-15,1.350000023841858
2013-11-18,1.3200000524520874
2013-11-19,1.3580000400543213
2013-11-20,1.3600000143051147
2013-11-21,1.3630000352859497
2013-11-22,1.3530000448226929
2013-11-25,1.3420000076293945
2013-11-26,1.3020000457763672
2013-11-27,1.3619999885559082
2013-11-29,1.3669999837875366
2013-12-02,1.4210000038146973
2013-12-03,1.3910000324249268
2013-12-04,1.4420000314712524
2013-12-05,1.475000023841858
2013-12-06,1.5049999952316284
2013-12-09,1.496999979019165
2013-12-10,1.4490000009536743
2013-12-11,1.4889999628067017
2013-12-12,1.531999945640564
2013-12-13,1.531999945640564
2013-12-16,1.531000018119812
2013-12-17,1.4950000047683716
2013-12-18,1.5149999856948853
2013-12-19,1.6440000534057617
2013-12-20,1.6699999570846558
2013-12-23,1.6929999589920044
2013-12-24,1.7410000562667847
2013-12-26,1.7410000562667847
2013-12-27,1.74399995803833
2013-12-30,1.7109999656677246
2013-12-31,1.7480000257492065
2014-01-02,1.715999960899353
2014-01-03,1.7269999980926514
2014-01-06,1.6970000267028809
2014-01-07,1.6740000247955322
2014-01-08,1.7599999904632568
2014-01-09,1.7450000047683716
2014-01-10,1.6230000257492065
2014-01-13,1.5889999866485596
2014-01-14,1.6469999551773071
2014-01-15,1.6729999780654907
2014-01-16,1.6430000066757202
2014-01-17,1.6299999952316284
2014-01-21,1.6410000324249268
2014-01-22,1.694000005722046
2014-01-23,1.593000054359436
2014-01-24,1.5640000104904175
2014-01-27,1.5880000591278076
2014-01-28,1.5540000200271606
2014-01-29,1.4919999837875366
2014-01-30,1.5119999647140503
2014-01-31,1.5099999904632568
2014-02-03,1.437000036239624
2014-02-04,1.4609999656677246
2014-02-05,1.4889999628067017
2014-02-06,1.5160000324249268
2014-02-07,1.4620000123977661
2014-02-10,1.475000023841858
2014-02-11,1.524999976158142
2014-02-12,1.5670000314712524
2014-02-13,1.50600004196167
2014-02-14,1.524999976158142
2014-02-18,1.4789999723434448
2014-02-19,1.5119999647140503
2014-02-20,1.5440000295639038
2014-02-21,1.5329999923706055
2014-02-24,1.5509999990463257
2014-02-25,1.5099999904632568
2014-02-26,1.4830000400543213
2014-02-27,1.4839999675750732
2014-02-28,1.5110000371932983
2014-03-03,1.4609999656677246
2014-03-04,1.5290000438690186
2014-03-05,1.534000039100647
2014-03-06,1.569000005722046
2014-03-07,1.6399999856948853
2014-03-10,1.6269999742507935
2014-03-11,1.6119999885559082
2014-03-12,1.5850000381469727
2014-03-13,1.5230000019073486
2014-03-14,1.527999997138977
2014-03-17,1.5740000009536743
2014-03-18,1.5479999780654907
2014-03-19,1.6950000524520874
2014-03-20,1.7079999446868896
2014-03-21,1.715000033378601
2014-03-24,1.7339999675750732
2014-03-25,1.7209999561309814
2014-03-26,1.6770000457763672
2014-03-27,1.7039999961853027
2014-03-28,1.7359999418258667
2014-03-31,1.7319999933242798
2014-04-01,1.7400000095367432
2014-04-02,1.7940000295639038
2014-04-03,1.7879999876022339
2014-04-04,1.7039999961853027
2014-04-07,1.6710000038146973
2014-04-08,1.6640000343322754
2014-04-09,1.6349999904632568
2014-04-10,1.5759999752044678
2014-04-11,1.5670000314712524
2014-04-14,1.600000023841858
2014-04-15,1.6180000305175781
2014-04-16,1.6549999713897705
2014-04-17,1.7309999465942383
2014-04-21,1.7230000495910645
2014-04-22,1.746000051498413
2014-04-23,1.7109999656677246
2014-04-24,1.7430000305175781
2014-04-25,1.7280000448226929
2014-04-28,1.725000023841858
2014-04-29,1.7410000562667847
2014-04-30,1.680999994277954
2014-05-01,1.652999997138977
2014-05-02,1.6740000247955322
2014-05-05,1.680999994277954
2014-05-06,1.680999994277954
2014-05-07,1.6460000276565552
2014-05-08,1.6180000305175781
2014-05-09,1.625
2014-05-12,1.6579999923706055
2014-05-13,1.6200000047683716
2014-05-14,1.5609999895095825
2014-05-15,1.534999966621399
2014-05-16,1.5479999780654907
2014-05-19,1.5390000343322754
2014-05-20,1.50600004196167
2014-05-21,1.5210000276565552
2014-05-22,1.5490000247955322
2014-05-23,1.5290000438690186
2014-05-27,1.5290000438690186
2014-05-28,1.4709999561309814
2014-05-29,1.5130000114440918
2014-05-30,1.527999997138977
2014-06-02,1.5959999561309814
2014-06-03,1.6360000371932983
2014-06-04,1.6430000066757202
2014-06-05,1.625
2014-06-06,1.6510000228881836
2014-06-09,1.680999994277954
2014-06-10,1.7059999704360962
2014-06-11,1.6959999799728394
2014-06-12,1.659999966621399
2014-06-13,1.6959999799728394
2014-06-16,1.7000000476837158
2014-06-17,1.753000020980835
2014-06-18,1.7120000123977661
2014-06-19,1.687000036239624
2014-06-20,1.7000000476837158
2014-06-23,1.7039999961853027
2014-06-24,1.6790000200271606
2014-06-25,1.6519999504089355
2014-06-26,1.6460000276565552
2014-06-27,1.6380000114440918
2014-06-30,1.625
2014-07-01,1.656000018119812
2014-07-02,1.7120000123977661
2014-07-03,1.7400000095367432
2014-07-07,1.7339999675750732
2014-07-08,1.6970000267028809
2014-07-09,1.6740000247955322
2014-07-10,1.6480000019073486
2014-07-11,1.6410000324249268
2014-07-14,1.6740000247955322
2014-07-15,1.690999984741211
2014-07-16,1.6990000009536743
2014-07-17,1.649999976158142
2014-07-18,1.6660000085830688
2014-07-21,1.684999942779541
2014-07-22,1.6579999923706055
2014-07-23,1.649999976158142
2014-07-24,1.7000000476837158
2014-07-25,1.6759999990463257
2014-07-28,1.7029999494552612
2014-07-29,1.6859999895095825
2014-07-30,1.7690000534057617
2014-07-31,1.7630000114440918
2014-08-01,1.6729999780654907
2014-08-04,1.6579999923706055
2014-08-05,1.6640000343322754
2014-08-06,1.649999976158142
2014-08-07,1.6019999980926514
2014-08-08,1.6100000143051147
2014-08-11,1.6119999885559082
2014-08-12,1.6130000352859497
2014-08-13,1.5770000219345093
2014-08-14,1.5670000314712524
2014-08-15,1.5410000085830688
2014-08-18,1.5670000314712524
2014-08-19,1.5800000429153442
2014-08-20,1.6299999952316284
2014-08-21,1.6269999742507935
2014-08-22,1.6610000133514404
2014-08-25,1.6710000038146973
2014-08-26,1.656000018119812
2014-08-27,1.6380000114440918
2014-08-28,1.63100004196167
2014-08-29,1.628000020980835
2014-09-02,1.6859999895095825
2014-09-03,1.6890000104904175
2014-09-04,1.7139999866485596
2014-09-05,1.6890000104904175
2014-09-08,1.7139999866485596
2014-09-09,1.7599999904632568
2014-09-10,1.781999945640564
2014-09-11,1.7799999713897705
2014-09-12,1.819000005722046
2014-09-15,1.7949999570846558
2014-09-16,1.7740000486373901
2014-09-17,1.8040000200271606
2014-09-18,1.840999960899353
2014-09-19,1.819000005722046
2014-09-22,1.7860000133514404
2014-09-23,1.7610000371932983
2014-09-24,1.8009999990463257
2014-09-25,1.7630000114440918
2014-09-26,1.8020000457763672
2014-09-29,1.7730000019073486
2014-09-30,1.7799999713897705
2014-10-01,1.6829999685287476
2014-10-02,1.6990000009536743
2014-10-03,1.7369999885559082
2014-10-06,1.6920000314712524
2014-10-07,1.6369999647140503
2014-10-08,1.5729999542236328
2014-10-09,1.5700000524520874
2014-10-10,1.559000015258789
2014-10-13,1.5369999408721924
2014-10-14,1.4520000219345093
2014-10-15,1.3109999895095825
2014-10-16,1.371999979019165
2014-10-17,1.4199999570846558
2014-10-20,1.3949999809265137
2014-10-21,1.409999966621399
2014-10-22,1.440999984741211
2014-10-23,1.49399995803833
2014-10-24,1.496999979019165
2014-10-27,1.4839999675750732
2014-10-28,1.5019999742507935
2014-10-29,1.597000002861023
2014-10-30,1.5800000429153442
2014-10-31,1.6130000352859497
2014-11-03,1.6339999437332153
2014-11-04,1.6339999437332153
2014-11-05,1.6339999437332153
2014-11-06,1.659000039100647
2014-11-07,1.593000054359436
2014-11-10,1.6410000324249268
2014-11-11,1.6399999856948853
2014-11-12,1.6399999856948853
2014-11-13,1.6230000257492065
2014-11-14,1.6039999723434448
2014-11-17,1.6269999742507935
2014-11-18,1.6089999675750732
2014-11-19,1.6390000581741333
2014-11-20,1.6239999532699585
2014-11-21,1.6109999418258667
2014-11-24,1.6030000448226929
2014-11-25,1.5679999589920044
2014-11-26,1.5520000457763672
2014-11-28,1.5110000371932983
2014-12-01,1.5210000276565552
2014-12-02,1.590000033378601
2014-12-03,1.6080000400543213
2014-12-04,1.5870000123977661
2014-12-05,1.6820000410079956
2014-12-08,1.6640000343322754
2014-12-09,1.6260000467300415
2014-12-10,1.569000005722046
2014-12-11,1.6030000448226929
2014-12-12,1.5299999713897705
2014-12-15,1.5770000219345093
2014-12-16,1.5260000228881836
2014-12-17,1.6119999885559082
2014-12-18,1.659000039100647
2014-12-19,1.6540000438690186
2014-12-22,1.659000039100647
2014-12-23,1.7269999980926514
2014-12-24,1.7589999437332153
2014-12-26,1.75600004196167
2014-12-29,1.7120000123977661
2014-12-30,1.684000015258789
2014-12-31,1.652999997138977
2015-01-02,1.6180000305175781
2015-01-05,1.5679999589920044
2015-01-06,1.4930000305175781
2015-01-07,1.4730000495910645
2015-01-08,1.496000051498413
2015-01-09,1.4429999589920044
2015-01-12,1.3880000114440918
2015-01-13,1.3589999675750732
2015-01-14,1.3029999732971191
2015-01-15,1.2239999771118164
2015-01-16,1.2829999923706055
2015-01-20,1.2929999828338623
2015-01-21,1.3359999656677246
2015-01-22,1.3819999694824219
2015-01-23,1.3240000009536743
2015-01-26,1.350000023841858
2015-01-27,1.3320000171661377
2015-01-28,1.2410000562667847
2015-01-29,1.274999976158142
2015-01-30,1.187000036239624
2015-02-02,1.184999942779541
2015-02-03,1.2790000438690186
2015-02-04,1.2910000085830688
2015-02-05,1.2999999523162842
2015-02-06,1.4639999866485596
2015-02-09,1.4839999675750732
2015-02-10,1.5099999904632568
2015-02-11,1.5140000581741333
2015-02-12,1.496999979019165
2015-02-13,1.5160000324249268
2015-02-17,1.61899995803833
2015-02-18,1.5199999809265137
2015-02-19,1.5729999542236328
2015-02-20,1.6050000190734863
2015-02-23,1.5449999570846558
2015-02-24,1.4589999914169312
2015-02-25,1.4630000591278076
2015-02-26,1.527999997138977
2015-02-27,1.5049999952316284
2015-03-02,1.5779999494552612
2015-03-03,1.6139999628067017
2015-03-04,1.5989999771118164
2015-03-05,1.5729999542236328
2015-03-06,1.6959999799728394
2015-03-09,1.652999997138977
2015-03-10,1.6069999933242798
2015-03-11,1.6100000143051147
2015-03-12,1.5770000219345093
2015-03-13,1.5820000171661377
2015-03-16,1.569000005722046
2015-03-17,1.555999994277954
2015-03-18,1.4210000038146973
2015-03-19,1.4769999980926514
2015-03-20,1.4160000085830688
2015-03-23,1.3960000276565552
2015-03-24,1.3700000047683716
2015-03-25,1.4079999923706055
2015-03-26,1.4730000495910645
2015-03-27,1.4170000553131104
2015-03-30,1.4190000295639038
2015-03-31,1.375
2015-04-01,1.3259999752044678
2015-04-02,1.3459999561309814
2015-04-06,1.3049999475479126
2015-04-07,1.3279999494552612
2015-04-08,1.3359999656677246
2015-04-09,1.3930000066757202
2015-04-10,1.402999997138977
2015-04-13,1.3799999952316284
2015-04-14,1.3420000076293945
2015-04-15,1.3240000009536743
2015-04-16,1.2899999618530273
2015-04-17,1.2920000553131104
2015-04-20,1.3229999542236328
2015-04-21,1.340999960899353
2015-04-22,1.3880000114440918
2015-04-23,1.3569999933242798
2015-04-24,1.3220000267028809
2015-04-27,1.3420000076293945
2015-04-28,1.3799999952316284
2015-04-29,1.4220000505447388
2015-04-30,1.4420000314712524
2015-05-01,1.5069999694824219
2015-05-04,1.4989999532699585
2015-05-05,1.5449999570846558
2015-05-06,1.5779999494552612
2015-05-07,1.5579999685287476
2015-05-08,1.4950000047683716
2015-05-11,1.593000054359436
2015-05-12,1.5740000009536743
2015-05-13,1.562000036239624
2015-05-14,1.5130000114440918
2015-05-15,1.4600000381469727
2015-05-18,1.531000018119812
2015-05-19,1.5839999914169312
2015-05-20,1.5529999732971191
2015-05-21,1.5099999904632568
2015-05-22,1.562000036239624
2015-05-26,1.5240000486373901
2015-05-27,1.531999945640564
2015-05-28,1.5069999694824219
2015-05-29,1.4670000076293945
2015-06-01,1.555999994277954
2015-06-02,1.6080000400543213
2015-06-03,1.684999942779541
2015-06-04,1.6410000324249268
2015-06-05,1.7400000095367432
2015-06-08,1.7070000171661377
2015-06-09,1.7350000143051147
2015-06-10,1.7890000343322754
2015-06-11,1.7259999513626099
2015-06-12,1.7339999675750732
2015-06-15,1.7000000476837158
2015-06-16,1.6679999828338623
2015-06-17,1.621999979019165
2015-06-18,1.6399999856948853
2015-06-19,1.5779999494552612
2015-06-22,1.6540000438690186
2015-06-23,1.694000005722046
2015-06-24,1.6660000085830688
2015-06-25,1.7039999961853027
2015-06-26,1.7549999952316284
2015-06-29,1.625
2015-06-30,1.628000020980835
2015-07-01,1.7020000219345093
2015-07-02,1.6449999809265137
2015-07-06,1.5479999780654907
2015-07-07,1.5199999809265137
2015-07-08,1.4930000305175781
2015-07-09,1.569000005722046
2015-07-10,1.6779999732971191
2015-07-13,1.6979999542236328
2015-07-14,1.6610000133514404
2015-07-15,1.6230000257492065
2015-07-16,1.6510000228881836
2015-07-17,1.6699999570846558
2015-07-20,1.7039999961853027
2015-07-21,1.6660000085830688
2015-07-22,1.6679999828338623
2015-07-23,1.6380000114440918
2015-07-24,1.6230000257492065
2015-07-27,1.5720000267028809
2015-07-28,1.5870000123977661
2015-07-29,1.6080000400543213
2015-07-30,1.6230000257492065
2015-07-31,1.5479999780654907
2015-08-03,1.5140000581741333
2015-08-04,1.5920000076293945
2015-08-05,1.6430000066757202
2015-08-06,1.6139999628067017
2015-08-07,1.5820000171661377
2015-08-10,1.6200000047683716
2015-08-11,1.524999976158142
2015-08-12,1.503999948501587
2015-08-13,1.5740000009536743
2015-08-14,1.597000002861023
2015-08-17,1.5529999732971191
2015-08-18,1.5809999704360962
2015-08-19,1.5
2015-08-20,1.4880000352859497
2015-08-21,1.4390000104904175
2015-08-24,1.3639999628067017
2015-08-25,1.4800000190734863
2015-08-26,1.4730000495910645
2015-08-27,1.4839999675750732
2015-08-28,1.524999976158142
2015-08-31,1.5410000085830688
2015-09-01,1.503999948501587
2015-09-02,1.5199999809265137
2015-09-03,1.4880000352859497
2015-09-04,1.465000033378601
2015-09-08,1.5219999551773071
2015-09-09,1.5160000324249268
2015-09-10,1.5449999570846558
2015-09-11,1.50600004196167
2015-09-14,1.5099999904632568
2015-09-15,1.6009999513626099
2015-09-16,1.6119999885559082
2015-09-17,1.5019999742507935
2015-09-18,1.437000036239624
2015-09-21,1.5019999742507935
2015-09-22,1.4240000247955322
2015-09-23,1.4390000104904175
2015-09-24,1.4450000524520874
2015-09-25,1.4789999723434448
2015-09-28,1.4190000295639038
2015-09-29,1.375
2015-09-30,1.375
2015-10-01,1.3700000047683716
2015-10-02,1.2860000133514404
2015-10-05,1.3459999561309814
2015-10-06,1.3309999704360962
2015-10-07,1.3650000095367432
2015-10-08,1.3980000019073486
2015-10-09,1.406000018119812
2015-10-12,1.399999976158142
2015-10-13,1.3619999885559082
2015-10-14,1.2799999713897705
2015-10-15,1.3329999446868896
2015-10-16,1.3459999561309814
2015-10-19,1.3459999561309814
2015-10-20,1.3880000114440918
2015-10-21,1.3589999675750732
2015-10-22,1.3450000286102295
2015-10-23,1.4149999618530273
2015-10-26,1.3980000019073486
2015-10-27,1.3569999933242798
2015-10-28,1.4589999914169312
2015-10-29,1.531999945640564
2015-10-30,1.527999997138977
2015-11-02,1.5640000104904175
2015-11-03,1.593999981880188
2015-11-04,1.6369999647140503
2015-11-05,1.6460000276565552
2015-11-06,1.7389999628067017
2015-11-09,1.7359999418258667
2015-11-10,1.7029999494552612
2015-11-11,1.718000054359436
2015-11-12,1.718000054359436
2015-11-13,1.6699999570846558
2015-11-16,1.6519999504089355
2015-11-17,1.6540000438690186
2015-11-18,1.6759999990463257
2015-11-19,1.6710000038146973
2015-11-20,1.6859999895095825
2015-11-23,1.680999994277954
2015-11-24,1.6679999828338623
2015-11-25,1.6640000343322754
2015-11-27,1.652999997138977
2015-11-30,1.6540000438690186
2015-12-01,1.5959999561309814
2015-12-02,1.6349999904632568
2015-12-03,1.7430000305175781
2015-12-04,1.7120000123977661
2015-12-07,1.6740000247955322
2015-12-08,1.6779999732971191
2015-12-09,1.6330000162124634
2015-12-10,1.680999994277954
2015-12-11,1.5709999799728394
2015-12-14,1.6510000228881836
2015-12-15,1.694000005722046
2015-12-16,1.7369999885559082
2015-12-17,1.7209999561309814
2015-12-18,1.6759999990463257
2015-12-21,1.6660000085830688
2015-12-22,1.7059999704360962
2015-12-23,1.7239999771118164
2015-12-24,1.718000054359436
2015-12-28,1.715999960899353
2015-12-29,1.7829999923706055
2015-12-30,1.7990000247955322
2015-12-31,1.7580000162124634
2016-01-04,1.7350000143051147
2016-01-05,1.7239999771118164
2016-01-06,1.649999976158142
2016-01-07,1.6119999885559082
2016-01-08,1.5779999494552612
2016-01-11,1.5759999752044678
2016-01-12,1.5369999408721924
2016-01-13,1.5089999437332153
2016-01-14,1.5190000534057617
2016-01-15,1.4529999494552612
2016-01-19,1.4709999561309814
2016-01-20,1.4170000553131104
2016-01-21,1.434000015258789
2016-01-22,1.475000023841858
2016-01-25,1.4600000381469727
2016-01-26,1.4270000457763672
2016-01-27,1.4199999570846558
2016-01-28,1.4010000228881836
2016-01-29,1.3350000381469727
2016-02-01,1.3830000162124634
2016-02-02,1.281000018119812
2016-02-03,1.2730000019073486
2016-02-04,1.25
2016-02-05,1.25
2016-02-08,1.149999976158142
2016-02-09,1.1549999713897705
2016-02-10,1.1460000276565552
2016-02-11,1.1080000400543213
2016-02-12,1.1990000009536743
2016-02-16,1.218999981880188
2016-02-17,1.2640000581741333
2016-02-18,1.2130000591278076
2016-02-19,1.2259999513626099
2016-02-22,1.2419999837875366
2016-02-23,1.218000054359436
2016-02-24,1.215000033378601
2016-02-25,1.1510000228881836
2016-02-26,1.2400000095367432
2016-02-29,1.2200000286102295
2016-03-01,1.3179999589920044
2016-03-02,1.347000002861023
2016-03-03,1.3309999704360962
2016-03-04,1.3839999437332153
2016-03-07,1.4170000553131104
2016-03-08,1.350000023841858
2016-03-09,1.3930000066757202
2016-03-10,1.4420000314712524
2016-03-11,1.4819999933242798
2016-03-14,1.4780000448226929
2016-03-15,1.4880000352859497
2016-03-16,1.4079999923706055
2016-03-17,1.378999948501587
2016-03-18,1.3350000381469727
2016-03-21,1.378999948501587
2016-03-22,1.409000039100647
2016-03-23,1.3519999980926514
2016-03-24,1.378999948501587
2016-03-28,1.3539999723434448
2016-03-29,1.277999997138977
2016-03-30,1.2690000534057617
2016-03-31,1.2239999771118164
2016-04-01,1.2419999837875366
2016-04-04,1.2239999771118164
2016-04-05,1.184000015258789
2016-04-06,1.2000000476837158
2016-04-07,1.1399999856948853
2016-04-08,1.159000039100647
2016-04-11,1.1579999923706055
2016-04-12,1.2130000591278076
2016-04-13,1.2109999656677246
2016-04-14,1.2389999628067017
2016-04-15,1.2089999914169312
2016-04-18,1.2269999980926514
2016-04-19,1.25
2016-04-20,1.3220000267028809
2016-04-21,1.3389999866485596
2016-04-22,1.3569999933242798
2016-04-25,1.3700000047683716
2016-04-26,1.3949999809265137
2016-04-27,1.3359999656677246
2016-04-28,1.2999999523162842
2016-04-29,1.2790000438690186
2016-05-02,1.3200000524520874
2016-05-03,1.2569999694824219
2016-05-04,1.2410000562667847
2016-05-05,1.2079999446868896
2016-05-06,1.2350000143051147
2016-05-09,1.2009999752044678
2016-05-10,1.2059999704360962
2016-05-11,1.2000000476837158
2016-05-12,1.2400000095367432
2016-05-13,1.2089999914169312
2016-05-16,1.2619999647140503
2016-05-17,1.284000039100647
2016-05-18,1.4079999923706055
2016-05-19,1.3730000257492065
2016-05-20,1.371999979019165
2016-05-23,1.3730000257492065
2016-05-24,1.3960000276565552
2016-05-25,1.4049999713897705
2016-05-26,1.343000054359436
2016-05-27,1.3860000371932983
2016-05-31,1.3589999675750732
2016-06-01,1.3849999904632568
2016-06-02,1.3600000143051147
2016-06-03,1.2319999933242798
2016-06-06,1.2369999885559082
2016-06-07,1.2289999723434448
2016-06-08,1.2339999675750732
2016-06-09,1.2130000591278076
2016-06-10,1.1660000085830688
2016-06-13,1.13100004196167
2016-06-14,1.13100004196167
2016-06-15,1.0989999771118164
2016-06-16,1.0779999494552612
2016-06-17,1.121000051498413
2016-06-20,1.1629999876022339
2016-06-21,1.194000005722046
2016-06-22,1.2029999494552612
2016-06-23,1.253999948501587
2016-06-24,1.093999981880188
2016-06-27,1.0010000467300415
2016-06-28,1.0010000467300415
2016-06-29,1.0240000486373901
2016-06-30,1.0110000371932983
2016-07-01,1.003999948501587
2016-07-05,0.9380000233650208
2016-07-06,0.9620000123977661
2016-07-07,0.9589999914169312
2016-07-08,0.9520000219345093
2016-07-11,1.024999976158142
2016-07-12,1.0829999446868896
2016-07-13,1.0549999475479126
2016-07-14,1.090999960899353
2016-07-15,1.1449999809265137
2016-07-18,1.1299999952316284
2016-07-19,1.1119999885559082
2016-07-20,1.1380000114440918
2016-07-21,1.1019999980926514
2016-07-22,1.1200000047683716
2016-07-25,1.1360000371932983
2016-07-26,1.1380000114440918
2016-07-27,1.1009999513626099
2016-07-28,1.093999981880188
2016-07-29,1.0329999923706055
2016-08-01,1.0529999732971191
2016-08-02,1.0750000476837158
2016-08-03,1.0700000524520874
2016-08-04,1.027999997138977
2016-08-05,1.1299999952316284
2016-08-08,1.1380000114440918
2016-08-09,1.1069999933242798
2016-08-10,1.0700000524520874
2016-08-11,1.1510000228881836
2016-08-12,1.1009999513626099
2016-08-15,1.1299999952316284
2016-08-16,1.1579999923706055
2016-08-17,1.1480000019073486
2016-08-18,1.1139999628067017
2016-08-19,1.1629999876022339
2016-08-22,1.1330000162124634
2016-08-23,1.1430000066757202
2016-08-24,1.1430000066757202
2016-08-25,1.156999945640564
2016-08-26,1.2410000562667847
2016-08-29,1.1770000457763672
2016-08-30,1.1820000410079956
2016-08-31,1.1799999475479126
2016-09-01,1.1820000410079956
2016-09-02,1.190000057220459
2016-09-06,1.121999979019165
2016-09-07,1.1230000257492065
2016-09-08,1.190000057220459
2016-09-09,1.2230000495910645
2016-09-12,1.2029999494552612
2016-09-13,1.253999948501587
2016-09-14,1.1979999542236328
2016-09-15,1.1890000104904175
2016-09-16,1.2100000381469727
2016-09-19,1.2070000171661377
2016-09-20,1.2000000476837158
2016-09-21,1.2000000476837158
2016-09-22,1.1740000247955322
2016-09-23,1.152999997138977
2016-09-26,1.1269999742507935
2016-09-27,1.1119999885559082
2016-09-28,1.1299999952316284
2016-09-29,1.1150000095367432
2016-09-30,1.156000018119812
2016-10-03,1.1829999685287476
2016-10-04,1.2269999980926514
2016-10-05,1.25600004196167
2016-10-06,1.2829999923706055
2016-10-07,1.2699999809265137
2016-10-10,1.2580000162124634
2016-10-11,1.2940000295639038
2016-10-12,1.3040000200271606
2016-10-13,1.253999948501587
2016-10-14,1.281999945640564
2016-10-17,1.25600004196167
2016-10-18,1.2339999675750732
2016-10-19,1.2339999675750732
2016-10-20,1.2430000305175781
2016-10-21,1.2450000047683716
2016-10-24,1.2690000534057617
2016-10-25,1.2760000228881836
2016-10-26,1.3020000457763672
2016-10-27,1.3380000591278076
2016-10-28,1.3229999542236328
2016-10-31,1.312999963760376
2016-11-01,1.2860000133514404
2016-11-02,1.2610000371932983
2016-11-03,1.2630000114440918
2016-11-04,1.24399995803833
2016-11-07,1.2910000085830688
2016-11-08,1.3309999704360962
2016-11-09,1.4739999771118164
2016-11-10,1.5290000438690186
2016-11-14,1.6469999551773071
2016-11-15,1.6740000247955322
2016-11-16,1.6720000505447388
2016-11-17,1.7130000591278076
2016-11-18,1.7769999504089355
2016-11-21,1.7960000038146973
2016-11-22,1.781000018119812
2016-11-23,1.8370000123977661
2016-11-25,1.8489999771118164
2016-11-28,1.8009999990463257
2016-11-29,1.781000018119812
2016-11-30,1.8339999914169312
2016-12-01,1.8930000066757202
2016-12-02,1.8289999961853027
2016-12-05,1.843999981880188
2016-12-06,1.840999960899353
2016-12-07,1.7979999780654907
2016-12-08,1.819000005722046
2016-12-09,1.88100004196167
2016-12-12,1.8890000581741333
2016-12-13,1.9119999408721924
2016-12-14,1.99399995803833
2016-12-15,2.068000078201294
2016-12-16,2.066999912261963
2016-12-19,2.0269999504089355
2016-12-20,2.0460000038146973
2016-12-21,2.0290000438690186
2016-12-22,2.0360000133514404
2016-12-23,2.0299999713897705
2016-12-27,2.055000066757202
2016-12-28,1.9980000257492065
2016-12-29,1.9620000123977661
2016-12-30,1.934000015258789
2017-01-03,1.944000005722046
2017-01-04,1.9470000267028809
2017-01-05,1.8630000352859497
2017-01-06,1.9220000505447388
2017-01-09,1.88100004196167
2017-01-10,1.878999948501587
2017-01-11,1.8760000467300415
2017-01-12,1.8680000305175781
2017-01-13,1.8839999437332153
2017-01-17,1.8259999752044678
2017-01-18,1.8849999904632568
2017-01-19,1.9529999494552612
2017-01-20,1.940000057220459
2017-01-23,1.8669999837875366
2017-01-24,1.937000036239624
2017-01-25,1.9869999885559082
2017-01-26,1.9620000123977661
2017-01-27,1.940999984741211
2017-01-30,1.9359999895095825
2017-01-31,1.9079999923706055
2017-02-01,1.9259999990463257
2017-02-02,1.9210000038146973
2017-02-03,1.9329999685287476
2017-02-06,1.8539999723434448
2017-02-07,1.843999981880188
2017-02-08,1.815999984741211
2017-02-09,1.8700000047683716
2017-02-10,1.8869999647140503
2017-02-13,1.9110000133514404
2017-02-14,1.9600000381469727
2017-02-15,2.000999927520752
2017-02-16,1.940999984741211
2017-02-17,1.909999966621399
2017-02-21,1.9170000553131104
2017-02-22,1.9119999408721924
2017-02-23,1.878000020980835
2017-02-24,1.8040000200271606
2017-02-27,1.8700000047683716
2017-02-28,1.8799999952316284
2017-03-01,1.9919999837875366
2017-03-02,2.0299999713897705
2017-03-03,2.0169999599456787
2017-03-06,2.0160000324249268
2017-03-07,2.0439999103546143
2017-03-08,2.0810000896453857
2017-03-09,2.125
2017-03-10,2.1050000190734863
2017-03-13,2.127000093460083
2017-03-14,2.124000072479248
2017-03-15,2.0199999809265137
2017-03-16,2.0299999713897705
2017-03-17,2.0199999809265137
2017-03-20,1.9930000305175781
2017-03-21,1.9630000591278076
2017-03-22,1.9299999475479126
2017-03-23,1.9429999589920044
2017-03-24,1.9279999732971191
2017-03-27,1.9119999408721924
2017-03-28,1.9550000429153442
2017-03-29,1.9359999895095825
2017-03-30,1.9609999656677246
2017-03-31,1.9290000200271606
2017-04-03,1.8769999742507935
2017-04-04,1.878000020980835
2017-04-05,1.8700000047683716
2017-04-06,1.8630000352859497
2017-04-07,1.9110000133514404
2017-04-10,1.899999976158142
2017-04-11,1.8320000171661377
2017-04-12,1.8300000429153442
2017-04-13,1.7640000581741333
2017-04-17,1.7769999504089355
2017-04-18,1.7100000381469727
2017-04-19,1.7289999723434448
2017-04-20,1.7719999551773071
2017-04-21,1.7599999904632568
2017-04-24,1.8020000457763672
2017-04-25,1.850000023841858
2017-04-26,1.8350000381469727
2017-04-27,1.819000005722046
2017-04-28,1.815999984741211
2017-05-01,1.847000002861023
2017-05-02,1.812999963760376
2017-05-03,1.8450000286102295
2017-05-04,1.8830000162124634
2017-05-05,1.8830000162124634
2017-05-08,1.899999976158142
2017-05-09,1.934999942779541
2017-05-10,1.937999963760376
2017-05-11,1.9279999732971191
2017-05-12,1.8530000448226929
2017-05-15,1.8580000400543213
2017-05-16,1.850000023841858
2017-05-17,1.7480000257492065
2017-05-18,1.7740000486373901
2017-05-19,1.7869999408721924
2017-05-22,1.7970000505447388
2017-05-23,1.8320000171661377
2017-05-24,1.8029999732971191
2017-05-25,1.7910000085830688
2017-05-26,1.7910000085830688
2017-05-30,1.7599999904632568
2017-05-31,1.7480000257492065
2017-06-01,1.7649999856948853
2017-06-02,1.718999981880188
2017-06-05,1.7419999837875366
2017-06-06,1.7120000123977661
2017-06-07,1.7419999837875366
2017-06-08,1.7549999952316284
2017-06-09,1.7630000114440918
2017-06-12,1.777999997138977
2017-06-13,1.7799999713897705
2017-06-14,1.725000023841858
2017-06-15,1.7630000114440918
2017-06-16,1.746999979019165
2017-06-19,1.7879999876022339
2017-06-20,1.7580000162124634
2017-06-21,1.7680000066757202
2017-06-22,1.7619999647140503
2017-06-23,1.7569999694824219
2017-06-26,1.7580000162124634
2017-06-27,1.812000036239624
2017-06-28,1.815999984741211
2017-06-29,1.850000023841858
2017-06-30,1.8849999904632568
2017-07-03,1.9299999475479126
2017-07-05,1.9249999523162842
2017-07-06,1.9420000314712524
2017-07-07,1.9570000171661377
2017-07-10,1.930999994277954
2017-07-11,1.9190000295639038
2017-07-12,1.88100004196167
2017-07-13,1.8910000324249268
2017-07-14,1.8609999418258667
2017-07-17,1.8530000448226929
2017-07-18,1.8179999589920044
2017-07-19,1.8209999799728394
2017-07-20,1.8229999542236328
2017-07-21,1.7999999523162842
2017-07-24,1.8209999799728394
2017-07-25,1.8849999904632568
2017-07-26,1.8220000267028809
2017-07-27,1.8450000286102295
2017-07-28,1.8309999704360962
2017-07-31,1.8320000171661377
2017-08-01,1.7990000247955322
2017-08-02,1.819000005722046
2017-08-03,1.7899999618530273
2017-08-04,1.8220000267028809
2017-08-07,1.812000036239624
2017-08-08,1.8339999914169312
2017-08-09,1.7970000505447388
2017-08-10,1.781000018119812
2017-08-11,1.7400000095367432
2017-08-14,1.7710000276565552
2017-08-15,1.8200000524520874
2017-08-16,1.781000018119812
2017-08-17,1.7619999647140503
2017-08-18,1.7619999647140503
2017-08-21,1.7510000467300415
2017-08-22,1.784999966621399
2017-08-23,1.746999979019165
2017-08-24,1.774999976158142
2017-08-25,1.7569999694824219
2017-08-28,1.7419999837875366
2017-08-29,1.7100000381469727
2017-08-30,1.725000023841858
2017-08-31,1.7070000171661377
2017-09-01,1.7330000400543213
2017-09-05,1.6460000276565552
2017-09-06,1.687000036239624
2017-09-07,1.6410000324249268
2017-09-08,1.6410000324249268
2017-09-11,1.7020000219345093
2017-09-12,1.746999979019165
2017-09-13,1.7740000486373901
2017-09-14,1.7869999408721924
2017-09-15,1.8040000200271606
2017-09-18,1.8240000009536743
2017-09-19,1.8320000171661377
2017-09-20,1.8830000162124634
2017-09-21,1.8880000114440918
2017-09-22,1.871999979019165
2017-09-25,1.8359999656677246
2017-09-26,1.850000023841858
2017-09-27,1.909000039100647
2017-09-28,1.8960000276565552
2017-09-29,1.9279999732971191
2017-10-02,1.934000015258789
2017-10-03,1.9249999523162842
2017-10-04,1.9249999523162842
2017-10-05,1.9479999542236328
2017-10-06,1.968999981880188
2017-10-09,1.9579999446868896
2017-10-10,1.9450000524520874
2017-10-11,1.9550000429153442
2017-10-12,1.940000057220459
2017-10-13,1.906000018119812
2017-10-16,1.9550000429153442
2017-10-17,1.9559999704360962
2017-10-18,1.9869999885559082
2017-10-19,1.975000023841858
2017-10-20,2.0199999809265137
2017-10-23,2.006999969482422
2017-10-24,2.0269999504089355
2017-10-25,2.055999994277954
2017-10-26,2.069000005722046
2017-10-27,2.0429999828338623
2017-10-30,1.996999979019165
2017-10-31,2.009999990463257
2017-11-01,2.0220000743865967
2017-11-02,2.0
2017-11-03,2.005000114440918
2017-11-06,1.9869999885559082
2017-11-07,1.9830000400543213
2017-11-08,2.002000093460083
2017-11-09,2.003000020980835
2017-11-10,2.055000066757202
2017-11-13,2.072000026702881
2017-11-14,2.065000057220459
2017-11-15,2.0380001068115234
2017-11-16,2.065000057220459
2017-11-17,2.062000036239624
2017-11-20,2.0940001010894775
2017-11-21,2.1070001125335693
2017-11-22,2.0429999828338623
2017-11-24,2.063999891281128
2017-11-27,2.046999931335449
2017-11-28,2.068000078201294
2017-11-29,2.0929999351501465
2017-11-30,2.1440000534057617
2017-12-01,2.118000030517578
2017-12-04,2.1480000019073486
2017-12-05,2.1510000228881836
2017-12-06,2.119999885559082
2017-12-07,2.1459999084472656
2017-12-08,2.1449999809265137
2017-12-11,2.1570000648498535
2017-12-12,2.171999931335449
2017-12-13,2.109999895095825
2017-12-14,2.128000020980835
2017-12-15,2.1570000648498535
2017-12-18,2.1670000553131104
2017-12-19,2.2200000286102295
2017-12-20,2.242000102996826
2017-12-21,2.244999885559082
2017-12-22,2.250999927520752
2017-12-26,2.236999988555908
2017-12-27,2.1989998817443848
2017-12-28,2.2339999675750732
2017-12-29,2.2060000896453857
2018-01-02,2.25
2018-01-03,2.246999979019165
2018-01-04,2.2679998874664307
2018-01-05,2.2850000858306885
2018-01-08,2.2850000858306885
2018-01-09,2.3239998817443848
2018-01-10,2.328000068664551
2018-01-11,2.313999891281128
2018-01-12,2.3469998836517334
2018-01-16,2.3550000190734863
2018-01-17,2.3940000534057617
2018-01-18,2.4100000858306885
2018-01-19,2.436000108718872
2018-01-22,2.4609999656677246
2018-01-23,2.4210000038146973
2018-01-24,2.440999984741211
2018-01-25,2.4200000762939453
2018-01-26,2.4700000286102295
2018-01-29,2.494999885559082
2018-01-30,2.506999969482422
2018-01-31,2.5239999294281006
2018-02-01,2.559000015258789
2018-02-02,2.5989999771118164
2018-02-05,2.5209999084472656
2018-02-06,2.507999897003174
2018-02-07,2.565000057220459
2018-02-08,2.568000078201294
2018-02-09,2.5160000324249268
2018-02-12,2.555000066757202
2018-02-13,2.5490000247955322
2018-02-14,2.640000104904175
2018-02-15,2.634999990463257
2018-02-16,2.625999927520752
2018-02-20,2.6480000019073486
2018-02-21,2.678999900817871
2018-02-22,2.6519999504089355
2018-02-23,2.618000030517578
2018-02-26,2.6070001125335693
2018-02-27,2.6689999103546143
2018-02-28,2.6500000953674316
2018-03-01,2.575000047683716
2018-03-02,2.622999906539917
2018-03-05,2.6440000534057617
2018-03-06,2.6449999809265137
2018-03-07,2.6489999294281006
2018-03-08,2.632999897003174
2018-03-09,2.6540000438690186
2018-03-12,2.634999990463257
2018-03-13,2.630000114440918
2018-03-14,2.6059999465942383
2018-03-15,2.621999979019165
2018-03-16,2.6449999809265137
2018-03-19,2.6419999599456787
2018-03-20,2.680999994277954
2018-03-21,2.697999954223633
2018-03-22,2.631999969482422
2018-03-23,2.6110000610351562
2018-03-26,2.634999990463257
2018-03-27,2.5789999961853027
2018-03-28,2.5889999866485596
2018-03-29,2.562000036239624
2018-04-02,2.5490000247955322
2018-04-03,2.6040000915527344
2018-04-04,2.6059999465942383
2018-04-05,2.640000104904175
2018-04-06,2.5889999866485596
2018-04-09,2.6010000705718994
2018-04-10,2.625
2018-04-11,2.619999885559082
2018-04-12,2.6710000038146973
2018-04-13,2.6760001182556152
2018-04-16,2.683000087738037
2018-04-17,2.677999973297119
2018-04-18,2.7309999465942383
2018-04-19,2.759999990463257
2018-04-20,2.7929999828338623
2018-04-23,2.819000005722046
2018-04-24,2.811000108718872
2018-04-25,2.8350000381469727
2018-04-26,2.819000005722046
2018-04-27,2.8010001182556152
2018-04-30,2.7890000343322754
2018-05-01,2.821000099182129
2018-05-02,2.802000045776367
2018-05-03,2.7820000648498535
2018-05-04,2.7799999713897705
2018-05-07,2.7839999198913574
2018-05-08,2.808000087738037
2018-05-09,2.8380000591278076
2018-05-10,2.8329999446868896
2018-05-11,2.8380000591278076
2018-05-14,2.8519999980926514
2018-05-15,2.924999952316284
2018-05-16,2.934000015258789
2018-05-17,2.931999921798706
2018-05-18,2.8919999599456787
2018-05-21,2.8980000019073486
2018-05-22,2.8989999294281006
2018-05-23,2.8299999237060547
2018-05-24,2.815999984741211
2018-05-25,2.7639999389648438
2018-05-29,2.5759999752044678
2018-05-30,2.6730000972747803
2018-05-31,2.6640000343322754
2018-06-01,2.73799991607666
2018-06-04,2.7850000858306885
2018-06-05,2.76200008392334
2018-06-06,2.812999963760376
2018-06-07,2.7769999504089355
2018-06-08,2.7750000953674316
2018-06-11,2.802000045776367
2018-06-12,2.808000087738037
2018-06-13,2.8399999141693115
2018-06-14,2.815999984741211
2018-06-15,2.7990000247955322
2018-06-18,2.7990000247955322
2018-06-19,2.7669999599456787
2018-06-20,2.7960000038146973
2018-06-21,2.7669999599456787
2018-06-22,2.7739999294281006
2018-06-25,2.743000030517578
2018-06-26,2.747999906539917
2018-06-27,2.697000026702881
2018-06-28,2.7260000705718994
2018-06-29,2.7309999465942383
2018-07-02,2.753000020980835
2018-07-03,2.7300000190734863
2018-07-05,2.740999937057495
2018-07-06,2.7230000495910645
2018-07-09,2.752000093460083
2018-07-10,2.7720000743865967
2018-07-11,2.740000009536743
2018-07-12,2.755000114440918
2018-07-13,2.7269999980926514
2018-07-16,2.753999948501587
2018-07-17,2.763000011444092
2018-07-18,2.7679998874664307
2018-07-19,2.740000009536743
2018-07-20,2.7679998874664307
2018-07-23,2.828000068664551
2018-07-24,2.818000078201294
2018-07-25,2.813999891281128
2018-07-26,2.8580000400543213
2018-07-27,2.8459999561309814
2018-07-30,2.8499999046325684
2018-07-31,2.8480000495910645
2018-08-01,2.875
2018-08-02,2.8529999256134033
2018-08-03,2.815999984741211
2018-08-06,2.805999994277954
2018-08-07,2.8410000801086426
2018-08-08,2.8380000591278076
2018-08-09,2.812999963760376
2018-08-10,2.7300000190734863
2018-08-13,2.746999979019165
2018-08-14,2.7669999599456787
2018-08-15,2.7239999771118164
2018-08-16,2.747999906539917
2018-08-17,2.752000093460083
2018-08-20,2.7019999027252197
2018-08-21,2.7260000705718994
2018-08-22,2.7060000896453857
2018-08-23,2.7139999866485596
2018-08-24,2.7239999771118164
2018-08-27,2.744999885559082
2018-08-28,2.7739999294281006
2018-08-29,2.7799999713897705
2018-08-30,2.755000114440918
2018-08-31,2.734999895095825
2018-09-04,2.7750000953674316
2018-09-05,2.7699999809265137
2018-09-06,2.747999906539917
2018-09-07,2.822999954223633
2018-09-10,2.828000068664551
2018-09-11,2.86899995803833
2018-09-12,2.859999895095825
2018-09-13,2.865999937057495
2018-09-14,2.8980000019073486
2018-09-17,2.9019999504089355
2018-09-18,2.936000108718872
2018-09-19,2.9600000381469727
2018-09-20,2.9619998931884766
2018-09-21,2.9539999961853027
2018-09-24,2.9590001106262207
2018-09-25,2.9830000400543213
2018-09-26,2.9579999446868896
2018-09-27,2.9600000381469727
2018-09-28,2.947999954223633
2018-10-01,2.9600000381469727
2018-10-02,2.944000005722046
2018-10-03,3.0239999294281006
2018-10-04,3.053999900817871
2018-10-05,3.071000099182129
2018-10-08,3.072999954223633
2018-10-09,3.056999921798706
2018-10-10,3.059000015258789
2018-10-11,2.989000082015991
2018-10-12,2.99399995803833
2018-10-15,3.0179998874664307
2018-10-16,3.0169999599456787
2018-10-17,3.0409998893737793
2018-10-18,3.0239999294281006
2018-10-19,3.052000045776367
2018-10-22,3.0480000972747803
2018-10-23,3.009000062942505
2018-10-24,2.9639999866485596
2018-10-25,2.9800000190734863
2018-10-26,2.9070000648498535
2018-10-29,2.9189999103546143
2018-10-30,2.938999891281128
2018-10-31,2.986999988555908
2018-11-01,2.9679999351501465
2018-11-02,3.0380001068115234
2018-11-05,3.0260000228881836
2018-11-06,3.049999952316284
2018-11-07,3.061000108718872
2018-11-08,3.0899999141693115
2018-11-09,3.0439999103546143
2018-11-12,3.0390000343322754
2018-11-13,2.986999988555908
2018-11-14,2.9519999027252197
2018-11-15,2.944999933242798
2018-11-16,2.8940000534057617
2018-11-19,2.865999937057495
2018-11-20,2.869999885559082
2018-11-21,2.890000104904175
2018-11-23,2.880000114440918
2018-11-26,2.9000000953674316
2018-11-27,2.884999990463257
2018-11-28,2.8559999465942383
2018-11-29,2.8550000190734863
2018-11-30,2.8450000286102295
2018-12-03,2.8389999866485596
2018-12-04,2.7990000247955322
2018-12-06,2.747999906539917
2018-12-07,2.696000099182129
2018-12-10,2.7090001106262207
2018-12-11,2.744999885559082
2018-12-12,2.765000104904175
2018-12-13,2.75600004196167
2018-12-14,2.7290000915527344
2018-12-17,2.693000078201294
2018-12-18,2.6559998989105225
2018-12-19,2.627000093460083
2018-12-20,2.6530001163482666
2018-12-21,2.6419999599456787
2018-12-24,2.5810000896453857
2018-12-26,2.63700008392334
2018-12-27,2.5899999141693115
2018-12-28,2.572999954223633
2018-12-31,2.509999990463257
2019-01-02,2.503000020980835
2019-01-03,2.368000030517578
2019-01-04,2.4820001125335693
2019-01-07,2.5190000534057617
2019-01-08,2.571000099182129
2019-01-09,2.559000015258789
2019-01-10,2.559000015258789
2019-01-11,2.5250000953674316
2019-01-14,2.5290000438690186
2019-01-15,2.5269999504089355
2019-01-16,2.546999931335449
2019-01-17,2.571000099182129
2019-01-18,2.618000030517578
2019-01-22,2.566999912261963
2019-01-23,2.5910000801086426
2019-01-24,2.546999931335449
2019-01-25,2.5889999866485596
2019-01-28,2.5810000896453857
2019-01-29,2.546999931335449
2019-01-30,2.503000020980835
2019-01-31,2.440000057220459
2019-02-01,2.507999897003174
2019-02-04,2.5350000858306885
2019-02-05,2.513000011444092
2019-02-06,2.507999897003174
2019-02-07,2.4579999446868896
2019-02-08,2.440999984741211
2019-02-11,2.4749999046325684
2019-02-12,2.492000102996826
2019-02-13,2.5269999504089355
2019-02-14,2.4730000495910645
2019-02-15,2.494999885559082
2019-02-19,2.4700000286102295
2019-02-20,2.4749999046325684
2019-02-21,2.507999897003174
2019-02-22,2.4679999351501465
2019-02-25,2.4860000610351562
2019-02-26,2.443000078201294
2019-02-27,2.490000009536743
2019-02-28,2.509000062942505
2019-03-01,2.555999994277954
2019-03-04,2.5309998989105225
2019-03-05,2.5329999923706055
2019-03-06,2.496999979019165
2019-03-07,2.434999942779541
2019-03-08,2.424999952316284
2019-03-11,2.440000057220459
2019-03-12,2.4140000343322754
2019-03-13,2.4140000343322754
2019-03-14,2.430000066757202
2019-03-15,2.4000000953674316
2019-03-18,2.4140000343322754
2019-03-19,2.424999952316284
2019-03-20,2.3350000381469727
2019-03-21,2.3410000801086426
2019-03-22,2.255000114440918
2019-03-25,2.2019999027252197
2019-03-26,2.193000078201294
2019-03-27,2.1649999618530273
2019-03-28,2.203000068664551
2019-03-29,2.243000030517578
2019-04-01,2.312000036239624
2019-04-02,2.2920000553131104
2019-04-03,2.319999933242798
2019-04-04,2.316999912261963
2019-04-05,2.312000036239624
2019-04-08,2.3259999752044678
2019-04-09,2.303999900817871
2019-04-10,2.2790000438690186
2019-04-11,2.315999984741211
2019-04-12,2.375
2019-04-15,2.369999885559082
2019-04-16,2.4079999923706055
2019-04-17,2.4010000228881836
2019-04-18,2.36899995803833
2019-04-22,2.388000011444092
2019-04-23,2.3610000610351562
2019-04-24,2.315000057220459
2019-04-25,2.3299999237060547
2019-04-26,2.2950000762939453
2019-04-29,2.318000078201294
2019-04-30,2.2820000648498535
2019-05-01,2.2980000972747803
2019-05-02,2.3519999980926514
2019-05-03,2.3299999237060547
2019-05-06,2.2929999828338623
2019-05-07,2.252000093460083
2019-05-08,2.2850000858306885
2019-05-09,2.253000020980835
2019-05-10,2.25
2019-05-13,2.186000108718872
2019-05-14,2.197999954223633
2019-05-15,2.1530001163482666
2019-05-16,2.186000108718872
2019-05-17,2.177999973297119
2019-05-20,2.2049999237060547
2019-05-21,2.2279999256134033
2019-05-22,2.188999891281128
2019-05-23,2.0880000591278076
2019-05-24,2.121999979019165
2019-05-28,2.0739998817443848
2019-05-29,2.0360000133514404
2019-05-30,2.0309998989105225
2019-05-31,1.9270000457763672
2019-06-03,1.847000002861023
2019-06-04,1.88100004196167
2019-06-05,1.8630000352859497
2019-06-06,1.8839999437332153
2019-06-07,1.8509999513626099
2019-06-10,1.9119999408721924
2019-06-11,1.909000039100647
2019-06-12,1.88100004196167
2019-06-13,1.8300000429153442
2019-06-14,1.8459999561309814
2019-06-17,1.847000002861023
2019-06-18,1.8320000171661377
2019-06-19,1.7680000066757202
2019-06-20,1.7380000352859497
2019-06-21,1.8070000410079956
2019-06-24,1.753000020980835
2019-06-25,1.7330000400543213
2019-06-26,1.7999999523162842
2019-06-27,1.7630000114440918
2019-06-28,1.7580000162124634
2019-07-01,1.7960000038146973
2019-07-02,1.746999979019165
2019-07-03,1.7369999885559082
2019-07-05,1.8420000076293945
2019-07-08,1.843999981880188
2019-07-09,1.8669999837875366
2019-07-10,1.8279999494552612
2019-07-11,1.8769999742507935
2019-07-12,1.8580000400543213
2019-07-15,1.8489999771118164
2019-07-16,1.8830000162124634
2019-07-17,1.8300000429153442
2019-07-18,1.7860000133514404
2019-07-19,1.8049999475479126
2019-07-22,1.7979999780654907
2019-07-23,1.8250000476837158
2019-07-24,1.8200000524520874
2019-07-25,1.8539999723434448
2019-07-26,1.8619999885559082
2019-07-29,1.8339999914169312
2019-07-30,1.843999981880188
2019-07-31,1.843999981880188
2019-08-01,1.6779999732971191
2019-08-02,1.6679999828338623
2019-08-05,1.534000039100647
2019-08-06,1.5460000038146973
2019-08-07,1.5019999742507935
2019-08-08,1.5369999408721924
2019-08-09,1.562999963760376
2019-08-12,1.4830000400543213
2019-08-13,1.569000005722046
2019-08-14,1.4880000352859497
2019-08-15,1.4220000505447388
2019-08-16,1.4119999408721924
2019-08-19,1.4639999866485596
2019-08-20,1.4329999685287476
2019-08-21,1.4670000076293945
2019-08-22,1.4930000305175781
2019-08-23,1.4110000133514404
2019-08-26,1.4299999475479126
2019-08-27,1.3940000534057617
2019-08-28,1.3739999532699585
2019-08-29,1.4110000133514404
2019-08-30,1.3910000324249268
2019-09-03,1.3389999866485596
2019-09-04,1.315000057220459
2019-09-05,1.434000015258789
2019-09-06,1.4179999828338623
2019-09-09,1.4789999723434448
2019-09-10,1.565000057220459
2019-09-11,1.5920000076293945
2019-09-12,1.6519999504089355
2019-09-13,1.7519999742507935
2019-09-16,1.7009999752044678
2019-09-17,1.6660000085830688
2019-09-18,1.6610000133514404
2019-09-19,1.6480000019073486
2019-09-20,1.6339999437332153
2019-09-23,1.5820000171661377
2019-09-24,1.5110000371932983
2019-09-25,1.6069999933242798
2019-09-26,1.5729999542236328
2019-09-27,1.5509999990463257
2019-09-30,1.5509999990463257
2019-10-01,1.4980000257492065
2019-10-02,1.4299999475479126
2019-10-03,1.3420000076293945
2019-10-04,1.3309999704360962
2019-10-07,1.3860000371932983
2019-10-08,1.3580000400543213
2019-10-09,1.409000039100647
2019-10-10,1.4769999980926514
2019-10-11,1.5759999752044678
2019-10-14,1.559000015258789
2019-10-15,1.5989999771118164
2019-10-16,1.569000005722046
2019-10-17,1.5789999961853027
2019-10-18,1.5579999685287476
2019-10-21,1.6019999980926514
2019-10-22,1.5920000076293945
2019-10-23,1.5859999656677246
2019-10-24,1.5870000123977661
2019-10-25,1.6260000467300415
2019-10-28,1.6699999570846558
2019-10-29,1.659000039100647
2019-10-30,1.6369999647140503
2019-10-31,1.5230000019073486
2019-11-01,1.5540000200271606
2019-11-04,1.6030000448226929
2019-11-05,1.6710000038146973
2019-11-06,1.628000020980835
2019-11-07,1.7400000095367432
2019-11-08,1.7339999675750732
2019-11-11,1.7510000467300415
2019-11-12,1.718000054359436
2019-11-13,1.6779999732971191
2019-11-14,1.6230000257492065
2019-11-15,1.649999976158142
2019-11-18,1.625
2019-11-19,1.621999979019165
2019-11-20,1.5839999914169312
2019-11-21,1.6139999628067017
2019-11-22,1.628999948501587
2019-11-25,1.6160000562667847
2019-11-26,1.5959999561309814
2019-11-27,1.6260000467300415
2019-11-29,1.621000051498413
2019-12-02,1.659000039100647
2019-12-03,1.534000039100647
2019-12-04,1.6059999465942383
2019-12-05,1.6230000257492065
2019-12-06,1.6690000295639038
2019-12-09,1.6679999828338623
2019-12-10,1.680999994277954
2019-12-11,1.6399999856948853
2019-12-12,1.7339999675750732
2019-12-13,1.652999997138977
2019-12-16,1.7209999561309814
2019-12-17,1.7130000591278076
2019-12-18,1.7380000352859497
2019-12-19,1.7200000286102295
2019-12-20,1.7289999723434448
2019-12-23,1.753999948501587
2019-12-24,1.7239999771118164
2019-12-26,1.725000023841858
2019-12-27,1.6779999732971191
2019-12-30,1.680999994277954
2019-12-31,1.6929999589920044
2020-01-02,1.6710000038146973
2020-01-03,1.5859999656677246
2020-01-06,1.6109999418258667
2020-01-07,1.61899995803833
2020-01-08,1.6649999618530273
2020-01-09,1.6549999713897705
2020-01-10,1.6360000371932983
2020-01-13,1.6510000228881836
2020-01-14,1.6269999742507935
2020-01-15,1.6019999980926514
2020-01-16,1.625
2020-01-17,1.63100004196167
2020-01-21,1.5729999542236328
2020-01-22,1.5729999542236328
2020-01-23,1.5549999475479126
2020-01-24,1.5010000467300415
2020-01-27,1.434999942779541
2020-01-28,1.465999960899353
2020-01-29,1.4170000553131104
2020-01-30,1.3799999952316284
2020-01-31,1.3259999752044678
2020-02-03,1.343000054359436
2020-02-04,1.4240000247955322
2020-02-05,1.4600000381469727
2020-02-06,1.4600000381469727
2020-02-07,1.4010000228881836
2020-02-10,1.3669999837875366
2020-02-11,1.4110000133514404
2020-02-12,1.4450000524520874
2020-02-13,1.4390000104904175
2020-02-14,1.4140000343322754
2020-02-18,1.3930000066757202
2020-02-19,1.409000039100647
2020-02-20,1.3700000047683716
2020-02-21,1.3179999589920044
2020-02-24,1.218000054359436
2020-02-25,1.156000018119812
2020-02-26,1.1330000162124634
2020-02-27,1.1069999933242798
2020-02-28,0.9129999876022339
2020-03-02,0.8650000095367432
2020-03-03,0.7680000066757202
2020-03-04,0.7289999723434448
2020-03-05,0.6729999780654907
2020-03-06,0.5569999814033508
2020-03-09,0.42899999022483826
2020-03-10,0.6140000224113464
2020-03-11,0.6570000052452087
2020-03-12,0.6489999890327454
2020-03-13,0.7170000076293945
2020-03-16,0.492000013589859
2020-03-17,0.6499999761581421
2020-03-18,0.8199999928474426
2020-03-19,0.6480000019073486
2020-03-20,0.5199999809265137
2020-03-23,0.39500001072883606
2020-03-24,0.4959999918937683
2020-03-25,0.5210000276565552
2020-03-26,0.4779999852180481
2020-03-27,0.4259999990463257
2020-03-30,0.3779999911785126
2020-03-31,0.375
2020-04-01,0.36899998784065247
2020-04-02,0.38600000739097595
2020-04-03,0.367000013589859
2020-04-06,0.4440000057220459
2020-04-07,0.4830000102519989
2020-04-08,0.46700000762939453
2020-04-09,0.41100001335144043
2020-04-13,0.4300000071525574
2020-04-14,0.4189999997615814
2020-04-15,0.33899998664855957
2020-04-16,0.3409999907016754
2020-04-17,0.36399999260902405
2020-04-20,0.35199999809265137
2020-04-21,0.33399999141693115
2020-04-22,0.36399999260902405
2020-04-23,0.36899998784065247
2020-04-24,0.36399999260902405
2020-04-27,0.4009999930858612
2020-04-28,0.36899998784065247
2020-04-29,0.3619999885559082
2020-04-30,0.3449999988079071
2020-05-01,0.36899998784065247
2020-05-04,0.3580000102519989
2020-05-05,0.36899998784065247
2020-05-06,0.37700000405311584
2020-05-07,0.29600000381469727
2020-05-08,0.32600000500679016
2020-05-11,0.3580000102519989
2020-05-12,0.33500000834465027
2020-05-13,0.3149999976158142
2020-05-14,0.30000001192092896
2020-05-15,0.30799999833106995
2020-05-18,0.3779999911785126
2020-05-19,0.3479999899864197
2020-05-20,0.33000001311302185
2020-05-21,0.3400000035762787
2020-05-22,0.3330000042915344
2020-05-26,0.35100001096725464
2020-05-27,0.34299999475479126
2020-05-28,0.34599998593330383
2020-05-29,0.30399999022483826
2020-06-01,0.3019999861717224
2020-06-02,0.3199999928474426
2020-06-03,0.37700000405311584
2020-06-04,0.40400001406669617
2020-06-05,0.47600001096725464
2020-06-08,0.45399999618530273
2020-06-09,0.4059999883174896
2020-06-10,0.3370000123977661
2020-06-11,0.3019999861717224
2020-06-12,0.328000009059906
2020-06-15,0.328000009059906
2020-06-16,0.3499999940395355
2020-06-17,0.33899998664855957
2020-06-18,0.328000009059906
2020-06-19,0.3269999921321869
2020-06-22,0.33500000834465027
2020-06-23,0.32499998807907104
2020-06-24,0.3160000145435333
2020-06-25,0.3269999921321869
2020-06-26,0.29899999499320984
2020-06-29,0.28200000524520874
2020-06-30,0.289000004529953
2020-07-01,0.31299999356269836
2020-07-02,0.2939999997615814
2020-07-06,0.3070000112056732
2020-07-07,0.2930000126361847
2020-07-08,0.29100000858306885
2020-07-09,0.27399998903274536
2020-07-10,0.2980000078678131
2020-07-13,0.2980000078678131
2020-07-14,0.28200000524520874
2020-07-15,0.2849999964237213
2020-07-16,0.2750000059604645
2020-07-17,0.28200000524520874
2020-07-20,0.2849999964237213
2020-07-21,0.2709999978542328
2020-07-22,0.26899999380111694
2020-07-23,0.26600000262260437
2020-07-24,0.27399998903274536
2020-07-27,0.2849999964237213
2020-07-28,0.26600000262260437
2020-07-29,0.2529999911785126
2020-07-30,0.23000000417232513
2020-07-31,0.2150000035762787
2020-08-03,0.22499999403953552
2020-08-04,0.19499999284744263
2020-08-05,0.21799999475479126
2020-08-06,0.21400000154972076
2020-08-07,0.2290000021457672
2020-08-10,0.23399999737739563
2020-08-11,0.29100000858306885
2020-08-12,0.29600000381469727
2020-08-13,0.3179999887943268
2020-08-14,0.29899999499320984
2020-08-17,0.2849999964237213
2020-08-18,0.27900001406669617
2020-08-19,0.2770000100135803
2020-08-20,0.2680000066757202
2020-08-21,0.2720000147819519
2020-08-24,0.2800000011920929
2020-08-25,0.2919999957084656
2020-08-26,0.28999999165534973
2020-08-27,0.3100000023841858
2020-08-28,0.2750000059604645
2020-08-31,0.2639999985694885
2020-09-01,0.2549999952316284
2020-09-02,0.25600001215934753
2020-09-03,0.2370000034570694
2020-09-04,0.30399999022483826
2020-09-08,0.2720000147819519
2020-09-09,0.27900001406669617
2020-09-10,0.26600000262260437
2020-09-11,0.2529999911785126
2020-09-14,0.2630000114440918
2020-09-15,0.26899999380111694
2020-09-16,0.27399998903274536
2020-09-17,0.2709999978542328
2020-09-18,0.27900001406669617
2020-09-21,0.2680000066757202
2020-09-22,0.25999999046325684
2020-09-23,0.2709999978542328
2020-09-24,0.2750000059604645
2020-09-25,0.2669999897480011
2020-09-28,0.26600000262260437
2020-09-29,0.25
2020-09-30,0.2720000147819519
2020-10-01,0.2720000147819519
2020-10-02,0.2849999964237213
2020-10-05,0.3240000009536743
2020-10-06,0.3160000145435333
2020-10-07,0.3440000116825104
2020-10-08,0.32600000500679016
2020-10-09,0.335999995470047
2020-10-12,0.33899998664855957
2020-10-13,0.3019999861717224
2020-10-14,0.3019999861717224
2020-10-15,0.3140000104904175
2020-10-16,0.3190000057220459
2020-10-19,0.33000001311302185
2020-10-20,0.34299999475479126
2020-10-21,0.35100001096725464
2020-10-22,0.375
2020-10-23,0.3700000047683716
2020-10-26,0.3490000069141388
2020-10-27,0.33500000834465027
2020-10-28,0.3330000042915344
2020-10-29,0.3720000088214874
2020-10-30,0.38100001215934753
2020-11-02,0.37700000405311584
2020-11-03,0.3930000066757202
2020-11-04,0.3230000138282776
2020-11-05,0.33500000834465027
2020-11-06,0.3630000054836273
2020-11-09,0.44699999690055847
2020-11-10,0.46000000834465027
2020-11-11,0.45399999618530273
2020-11-12,0.3959999978542328
2020-11-13,0.40299999713897705
2020-11-16,0.40799999237060547
2020-11-17,0.38600000739097595
2020-11-18,0.39899998903274536
2020-11-19,0.38600000739097595
2020-11-20,0.37599998712539673
2020-11-23,0.3880000114440918
2020-11-24,0.3970000147819519
2020-11-25,0.3889999985694885
2020-11-27,0.367000013589859
2020-11-30,0.3619999885559082
2020-12-01,0.4269999861717224
2020-12-02,0.4230000078678131
2020-12-03,0.4050000011920929
2020-12-04,0.4230000078678131
2020-12-07,0.3889999985694885
2020-12-08,0.3880000114440918
2020-12-09,0.40799999237060547
2020-12-10,0.382999986410141
2020-12-11,0.3610000014305115
2020-12-14,0.3580000102519989
2020-12-15,0.375
2020-12-16,0.3700000047683716
2020-12-17,0.37700000405311584
2020-12-18,0.38100001215934753
2020-12-21,0.382999986410141
2020-12-22,0.36399999260902405
2020-12-23,0.37700000405311584
2020-12-24,0.36399999260902405
2020-12-28,0.36399999260902405
2020-12-29,0.3779999911785126
2020-12-30,0.3700000047683716
2020-12-31,0.3610000014305115
2021-01-04,0.3540000021457672
2021-01-05,0.37700000405311584
2021-01-06,0.4320000112056732
2021-01-07,0.45399999618530273
2021-01-08,0.4790000021457672
2021-01-11,0.49799999594688416
2021-01-12,0.503000020980835
2021-01-13,0.47600001096725464
2021-01-14,0.48399999737739563
2021-01-15,0.45500001311302185
2021-01-19,0.4490000009536743
2021-01-20,0.4490000009536743
2021-01-21,0.44699999690055847
2021-01-22,0.4339999854564667
2021-01-25,0.4099999964237213
2021-01-26,0.41200000047683716
2021-01-27,0.40700000524520874
2021-01-28,0.4300000071525574
2021-01-29,0.4429999887943268
2021-02-01,0.42399999499320984
2021-02-02,0.4449999928474426
2021-02-03,0.45899999141693115
2021-02-04,0.45899999141693115
2021-02-05,0.46700000762939453
2021-02-08,0.4749999940395355
2021-02-09,0.4740000069141388
2021-02-10,0.4560000002384186
2021-02-11,0.460999995470047
2021-02-12,0.48500001430511475
2021-02-16,0.5609999895095825
2021-02-17,0.5659999847412109
2021-02-18,0.5479999780654907
2021-02-19,0.5809999704360962
2021-02-22,0.597000002861023
2021-02-23,0.5789999961853027
2021-02-24,0.6119999885559082
2021-02-25,0.8019999861717224
2021-02-26,0.7760000228881836
2021-03-01,0.7110000252723694
2021-03-02,0.675000011920929
2021-03-03,0.7269999980926514
2021-03-04,0.7820000052452087
2021-03-05,0.7850000262260437
2021-03-08,0.8500000238418579
2021-03-09,0.8209999799728394
2021-03-10,0.7919999957084656
2021-03-11,0.777999997138977
2021-03-12,0.847000002861023
2021-03-15,0.8309999704360962
2021-03-16,0.8240000009536743
2021-03-17,0.7799999713897705
2021-03-18,0.8690000176429749
2021-03-19,0.8809999823570251
2021-03-22,0.8600000143051147
2021-03-23,0.8289999961853027
2021-03-24,0.8140000104904175
2021-03-25,0.8190000057220459
2021-03-26,0.8560000061988831
2021-03-29,0.890999972820282
2021-03-30,0.9100000262260437
2021-03-31,0.9380000233650208
2021-04-01,0.9070000052452087
2021-04-05,0.9409999847412109
2021-04-06,0.871999979019165
2021-04-07,0.8560000061988831
2021-04-08,0.8399999737739563
2021-04-09,0.8679999709129333
2021-04-12,0.8899999856948853
2021-04-13,0.8399999737739563
2021-04-14,0.8600000143051147
2021-04-15,0.7919999957084656
2021-04-16,0.8209999799728394
2021-04-19,0.8309999704360962
2021-04-20,0.7950000166893005
2021-04-21,0.8019999861717224
2021-04-22,0.8019999861717224
2021-04-23,0.8159999847412109
2021-04-26,0.8309999704360962
2021-04-27,0.878000020980835
2021-04-28,0.8640000224113464
2021-04-29,0.8669999837875366
2021-04-30,0.8569999933242798
2021-05-03,0.8289999961853027
2021-05-04,0.8209999799728394
2021-05-05,0.8029999732971191
2021-05-06,0.796999990940094
2021-05-07,0.7710000276565552
2021-05-10,0.7820000052452087
2021-05-11,0.8009999990463257
2021-05-12,0.8640000224113464
2021-05-13,0.8370000123977661
2021-05-14,0.8159999847412109
2021-05-17,0.8289999961853027
2021-05-18,0.8190000057220459
2021-05-19,0.8629999756813049
2021-05-20,0.8149999976158142
2021-05-21,0.828000009059906
2021-05-24,0.8069999814033508
2021-05-25,0.7739999890327454
2021-05-26,0.777999997138977
2021-05-27,0.8140000104904175
2021-05-28,0.7879999876022339
2021-06-01,0.8090000152587891
2021-06-02,0.7960000038146973
2021-06-03,0.8450000286102295
2021-06-04,0.7839999794960022
2021-06-07,0.7929999828338623
2021-06-08,0.765999972820282
2021-06-09,0.7450000047683716
2021-06-10,0.7310000061988831
2021-06-11,0.7480000257492065
2021-06-14,0.7870000004768372
2021-06-15,0.7850000262260437
2021-06-16,0.8820000290870667
2021-06-17,0.8790000081062317
2021-06-18,0.8859999775886536
2021-06-21,0.8840000033378601
2021-06-22,0.859000027179718
2021-06-23,0.8799999952316284
2021-06-24,0.9070000052452087
2021-06-25,0.9300000071525574
2021-06-28,0.8960000276565552
2021-06-29,0.890999972820282
2021-06-30,0.8730000257492065
2021-07-01,0.9020000100135803
2021-07-02,0.859000027179718
2021-07-06,0.8090000152587891
2021-07-07,0.7799999713897705
2021-07-08,0.7360000014305115
2021-07-09,0.7870000004768372
2021-07-12,0.7960000038146973
2021-07-13,0.8479999899864197
2021-07-14,0.7990000247955322
2021-07-15,0.7749999761581421
2021-07-16,0.777999997138977
2021-07-19,0.6899999976158142
2021-07-20,0.6740000247955322
2021-07-21,0.7310000061988831
2021-07-22,0.7120000123977661
2021-07-23,0.7179999947547913
2021-07-26,0.7129999995231628
2021-07-27,0.6940000057220459
2021-07-28,0.7400000095367432
2021-07-29,0.7300000190734863
2021-07-30,0.703000009059906
2021-08-02,0.6510000228881836
2021-08-03,0.6510000228881836
2021-08-04,0.675000011920929
2021-08-05,0.718999981880188
2021-08-06,0.7649999856948853
2021-08-09,0.7919999957084656
2021-08-10,0.8230000138282776
2021-08-11,0.8019999861717224
2021-08-12,0.8309999704360962
2021-08-13,0.7879999876022339
2021-08-16,0.7509999871253967
2021-08-17,0.7639999985694885
2021-08-18,0.777999997138977
2021-08-19,0.7649999856948853
2021-08-20,0.7850000262260437
2021-08-23,0.7720000147819519
2021-08-24,0.7929999828338623
2021-08-25,0.8190000057220459
2021-08-26,0.8429999947547913
2021-08-27,0.800000011920929
2021-08-30,0.7710000276565552
2021-08-31,0.7720000147819519
2021-09-01,0.7799999713897705
2021-09-02,0.7760000228881836
2021-09-03,0.7850000262260437
2021-09-07,0.8190000057220459
2021-09-08,0.8059999942779541
2021-09-09,0.7870000004768372
2021-09-10,0.8159999847412109
2021-09-13,0.8050000071525574
2021-09-14,0.7789999842643738
2021-09-15,0.800000011920929
2021-09-16,0.8339999914169312
2021-09-17,0.8659999966621399
2021-09-20,0.8209999799728394
2021-09-21,0.8289999961853027
2021-09-22,0.871999979019165
2021-09-23,0.9290000200271606
2021-09-24,0.9570000171661377
2021-09-27,0.9829999804496765
2021-09-28,1.0230000019073486
2021-09-29,1.0119999647140503
2021-09-30,0.996999979019165
2021-10-01,0.9409999847412109
2021-10-04,0.9440000057220459
2021-10-05,0.9779999852180481
2021-10-06,0.9850000143051147
2021-10-07,1.0190000534057617
2021-10-08,1.0479999780654907
2021-10-11,1.059999942779541
2021-10-12,1.0740000009536743
2021-10-13,1.0870000123977661
2021-10-14,1.0499999523162842
2021-10-15,1.121999979019165
2021-10-18,1.1619999408721924
2021-10-19,1.156999945640564
2021-10-20,1.1469999551773071
2021-10-21,1.2120000123977661
2021-10-22,1.2109999656677246
2021-10-25,1.1759999990463257
2021-10-26,1.1829999685287476
2021-10-27,1.1380000114440918
2021-10-28,1.187999963760376
2021-10-29,1.187999963760376
2021-11-01,1.1979999542236328
2021-11-02,1.1490000486373901
2021-11-03,1.184999942779541
2021-11-04,1.1039999723434448
2021-11-05,1.0540000200271606
2021-11-08,1.1200000047683716
2021-11-09,1.0679999589920044
2021-11-10,1.2139999866485596
2021-11-11,1.2209999561309814
2021-11-12,1.2359999418258667
2021-11-15,1.2569999694824219
2021-11-16,1.2669999599456787
2021-11-17,1.2359999418258667
2021-11-18,1.2230000495910645
2021-11-19,1.2029999494552612
2021-11-22,1.309999942779541
2021-11-23,1.3339999914169312
2021-11-24,1.343999981880188
2021-11-26,1.1690000295639038
2021-11-29,1.184999942779541
2021-11-30,1.149999976158142
2021-12-01,1.1549999713897705
2021-12-02,1.2079999446868896
2021-12-03,1.1239999532699585
2021-12-06,1.2130000591278076
2021-12-07,1.2569999694824219
2021-12-08,1.2610000371932983
2021-12-09,1.2569999694824219
2021-12-10,1.2519999742507935
2021-12-13,1.2130000591278076
2021-12-14,1.2339999675750732
2021-12-15,1.2610000371932983
2021-12-16,1.1729999780654907
2021-12-17,1.1770000457763672
2021-12-20,1.1640000343322754
2021-12-21,1.2350000143051147
2021-12-22,1.222000002861023
2021-12-23,1.2430000305175781
2021-12-27,1.2519999742507935
2021-12-28,1.2450000047683716
2021-12-29,1.2940000295639038
2021-12-30,1.2740000486373901
2021-12-31,1.2630000114440918
2022-01-03,1.3650000095367432
2022-01-04,1.375
2022-01-05,1.4329999685287476
2022-01-06,1.4769999980926514
2022-01-07,1.5049999952316284
2022-01-10,1.5379999876022339
2022-01-11,1.5069999694824219
2022-01-12,1.4930000305175781
2022-01-13,1.4809999465942383
2022-01-14,1.5479999780654907
2022-01-18,1.6480000019073486
2022-01-19,1.6109999418258667
2022-01-20,1.6180000305175781
2022-01-21,1.5470000505447388
2022-01-24,1.5140000581741333
2022-01-25,1.565999984741211
2022-01-26,1.649999976158142
2022-01-27,1.6619999408721924
2022-01-28,1.6239999532699585
2022-01-31,1.6139999628067017
2022-02-01,1.6239999532699585
2022-02-02,1.600000023841858
2022-02-03,1.6610000133514404
2022-02-04,1.7879999876022339
2022-02-07,1.7649999856948853
2022-02-08,1.8079999685287476
2022-02-09,1.8020000457763672
2022-02-10,1.944000005722046
2022-02-11,1.8680000305175781
2022-02-14,1.9179999828338623
2022-02-15,1.934999942779541
2022-02-16,1.9199999570846558
2022-02-17,1.8480000495910645
2022-02-18,1.8240000009536743
2022-02-22,1.8660000562667847
2022-02-23,1.8930000066757202
2022-02-24,1.850000023841858
2022-02-25,1.8849999904632568
2022-02-28,1.7209999561309814
2022-03-01,1.5490000247955322
2022-03-02,1.7519999742507935
2022-03-03,1.7369999885559082
2022-03-04,1.63100004196167
2022-03-07,1.690999984741211
2022-03-08,1.805999994277954
2022-03-09,1.8799999952316284
2022-03-10,1.940999984741211
2022-03-11,1.9600000381469727
2022-03-14,2.0920000076293945
2022-03-15,2.114000082015991
2022-03-16,2.197999954223633
2022-03-17,2.1679999828338623
2022-03-18,2.1429998874664307
2022-03-21,2.3399999141693115
2022-03-22,2.385999917984009
2022-03-23,2.3399999141693115
2022-03-24,2.372999906539917
2022-03-25,2.572999954223633
2022-03-28,2.565000057220459
2022-03-29,2.484999895095825
2022-03-30,2.447999954223633
2022-03-31,2.421999931335449
2022-04-01,2.5490000247955322
2022-04-04,2.555000066757202
2022-04-05,2.696000099182129
2022-04-06,2.7019999027252197
2022-04-07,2.690999984741211
2022-04-08,2.75600004196167
2022-04-11,2.7850000858306885
2022-04-12,2.6760001182556152
2022-04-13,2.6419999599456787
2022-04-14,2.7860000133514404
2022-04-18,2.7960000038146973
2022-04-19,2.8889999389648438
2022-04-20,2.859999895095825
2022-04-21,2.9790000915527344
2022-04-22,2.9489998817443848
2022-04-25,2.8589999675750732
2022-04-26,2.796999931335449
2022-04-27,2.815000057220459
2022-04-28,2.880000114440918
2022-04-29,2.9119999408721924
2022-05-02,3.009999990463257
2022-05-03,3.003000020980835
2022-05-04,2.8959999084472656
2022-05-05,3.0239999294281006
2022-05-06,3.0429999828338623
2022-05-09,2.9830000400543213
2022-05-10,2.9179999828338623
2022-05-11,2.878999948501587
2022-05-12,2.7820000648498535
2022-05-13,2.888000011444092
2022-05-16,2.819999933242798
2022-05-17,2.946000099182129
2022-05-18,2.8910000324249268
2022-05-19,2.8469998836517334
2022-05-20,2.805999994277954
2022-05-23,2.875
2022-05-24,2.756999969482422
2022-05-25,2.7209999561309814
2022-05-26,2.7160000801086426
2022-05-27,2.7239999771118164
2022-05-31,2.811000108718872
2022-06-01,2.937999963760376
2022-06-02,2.9089999198913574
2022-06-03,2.9509999752044678
2022-06-06,3.0350000858306885
2022-06-07,2.9839999675750732
2022-06-08,3.0320000648498535
2022-06-09,3.062999963760376
2022-06-10,3.25
2022-06-13,3.4749999046325684
2022-06-14,3.5959999561309814
2022-06-15,3.4719998836517334
2022-06-16,3.377000093460083
2022-06-17,3.3399999141693115
2022-06-21,3.378999948501587
2022-06-22,3.2269999980926514
2022-06-23,3.132999897003174
2022-06-24,3.174999952316284
2022-06-27,3.257999897003174
2022-06-28,3.259999990463257
2022-06-29,3.1510000228881836
2022-06-30,3.003999948501587
2022-07-01,2.884000062942505
2022-07-05,2.815000057220459
2022-07-06,2.9509999752044678
2022-07-07,3.053999900817871
2022-07-08,3.1419999599456787
2022-07-11,3.049999952316284
2022-07-12,3.0160000324249268
2022-07-13,3.0190000534057617
2022-07-14,3.062999963760376
2022-07-15,3.0510001182556152
2022-07-18,3.069999933242798
2022-07-19,3.1500000953674316
2022-07-20,3.177999973297119
2022-07-21,3.009999990463257
2022-07-22,2.872999906539917
2022-07-25,2.9000000953674316
2022-07-26,2.884999990463257
2022-07-27,2.796999931335449
2022-07-28,2.703000068664551
2022-07-29,2.694999933242798
2022-08-01,2.6679999828338623
2022-08-02,2.861999988555908
2022-08-03,2.871999979019165
2022-08-04,2.7739999294281006
2022-08-05,2.9760000705718994
2022-08-08,2.9110000133514404
2022-08-09,2.9800000190734863
2022-08-10,2.9230000972747803
2022-08-11,2.98799991607666
2022-08-12,2.9769999980926514
2022-08-15,2.9130001068115234
2022-08-16,2.9579999446868896
2022-08-17,3.0480000972747803
2022-08-18,3.0309998989105225
2022-08-19,3.115999937057495
2022-08-22,3.178999900817871
2022-08-23,3.180999994277954
2022-08-24,3.2309999465942383
2022-08-25,3.1570000648498535
2022-08-26,3.194999933242798
2022-08-29,3.263000011444092
2022-08-30,3.2769999504089355
2022-08-31,3.2839999198913574
2022-09-01,3.4059998989105225
2022-09-02,3.2980000972747803
2022-09-06,3.443000078201294
2022-09-07,3.359999895095825
2022-09-08,3.3970000743865967
2022-09-09,3.446000099182129
2022-09-12,3.4579999446868896
2022-09-13,3.5889999866485596
2022-09-14,3.5950000286102295
2022-09-15,3.6740000247955322
2022-09-16,3.625999927520752
2022-09-19,3.693000078201294
2022-09-20,3.75
2022-09-21,3.7130000591278076
2022-09-22,3.928999900817871
2022-09-23,3.9839999675750732
2022-09-26,4.158999919891357
2022-09-27,4.210000038146973
2022-09-28,3.921999931335449
2022-09-29,3.9790000915527344
2022-09-30,4.040999889373779
2022-10-03,3.882999897003174
2022-10-04,3.8399999141693115
2022-10-05,3.9590001106262207
2022-10-06,4.059999942779541
2022-10-07,4.135000228881836
2022-10-10,4.14900016784668
2022-10-11,4.169000148773193
2022-10-12,4.111999988555908
2022-10-13,4.206999778747559
2022-10-14,4.269000053405762
2022-10-17,4.238999843597412
2022-10-18,4.215000152587891
2022-10-19,4.349999904632568
2022-10-20,4.447999954223633
2022-10-21,4.354000091552734
2022-10-24,4.359000205993652
2022-10-25,4.256999969482422
2022-10-26,4.193999767303467
2022-10-27,4.0879998207092285
2022-10-28,4.190000057220459
2022-10-31,4.248000144958496
2022-11-01,4.257999897003174
2022-11-02,4.249000072479248
2022-11-03,4.349999904632568
2022-11-04,4.326000213623047
2022-11-07,4.39300012588501
2022-11-08,4.306000232696533
2022-11-09,4.284999847412109
2022-11-10,3.943000078201294
2022-11-11,3.937999963760376
2022-11-14,3.996999979019165
2022-11-15,3.921999931335449
2022-11-16,3.8499999046325684
2022-11-17,3.937000036239624
2022-11-18,4.0
2022-11-21,4.007999897003174
2022-11-22,3.937999963760376
2022-11-23,3.8919999599456787
2022-11-25,3.869999885559082
2022-11-28,3.8959999084472656
2022-11-29,3.9200000762939453
2022-11-30,3.8320000171661377
2022-12-01,3.680000066757202
2022-12-02,3.6659998893737793
2022-12-05,3.7929999828338623
2022-12-06,3.7330000400543213
2022-12-07,3.614000082015991
2022-12-08,3.7100000381469727
2022-12-09,3.756999969482422
2022-12-12,3.802000045776367
2022-12-13,3.6470000743865967
2022-12-14,3.6540000438690186
2022-12-15,3.625999927520752
2022-12-16,3.617000102996826
2022-12-19,3.7109999656677246
2022-12-20,3.7839999198913574
2022-12-21,3.7750000953674316
2022-12-22,3.7869999408721924
2022-12-23,3.861999988555908
2022-12-27,3.9630000591278076
2022-12-28,3.9790000915527344
2022-12-29,3.9549999237060547
2022-12-30,4.0
2023-01-03,3.944999933242798
2023-01-04,3.875
2023-01-05,3.9100000858306885
2023-01-06,3.7119998931884766
2023-01-09,3.6510000228881836
2023-01-10,3.7339999675750732
2023-01-11,3.6700000762939453
2023-01-12,3.5460000038146973
2023-01-13,3.614000082015991
2023-01-17,3.6070001125335693
2023-01-18,3.433000087738037
2023-01-19,3.484999895095825
2023-01-20,3.566999912261963
2023-01-23,3.625
2023-01-24,3.5840001106262207
2023-01-25,3.561000108718872
2023-01-26,3.5880000591278076
2023-01-27,3.621000051498413
2023-01-30,3.683000087738037
2023-01-31,3.638000011444092
2023-02-01,3.494999885559082
2023-02-02,3.4830000400543213
2023-02-03,3.6659998893737793
2023-02-06,3.813999891281128
2023-02-07,3.8440001010894775
2023-02-08,3.818000078201294
2023-02-09,3.881999969482422
2023-02-10,3.9240000247955322
2023-02-13,3.9260001182556152
2023-02-14,4.002999782562256
2023-02-15,4.039999961853027
2023-02-16,4.047999858856201
2023-02-17,4.035999774932861
2023-02-21,4.175000190734863
2023-02-22,4.151000022888184
2023-02-23,4.105000019073486
2023-02-24,4.210000038146973
2023-02-27,4.172999858856201
2023-02-28,4.168000221252441
2023-03-01,4.263000011444092
2023-03-02,4.324999809265137
2023-03-03,4.252999782562256
2023-03-06,4.270999908447266
2023-03-07,4.315000057220459
2023-03-08,4.335999965667725
2023-03-09,4.2210001945495605
2023-03-10,3.9539999961853027
2023-03-13,3.6659998893737793
2023-03-14,3.7980000972747803
2023-03-15,3.578000068664551
2023-03-16,3.742000102996826
2023-03-17,3.4660000801086426
2023-03-20,3.575000047683716
2023-03-21,3.746000051498413
2023-03-22,3.572999954223633
2023-03-23,3.4170000553131104
2023-03-24,3.4089999198913574
2023-03-27,3.5950000286102295
2023-03-28,3.6619999408721924
2023-03-29,3.674999952316284
2023-03-30,3.6630001068115234
2023-03-31,3.6110000610351562
2023-04-03,3.5290000438690186
2023-04-04,3.388000011444092
2023-04-05,3.3440001010894775
2023-04-06,3.3570001125335693
2023-04-10,3.5190000534057617
2023-04-11,3.549999952316284
2023-04-12,3.4760000705718994
2023-04-13,3.506999969482422
2023-04-14,3.6110000610351562
2023-04-17,3.693000078201294
2023-04-18,3.674999952316284
2023-04-19,3.7219998836517334
2023-04-20,3.640000104904175
2023-04-21,3.6610000133514404
2023-04-24,3.6050000190734863
2023-04-25,3.441999912261963
2023-04-26,3.4800000190734863
2023-04-27,3.6019999980926514
2023-04-28,3.5360000133514404
2023-05-01,3.632999897003174
2023-05-02,3.4660000801086426
2023-05-03,3.4110000133514404
2023-05-04,3.2760000228881836
2023-05-05,3.4189999103546143
2023-05-08,3.5
2023-05-09,3.494999885559082
2023-05-10,3.372999906539917
2023-05-11,3.3589999675750732
2023-05-12,3.4509999752044678
2023-05-15,3.4690001010894775
2023-05-16,3.5220000743865967
2023-05-17,3.5920000076293945
2023-05-18,3.697999954223633
2023-05-19,3.747999906539917
2023-05-22,3.7669999599456787
2023-05-23,3.747999906539917
2023-05-24,3.7820000648498535
2023-05-25,3.8959999084472656
2023-05-26,3.937999963760376
2023-05-30,3.8259999752044678
2023-05-31,3.743000030517578
2023-06-01,3.7009999752044678
2023-06-02,3.8420000076293945
2023-06-05,3.8299999237060547
2023-06-06,3.8559999465942383
2023-06-07,3.9189999103546143
2023-06-08,3.8559999465942383
2023-06-09,3.9200000762939453
2023-06-12,3.9170000553131104
2023-06-13,4.020999908447266
2023-06-14,4.008999824523926
2023-06-15,3.9240000247955322
2023-06-16,3.992000102996826
2023-06-20,3.9600000381469727
2023-06-21,3.9549999237060547
2023-06-22,4.046000003814697
2023-06-23,3.994999885559082
2023-06-26,3.9630000591278076
2023-06-27,4.033999919891357
2023-06-28,3.9719998836517334
2023-06-29,4.14300012588501
2023-06-30,4.132999897003174
2023-07-03,4.190999984741211
2023-07-05,4.255000114440918
2023-07-06,4.366000175476074
2023-07-07,4.336999893188477
2023-07-10,4.245999813079834
2023-07-11,4.238999843597412
2023-07-12,4.070000171661377
2023-07-13,3.934999942779541
2023-07-14,4.031000137329102
2023-07-17,4.000999927520752
2023-07-18,4.000999927520752
2023-07-19,3.9719998836517334
2023-07-20,4.099999904632568
2023-07-21,4.0929999351501465
2023-07-24,4.126999855041504
2023-07-25,4.192999839782715
2023-07-26,4.083000183105469
2023-07-27,4.250999927520752
2023-07-28,4.195000171661377
2023-07-31,4.178999900817871
2023-08-01,4.249000072479248
2023-08-02,4.241000175476074
2023-08-03,4.301000118255615
2023-08-04,4.163000106811523
2023-08-07,4.151000022888184
2023-08-08,4.11299991607666
2023-08-09,4.127999782562256
2023-08-10,4.202000141143799
2023-08-11,4.308000087738037
2023-08-14,4.355999946594238
2023-08-15,4.380000114440918
2023-08-16,4.4079999923706055
2023-08-17,4.439000129699707
2023-08-18,4.381999969482422
2023-08-21,4.459000110626221
2023-08-22,4.479000091552734
2023-08-23,4.361000061035156
2023-08-24,4.4039998054504395
2023-08-25,4.433000087738037
2023-08-28,4.4120001792907715
2023-08-29,4.2769999504089355
2023-08-30,4.2729997634887695
2023-08-31,4.24399995803833
2023-09-01,4.290999889373779
2023-09-05,4.383999824523926
2023-09-06,4.438000202178955
2023-09-07,4.380000114440918
2023-09-08,4.395999908447266
2023-09-11,4.414000034332275
2023-09-12,4.409999847412109
2023-09-13,4.390999794006348
2023-09-14,4.419000148773193
2023-09-15,4.453000068664551
2023-09-18,4.461999893188477
2023-09-19,4.520999908447266
2023-09-20,4.514999866485596
2023-09-21,4.616000175476074
2023-09-22,4.568999767303467
2023-09-25,4.619999885559082
2023-09-26,4.625
2023-09-27,4.703000068664551
2023-09-28,4.64300012588501
2023-09-29,4.605999946594238
2023-10-02,4.7170000076293945
2023-10-03,4.801000118255615
2023-10-04,4.718999862670898
2023-10-05,4.683000087738037
2023-10-06,4.748000144958496
2023-10-09,4.755000114440918
2023-10-10,4.61899995803833
2023-10-11,4.605000019073486
2023-10-12,4.701000213623047
2023-10-13,4.644000053405762
2023-10-16,4.7170000076293945
2023-10-17,4.872000217437744
2023-10-18,4.925000190734863
2023-10-19,4.960999965667725
2023-10-20,4.861999988555908
2023-10-23,4.793000221252441
2023-10-24,4.823999881744385
2023-10-25,4.918000221252441
2023-10-26,4.796999931335449
2023-10-27,4.769999980926514
2023-10-30,4.803999900817871
2023-10-31,4.815999984741211
2023-11-01,4.704999923706055
2023-11-02,4.636000156402588
2023-11-03,4.48799991607666
2023-11-06,4.609000205993652
2023-11-07,4.538000106811523
2023-11-08,4.521999835968018
2023-11-09,4.639999866485596
2023-11-10,4.665999889373779
2023-11-13,4.663000106811523
2023-11-14,4.421000003814697
2023-11-15,4.526000022888184
2023-11-16,4.427999973297119
2023-11-17,4.454999923706055
2023-11-20,4.440999984741211
2023-11-21,4.419000148773193
2023-11-22,4.440000057220459
2023-11-24,4.492000102996826
2023-11-27,4.413000106811523
2023-11-28,4.285999774932861
2023-11-29,4.218999862670898
2023-11-30,4.297999858856201
2023-12-01,4.156000137329102
2023-12-04,4.23799991607666
2023-12-05,4.13700008392334
2023-12-06,4.120999813079834
2023-12-07,4.110000133514404
2023-12-08,4.255000114440918
2023-12-11,4.250999927520752
2023-12-12,4.2270002365112305
2023-12-13,4.002999782562256
2023-12-14,3.9100000858306885
2023-12-15,3.930000066757202
2023-12-18,3.947999954223633
2023-12-19,3.933000087738037
2023-12-20,3.874000072479248
2023-12-21,3.881999969482422
2023-12-22,3.878999948501587
2023-12-26,3.875
2023-12-27,3.7950000762939453
2023-12-28,3.8469998836517334
2023-12-29,3.8399999141693115
2024-01-02,3.9260001182556152
2024-01-03,3.8910000324249268
2024-01-04,3.9730000495910645
2024-01-05,4.007999897003174
2024-01-08,3.9560000896453857
2024-01-09,3.9790000915527344
2024-01-10,3.9809999465942383
2024-01-11,3.8929998874664307
2024-01-12,3.8320000171661377
2024-01-16,3.944000005722046
2024-01-17,4.025000095367432
2024-01-18,4.048999786376953
2024-01-19,4.072000026702881
2024-01-22,4.017000198364258
2024-01-23,4.051000118255615
2024-01-24,4.083000183105469
2024-01-25,4.017000198364258
2024-01-26,4.060999870300293
2024-01-29,3.993000030517578
2024-01-30,3.996999979019165
2024-01-31,3.881999969482422
2024-02-01,3.7990000247955322
2024-02-02,3.993000030517578
2024-02-05,4.120999813079834
2024-02-06,4.041999816894531
2024-02-07,4.060999870300293
2024-02-08,4.124000072479248
2024-02-09,4.151000022888184
2024-02-12,4.127999782562256
2024-02-13,4.317999839782715
2024-02-14,4.244999885559082
2024-02-15,4.2170000076293945
2024-02-16,4.288000106811523
2024-02-20,4.250999927520752
2024-02-21,4.302999973297119
2024-02-22,4.330999851226807
2024-02-23,4.284999847412109
2024-02-26,4.327000141143799
2024-02-27,4.322000026702881
2024-02-28,4.2729997634887695
2024-02-29,4.26200008392334
2024-03-01,4.158999919891357
2024-03-04,4.210000038146973
2024-03-05,4.138000011444092
2024-03-06,4.117000102996826
2024-03-07,4.084000110626221
2024-03-08,4.061999797821045
2024-03-11,4.0879998207092285
2024-03-12,4.15500020980835
2024-03-13,4.185999870300293
2024-03-14,4.296000003814697
2024-03-15,4.322000026702881
2024-03-18,4.355999946594238
2024-03-19,4.302999973297119
2024-03-20,4.242000102996826
2024-03-21,4.252999782562256
2024-03-22,4.199999809265137
2024-03-25,4.232999801635742
2024-03-26,4.224999904632568
2024-03-27,4.188000202178955
2024-03-28,4.21999979019165
2024-04-01,4.3379998207092285
2024-04-02,4.354000091552734
2024-04-03,4.3379998207092285
2024-04-04,4.291999816894531
2024-04-05,4.368000030517578
2024-04-08,4.434000015258789
2024-04-09,4.376999855041504
2024-04-10,4.614999771118164
2024-04-11,4.623000144958496
2024-04-12,4.5329999923706055
2024-04-15,4.644999980926514
2024-04-16,4.682000160217285
2024-04-17,4.617000102996826
2024-04-18,4.685999870300293
2024-04-19,4.6570000648498535
2024-04-22,4.660999774932861
2024-04-23,4.622000217437744
2024-04-24,4.666999816894531
2024-04-25,4.7170000076293945
2024-04-26,4.691999912261963
2024-04-29,4.638999938964844
2024-04-30,4.7230000495910645
2024-05-01,4.613999843597412
2024-05-02,4.566999912261963
2024-05-03,4.48199987411499
2024-05-06,4.482999801635742
2024-05-07,4.4710001945495605
2024-05-08,4.500999927520752
2024-05-09,4.460000038146973
2024-05-10,4.51800012588501
2024-05-13,4.499000072479248
2024-05-14,4.458000183105469
2024-05-15,4.355999946594238
2024-05-16,4.39900016784668
2024-05-17,4.440999984741211
2024-05-20,4.456999778747559
2024-05-21,4.435999870300293
2024-05-22,4.4730000495910645
2024-05-23,4.526000022888184
2024-05-24,4.5279998779296875
2024-05-28,4.5879998207092285
2024-05-29,4.642000198364258
2024-05-30,4.572000026702881
2024-05-31,4.5279998779296875
2024-06-03,4.416999816894531
2024-06-04,4.3520002365112305
2024-06-05,4.306000232696533
2024-06-06,4.291999816894531
2024-06-07,4.455999851226807
2024-06-10,4.484000205993652
2024-06-11,4.418000221252441
2024-06-12,4.302000045776367
2024-06-13,4.234000205993652
2024-06-14,4.22599983215332
2024-06-17,4.300000190734863
2024-06-18,4.234000205993652
2024-06-20,4.265999794006348
2024-06-21,4.270999908447266
2024-06-24,4.270999908447266
2024-06-25,4.263000011444092
2024-06-26,4.335999965667725
2024-06-27,4.301000118255615
2024-06-28,4.328999996185303
2024-07-01,4.440000057220459
2024-07-02,4.395999908447266
2024-07-03,4.322000026702881
2024-07-05,4.2179999351501465
2024-07-08,4.224999904632568
2024-07-09,4.248000144958496
2024-07-10,4.238999843597412
2024-07-11,4.123000144958496
2024-07-12,4.111000061035156
2024-07-15,4.131999969482422
2024-07-16,4.090000152587891
2024-07-17,4.072000026702881
2024-07-18,4.105000019073486
2024-07-19,4.163000106811523
2024-07-22,4.178999900817871
2024-07-23,4.150000095367432
2024-07-24,4.160999774932861
2024-07-25,4.146999835968018
2024-07-26,4.081999778747559
2024-07-29,4.067999839782715
2024-07-30,4.0370001792907715
2024-07-31,4.0
2024-08-01,3.8420000076293945
2024-08-02,3.615000009536743
2024-08-05,3.628000020980835
2024-08-06,3.7300000190734863
2024-08-07,3.7950000762939453
2024-08-08,3.8329999446868896
2024-08-09,3.7960000038146973
2024-08-12,3.749000072479248
2024-08-13,3.681999921798706
2024-08-14,3.6659998893737793
2024-08-15,3.7990000247955322
2024-08-16,3.7679998874664307
2024-08-19,3.759000062942505
2024-08-20,3.700000047683716
2024-08-21,3.6389999389648438
2024-08-22,3.7269999980926514
2024-08-23,3.6500000953674316
2024-08-26,3.6640000343322754
2024-08-27,3.6570000648498535
2024-08-28,3.6649999618530273
2024-08-29,3.6679999828338623
2024-08-30,3.7149999141693115
2024-09-03,3.6559998989105225
2024-09-04,3.565999984741211
2024-09-05,3.5399999618530273
2024-09-06,3.489000082015991
2024-09-09,3.486999988555908
2024-09-10,3.427999973297119
2024-09-11,3.447000026702881
2024-09-12,3.4660000801086426
2024-09-13,3.4240000247955322
2024-09-16,3.4049999713897705
2024-09-17,3.433000087738037
2024-09-18,3.4649999141693115
2024-09-19,3.503000020980835
2024-09-20,3.4839999675750732
2024-09-23,3.496000051498413
2024-09-24,3.4790000915527344
2024-09-25,3.5179998874664307
2024-09-26,3.559000015258789
2024-09-27,3.503000020980835
2024-09-30,3.5769999027252197
2024-10-01,3.5209999084472656
2024-10-02,3.552999973297119
2024-10-03,3.634999990463257
2024-10-04,3.812999963760376
2024-10-07,3.86899995803833
2024-10-08,3.864000082015991
2024-10-09,3.9079999923706055
2024-10-10,3.9189999103546143
2024-10-11,3.878999948501587
2024-10-14,3.9000000953674316
2024-10-15,3.859999895095825
2024-10-16,3.8420000076293945
2024-10-17,3.9089999198913574
2024-10-18,3.875999927520752
2024-10-21,3.9760000705718994
2024-10-22,4.005000114440918
2024-10-23,4.057000160217285
2024-10-24,4.019000053405762
2024-10-25,4.051000118255615
2024-10-28,4.107999801635742
2024-10-29,4.104000091552734
2024-10-30,4.126999855041504
2024-10-31,4.15500020980835
2024-11-01,4.209000110626221
2024-11-04,4.166999816894531
2024-11-05,4.171999931335449
2024-11-06,4.271999835968018
2024-11-07,4.191999912261963
2024-11-08,4.191999912261963
2024-11-11,4.195000171661377
2024-11-12,4.314000129699707
2024-11-13,4.301000118255615
2024-11-14,4.291999816894531
2024-11-15,4.297999858856201
2024-11-18,4.2769999504089355
2024-11-19,4.245999813079834
2024-11-20,4.275000095367432
2024-11-21,4.304999828338623
2024-11-22,4.297999858856201
2024-11-25,4.171999931335449
2024-11-26,4.190000057220459
2024-11-27,4.11299991607666
2024-11-29,4.054999828338623
2024-12-02,4.09499979019165
2024-12-03,4.105999946594238
2024-12-04,4.061999797821045
2024-12-05,4.076000213623047
2024-12-06,4.033999919891357
2024-12-09,4.072000026702881
2024-12-10,4.0970001220703125
2024-12-11,4.133999824523926
2024-12-12,4.176000118255615
2024-12-13,4.248000144958496
2024-12-16,4.254000186920166
2024-12-17,4.248000144958496
2024-12-18,4.380000114440918
2024-12-19,4.425000190734863
2024-12-20,4.380000114440918
2024-12-23,4.445000171661377
2024-12-24,4.438000202178955
2024-12-26,4.433000087738037
2024-12-27,4.455999851226807
2024-12-30,4.369999885559082
2024-12-31,4.380000114440918
2025-01-02,4.380000114440918
2025-01-03,4.409999847412109
2025-01-06,4.421999931335449
2025-01-07,4.465000152587891
2025-01-08,4.4670000076293945
2025-01-10,4.5929999351501465
2025-01-13,4.617000102996826
2025-01-14,4.590000152587891
2025-01-15,4.443999767303467
2025-01-16,4.395999908447266
2025-01-17,4.414000034332275
2025-01-21,4.396999835968018
2025-01-22,4.426000118255615
2025-01-23,4.441999912261963
2025-01-24,4.427999973297119
2025-01-27,4.326000213623047
2025-01-28,4.34499979019165
2025-01-29,4.35699987411499
2025-01-30,4.310999870300293
2025-01-31,4.363999843597412
2025-02-03,4.35699987411499
2025-02-04,4.317999839782715
2025-02-05,4.243000030517578
2025-02-06,4.2729997634887695
2025-02-07,4.334000110626221
2025-02-10,4.333000183105469
2025-02-11,4.369999885559082
2025-02-12,4.484000205993652
2025-02-13,4.386000156402588
2025-02-14,4.323999881744385
2025-02-18,4.39300012588501
2025-02-19,4.369999885559082
2025-02-20,4.3420000076293945
2025-02-21,4.257999897003174
2025-02-24,4.230000019073486
2025-02-25,4.132999897003174
2025-02-26,4.077000141143799
2025-02-27,4.103000164031982
2025-02-28,4.0279998779296875
2025-03-03,3.990999937057495
2025-03-04,4.002999782562256
2025-03-05,4.056000232696533
2025-03-06,4.060999870300293
2025-03-07,4.0929999351501465
2025-03-10,3.9739999771118164
2025-03-11,4.041999816894531
2025-03-12,4.078999996185303
2025-03-13,4.0279998779296875
2025-03-14,4.081999778747559
2025-03-17,4.0980000495910645
2025-03-18,4.070000171661377
2025-03-19,4.03000020980835
2025-03-20,4.006999969482422
2025-03-21,4.007999897003174
2025-03-24,4.0970001220703125
2025-03-25,4.058000087738037
2025-03-26,4.083000183105469
2025-03-27,4.0980000495910645
2025-03-28,3.9809999465942383
2025-03-31,3.9830000400543213
2025-04-01,3.9100000858306885
2025-04-02,3.9509999752044678
2025-04-03,3.760999917984009
2025-04-04,3.7090001106262207
2025-04-07,3.8399999141693115
2025-04-08,3.9140000343322754
2025-04-09,4.10099983215332
2025-04-10,4.038000106811523
2025-04-11,4.159999847412109
2025-04-14,3.997999906539917
2025-04-15,3.9630000591278076
2025-04-16,3.9089999198913574
2025-04-17,3.941999912261963
2025-04-21,3.9590001106262207
2025-04-22,3.9769999980926514
2025-04-23,4.013999938964844
2025-04-24,3.927000045776367
2025-04-25,3.884000062942505
2025-04-28,3.815999984741211
2025-04-29,3.7750000953674316
2025-04-30,3.752000093460083
2025-05-01,3.811000108718872
2025-05-02,3.931999921798706
2025-05-05,3.943000078201294
2025-05-06,3.8980000019073486
2025-05-07,3.872999906539917
2025-05-08,3.99399995803833
2025-05-09,3.986999988555908
2025-05-12,4.10099983215332
2025-05-13,4.120999813079834
2025-05-14,4.1620001792907715
2025-05-15,4.072999954223633
2025-05-16,4.064000129699707
2025-05-19,4.080999851226807
2025-05-20,4.066999912261963
2025-05-21,4.1570000648498535
2025-05-22,4.11299991607666
2025-05-23,4.078000068664551
2025-05-27,4.0229997634887695
2025-05-28,4.065000057220459
2025-05-29,3.997999906539917
2025-05-30,3.9790000915527344
2025-06-02,4.017000198364258
2025-06-03,4.0279998779296875
2025-06-04,3.931999921798706
2025-06-05,3.989000082015991
2025-06-06,4.125999927520752
2025-06-09,4.085999965667725
2025-06-10,4.084000110626221
2025-06-11,4.008999824523926
2025-06-12,3.9600000381469727
2025-06-13,4.02400016784668
2025-06-16,4.034999847412109
2025-06-17,3.989000082015991
2025-06-18,3.993000030517578
2025-06-20,3.9609999656677246
2025-06-23,3.884000062942505
2025-06-24,3.8559999465942383
2025-06-25,3.8469998836517334
2025-06-26,3.7990000247955322
2025-06-27,3.828000068664551
2025-06-30,3.7950000762939453
2025-07-01,3.8420000076293945
2025-07-02,3.869999885559082
2025-07-03,3.938999891281128
2025-07-07,3.9660000801086426
2025-07-08,3.984999895095825
2025-07-09,3.9200000762939453
2025-07-10,3.930999994277954
2025-07-11,3.992000102996826
2025-07-14,3.984999895095825
2025-07-15,4.050000190734863
2025-07-16,3.984999895095825
2025-07-17,4.00600004196167
2025-07-18,3.9619998931884766
2025-07-21,3.9079999923706055
2025-07-22,3.875999927520752
2025-07-23,3.934000015258789
2025-07-24,3.9709999561309814
2025-07-25,3.9519999027252197
2025-07-28,3.9769999980926514
2025-07-29,3.9059998989105225
2025-07-30,3.9649999141693115
2025-07-31,3.9600000381469727
2025-08-01,3.7709999084472656
2025-08-04,3.743000030517578
2025-08-05,3.76200008392334
2025-08-06,3.7639999389648438
2025-08-07,3.7899999618530273
2025-08-08,3.8299999237060547
2025-08-11,3.822999954223633
2025-08-12,3.822000026702881
2025-08-13,3.7699999809265137
2025-08-14,3.821000099182129
2025-08-15,3.8450000286102295
2025-08-18,3.8550000190734863
2025-08-19,3.822000026702881
2025-08-20,3.809999942779541
2025-08-21,3.8570001125335693
2025-08-22,3.759000062942505
2025-08-25,3.7850000858306885
2025-08-26,3.740000009536743
2025-08-27,3.7049999237060547
2025-08-28,3.696000099182129
2025-08-29,3.6989998817443848
2025-09-02,3.743000030517578
2025-09-03,3.684999942779541
2025-09-04,3.6530001163482666
2025-09-05,3.5829999446868896
2025-09-08,3.569999933242798
2025-09-09,3.6010000705718994
2025-09-10,3.5820000171661377
2025-09-11,3.578000068664551
2025-09-12,3.625
2025-09-15,3.6019999980926514
2025-09-16,3.5829999446868896
2025-09-17,3.6489999294281006
2025-09-18,3.6630001068115234
2025-09-19,3.690999984741211
2025-09-22,3.696000099182129
2025-09-23,3.677000045776367
2025-09-24,3.7100000381469727
2025-09-25,3.7669999599456787
2025-09-26,3.7699999809265137
2025-09-29,3.740999937057495
2025-09-30,3.7320001125335693
2025-10-01,3.680000066757202
2025-10-02,3.6730000972747803
2025-10-03,3.7079999446868896
2025-10-06,3.744999885559082
2025-10-07,3.7060000896453857
2025-10-08,3.7200000286102295
2025-10-09,3.740999937057495
2025-10-10,3.6459999084472656
2025-10-13,3.6459999084472656
2025-10-14,3.6040000915527344
2025-10-15,3.630000114440918
2025-10-16,3.549999952316284
2025-10-17,3.5920000076293945
2025-10-20,3.578000068664551
2025-10-21,3.559999942779541
2025-10-22,3.552000045776367
2025-10-23,3.5969998836517334
2025-10-24,3.6019999980926514
2025-10-27,3.614000082015991
2025-10-28,3.61299991607666
2025-10-29,3.697000026702881
2025-10-30,3.7200000286102295
2025-10-31,3.7170000076293945
2025-11-03,3.7149999141693115
2025-11-04,3.7009999752044678
2025-11-05,3.765000104904175
2025-11-06,3.688999891281128
2025-11-07,3.680000066757202
2025-11-10,3.7100000381469727
2025-11-11,3.7190001010894775
2025-11-12,3.6679999828338623
2025-11-13,3.703000068664551
2025-11-14,3.734999895095825
2025-11-17,3.7209999561309814
2025-11-18,3.694000005722046
2025-11-19,3.7079999446868896
2025-11-20,3.6730000972747803
2025-11-21,3.618000030517578
2025-11-24,3.6050000190734863
2025-11-25,3.565000057220459
2025-11-26,3.572000026702881
2025-11-28,3.5999999046325684
2025-12-01,3.6730000972747803
2025-12-02,3.6589999198913574
2025-12-03,3.624000072479248
2025-12-04,3.681999921798706
2025-12-05,3.7149999141693115
2025-12-08,3.753000020980835
2025-12-09,3.7799999713897705
2025-12-10,3.756999969482422
2025-12-11,3.7149999141693115
2025-12-12,3.750999927520752
2025-12-15,3.7330000400543213
2025-12-16,3.693000078201294
2025-12-17,3.694999933242798
2025-12-18,3.6600000858306885
2025-12-19,3.693000078201294
2025-12-22,3.7179999351501465
2025-12-23,3.7339999675750732
2025-12-24,3.7170000076293945
2025-12-26,3.697000026702881
2025-12-29,3.677000045776367
2025-12-30,3.681999921798706
2025-12-31,3.7219998836517334
2026-01-02,3.739000082015991
2026-01-05,3.7100000381469727
2026-01-06,3.7200000286102295
2026-01-07,3.694000005722046
2026-01-08,3.7360000610351562
2026-01-09,3.756999969482422
2026-01-12,3.7669999599456787
2026-01-13,3.743000030517578
2026-01-14,3.7170000076293945
2026-01-15,3.76200008392334
2026-01-16,3.828000068664551
2026-01-20,3.8580000400543213
2026-01-21,3.8310000896453857
2026-01-22,3.8469998836517334
2026-01-23,3.8389999866485596
2026-01-26,3.818000078201294
2026-01-27,3.813999891281128
2026-01-28,3.8420000076293945
2026-01-29,3.805000066757202
2026-01-30,3.796999931335449
2026-02-02,3.8350000381469727
2026-02-03,3.8369998931884766
2026-02-04,3.8329999446868896
2026-02-05,3.75
2026-02-06,3.755000114440918
2026-02-09,3.740999937057495
2026-02-10,3.6989998817443848
2026-02-11,3.740999937057495
2026-02-12,3.6679999828338623
2026-02-13,3.6089999675750732
2026-02-17,3.621000051498413
2026-02-18,3.6449999809265137
2026-02-19,3.6470000743865967
2026-02-20,3.6500000953674316
2026-02-23,3.5820000171661377
2026-02-24,3.5980000495910645
2026-02-25,3.61899995803833
2026-02-26,3.5829999446868896
2026-02-27,3.51200008392334
2026-03-02,3.621000051498413
2026-03-03,3.63100004196167
2026-03-04,3.6679999828338623
2026-03-05,3.743000030517578
2026-03-06,3.7149999141693115
2026-03-09,3.7360000610351562
2026-03-10,3.7149999141693115
2026-03-11,3.7820000648498535
2026-03-12,3.884000062942505
2026-03-13,3.874000072479248
2026-03-16,3.802999973297119
2026-03-17,3.7860000133514404
2026-03-18,3.861999988555908
2026-03-19,3.9189999103546143
2026-03-20,4.01200008392334
2026-03-23,3.950000047683716
2026-03-24,4.03000020980835
2026-03-25,3.9700000286102295
2026-03-26,4.09499979019165
2026-03-27,4.070000171661377
2026-03-30,3.9790000915527344
2026-03-31,3.944999933242798
2026-04-01,3.9549999237060547
2026-04-02,3.947999954223633
2026-04-06,3.9809999465942383
2026-04-07,3.9760000705718994
2026-04-08,3.9200000762939453
2026-04-09,3.9149999618530273
2026-04-10,3.938999891281128
2026-04-13,3.9170000553131104
2026-04-14,3.871000051498413
2026-04-15,3.8959999084472656
2026-04-16,3.9130001068115234
2026-04-17,3.8380000591278076
2026-04-20,3.8499999046325684
2026-04-21,3.9079999923706055
2026-04-22,3.9149999618530273
2026-04-23,3.9519999027252197
2026-04-24,3.9200000762939453
2026-04-27,3.947000026702881
2026-04-28,3.9830000400543213
2026-04-29,4.065000057220459
2026-04-30,4.0229997634887695
2026-05-01,4.020999908447266
2026-05-04,4.0929999351501465
2026-05-05,4.072000026702881
2026-05-06,4.001999855041504
2026-05-07,4.044000148773193
2026-05-08,4.013000011444092
2026-05-11,4.067999839782715
2026-05-12,4.124000072479248
2026-05-13,4.130000114440918
2026-05-14,4.120999813079834
2026-05-15,4.257999897003174
2026-05-18,4.28000020980835
2026-05-19,4.329999923706055
2026-05-20,4.224999904632568
2026-05-21,4.256999969482422
2026-05-22,4.25600004196167
2026-05-26,4.183000087738037
2026-05-27,4.177000045776367
2026-05-28,4.159999847412109
2026-05-29,4.14900016784668
2026-06-01,4.185999870300293
2026-06-02,4.177000045776367
2026-06-03,4.214000225067139
2026-06-04,4.188000202178955
2026-06-05,4.28000020980835
2026-06-08,4.281000137329102
2026-06-09,4.252999782562256
2026-06-10,4.263999938964844
2026-06-11,4.190000057220459
2026-06-12,4.2129998207092285
2026-06-15,4.188000202178955
2026-06-16,4.151000022888184
2026-06-17,4.229000091552734
2026-06-18,4.224999904632568
2026-06-22,4.2870001792907715
2026-06-23,4.261000156402588
2026-06-24,4.176000118255615
2026-06-25,4.163000106811523
2026-06-26,4.130000114440918
2026-06-29,4.144000053405762
2026-06-30,4.185999870300293
2026-07-01,4.23199987411499
2026-07-02,4.230000019073486
2026-07-06,4.210999965667725
2026-07-07,4.256999969482422
2026-07-08,4.308000087738037
2026-07-09,4.269000053405762
2026-07-10,4.308000087738037
2026-07-13,4.36299991607666
2026-07-14,4.321000099182129
2026-07-15,4.255000114440918
2026-07-16,4.2820000648498535
2026-07-17,4.2729997634887695
2026-07-20,4.328000068664551
2026-07-21,4.369999885559082
2026-07-22,4.4070000648498535
2026-07-23,4.460999965667725
2026-07-24,4.426000118255615
2026-07-27,4.396999835968018
2026-07-28,4.361000061035156
2026-07-29,4.3520002365112305
2026-07-30,4.375
2026-07-31,4.460000038146973
2026-08-03,4.400000095367432
2026-08-04,4.333000183105469
2026-08-05,4.323999881744385
2026-08-06,4.388999938964844
2026-08-07,4.361999988555908
2026-08-10,4.40500020980835
2026-08-11,4.385000228881836
2026-08-12,4.375
2026-08-13,4.313000202178955
2026-08-14,4.361999988555908
